"","age","state.code","county.code","income","sex","education","race","degree","employed","person","county","subregion","lat","long","group"
"1",35,6,59,55000,"female",13,"White only","no 4-year degree",1,1017,"orange","orange",33.6310183766576,-117.735844771905,1
"2",27,6,37,25000,"female",13,"White only","no 4-year degree",1,679,"los angeles","los angeles",34.0630931737682,-118.33389817868,1
"3",34,6,77,43750,"female",16,"White only","4-year degree",1,2177,"san joaquin","san joaquin",37.9105021282371,-121.466301423446,1
"4",34,6,59,22000,"female",14,"White only","no 4-year degree",NA,930,"orange","orange",33.7078374676722,-117.819525534729,1
"5",31,6,73,0,"female",16,"White only","4-year degree",NA,1533,"san diego","san diego",33.1755183429511,-116.782894855318,1
"6",27,6,37,105000,"female",16,"White-Asian","4-year degree",1,471,"los angeles","los angeles",34.0536636850955,-118.540564216928,1
"7",25,6,37,700,"female",16,"White only","4-year degree",1,270,"los angeles","los angeles",33.9826710484124,-117.832135012878,1
"8",30,6,0,21000,"male",14,"White only","no 4-year degree",1,1211,"unknown","sonoma",38.6350879831548,-123.24376866315,1
"9",33,6,37,0,"female",11,"White only","no 4-year degree",NA,597,"los angeles","los angeles",34.0333032486113,-118.695539461595,1
"10",34,6,0,32000,"male",9,"White only","no 4-year degree",1,1301,"unknown","orange",33.7512402592872,-117.645761567395,1
"11",32,6,0,32000,"male",14,"Black only","no 4-year degree",1,1974,"unknown","orange",33.6657798822041,-117.470333880309,1
"12",25,6,37,0,"male",16,"Asian only","4-year degree",1,330,"los angeles","los angeles",34.143140314119,-118.422285730454,1
"13",27,6,1,23000,"female",14,"Asian only","no 4-year degree",1,1799,"alameda","alameda",37.7909333674584,-122.270095001268,1
"14",28,6,73,4603,"female",12,"White only","no 4-year degree",NA,1615,"san diego","san diego",33.0821228839361,-117.163357702698,1
"15",34,6,1,80000,"male",20,"Asian only","4-year degree",1,1749,"alameda","alameda",37.6828014449608,-122.007200798649,1
"16",25,6,29,0,"female",12,"White only","no 4-year degree",NA,37,"kern","kern",35.1224951308015,-119.473783014177,1
"17",25,6,0,22001,"male",14,"Asian only","no 4-year degree",1,1129,"unknown","san diego",33.0114330951928,-117.177000957669,1
"18",28,6,37,0,"male",18,"Hawaiian/Pacific Islander only (HP)","4-year degree",NA,729,"los angeles","los angeles",34.3599913581205,-118.088008712732,1
"19",33,6,59,100000,"male",16,"Asian only","4-year degree",1,878,"orange","orange",33.7234847839967,-117.723040716788,1
"20",31,6,37,18000,"male",12,"White-Black","no 4-year degree",1,485,"los angeles","los angeles",33.9917308872397,-118.387167972881,1
"21",31,6,0,180000,"male",16,"White only","4-year degree",1,1826,"unknown","san diego",32.9362996275372,-117.228105154945,1
"22",31,6,59,30000,"female",11,"White only","no 4-year degree",1,975,"orange","orange",33.717290785058,-117.840088956386,1
"23",31,6,37,4500,"female",13,"White only","no 4-year degree",1,554,"los angeles","los angeles",34.417444825042,-118.717883076243,1
"24",31,6,67,0,"male",13,"White only","no 4-year degree",NA,1446,"sacramento","sacramento",38.2359020363638,-121.519046605504,1
"25",31,6,97,41600,"male",13,"American Indian, Alaskan Native only (AI)","no 4-year degree",1,2159,"sonoma","sonoma",38.516921241648,-122.888684691492,1
"26",27,6,81,63000,"male",18,"White only","4-year degree",1,1948,"san mateo","san mateo",37.3577314169608,-122.311224902221,1
"27",26,6,73,35000,"male",13,"Hawaiian/Pacific Islander only (HP)","no 4-year degree",1,1530,"san diego","san diego",32.9664312007051,-117.148949172912,1
"28",29,6,37,12000,"female",16,"White only","4-year degree",1,343,"los angeles","los angeles",34.0812925597238,-118.357356483342,1
"29",33,6,29,3300,"male",16,"White only","4-year degree",1,40,"kern","kern",35.2842133623399,-119.337480812331,1
"30",34,6,37,15000,"male",16,"White only","4-year degree",1,537,"los angeles","los angeles",34.0198083938685,-118.382334304004,1
"31",30,6,37,80000,"female",16,"Asian only","4-year degree",1,248,"los angeles","los angeles",34.0854712839294,-118.128004294287,1
"32",25,6,0,30000,"male",12,"White only","no 4-year degree",1,1222,"unknown","orange",33.7659370309757,-117.706098248712,1
"33",28,6,0,130000,"female",18,"Asian only","4-year degree",1,2087,"unknown","stanislaus",37.4517832203129,-121.310549310168,1
"34",35,6,67,50000,"female",12,"White only","no 4-year degree",1,1414,"sacramento","sacramento",38.2269540511796,-121.472116445795,1
"35",31,6,0,42000,"male",14,"Hawaiian/Pacific Islander only (HP)","no 4-year degree",1,1304,"unknown","los angeles",34.0280168846347,-118.204032841834,1
"36",27,6,1,35000,"male",16,"Asian only","4-year degree",NA,1696,"alameda","alameda",37.6714182073573,-121.951164554268,1
"37",34,6,37,75000,"female",12,"White only","no 4-year degree",1,526,"los angeles","los angeles",33.9133877664782,-118.222751094059,1
"38",34,6,111,3600,"female",12,"White only","no 4-year degree",1,1069,"ventura","ventura",34.2589953305757,-119.156380561657,1
"39",28,6,67,17600,"female",13,"White only","no 4-year degree",1,1426,"sacramento","sacramento",38.3366511104643,-121.581565037449,1
"40",29,6,29,50000,"female",14,"White only","no 4-year degree",1,22,"kern","kern",35.5072027063201,-119.313730817173,1
"41",33,6,1,48240,"male",18,"White only","4-year degree",1,1742,"alameda","alameda",37.6204337293867,-121.917981308124,1
"42",34,6,1,26800,"male",8,"White only","no 4-year degree",1,1766,"alameda","alameda",37.6869793737728,-122.045278999722,1
"43",33,6,67,30000,"female",18,"White only","4-year degree",1,1395,"sacramento","sacramento",38.1921233911369,-121.576675445923,1
"44",35,6,0,4000,"male",10,"White only","no 4-year degree",1,1128,"unknown","alameda",37.7665706809102,-121.999286542519,1
"45",32,6,59,38000,"female",14,"White only","no 4-year degree",1,983,"orange","orange",33.6291568941322,-117.745335698614,1
"46",33,6,1,82000,"female",20,"Asian only","4-year degree",1,1791,"alameda","alameda",37.6229139648855,-121.960280314857,1
"47",28,6,73,45000,"male",13,"White only","no 4-year degree",1,1516,"san diego","san diego",32.9478384136288,-117.162604022333,1
"48",28,6,73,0,"male",12,"White only","no 4-year degree",1,1640,"san diego","san diego",32.9003863091079,-117.120118046726,1
"49",25,6,73,40000,"female",13,"White only","no 4-year degree",1,1639,"san diego","san diego",33.0603073062463,-116.496988800707,1
"50",26,6,59,65000,"male",14,"White only","no 4-year degree",1,843,"orange","orange",33.6936801027221,-117.648705915697,1
"51",35,6,37,68000,"female",12,"White only","no 4-year degree",1,465,"los angeles","los angeles",33.886917236532,-118.091361591851,1
"52",32,6,59,48000,"male",13,"Asian only","no 4-year degree",1,996,"orange","orange",33.8266450633882,-117.879814466784,1
"53",35,6,73,30000,"male",14,"White only","no 4-year degree",1,1549,"san diego","san diego",32.8584096569349,-117.172112193951,1
"54",28,6,0,50000,"female",13,"American Indian, Alaskan Native only (AI)","no 4-year degree",1,1200,"unknown","orange",33.6098014270764,-117.695938918541,1
"55",26,6,0,23000,"male",11,"White only","no 4-year degree",1,1134,"unknown","alameda",37.7348243087378,-122.099420928197,1
"56",33,6,0,17400,"female",18,"White only","4-year degree",1,84,"unknown","orange",33.6962977024306,-117.492810710945,1
"57",31,6,75,90000,"female",16,"White only","4-year degree",1,1895,"san francisco","san francisco",37.7559354445079,-122.424844807433,1
"58",34,6,0,85000,"male",14,"White only","no 4-year degree",1,1165,"unknown","los angeles",33.9359553518737,-118.335639128395,1
"59",31,6,95,113000,"male",16,"White only","4-year degree",1,2246,"solano","solano",38.3326136220749,-122.002600590977,1
"60",26,6,0,0,"male",13,"White only","no 4-year degree",NA,1328,"unknown","los angeles",34.0993694227234,-118.176878885366,1
"61",26,6,37,30000,"female",16,"White only","4-year degree",1,557,"los angeles","los angeles",34.1220350153287,-118.244690187006,1
"62",32,6,1,90000,"male",16,"Asian only","4-year degree",1,1685,"alameda","alameda",37.8005611361604,-121.60356642888,1
"63",27,6,37,25000,"female",13,"White only","no 4-year degree",1,287,"los angeles","los angeles",34.2159475879377,-118.062686191886,1
"64",30,6,73,60000,"male",12,"White only","no 4-year degree",NA,1522,"san diego","san diego",32.7477651739229,-117.155504740353,1
"65",29,6,59,140000,"male",18,"White only","4-year degree",1,858,"orange","orange",33.7501896757796,-117.788831407286,1
"66",35,6,0,85975,"female",18,"White only","4-year degree",1,1840,"unknown","san diego",33.0865850609599,-116.636878867137,1
"67",32,6,37,120001,"male",14,"White only","no 4-year degree",1,576,"los angeles","los angeles",34.0643674225748,-118.309544899708,1
"68",32,6,59,0,"male",12,"White only","no 4-year degree",NA,990,"orange","orange",33.7320780274178,-117.710041355054,1
"69",26,6,37,29000,"female",13,"White only","no 4-year degree",0,316,"los angeles","los angeles",33.7647122168711,-118.226460241695,1
"70",30,6,111,25000,"female",12,"White only","no 4-year degree",1,1075,"ventura","ventura",34.2786678719004,-119.204921963319,1
"71",31,6,37,50000,"female",16,"Asian only","4-year degree",1,733,"los angeles","los angeles",34.0849784727556,-118.231359473124,1
"72",35,6,0,37000,"female",12,"White only","no 4-year degree",1,1314,"unknown","los angeles",34.0145123029494,-118.28293504176,1
"73",25,6,107,21000,"female",12,"White only","no 4-year degree",1,2269,"tulare","tulare",36.0659339259996,-119.074909722261,1
"74",27,6,37,40000,"male",16,"White only","4-year degree",1,811,"los angeles","los angeles",33.9891023890523,-118.262647925395,1
"75",29,6,59,16000,"female",12,"White only","no 4-year degree",1,955,"orange","orange",33.6317679563681,-117.662194322216,1
"76",25,6,0,0,"male",12,"White only","no 4-year degree",NA,1167,"unknown","los angeles",34.1064387514319,-118.311666242726,1
"77",31,6,1,175000,"male",16,"White only","4-year degree",1,1706,"alameda","alameda",37.618150822442,-121.980714002606,1
"78",33,6,37,35000,"female",13,"White only","no 4-year degree",1,501,"los angeles","los angeles",34.0896760950176,-118.486632000454,1
"79",34,6,37,450000,"female",18,"White only","4-year degree",1,536,"los angeles","los angeles",34.1083955510833,-118.06450854508,1
"80",30,6,59,0,"female",13,"White only","no 4-year degree",1,988,"orange","orange",33.6749655878676,-117.827781941625,1
"81",35,6,111,100000,"male",16,"Black only","4-year degree",1,1067,"ventura","ventura",34.4184827752431,-119.01832443153,1
"82",27,6,59,60000,"female",12,"White only","no 4-year degree",1,1025,"orange","orange",33.7557063141971,-117.666264156584,1
"83",33,6,29,60000,"male",12,"Asian only","no 4-year degree",1,29,"kern","kern",35.2392544837641,-119.66344497379,1
"84",30,6,81,0,"male",13,"American Indian, Alaskan Native only (AI)","no 4-year degree",1,1942,"san mateo","san mateo",37.5262396930035,-122.256668015004,1
"85",29,6,37,40000,"male",16,"White-AI","4-year degree",1,838,"los angeles","los angeles",33.9797958122806,-118.401671080365,1
"86",29,6,0,90000,"female",18,"Asian only","4-year degree",1,1820,"unknown","los angeles",34.1010181769522,-118.008707092676,1
"87",30,6,73,50000,"female",18,"White only","4-year degree",1,1652,"san diego","san diego",32.9428982754117,-117.145774994126,1
"88",33,6,0,30000,"female",18,"White only","4-year degree",1,1317,"unknown","sacramento",38.2620687741167,-121.347821505985,1
"89",25,6,37,50000,"male",13,"White only","no 4-year degree",1,573,"los angeles","los angeles",33.8379500093752,-118.306757656706,1
"90",26,6,0,140000,"male",18,"Asian only","4-year degree",1,1966,"unknown","los angeles",34.0148845984436,-118.329306504296,1
"91",33,6,37,22000,"male",12,"White only","no 4-year degree",1,369,"los angeles","los angeles",34.0401632533468,-118.32934066535,1
"92",26,6,0,20000,"male",16,"White only","4-year degree",1,86,"unknown","san joaquin",37.9833702160598,-121.389843491087,1
"93",31,6,73,60002,"male",16,"Asian only","4-year degree",1,1507,"san diego","san diego",32.8390683652776,-117.169666900464,1
"94",29,6,73,25000,"female",12,"White only","no 4-year degree",1,1646,"san diego","san diego",33.0610373344224,-117.182655580228,1
"95",28,6,37,28000,"male",13,"White only","no 4-year degree",1,355,"los angeles","los angeles",34.0083999846697,-118.300262145467,1
"96",34,6,0,158000,"male",14,"Asian only","no 4-year degree",1,1843,"unknown","los angeles",34.0610573882133,-118.451474056591,1
"97",31,6,111,30000,"female",14,"White only","no 4-year degree",1,1073,"ventura","ventura",34.4346133639092,-119.071979744177,1
"98",32,6,37,75000,"female",12,"White only","no 4-year degree",1,361,"los angeles","los angeles",34.0864829588551,-118.454454418881,1
"99",31,6,0,80000,"male",13,"White-Asian","no 4-year degree",1,1340,"unknown","los angeles",34.0594218626154,-118.460464319961,1
"100",30,6,0,0,"female",14,"White only","no 4-year degree",NA,1266,"unknown","los angeles",33.9839754525668,-118.282384738367,1
"101",33,6,0,29000,"female",10,"White only","no 4-year degree",1,1841,"unknown","san diego",32.8611463020062,-117.067371632198,1
"102",29,6,37,100000,"male",16,"White only","4-year degree",1,247,"los angeles","los angeles",34.0058769602744,-118.501368129373,1
"103",29,6,37,10000,"female",12,"Black only","no 4-year degree",1,751,"los angeles","los angeles",33.84926044383,-118.329789185092,1
"104",32,6,37,0,"male",14,"White only","no 4-year degree",0,219,"los angeles","los angeles",34.1454737706993,-118.085587786084,1
"105",32,6,19,50000,"male",16,"White only","4-year degree",1,135,"fresno","fresno",36.7620472866064,-118.618503027372,1
"106",25,6,19,21180,"male",12,"White only","no 4-year degree",1,111,"fresno","fresno",36.928478572472,-119.55947299727,1
"107",25,6,37,26000,"female",13,"White only","no 4-year degree",1,532,"los angeles","los angeles",33.9774292996043,-118.399073480104,1
"108",33,6,37,35000,"male",16,"White only","4-year degree",1,408,"los angeles","los angeles",33.9573188406378,-118.294105768814,1
"109",32,6,73,0,"male",12,"White only","no 4-year degree",NA,1589,"san diego","san diego",33.1676229749565,-117.272053587917,1
"110",31,6,59,90000,"male",16,"Asian only","4-year degree",1,912,"orange","orange",33.7278973180995,-117.821675983035,1
"111",35,6,77,25000,"female",14,"White only","no 4-year degree",1,2206,"san joaquin","san joaquin",37.9439491777569,-121.288871491317,1
"112",33,6,0,110000,"male",16,"White-HP","4-year degree",1,1836,"unknown","san diego",33.0373267670683,-117.216458703449,1
"113",35,6,37,55000,"male",14,"White only","no 4-year degree",1,359,"los angeles","los angeles",33.9751160451438,-118.290564529734,1
"114",32,6,97,70800,"female",12,"White only","no 4-year degree",1,2153,"sonoma","sonoma",38.4061625637964,-122.705797432046,1
"115",25,6,0,0,"male",13,"American Indian, Alaskan Native only (AI)","no 4-year degree",NA,1148,"unknown","stanislaus",37.5259815581094,-121.160625979588,1
"116",31,6,0,20000,"male",12,"White only","no 4-year degree",1,2042,"unknown","orange",33.7772714935935,-117.938011864729,1
"117",25,6,0,14500,"female",14,"White only","no 4-year degree",1,1101,"unknown","sacramento",38.4637238780795,-121.545766518529,1
"118",27,6,0,50000,"male",12,"White only","no 4-year degree",1,1242,"unknown","san diego",33.1560052873246,-117.200453270616,1
"119",33,6,0,36000,"male",12,"White only","no 4-year degree",1,1218,"unknown","san francisco",37.7931129513211,-122.412120014419,1
"120",27,6,29,40000,"male",14,"White only","no 4-year degree",1,19,"kern","kern",35.4417571776017,-119.073311142517,1
"121",34,6,37,80000,"male",18,"White only","4-year degree",1,273,"los angeles","los angeles",34.0347506554776,-118.136222747231,1
"122",32,6,37,0,"male",12,"White only","no 4-year degree",NA,418,"los angeles","los angeles",34.074378676565,-118.373788008964,1
"123",29,6,0,50000,"female",18,"Asian only","4-year degree",1,1995,"unknown","kings",35.9711739358226,-119.997251184888,1
"124",35,6,73,9000,"female",14,"White only","no 4-year degree",NA,1567,"san diego","san diego",33.2125383520033,-117.196679408233,1
"125",30,6,59,150000,"female",16,"White only","4-year degree",1,867,"orange","orange",33.5541326728352,-117.627495435371,1
"126",28,6,37,100000,"male",12,"White only","no 4-year degree",0,686,"los angeles","los angeles",33.918873859427,-118.353562821048,1
"127",34,6,37,150000,"male",16,"White only","4-year degree",0,403,"los angeles","los angeles",34.115745001712,-118.307212804855,1
"128",28,6,73,18000,"male",12,"American Indian, Alaskan Native only (AI)","no 4-year degree",1,1611,"san diego","san diego",33.3911220077965,-117.294110404378,1
"129",34,6,99,55600,"male",13,"White-AI","no 4-year degree",1,1040,"stanislaus","stanislaus",37.4727904233288,-121.205879982197,1
"130",30,6,111,30000,"male",13,"White only","no 4-year degree",1,1064,"ventura","ventura",34.4676802210675,-119.20336239668,1
"131",32,6,1,100000,"female",18,"Asian only","4-year degree",1,1801,"alameda","alameda",37.6079120452656,-121.838817192854,1
"132",33,6,37,15600,"male",12,"White only","no 4-year degree",1,818,"los angeles","los angeles",33.9103988066494,-118.110628914538,1
"133",32,6,37,0,"female",12,"American Indian, Alaskan Native only (AI)","no 4-year degree",NA,634,"los angeles","los angeles",33.9085853047911,-118.345451451197,1
"134",30,6,37,0,"male",10,"White only","no 4-year degree",NA,664,"los angeles","los angeles",34.1795755449358,-118.237124745357,1
"135",35,6,37,0,"male",11,"White only","no 4-year degree",NA,719,"los angeles","los angeles",34.0905520591576,-118.268888485538,1
"136",25,6,37,2000,"female",12,"Black only","no 4-year degree",1,500,"los angeles","los angeles",33.985743547526,-118.407095992425,1
"137",25,6,37,0,"male",16,"Asian only","4-year degree",NA,423,"los angeles","los angeles",34.3887854675565,-118.093855523737,1
"138",33,6,37,0,"female",18,"White-Asian","4-year degree",NA,421,"los angeles","los angeles",33.9831443330522,-118.332620745605,1
"139",30,6,59,0,"female",12,"White only","no 4-year degree",NA,989,"orange","orange",33.8420679645819,-117.86826421627,1
"140",30,6,19,4800,"female",12,"White only","no 4-year degree",1,140,"fresno","fresno",36.7363065265318,-119.818679194464,1
"141",28,6,19,12480,"female",10,"White only","no 4-year degree",NA,126,"fresno","fresno",36.9612338559435,-119.408000514479,1
"142",32,6,59,22000,"male",13,"White only","no 4-year degree",1,998,"orange","orange",33.724534352455,-117.779830100771,1
"143",31,6,83,47000,"male",16,"White only","4-year degree",1,2143,"santa barbara","santa barbara",34.5605838343322,-120.372523736803,1
"144",26,6,0,54000,"male",16,"White only","4-year degree",1,1154,"unknown","fresno",36.6190498400194,-119.558794879429,1
"145",29,6,73,88000,"female",16,"White only","4-year degree",1,1536,"san diego","san diego",33.1386673452477,-117.284206086978,1
"146",35,6,37,1700,"female",14,"White only","no 4-year degree",0,504,"los angeles","los angeles",34.0284557372404,-118.35728007329,1
"147",27,6,53,18000,"female",8,"White only","no 4-year degree",NA,1481,"monterey","monterey",36.295686946652,-121.113606238668,1
"148",32,6,37,30000,"female",16,"White only","4-year degree",1,358,"los angeles","los angeles",33.9856925005802,-118.27319234617,1
"149",30,6,37,45000,"male",16,"White only","4-year degree",1,785,"los angeles","los angeles",34.0886886829195,-118.086595155216,1
"150",32,6,73,30000,"female",16,"White only","4-year degree",1,1572,"san diego","san diego",33.3822487017718,-117.41358041466,1
"151",31,6,37,45000,"female",16,"White only","4-year degree",1,305,"los angeles","los angeles",34.0009306313332,-118.343767639409,1
"152",28,6,0,55000,"female",14,"White only","no 4-year degree",1,1833,"unknown","orange",33.8336445704772,-117.675788862127,1
"153",33,6,59,0,"female",12,"White only","no 4-year degree",1,981,"orange","orange",33.6571114502368,-117.701574791758,1
"154",35,6,19,3000,"male",11,"American Indian, Alaskan Native only (AI)","no 4-year degree",1,129,"fresno","fresno",36.4262430219196,-120.0391437456,1
"155",27,6,37,20000,"female",12,"White only","no 4-year degree",NA,309,"los angeles","los angeles",34.0314628485556,-118.31207638422,1
"156",34,6,37,0,"female",13,"White only","no 4-year degree",NA,441,"los angeles","los angeles",34.0854572534798,-118.331000727122,1
"157",28,6,87,0,"female",13,"White only","no 4-year degree",NA,2117,"santa cruz","santa cruz",37.1078738772443,-121.969360120016,1
"158",29,6,37,80000,"male",16,"White only","4-year degree",1,470,"los angeles","los angeles",34.2437894713658,-118.464470504608,1
"159",29,6,0,42000,"male",11,"White only","no 4-year degree",1,1360,"unknown","san diego",32.965153943622,-116.984903653001,1
"160",31,6,0,200000,"male",16,"White only","4-year degree",1,1822,"unknown","alameda",37.7100729113108,-122.077243569041,1
"161",35,6,1,160000,"male",20,"Asian only","4-year degree",1,1790,"alameda","alameda",37.6163535380374,-121.963362822066,1
"162",35,6,37,10000,"female",14,"White only","no 4-year degree",NA,349,"los angeles","los angeles",34.0241613543547,-118.160311745664,1
"163",29,6,59,0,"male",11,"White only","no 4-year degree",0,894,"orange","orange",33.696177147199,-117.705105511806,1
"164",35,6,37,50000,"male",18,"White only","4-year degree",1,590,"los angeles","los angeles",34.0338406259278,-118.278449060221,1
"165",30,6,81,90000,"female",16,"Asian only","4-year degree",1,1956,"san mateo","san mateo",37.4777923049352,-122.295237573169,1
"166",28,6,37,45000,"male",12,"White only","no 4-year degree",1,474,"los angeles","los angeles",34.079334011437,-118.561189244062,1
"167",26,6,83,48000,"male",11,"White-AI","no 4-year degree",1,2134,"santa barbara","santa barbara",34.7094331234992,-120.181514691582,1
"168",30,6,59,3000,"female",11,"White only","no 4-year degree",NA,952,"orange","orange",33.7053072258419,-117.72864943278,1
"169",30,6,37,15000,"male",9,"White only","no 4-year degree",1,455,"los angeles","los angeles",34.0316150375397,-118.302248901967,1
"170",35,6,73,132000,"male",18,"White only","4-year degree",1,1577,"san diego","san diego",32.9689156413356,-117.084285335889,1
"171",34,6,29,37000,"female",13,"White only","no 4-year degree",1,15,"kern","kern",35.120663062523,-119.21352327619,1
"172",29,6,7,0,"female",12,"White only","no 4-year degree",NA,62,"butte","butte",39.9062187664403,-121.636938303246,1
"173",27,6,37,60000,"female",12,"White only","no 4-year degree",1,390,"los angeles","los angeles",34.0871310306264,-118.418354213274,1
"174",32,6,73,80000,"male",16,"White only","4-year degree",1,1668,"san diego","san diego",33.0724560272262,-117.248363393733,1
"175",27,6,111,40000,"male",16,"White only","4-year degree",1,1059,"ventura","ventura",34.7239287606585,-118.972824931097,1
"176",31,6,37,40000,"female",13,"White only","no 4-year degree",1,381,"los angeles","los angeles",34.085074493992,-118.373232426571,1
"177",26,6,75,121500,"male",18,"White-Asian","4-year degree",1,1891,"san francisco","san francisco",37.7583347070766,-122.420745060837,1
"178",26,6,107,0,"male",10,"White only","no 4-year degree",NA,2255,"tulare","tulare",36.1025824903989,-118.227836603455,1
"179",30,6,0,5600,"female",18,"White only","4-year degree",1,1351,"unknown","los angeles",33.9859315652612,-118.329633303085,1
"180",31,6,0,28000,"male",12,"Black only","no 4-year degree",1,2079,"unknown","los angeles",34.2716172801958,-118.250916079558,1
"181",25,6,0,60000,"female",13,"White-Asian","no 4-year degree",1,2012,"unknown","los angeles",34.5875862908079,-118.614359648714,1
"182",30,6,111,0,"female",12,"White only","no 4-year degree",NA,1052,"ventura","ventura",34.3426537889306,-119.13127934723,1
"183",29,6,0,15000,"female",12,"White only","no 4-year degree",1,1172,"unknown","san francisco",37.7327166817196,-122.402322855333,1
"184",32,6,37,30829,"female",18,"Black only","4-year degree",1,797,"los angeles","los angeles",34.2526514122971,-118.024500925368,1
"185",31,6,73,70000,"female",16,"White only","4-year degree",1,1596,"san diego","san diego",33.1606481447904,-117.30666152157,1
"186",34,6,59,84000,"male",13,"White only","no 4-year degree",1,961,"orange","orange",33.7396581351546,-117.929144707172,1
"187",29,6,37,0,"female",12,"White only","no 4-year degree",NA,334,"los angeles","los angeles",33.893073594106,-118.312579192138,1
"188",27,6,0,35000,"female",13,"Asian only","no 4-year degree",1,2092,"unknown","los angeles",34.1686210167727,-118.234679547723,1
"189",30,6,0,25000,"male",12,"White only","no 4-year degree",1,1292,"unknown","los angeles",34.0253200029766,-118.404567500302,1
"190",25,6,37,14000,"male",12,"White only","no 4-year degree",1,610,"los angeles","los angeles",34.3494837058844,-118.124557327607,1
"191",28,6,0,32000,"male",14,"White-Black","no 4-year degree",1,1265,"unknown","los angeles",34.0151845039963,-118.071122995013,1
"192",29,6,77,0,"male",13,"AI-Asian","no 4-year degree",1,2180,"san joaquin","san joaquin",37.9225599950728,-121.163968131152,1
"193",30,6,0,50000,"male",13,"Asian only","no 4-year degree",1,1294,"unknown","kings",36.1291200646468,-119.65012744598,1
"194",29,6,77,45000,"female",16,"Hawaiian/Pacific Islander only (HP)","4-year degree",1,2169,"san joaquin","san joaquin",38.0284128059514,-121.129929888995,1
"195",31,6,0,80000,"male",16,"White only","4-year degree",1,1362,"unknown","kern",35.3774476171747,-119.646027539429,1
"196",31,6,73,51000,"male",12,"White only","no 4-year degree",1,1633,"san diego","san diego",32.9320410952784,-117.138233999956,1
"197",35,6,1,200000,"male",16,"White only","4-year degree",1,1760,"alameda","alameda",37.6501671313287,-121.949498101858,1
"198",28,6,73,24000,"male",12,"White only","no 4-year degree",1,1608,"san diego","san diego",33.0396861535871,-117.218893972814,1
"199",35,6,97,85000,"male",16,"White only","4-year degree",1,2163,"sonoma","sonoma",38.4516287626734,-122.713745426138,1
"200",25,6,37,18000,"female",14,"Asian only","no 4-year degree",1,568,"los angeles","los angeles",34.0860441839871,-118.357165928474,1
"201",35,6,59,65000,"male",12,"White only","no 4-year degree",1,1002,"orange","orange",33.774367936546,-117.802921437993,1
"202",33,6,37,79000,"male",16,"White only","4-year degree",1,743,"los angeles","los angeles",34.0099904145895,-118.278637936394,1
"203",26,6,1,0,"female",13,"Asian only","no 4-year degree",1,1735,"alameda","alameda",37.7095054261736,-121.9936607346,1
"204",33,6,61,49000,"male",12,"White only","no 4-year degree",1,1378,"placer","placer",39.004168336215,-120.765554181656,1
"205",32,6,19,30000,"male",12,"White only","no 4-year degree",1,116,"fresno","fresno",36.5955559650332,-120.011158182503,1
"206",29,6,0,80000,"male",16,"White-AI","4-year degree",1,2043,"unknown","sacramento",38.1914952394396,-121.573495287526,1
"207",27,6,0,28000,"male",12,"White only","no 4-year degree",1,1257,"unknown","orange",33.7498254900309,-117.646114968527,1
"208",29,6,1,92000,"female",16,"White only","4-year degree",1,1692,"alameda","alameda",37.5043760010153,-121.906151051809,1
"209",30,6,67,0,"female",12,"Asian only","no 4-year degree",NA,1463,"sacramento","sacramento",38.3519586531438,-121.519311993505,1
"210",26,6,0,37273,"female",14,"White only","no 4-year degree",1,1221,"unknown","los angeles",34.0053212285565,-118.328747223895,1
"211",31,6,37,6000,"female",12,"Black only","no 4-year degree",1,462,"los angeles","los angeles",34.1212342435775,-118.15130183956,1
"212",35,6,81,610000,"female",20,"White only","4-year degree",1,1957,"san mateo","san mateo",37.4983977806486,-122.278686940741,1
"213",30,6,53,4800,"female",12,"White only","no 4-year degree",1,1498,"monterey","monterey",36.3528312601374,-121.351144101158,1
"214",30,6,0,75000,"female",16,"White only","4-year degree",1,1107,"unknown","san diego",33.1993535529625,-117.289497152333,1
"215",28,6,0,25000,"female",13,"White only","no 4-year degree",1,2059,"unknown","sacramento",38.2803023727413,-121.490667106179,1
"216",28,6,37,40000,"male",16,"White only","4-year degree",1,407,"los angeles","los angeles",34.0341131027702,-118.258984911323,1
"217",34,6,0,0,"female",18,"Asian only","4-year degree",NA,2033,"unknown","butte",39.8078176043902,-121.594895232309,1
"218",33,6,37,30000,"female",20,"White only","4-year degree",1,731,"los angeles","los angeles",34.129346782975,-118.530091781976,1
"219",35,6,37,45000,"male",12,"White only","no 4-year degree",1,185,"los angeles","los angeles",33.9985052739916,-118.305944126012,1
"220",25,6,0,30000,"female",16,"White only","4-year degree",1,1204,"unknown","san diego",32.9981248292825,-117.091827671811,1
"221",28,6,37,30000,"male",12,"Asian only","no 4-year degree",1,493,"los angeles","los angeles",34.1176742587461,-118.515658436807,1
"222",27,6,37,27000,"male",16,"White only","4-year degree",1,675,"los angeles","los angeles",33.8910133511748,-118.307227944636,1
"223",30,6,59,25480,"male",12,"White only","no 4-year degree",1,966,"orange","orange",33.7119901446176,-117.733131695819,1
"224",34,6,37,22001,"male",13,"Asian only","no 4-year degree",1,444,"los angeles","los angeles",34.4019679441398,-118.266642945499,1
"225",33,6,0,35000,"male",12,"White only","no 4-year degree",1,1191,"unknown","los angeles",34.0292200067961,-118.611955718471,1
"226",27,6,29,0,"female",11,"Black only","no 4-year degree",NA,49,"kern","kern",35.171774283656,-118.952888640062,1
"227",25,6,0,40000,"male",12,"Asian only","no 4-year degree",1,2017,"unknown","los angeles",34.5910062879038,-117.879303346799,1
"228",31,6,53,0,"male",16,"White only","4-year degree",1,1495,"monterey","monterey",36.2869765185308,-121.208785640612,1
"229",27,6,1,90000,"male",16,"Asian only","4-year degree",1,1726,"alameda","alameda",37.6775280674798,-122.031697369089,1
"230",28,6,1,75000,"male",16,"Black only","4-year degree",1,1697,"alameda","alameda",37.6839378687289,-122.022305101777,1
"231",33,6,37,0,"female",14,"American Indian, Alaskan Native only (AI)","no 4-year degree",NA,291,"los angeles","los angeles",34.0195289389721,-118.514857841743,1
"232",27,6,81,190001,"male",16,"White only","4-year degree",1,1931,"san mateo","san mateo",37.3563114536629,-122.308474600234,1
"233",28,6,37,60000,"female",18,"Black only","4-year degree",1,653,"los angeles","los angeles",33.9544948321754,-118.281975568755,1
"234",26,6,77,29000,"male",14,"White only","no 4-year degree",1,2170,"san joaquin","san joaquin",38.1249677876036,-121.364727555428,1
"235",25,6,37,0,"male",16,"Asian only","4-year degree",NA,434,"los angeles","los angeles",33.8447636637756,-118.190492247616,1
"236",33,6,37,0,"female",18,"Black only","4-year degree",NA,741,"los angeles","los angeles",34.1522280370967,-118.441717501076,1
"237",33,6,77,30000,"female",13,"Black only","no 4-year degree",1,2173,"san joaquin","san joaquin",38.0476690173216,-121.173960047277,1
"238",30,6,0,41600,"female",13,"Black only","no 4-year degree",1,1370,"unknown","san diego",33.2387767498354,-116.967014694267,1
"239",35,6,0,0,"female",18,"Asian only","4-year degree",NA,2034,"unknown","los angeles",33.9752236477708,-118.277563796273,1
"240",27,6,59,32000,"male",14,"White only","no 4-year degree",1,880,"orange","orange",33.6937214177848,-117.699664646402,1
"241",25,6,59,0,"female",11,"White only","no 4-year degree",NA,936,"orange","orange",33.7459959252331,-117.897672246559,1
"242",30,6,37,70000,"female",20,"White only","4-year degree",1,674,"los angeles","los angeles",34.0966677042968,-118.323619689761,1
"243",33,6,37,6500,"male",16,"White only","4-year degree",1,836,"los angeles","los angeles",34.1545057006439,-118.466515489537,1
"244",30,6,7,30000,"female",16,"White only","4-year degree",1,56,"butte","butte",39.4851709077629,-121.570724212098,1
"245",28,6,99,30000,"male",14,"Asian only","no 4-year degree",1,1049,"stanislaus","stanislaus",37.4069995589508,-121.145674667171,1
"246",27,6,59,25000,"male",16,"Asian only","4-year degree",1,934,"orange","orange",33.6184467902501,-117.808165660187,1
"247",28,6,0,78000,"male",13,"White only","no 4-year degree",1,1105,"unknown","los angeles",34.1499690619852,-118.36707774882,1
"248",29,6,53,24000,"female",12,"White only","no 4-year degree",0,1496,"monterey","monterey",36.4653934658986,-121.320867395829,1
"249",26,6,37,41000,"male",13,"White only","no 4-year degree",1,329,"los angeles","los angeles",34.2035604011872,-118.218792360075,1
"250",28,6,0,133000,"female",16,"Asian only","4-year degree",1,1965,"unknown","los angeles",33.9093065871184,-118.206865642753,1
"251",31,6,37,100000,"male",16,"White only","4-year degree",1,494,"los angeles","los angeles",34.2398787653359,-118.021022934371,1
"252",28,6,1,25000,"male",13,"AI-HP","no 4-year degree",1,1758,"alameda","alameda",37.5648545632137,-121.664419903553,1
"253",30,6,0,140000,"male",18,"Asian only","4-year degree",1,2023,"unknown","san mateo",37.2507405975243,-122.251157444324,1
"254",32,6,1,0,"female",18,"Asian only","4-year degree",NA,1739,"alameda","alameda",37.7120102442015,-122.03396434009,1
"255",35,6,59,108000,"female",18,"White only","4-year degree",1,918,"orange","orange",33.7180876397603,-117.906000330563,1
"256",32,6,73,35758,"male",16,"White only","4-year degree",1,1504,"san diego","san diego",33.1485267656455,-117.214751145902,1
"257",29,6,19,63001,"female",16,"Asian only","4-year degree",1,104,"fresno","fresno",36.8412159165049,-120.113573435688,1
"258",28,6,59,35000,"female",13,"White only","no 4-year degree",1,1027,"orange","orange",33.8126693240684,-117.758905112289,1
"259",26,6,0,30000,"male",12,"White only","no 4-year degree",1,1203,"unknown","san diego",32.9601276552672,-117.009531190047,1
"260",35,6,37,114000,"male",14,"White only","no 4-year degree",1,659,"los angeles","los angeles",34.0021821510147,-118.373102049521,1
"261",32,6,19,0,"female",16,"Asian only","4-year degree",NA,161,"fresno","fresno",36.7736216751189,-119.714213816522,1
"262",27,6,37,30000,"female",12,"White only","no 4-year degree",1,384,"los angeles","los angeles",34.1289077414173,-118.398517686372,1
"263",31,6,37,0,"male",16,"Asian only","4-year degree",0,436,"los angeles","los angeles",33.9999403386578,-118.435209869608,1
"264",26,6,19,42000,"male",14,"Asian only","no 4-year degree",1,127,"fresno","fresno",36.6423722208324,-119.780216579782,1
"265",35,6,37,20000,"male",11,"White only","no 4-year degree",0,260,"los angeles","los angeles",33.9826548246211,-118.327350950799,1
"266",35,6,37,25000,"male",14,"White only","no 4-year degree",1,717,"los angeles","los angeles",34.1636744556897,-118.415895372929,1
"267",31,6,7,33000,"male",13,"Black only","no 4-year degree",1,60,"butte","butte",39.6658992769234,-121.671771328191,1
"268",32,6,0,140000,"male",14,"Black only","no 4-year degree",1,1857,"unknown","los angeles",34.1285583063268,-118.497674628779,1
"269",33,6,37,35000,"female",12,"Black only","no 4-year degree",1,448,"los angeles","los angeles",34.0072728924994,-118.345881293497,1
"270",25,6,37,45000,"male",12,"White only","no 4-year degree",1,488,"los angeles","los angeles",34.1196994533478,-118.594983462326,1
"271",30,6,37,32000,"male",16,"White only","4-year degree",1,181,"los angeles","los angeles",34.1000486884504,-118.418803208534,1
"272",32,6,73,90000,"male",16,"White only","4-year degree",NA,1534,"san diego","san diego",33.0212536088443,-117.155246338654,1
"273",35,6,0,35000,"male",12,"White only","no 4-year degree",1,1157,"unknown","los angeles",34.1094711244861,-118.158829715172,1
"274",25,6,73,31665,"male",14,"White only","no 4-year degree",1,1642,"san diego","san diego",32.8246475568571,-117.197427776818,1
"275",30,6,67,1800,"female",14,"Asian only","no 4-year degree",1,1452,"sacramento","sacramento",38.2296790103235,-121.507550595303,1
"276",31,6,73,108000,"female",16,"Asian only","4-year degree",1,1571,"san diego","san diego",32.8156878493748,-117.19323587598,1
"277",33,6,67,70000,"female",18,"White only","4-year degree",1,1401,"sacramento","sacramento",38.3177465459158,-121.566289921866,1
"278",26,6,0,12000,"male",16,"White only","4-year degree",NA,1303,"unknown","kings",36.0588502905675,-119.862808483862,1
"279",33,6,81,122000,"female",16,"White only","4-year degree",1,1949,"san mateo","san mateo",37.438419270357,-122.252968413555,1
"280",35,6,75,52000,"male",12,"Asian only","no 4-year degree",1,1909,"san francisco","san francisco",37.7670589177461,-122.388091279917,1
"281",33,6,0,0,"male",12,"White-Asian","no 4-year degree",0,2041,"unknown","alameda",37.7068107398632,-122.0453154696,1
"282",28,6,37,30000,"male",12,"White only","no 4-year degree",1,676,"los angeles","los angeles",33.9493317611364,-118.326805265123,1
"283",29,6,37,58000,"female",20,"Asian only","4-year degree",1,375,"los angeles","los angeles",33.9649468335017,-118.314270713839,1
"284",31,6,37,45000,"male",11,"Black only","no 4-year degree",1,611,"los angeles","los angeles",34.1531579028333,-118.44702471546,1
"285",25,6,1,200000,"male",16,"White only","4-year degree",1,1699,"alameda","alameda",37.7734159158964,-122.154725412843,1
"286",34,6,19,93000,"male",18,"Asian only","4-year degree",1,148,"fresno","fresno",36.7755230334371,-119.561503359432,1
"287",31,6,19,50000,"male",13,"White-Black","no 4-year degree",1,150,"fresno","fresno",36.4730969390355,-119.767737380235,1
"288",35,6,19,85000,"male",12,"White only","no 4-year degree",1,121,"fresno","fresno",36.6480984613405,-119.785225676038,1
"289",33,6,31,24000,"male",12,"White only","no 4-year degree",1,169,"kings","kings",36.3621346247654,-119.617564820811,1
"290",31,6,37,0,"female",12,"White only","no 4-year degree",NA,598,"los angeles","los angeles",34.201016604182,-118.463737982754,1
"291",30,6,53,0,"female",16,"White only","4-year degree",NA,1491,"monterey","monterey",36.2506761450968,-121.352862029217,1
"292",26,6,19,15000,"female",14,"Asian only","no 4-year degree",1,108,"fresno","fresno",36.8300900033542,-119.427260089106,1
"293",28,6,37,0,"male",12,"Asian only","no 4-year degree",NA,767,"los angeles","los angeles",33.9410532043938,-118.188386404514,1
"294",27,6,37,45000,"female",16,"White only","4-year degree",1,530,"los angeles","los angeles",34.0439154197732,-118.268262233242,1
"295",26,6,73,20000,"female",12,"White only","no 4-year degree",1,1580,"san diego","san diego",33.2064543207627,-117.353198476821,1
"296",35,6,67,0,"female",16,"White only","4-year degree",NA,1447,"sacramento","sacramento",38.3588924583997,-121.558501029308,1
"297",30,6,0,212000,"male",18,"Asian only","4-year degree",1,1821,"unknown","solano",38.2020704322566,-121.809863968611,1
"298",34,6,89,32000,"female",13,"White only","no 4-year degree",1,1115,"shasta","shasta",40.6594050789195,-122.458922079153,1
"299",35,6,31,0,"male",14,"White only","no 4-year degree",NA,164,"kings","kings",35.9804668949106,-119.616365695167,1
"300",33,6,73,120000,"male",13,"White only","no 4-year degree",NA,1568,"san diego","san diego",32.8662659139821,-117.170887105947,1
"301",28,6,73,26600,"female",16,"White only","4-year degree",1,1503,"san diego","san diego",33.0091238880826,-117.211413333798,1
"302",33,6,7,75000,"male",18,"White only","4-year degree",1,51,"butte","butte",39.6184371538901,-121.471184548691,1
"303",34,6,19,0,"male",13,"White only","no 4-year degree",NA,119,"fresno","fresno",36.4939897570278,-120.31102645943,1
"304",32,6,0,30000,"female",11,"White only","no 4-year degree",1,2221,"unknown","los angeles",34.5856483927537,-117.891884557854,1
"305",25,6,37,0,"female",12,"White only","no 4-year degree",NA,229,"los angeles","los angeles",34.0579691047567,-118.39862237989,1
"306",25,6,0,47000,"female",13,"White only","no 4-year degree",1,1970,"unknown","san diego",33.0696643622945,-117.100046415938,1
"307",35,6,1,60000,"female",20,"White only","4-year degree",1,1783,"alameda","alameda",37.6270582918218,-121.848009061948,1
"308",34,6,0,210000,"male",18,"Asian only","4-year degree",1,2096,"unknown","los angeles",33.9916564004469,-118.206137899479,1
"309",26,6,0,50000,"male",14,"White only","no 4-year degree",1,2009,"unknown","los angeles",34.0230878531398,-118.405994401845,1
"310",25,6,0,11400,"female",16,"White-AI","4-year degree",NA,89,"unknown","santa barbara",34.6756854874678,-120.307816984602,1
"311",35,6,81,62500,"male",18,"White only","4-year degree",1,1941,"san mateo","san mateo",37.5557790421244,-122.442065498204,1
"312",29,6,37,42000,"male",16,"White only","4-year degree",1,533,"los angeles","los angeles",34.0220790169855,-118.231563707684,1
"313",30,6,37,22000,"male",12,"White only","no 4-year degree",0,591,"los angeles","los angeles",34.0216374574625,-118.250834489638,1
"314",29,6,75,85000,"male",18,"Asian only","4-year degree",1,1907,"san francisco","san francisco",37.7376700206232,-122.397344478754,1
"315",34,6,61,100000,"male",13,"White only","no 4-year degree",1,1381,"placer","placer",38.9347684655214,-120.841874635236,1
"316",34,6,37,60000,"male",11,"White only","no 4-year degree",NA,704,"los angeles","los angeles",34.2787455617226,-118.460300812873,1
"317",35,6,0,60000,"female",18,"White only","4-year degree",0,2024,"unknown","alameda",37.6476626309799,-122.029333614051,1
"318",32,6,59,140000,"male",16,"White only","4-year degree",1,846,"orange","orange",33.7364859579266,-117.893302411637,1
"319",31,6,111,50000,"male",16,"Asian only","4-year degree",1,1095,"ventura","ventura",34.4849039779422,-119.162389306071,1
"320",26,6,67,32308,"male",16,"White only","4-year degree",1,1408,"sacramento","sacramento",38.3342409298054,-121.471923031203,1
"321",33,6,37,20000,"female",13,"White only","no 4-year degree",1,315,"los angeles","los angeles",34.0707850576315,-118.248228742693,1
"322",31,6,77,0,"female",16,"Asian only","4-year degree",NA,2168,"san joaquin","san joaquin",37.5523717736214,-121.441014543439,1
"323",31,6,77,45000,"male",14,"White only","no 4-year degree",1,2207,"san joaquin","san joaquin",38.0356887627327,-121.51225931898,1
"324",29,6,67,40000,"male",12,"White only","no 4-year degree",1,1438,"sacramento","sacramento",38.2810481711442,-121.545826419088,1
"325",29,6,73,9500,"male",13,"White only","no 4-year degree",1,1517,"san diego","san diego",33.0978442502374,-116.880257550349,1
"326",30,6,37,52500,"female",16,"Asian only","4-year degree",1,570,"los angeles","los angeles",33.9637254117675,-118.311454271474,1
"327",34,6,0,17000,"female",11,"White only","no 4-year degree",1,1295,"unknown","los angeles",34.2269539752986,-118.20989633302,1
"328",27,6,73,24000,"male",14,"White only","no 4-year degree",1,1650,"san diego","san diego",32.9154802242077,-117.130741503117,1
"329",32,6,37,60000,"male",11,"White only","no 4-year degree",1,832,"los angeles","los angeles",33.9005780145253,-118.274596844739,1
"330",28,6,81,29500,"male",13,"White only","no 4-year degree",1,1926,"san mateo","san mateo",37.444434316684,-122.307754426587,1
"331",35,6,73,2000,"female",20,"White only","4-year degree",1,1570,"san diego","san diego",33.1024520738484,-117.201271916886,1
"332",31,6,0,27000,"male",16,"White only","4-year degree",1,1813,"unknown","stanislaus",37.4737574400229,-121.126758796576,1
"333",30,6,73,450000,"male",20,"White only","4-year degree",1,1537,"san diego","san diego",32.8418498913576,-117.168746807012,1
"334",25,6,87,0,"male",13,"White only","no 4-year degree",NA,2123,"santa cruz","santa cruz",37.0529824472573,-122.043328440122,1
"335",34,6,1,55000,"female",20,"Asian only","4-year degree",1,1741,"alameda","alameda",37.7230225699403,-122.00239300084,1
"336",32,6,73,100000,"male",18,"White only","4-year degree",1,1598,"san diego","san diego",33.0199977939642,-116.469678370951,1
"337",32,6,0,0,"female",8,"White only","no 4-year degree",NA,1141,"unknown","san diego",32.9120626842245,-117.135842807698,1
"338",34,6,0,25000,"female",18,"White-HP","4-year degree",1,1837,"unknown","san diego",32.9579926118016,-117.062537803932,1
"339",27,6,0,0,"male",20,"White only","4-year degree",NA,2057,"unknown","tulare",36.4128098917353,-118.328614977354,1
"340",26,6,0,35000,"male",12,"White only","no 4-year degree",1,1192,"unknown","san joaquin",38.0531563509047,-121.379412669055,1
"341",31,6,0,20000,"male",13,"White only","no 4-year degree",1,1858,"unknown","san diego",33.2106061396932,-117.323096142934,1
"342",25,6,111,50000,"male",13,"White only","no 4-year degree",1,1065,"ventura","ventura",34.4681157956255,-119.174761182143,1
"343",32,6,37,30000,"female",18,"White only","4-year degree",1,633,"los angeles","los angeles",34.0352905146015,-118.233230079157,1
"344",35,6,67,17434,"female",12,"White only","no 4-year degree",0,1416,"sacramento","sacramento",38.2372808288177,-121.600946024161,1
"345",31,6,1,60000,"male",16,"Asian only","4-year degree",1,1784,"alameda","alameda",37.5891789082944,-121.674205956237,1
"346",33,6,37,82000,"female",16,"White only","4-year degree",1,281,"los angeles","los angeles",34.1896470327702,-118.268965890374,1
"347",26,6,59,32000,"male",12,"Asian only","no 4-year degree",1,916,"orange","orange",33.7047764687,-117.689979003954,1
"348",33,6,1,145000,"female",16,"Asian only","4-year degree",1,1774,"alameda","alameda",37.6795518967127,-121.986064517349,1
"349",29,6,83,30000,"male",16,"Asian only","4-year degree",1,2139,"santa barbara","santa barbara",34.7895491273285,-120.120040395295,1
"350",28,6,37,35940,"female",16,"White only","4-year degree",1,724,"los angeles","los angeles",33.9053318933117,-118.100487927833,1
"351",35,6,29,0,"female",12,"Black only","no 4-year degree",NA,5,"kern","kern",35.3148025979095,-118.853886083246,1
"352",29,6,0,0,"female",18,"Asian only","4-year degree",NA,1354,"unknown","yolo",38.6471413187764,-121.793331004118,1
"353",25,6,37,0,"male",16,"Asian only","4-year degree",NA,492,"los angeles","los angeles",34.0624117754896,-118.42644448131,1
"354",33,6,29,12000,"female",14,"White only","no 4-year degree",1,20,"kern","kern",35.347957037897,-119.763586805184,1
"355",29,6,0,0,"female",13,"White only","no 4-year degree",NA,1207,"unknown","ventura",34.4611618364614,-119.056203416477,1
"356",31,6,0,120000,"male",16,"Asian only","4-year degree",1,2072,"unknown","kern",35.3255214082535,-118.701596001073,1
"357",25,6,0,0,"female",12,"White only","no 4-year degree",NA,1103,"unknown","san joaquin",37.9783982297685,-121.369263516957,1
"358",35,6,37,45000,"male",13,"Asian only","no 4-year degree",1,514,"los angeles","los angeles",34.0517775937733,-118.067581981006,1
"359",26,6,37,0,"male",12,"Black only","no 4-year degree",1,828,"los angeles","los angeles",33.9955292474396,-118.319953763588,1
"360",28,6,0,18000,"female",18,"White only","4-year degree",1,69,"unknown","san francisco",37.7159217059027,-122.402509757565,1
"361",28,6,81,80000,"male",16,"White only","4-year degree",1,1946,"san mateo","san mateo",37.5851405322087,-122.35439841046,1
"362",29,6,53,76000,"male",16,"White only","4-year degree",1,1497,"monterey","monterey",36.0976678254879,-121.362672737513,1
"363",32,6,0,40000,"male",12,"White only","no 4-year degree",1,1253,"unknown","los angeles",33.9063305644838,-118.302852616701,1
"364",26,6,0,38000,"male",12,"Black only","no 4-year degree",1,1320,"unknown","los angeles",34.630871512852,-118.745478544181,1
"365",35,6,19,0,"female",14,"American Indian, Alaskan Native only (AI)","no 4-year degree",NA,141,"fresno","fresno",36.7873121848418,-120.207722987448,1
"366",30,6,37,150000,"male",16,"White only","4-year degree",1,793,"los angeles","los angeles",34.2605370875623,-118.202810578314,1
"367",26,6,19,80000,"male",12,"Asian only","no 4-year degree",1,132,"fresno","fresno",36.7816831981264,-119.651892699626,1
"368",35,6,29,36000,"female",13,"White only","no 4-year degree",1,42,"kern","kern",35.4350179016672,-118.944419602637,1
"369",31,6,83,35000,"male",12,"White only","no 4-year degree",1,2130,"santa barbara","santa barbara",34.8395471521205,-120.218765327398,1
"370",34,6,73,0,"female",16,"White only","4-year degree",1,1659,"san diego","san diego",33.2497332948824,-117.267647927169,1
"371",34,6,37,49800,"male",14,"Black only","no 4-year degree",NA,754,"los angeles","los angeles",34.0471976336789,-118.348568116017,1
"372",26,6,19,48000,"female",13,"White only","no 4-year degree",1,133,"fresno","fresno",36.8158004371006,-119.88736123157,1
"373",29,6,0,0,"female",12,"White only","no 4-year degree",NA,1217,"unknown","fresno",36.8411471484104,-119.609427925166,1
"374",30,6,37,40000,"female",16,"White only","4-year degree",1,294,"los angeles","los angeles",34.2058575536443,-118.040854521099,1
"375",30,6,37,60000,"male",16,"Black only","4-year degree",1,750,"los angeles","los angeles",34.1625992263098,-118.161697443115,1
"376",34,6,67,25000,"male",12,"White only","no 4-year degree",1,1421,"sacramento","sacramento",38.2991342008761,-121.499062673746,1
"377",28,6,37,30000,"female",13,"White only","no 4-year degree",1,264,"los angeles","los angeles",34.0780286018444,-118.296437938362,1
"378",25,6,31,0,"male",13,"American Indian, Alaskan Native only (AI)","no 4-year degree",1,177,"kings","kings",36.2837036740542,-119.657507556908,1
"379",25,6,37,18000,"female",12,"White only","no 4-year degree",1,595,"los angeles","los angeles",34.336445964958,-118.070889989294,1
"380",30,6,59,45000,"female",12,"White only","no 4-year degree",1,944,"orange","orange",33.6876905896402,-117.644779615099,1
"381",31,6,0,66000,"female",16,"White only","4-year degree",NA,1839,"unknown","alameda",37.6828199486319,-121.892805297482,1
"382",28,6,73,0,"male",12,"White only","no 4-year degree",NA,1628,"san diego","san diego",33.1346661987807,-117.27556688954,1
"383",32,6,67,109000,"female",18,"White-Black","4-year degree",1,1392,"sacramento","sacramento",38.4824327656358,-121.52618908273,1
"384",33,6,67,40000,"female",18,"Asian only","4-year degree",1,1457,"sacramento","sacramento",38.3253205253615,-121.533856469485,1
"385",35,6,73,55000,"male",18,"White only","4-year degree",1,1587,"san diego","san diego",33.1393719879739,-117.199477497871,1
"386",30,6,0,120000,"male",12,"White only","no 4-year degree",1,1838,"unknown","san joaquin",38.0097153548913,-121.220068161742,1
"387",30,6,95,0,"female",16,"Asian only","4-year degree",NA,2230,"solano","solano",38.221133691972,-121.926248977897,1
"388",28,6,0,70000,"male",16,"White only","4-year degree",1,1163,"unknown","san joaquin",38.2000455057554,-121.240050024581,1
"389",30,6,73,0,"female",18,"Asian only","4-year degree",NA,1544,"san diego","san diego",32.9042236758341,-117.109068298527,1
"390",25,6,37,28000,"male",12,"White only","no 4-year degree",1,727,"los angeles","los angeles",33.9419483589546,-118.345136627338,1
"391",32,6,1,4800,"female",11,"White only","no 4-year degree",1,1725,"alameda","alameda",37.6321096637696,-121.889850522059,1
"392",27,6,37,27000,"male",12,"White only","no 4-year degree",1,320,"los angeles","los angeles",34.0751430339307,-118.181738249839,1
"393",35,6,59,18000,"male",12,"Asian only","no 4-year degree",1,852,"orange","orange",33.756926117638,-118.002648625624,1
"394",26,6,19,30000,"female",16,"Asian only","4-year degree",1,115,"fresno","fresno",36.8486118835626,-119.525880118165,1
"395",29,6,113,35000,"female",14,"White-Asian","no 4-year degree",1,1477,"yolo","yolo",38.5622377147372,-122.042053158627,1
"396",26,6,113,12000,"female",16,"Asian only","4-year degree",1,1474,"yolo","yolo",38.680479736662,-121.887241490983,1
"397",35,6,37,0,"male",14,"White only","no 4-year degree",NA,453,"los angeles","los angeles",34.0811520622898,-118.326340340364,1
"398",29,6,37,40001,"male",18,"Black only","4-year degree",1,396,"los angeles","los angeles",33.7885689381972,-118.38516451507,1
"399",27,6,37,33400,"male",16,"White only","4-year degree",1,451,"los angeles","los angeles",33.9656358649693,-118.033215729465,1
"400",26,6,97,35000,"male",12,"White only","no 4-year degree",1,2154,"sonoma","sonoma",38.6568322754904,-122.782898229781,1
"401",26,6,59,29000,"female",16,"Asian only","4-year degree",1,882,"orange","orange",33.7639846402051,-117.728248526103,1
"402",25,6,81,20000,"male",12,"Asian only","no 4-year degree",1,1954,"san mateo","san mateo",37.3852988637291,-122.270040727943,1
"403",32,6,75,0,"female",16,"Asian only","4-year degree",NA,1869,"san francisco","san francisco",37.7756196614985,-122.424252425083,1
"404",35,6,19,0,"male",13,"White-AI","no 4-year degree",NA,159,"fresno","fresno",36.8103084965635,-119.553838079896,1
"405",26,6,0,70000,"male",13,"Asian-HP","no 4-year degree",1,1969,"unknown","los angeles",34.5262274154897,-117.790316456117,1
"406",29,6,37,60000,"female",16,"Black only","4-year degree",1,495,"los angeles","los angeles",34.1073290438979,-118.236974654276,1
"407",30,6,81,24000,"female",13,"White only","no 4-year degree",1,1927,"san mateo","san mateo",37.4082634821939,-122.265294362251,1
"408",28,6,79,48000,"female",14,"White only","no 4-year degree",1,2112,"san luis obispo","san luis obispo",35.3975092318163,-120.756136862119,1
"409",32,6,0,75000,"female",16,"White only","4-year degree",1,1818,"unknown","los angeles",34.0165102637899,-118.304685327954,1
"410",34,6,19,50000,"female",18,"White only","4-year degree",1,109,"fresno","fresno",36.8286316730056,-118.886792851382,1
"411",28,6,1,55000,"male",18,"White only","4-year degree",1,1712,"alameda","alameda",37.6844699941796,-121.95608483907,1
"412",26,6,37,39000,"male",16,"White only","4-year degree",1,519,"los angeles","los angeles",33.9635177479888,-118.06655056523,1
"413",30,6,73,100000,"male",16,"White only","4-year degree",1,1648,"san diego","san diego",33.0267135499991,-116.97410921197,1
"414",32,6,37,0,"female",12,"White only","no 4-year degree",0,539,"los angeles","los angeles",34.0499239544082,-118.312897440467,1
"415",29,6,37,0,"female",13,"Black only","no 4-year degree",NA,753,"los angeles","los angeles",33.8932494822051,-118.272522604156,1
"416",33,6,77,70000,"male",20,"Asian only","4-year degree",1,2198,"san joaquin","san joaquin",38.0166330313525,-121.11719197188,1
"417",29,6,0,25000,"male",16,"White only","4-year degree",0,2226,"unknown","los angeles",34.1267468270865,-118.312372997444,1
"418",25,6,37,0,"male",11,"White only","no 4-year degree",1,393,"los angeles","los angeles",33.9526289305166,-117.87168551967,1
"419",27,6,37,6000,"male",16,"White only","4-year degree",1,648,"los angeles","los angeles",34.1105289807403,-118.281837009879,1
"420",35,6,89,51000,"female",16,"White only","4-year degree",1,1110,"shasta","shasta",40.6630203560218,-122.556709526155,1
"421",32,6,29,0,"female",9,"White only","no 4-year degree",NA,45,"kern","kern",35.0395887230635,-119.335400552799,1
"422",32,6,59,0,"male",12,"White only","no 4-year degree",1,902,"orange","orange",33.6959838325477,-117.688151116994,1
"423",30,6,1,90000,"female",12,"Black only","no 4-year degree",1,1779,"alameda","alameda",37.6491512343342,-121.964709288386,1
"424",34,6,19,0,"female",9,"White only","no 4-year degree",NA,112,"fresno","fresno",36.7313811242861,-119.686389006775,1
"425",32,6,111,20000,"female",12,"White only","no 4-year degree",1,1051,"ventura","ventura",34.2674831556211,-118.940729655394,1
"426",34,6,59,43680,"male",12,"White only","no 4-year degree",1,940,"orange","orange",33.7516505698915,-117.920067150352,1
"427",35,6,37,33280,"female",12,"White only","no 4-year degree",1,222,"los angeles","los angeles",34.0949246356602,-118.299599679992,1
"428",29,6,37,0,"male",13,"American Indian, Alaskan Native only (AI)","no 4-year degree",0,266,"los angeles","los angeles",34.1254873539088,-118.361871392453,1
"429",33,6,19,43000,"female",14,"White only","no 4-year degree",NA,158,"fresno","fresno",36.7206232271476,-119.432426250334,1
"430",34,6,87,0,"female",8,"White only","no 4-year degree",NA,2118,"santa cruz","santa cruz",36.9149976959246,-121.803618130142,1
"431",28,6,37,100000,"female",16,"White only","4-year degree",1,774,"los angeles","los angeles",34.2085617199283,-118.368253168851,1
"432",29,6,0,88000,"male",13,"White only","no 4-year degree",1,2035,"unknown","los angeles",34.0352870156658,-118.245028635252,1
"433",30,6,81,36000,"female",16,"White only","4-year degree",1,1937,"san mateo","san mateo",37.4341779308385,-122.247868984469,1
"434",33,6,59,42000,"female",12,"White only","no 4-year degree",1,950,"orange","orange",33.7386533185703,-117.743172927422,1
"435",34,6,37,400000,"male",20,"White only","4-year degree",1,730,"los angeles","los angeles",33.9589332604918,-118.218702573299,1
"436",25,6,37,0,"male",14,"White only","no 4-year degree",NA,386,"los angeles","los angeles",34.2802348206999,-117.941278213218,1
"437",25,6,0,30000,"male",14,"White only","no 4-year degree",1,1199,"unknown","los angeles",34.1543953427601,-118.147928269955,1
"438",33,6,37,100000,"male",16,"White only","4-year degree",1,300,"los angeles","los angeles",34.1391065301491,-118.444567811839,1
"439",34,6,0,42000,"male",13,"White only","no 4-year degree",1,1285,"unknown","sacramento",38.2740303268744,-121.636020970468,1
"440",35,6,0,36000,"female",13,"White only","no 4-year degree",1,1190,"unknown","alameda",37.6048069249707,-121.709057693783,1
"441",28,6,0,110000,"male",13,"White only","no 4-year degree",1,1139,"unknown","los angeles",34.7813894762655,-118.852735727433,1
"442",31,6,37,40000,"female",12,"White only","no 4-year degree",1,340,"los angeles","los angeles",34.1510320083677,-118.193370102573,1
"443",27,6,0,3000,"male",12,"White only","no 4-year degree",1,92,"unknown","orange",33.7629428242953,-117.805743865304,1
"444",25,6,37,0,"female",13,"White only","no 4-year degree",NA,412,"los angeles","los angeles",33.9433969710624,-118.412848591797,1
"445",28,6,73,70000,"female",14,"Hawaiian/Pacific Islander only (HP)","no 4-year degree",1,1676,"san diego","san diego",32.8555219630779,-117.141937711398,1
"446",35,6,0,30000,"male",12,"White only","no 4-year degree",1,99,"unknown","alameda",37.555568284133,-121.9837409312,1
"447",31,6,73,73000,"male",12,"White only","no 4-year degree",0,1540,"san diego","san diego",33.1249282031839,-117.281573465427,1
"448",31,6,0,35000,"male",9,"White only","no 4-year degree",1,1152,"unknown","san diego",32.940218157664,-117.103202606151,1
"449",30,6,81,17472,"female",16,"White only","4-year degree",1,1924,"san mateo","san mateo",37.2923449050725,-122.259500429693,1
"450",28,6,59,40920,"male",12,"White only","no 4-year degree",1,845,"orange","orange",33.7227396085439,-117.739358386176,1
"451",35,6,73,100000,"female",18,"White only","4-year degree",1,1667,"san diego","san diego",33.2859882566467,-117.351323953994,1
"452",26,6,0,76000,"male",16,"White only","4-year degree",1,2021,"unknown","los angeles",34.1800632534042,-118.068507953547,1
"453",32,6,37,58000,"male",12,"White only","no 4-year degree",1,783,"los angeles","los angeles",34.0674685970874,-118.319474424534,1
"454",30,6,73,30750,"female",16,"Asian only","4-year degree",1,1661,"san diego","san diego",33.031777549071,-117.24924768982,1
"455",31,6,59,70000,"female",18,"Asian only","4-year degree",1,994,"orange","orange",33.4729361442242,-117.645507641206,1
"456",31,6,0,120000,"female",16,"White only","4-year degree",1,1832,"unknown","los angeles",34.0369602068672,-118.478842071163,1
"457",29,6,67,24000,"female",13,"Asian only","no 4-year degree",1,1459,"sacramento","sacramento",38.6444558918318,-121.222766134086,1
"458",32,6,59,108000,"male",13,"White only","no 4-year degree",1,1021,"orange","orange",33.6454000155539,-117.652535008126,1
"459",27,6,1,140000,"male",18,"Asian only","4-year degree",1,1776,"alameda","alameda",37.7249197649123,-121.946937346681,1
"460",31,6,0,75000,"female",16,"Asian only","4-year degree",1,2067,"unknown","los angeles",33.838268218864,-118.228170564617,1
"461",33,6,59,42000,"male",12,"White only","no 4-year degree",1,900,"orange","orange",33.7055880912506,-117.756483195533,1
"462",35,6,0,50000,"female",18,"White only","4-year degree",1,1216,"unknown","los angeles",34.052770758613,-118.213827116836,1
"463",25,6,89,30000,"male",14,"White only","no 4-year degree",1,1109,"shasta","shasta",40.705926057366,-122.402802298315,1
"464",34,6,107,38000,"female",16,"White only","4-year degree",1,2257,"tulare","tulare",36.6721352333992,-118.452190167378,1
"465",25,6,0,0,"male",13,"White only","no 4-year degree",NA,1326,"unknown","los angeles",34.1873244036727,-118.180706436475,1
"466",35,6,0,0,"female",13,"White only","no 4-year degree",NA,1232,"unknown","los angeles",34.1160366616108,-118.234369555553,1
"467",27,6,59,0,"male",16,"Asian only","4-year degree",NA,1018,"orange","orange",33.7311866608025,-117.805000653982,1
"468",33,6,0,200000,"female",18,"Asian only","4-year degree",1,1967,"unknown","los angeles",34.0567319711245,-118.367329229043,1
"469",27,6,37,0,"male",16,"Asian only","4-year degree",NA,383,"los angeles","los angeles",34.1251182570034,-118.287102877522,1
"470",27,6,37,0,"male",16,"White only","4-year degree",NA,728,"los angeles","los angeles",34.027110261496,-118.475040456824,1
"471",29,6,107,0,"male",10,"White only","no 4-year degree",NA,2262,"tulare","tulare",36.2986142546823,-118.731147650973,1
"472",33,6,37,70000,"female",16,"Black only","4-year degree",1,771,"los angeles","los angeles",34.0516384600821,-118.471421873374,1
"473",26,6,0,150000,"male",16,"Asian only","4-year degree",1,1993,"unknown","los angeles",34.0948766804567,-118.213725451409,1
"474",26,6,89,0,"male",12,"Hawaiian/Pacific Islander only (HP)","no 4-year degree",NA,1111,"shasta","shasta",40.8036641672418,-122.281834394396,1
"475",27,6,37,50000,"female",12,"Black only","no 4-year degree",1,484,"los angeles","los angeles",34.2592842960465,-118.35997465125,1
"476",35,6,37,55523,"female",14,"Asian only","no 4-year degree",1,503,"los angeles","los angeles",33.8465171144108,-118.318253473539,1
"477",27,6,87,0,"male",13,"White only","no 4-year degree",NA,2121,"santa cruz","santa cruz",37.0342054689021,-121.974785906253,1
"478",31,6,0,0,"male",12,"White only","no 4-year degree",NA,1174,"unknown","los angeles",33.9309511423659,-118.326113791283,1
"479",35,6,37,30000,"male",11,"White only","no 4-year degree",1,515,"los angeles","los angeles",34.1680058063675,-118.383336740458,1
"480",28,6,37,10000,"male",12,"Black only","no 4-year degree",1,752,"los angeles","los angeles",34.0044636867384,-118.441712739964,1
"481",33,6,0,73000,"male",20,"Asian only","4-year degree",1,1848,"unknown","sacramento",38.2850952687195,-121.497814686739,1
"482",34,6,37,0,"female",11,"White only","no 4-year degree",NA,312,"los angeles","los angeles",33.964369323639,-118.367096620165,1
"483",35,6,0,0,"female",16,"White-Asian","4-year degree",NA,1825,"unknown","orange",33.7628122376556,-117.592708743544,1
"484",33,6,1,180000,"male",18,"Asian only","4-year degree",1,1700,"alameda","alameda",37.6224865619857,-121.818966287906,1
"485",28,6,7,33000,"male",12,"Black only","no 4-year degree",1,58,"butte","butte",39.6697042584286,-121.574153112537,1
"486",31,6,0,0,"male",18,"White only","4-year degree",NA,1332,"unknown","sacramento",38.3280624064886,-121.470506080567,1
"487",35,6,73,80000,"male",20,"Asian only","4-year degree",1,1509,"san diego","san diego",32.9102019788482,-117.164972482959,1
"488",30,6,37,20002,"male",12,"White only","no 4-year degree",0,705,"los angeles","los angeles",33.9309561636407,-118.379766292007,1
"489",25,6,0,0,"female",11,"White only","no 4-year degree",1,1135,"unknown","kern",34.9395190502021,-119.349649653531,1
"490",28,6,37,50000,"male",16,"White only","4-year degree",1,342,"los angeles","los angeles",33.990675967548,-118.29835537494,1
"491",25,6,73,28000,"male",13,"White only","no 4-year degree",NA,1621,"san diego","san diego",32.929981850205,-117.053642068319,1
"492",28,6,37,0,"male",8,"White only","no 4-year degree",NA,377,"los angeles","los angeles",34.059878970044,-118.255895474779,1
"493",31,6,0,0,"female",14,"White only","no 4-year degree",NA,91,"unknown","los angeles",34.1490227428782,-118.353153025318,1
"494",25,6,0,39396,"female",16,"Asian only","4-year degree",1,2018,"unknown","los angeles",34.0449123653521,-118.12712163493,1
"495",33,6,19,10000,"female",16,"White only","4-year degree",1,122,"fresno","fresno",36.9594872865938,-119.442530245263,1
"496",31,6,29,40000,"male",13,"Asian only","no 4-year degree",1,44,"kern","kern",35.3157609119867,-119.142384351775,1
"497",31,6,77,0,"male",14,"Asian only","no 4-year degree",NA,2185,"san joaquin","san joaquin",38.0783291918617,-121.508969534037,1
"498",33,6,95,0,"male",12,"Asian only","no 4-year degree",0,2238,"solano","solano",38.1741188678496,-121.993892193439,1
"499",33,6,111,100000,"male",13,"White only","no 4-year degree",1,1072,"ventura","ventura",34.4088739559436,-119.068003069412,1
"500",34,6,0,0,"female",14,"White only","no 4-year degree",1,1124,"unknown","los angeles",33.9513325099145,-118.297931248871,1
"501",30,6,37,80000,"male",14,"Asian only","no 4-year degree",1,313,"los angeles","los angeles",34.0554103298471,-118.323992722155,1
"502",32,6,37,0,"female",11,"White only","no 4-year degree",NA,646,"los angeles","los angeles",34.0447580160859,-118.381764699172,1
"503",30,6,0,0,"female",13,"White only","no 4-year degree",NA,1256,"unknown","los angeles",33.9882158504309,-118.229151200301,1
"504",26,6,37,45502,"female",12,"White only","no 4-year degree",1,822,"los angeles","los angeles",34.2936172892417,-118.572448490704,1
"505",33,6,37,28000,"male",12,"White only","no 4-year degree",1,481,"los angeles","los angeles",34.0573763099739,-118.232387414499,1
"506",27,6,67,3000,"female",13,"Asian only","no 4-year degree",NA,1384,"sacramento","sacramento",38.3617148822303,-121.522123811441,1
"507",30,6,99,76000,"female",16,"White only","4-year degree",1,1035,"stanislaus","stanislaus",37.4970772222374,-121.224055331365,1
"508",27,6,1,36000,"female",16,"Asian only","4-year degree",1,1778,"alameda","alameda",37.6723113331755,-121.930096719364,1
"509",27,6,0,15000,"female",16,"White only","4-year degree",1,1334,"unknown","san mateo",37.3764562922923,-122.285456720626,1
"510",29,6,37,30000,"male",13,"White only","no 4-year degree",1,725,"los angeles","los angeles",34.1538764127858,-118.116220689317,1
"511",34,6,0,70000,"male",14,"White-Asian","no 4-year degree",1,1809,"unknown","los angeles",34.0904886782774,-118.022131899694,1
"512",35,6,0,20000,"male",16,"White only","4-year degree",1,81,"unknown","kern",35.7038366938389,-118.183488375262,1
"513",26,6,0,35000,"female",12,"White only","no 4-year degree",1,1280,"unknown","san francisco",37.7809105268097,-122.429635247059,1
"514",34,6,111,185000,"female",16,"White only","4-year degree",1,1078,"ventura","ventura",34.8288402002736,-119.225739496515,1
"515",25,6,19,22000,"female",16,"White only","4-year degree",1,146,"fresno","fresno",36.7226399920043,-119.813279973464,1
"516",30,6,0,125000,"female",18,"White only","4-year degree",1,1831,"unknown","fresno",36.807645373263,-119.6472686711,1
"517",30,6,83,120000,"female",14,"Black-AI","no 4-year degree",1,2148,"santa barbara","santa barbara",34.706750674273,-120.171624673973,1
"518",27,6,37,0,"male",12,"White-Black","no 4-year degree",NA,748,"los angeles","los angeles",34.0032999470395,-118.517066912351,1
"519",25,6,37,41600,"male",16,"White-Asian","4-year degree",1,328,"los angeles","los angeles",34.0232291338405,-118.40375143064,1
"520",28,6,75,50000,"female",16,"White only","4-year degree",1,1882,"san francisco","san francisco",37.7648462530524,-122.382600724903,1
"521",33,6,99,25000,"female",13,"White only","no 4-year degree",1,1030,"stanislaus","stanislaus",37.5309679172069,-121.144386896399,1
"522",28,6,83,0,"male",12,"Black-Asian","no 4-year degree",NA,2149,"santa barbara","santa barbara",34.7847744998711,-119.936360840043,1
"523",29,6,75,133000,"male",16,"White only","4-year degree",1,1884,"san francisco","san francisco",37.7503056698737,-122.411223927147,1
"524",29,6,37,0,"male",14,"Asian only","no 4-year degree",NA,435,"los angeles","los angeles",34.0347596254802,-118.40956436042,1
"525",35,6,37,200000,"male",20,"Asian only","4-year degree",1,250,"los angeles","los angeles",34.0517128319829,-118.76119084765,1
"526",26,6,1,49000,"female",13,"Asian only","no 4-year degree",1,1785,"alameda","alameda",37.4620241550754,-121.92055880966,1
"527",26,6,0,0,"female",12,"White only","no 4-year degree",NA,1282,"unknown","sonoma",38.5212281302732,-122.766458692904,1
"528",26,6,0,42000,"male",12,"White only","no 4-year degree",1,1312,"unknown","los angeles",34.1778309644488,-118.040016283231,1
"529",28,6,37,0,"female",16,"White only","4-year degree",NA,234,"los angeles","los angeles",33.9714429518114,-118.284735507905,1
"530",35,6,37,190000,"female",20,"White only","4-year degree",1,296,"los angeles","los angeles",33.9511760876563,-118.172778826776,1
"531",32,6,81,120000,"male",13,"White only","no 4-year degree",1,1951,"san mateo","san mateo",37.4822757683297,-122.358339514471,1
"532",35,6,37,100000,"male",16,"White only","4-year degree",1,419,"los angeles","los angeles",34.0209165936204,-118.38297107924,1
"533",35,6,73,120000,"male",18,"Black only","4-year degree",1,1547,"san diego","san diego",33.111378832203,-117.135047763776,1
"534",30,6,0,90000,"male",18,"Asian only","4-year degree",1,2006,"unknown","san mateo",37.4094421620111,-122.289935085182,1
"535",33,6,19,0,"female",12,"American Indian, Alaskan Native only (AI)","no 4-year degree",NA,130,"fresno","fresno",36.9880551482964,-119.562454981585,1
"536",26,6,73,500,"male",12,"White only","no 4-year degree",0,1512,"san diego","san diego",32.867257096659,-116.845523588694,1
"537",29,6,95,0,"male",13,"Asian only","no 4-year degree",1,2240,"solano","solano",38.1738431664734,-122.044621139708,1
"538",27,6,67,50000,"male",12,"White only","no 4-year degree",1,1423,"sacramento","sacramento",38.3123042102584,-121.504625826197,1
"539",33,6,37,4200,"male",12,"Black only","no 4-year degree",1,567,"los angeles","los angeles",34.0962338771891,-118.365275958095,1
"540",29,6,37,35000,"female",13,"White only","no 4-year degree",1,182,"los angeles","los angeles",33.8770076733003,-118.279368074657,1
"541",30,6,37,3000,"female",12,"White only","no 4-year degree",1,553,"los angeles","los angeles",34.0504697042018,-118.727277466654,1
"542",26,6,7,0,"female",12,"White only","no 4-year degree",NA,61,"butte","butte",39.7551569209113,-121.89932906827,1
"543",30,6,0,27000,"female",14,"White only","no 4-year degree",1,1372,"unknown","ventura",34.5185170194104,-119.317582178527,1
"544",34,6,37,80000,"male",16,"White only","4-year degree",1,572,"los angeles","los angeles",34.5666971427565,-117.810403782815,1
"545",32,6,37,0,"female",12,"Black only","no 4-year degree",NA,510,"los angeles","los angeles",34.0242029821732,-118.432872283098,1
"546",34,6,111,3000,"female",16,"White only","4-year degree",1,1089,"ventura","ventura",34.4728900913011,-119.213218547252,1
"547",31,6,37,125000,"male",16,"Asian only","4-year degree",1,649,"los angeles","los angeles",34.0360510145671,-118.254695333363,1
"548",26,6,75,54080,"male",16,"White only","4-year degree",1,1888,"san francisco","san francisco",37.7713563668376,-122.443957423007,1
"549",34,6,81,240000,"male",16,"White only","4-year degree",1,1950,"san mateo","san mateo",37.3359115098571,-122.205025701199,1
"550",35,6,67,18000,"female",12,"White only","no 4-year degree",1,1386,"sacramento","sacramento",38.3928791794237,-121.469338660872,1
"551",26,6,0,0,"male",13,"White only","no 4-year degree",0,66,"unknown","los angeles",34.0817866729032,-118.396307482582,1
"552",26,6,73,60000,"female",16,"White only","4-year degree",1,1637,"san diego","san diego",33.0545802784131,-116.905624014098,1
"553",30,6,37,40000,"female",16,"Black only","4-year degree",1,799,"los angeles","los angeles",34.02635634379,-118.31295285875,1
"554",32,6,37,75000,"female",13,"White only","no 4-year degree",1,245,"los angeles","los angeles",34.1752704454399,-118.132595687425,1
"555",31,6,0,40000,"female",16,"White only","4-year degree",1,1230,"unknown","los angeles",34.2013077274484,-118.494081223978,1
"556",30,6,37,0,"female",12,"White only","no 4-year degree",NA,601,"los angeles","los angeles",34.0610463809186,-118.3197451165,1
"557",29,6,1,30000,"female",18,"Asian only","4-year degree",1,1752,"alameda","alameda",37.7664752008604,-122.087997246301,1
"558",35,6,0,200000,"female",18,"Asian only","4-year degree",1,2069,"unknown","kern",35.3787978600994,-119.595702068194,1
"559",26,6,75,72000,"female",18,"White-Asian","4-year degree",1,1892,"san francisco","san francisco",37.7780068127737,-122.38044543511,1
"560",34,6,67,85000,"male",12,"White only","no 4-year degree",1,1404,"sacramento","sacramento",38.2629955597459,-121.581859804593,1
"561",34,6,75,110000,"male",16,"Asian only","4-year degree",1,1875,"san francisco","san francisco",37.7416702558929,-122.368175336821,1
"562",27,6,0,13000,"female",12,"White only","no 4-year degree",1,1177,"unknown","san francisco",37.7045550494699,-122.362826822302,1
"563",30,6,29,40000,"male",12,"White only","no 4-year degree",1,17,"kern","kern",35.388721100988,-118.783081076701,1
"564",27,6,0,0,"male",13,"White only","no 4-year degree",NA,1214,"unknown","los angeles",34.0784592216903,-118.286500814685,1
"565",26,6,111,85000,"male",16,"White only","4-year degree",1,1057,"ventura","ventura",34.4578229578113,-119.145206580143,1
"566",34,6,73,124000,"male",16,"White only","4-year degree",1,1658,"san diego","san diego",32.9318496239322,-117.11739688621,1
"567",35,6,95,212000,"female",16,"White-Black","4-year degree",1,2231,"solano","solano",38.1811826024866,-121.891258949655,1
"568",35,6,59,40000,"female",12,"White only","no 4-year degree",1,979,"orange","orange",33.6011816796018,-117.712547802998,1
"569",25,6,37,25000,"female",12,"White only","no 4-year degree",1,209,"los angeles","los angeles",33.9527673179697,-118.370707055523,1
"570",30,6,0,25000,"male",16,"Asian only","4-year degree",1,1986,"unknown","orange",33.7388774292067,-117.805325835568,1
"571",29,6,73,0,"female",13,"White only","no 4-year degree",NA,1525,"san diego","san diego",32.8257462125748,-117.189655975011,1
"572",31,6,0,90000,"female",13,"Hawaiian/Pacific Islander only (HP)","no 4-year degree",1,1367,"unknown","los angeles",34.1671215520016,-118.431791049072,1
"573",31,6,37,105000,"male",18,"White only","4-year degree",1,276,"los angeles","los angeles",34.2634083648555,-117.939677094859,1
"574",27,6,37,0,"male",11,"White only","no 4-year degree",0,624,"los angeles","los angeles",34.0284700905636,-117.989717142993,1
"575",34,6,29,49400,"male",13,"Asian only","no 4-year degree",1,31,"kern","kern",35.4158150058072,-118.710600934203,1
"576",25,6,37,75000,"female",16,"American Indian, Alaskan Native only (AI)","4-year degree",1,645,"los angeles","los angeles",34.0856351962526,-118.161826294713,1
"577",27,6,37,50000,"male",13,"White only","no 4-year degree",1,795,"los angeles","los angeles",34.3043008014976,-118.368366718728,1
"578",34,6,59,55000,"female",16,"Asian only","4-year degree",1,865,"orange","orange",33.7295144113489,-117.757079406145,1
"579",26,6,113,0,"female",13,"Asian only","no 4-year degree",NA,1473,"yolo","yolo",38.6037654317325,-121.974029444736,1
"580",34,6,77,0,"female",12,"White only","no 4-year degree",1,2183,"san joaquin","san joaquin",37.9922052845934,-121.332186470654,1
"581",27,6,83,45000,"male",12,"White only","no 4-year degree",1,2133,"santa barbara","santa barbara",34.7648993717162,-119.983047657177,1
"582",26,6,0,52000,"male",12,"White-Black","no 4-year degree",0,1250,"unknown","santa barbara",34.6212890999994,-119.939680788868,1
"583",32,6,37,65000,"male",12,"White only","no 4-year degree",0,696,"los angeles","los angeles",34.0551589064466,-118.210957395553,1
"584",26,6,87,8000,"male",13,"White only","no 4-year degree",NA,2122,"santa cruz","santa cruz",37.0784982267839,-122.077976742611,1
"585",25,6,37,16675,"female",12,"White only","no 4-year degree",1,341,"los angeles","los angeles",33.9495579354278,-118.256069453615,1
"586",33,6,73,0,"female",18,"Asian only","4-year degree",NA,1510,"san diego","san diego",33.0187640479592,-117.232763687538,1
"587",33,6,73,75000,"male",16,"White only","4-year degree",1,1588,"san diego","san diego",33.2111932681398,-117.330451682968,1
"588",34,6,37,0,"female",12,"Black only","no 4-year degree",NA,472,"los angeles","los angeles",33.8522812318764,-118.372359422107,1
"589",33,6,37,75000,"female",14,"White only","no 4-year degree",1,303,"los angeles","los angeles",33.9665960204733,-118.224158883114,1
"590",25,6,0,22000,"male",16,"White only","4-year degree",1,2216,"unknown","san mateo",37.3869969685095,-122.209219619225,1
"591",32,6,77,0,"female",14,"White only","no 4-year degree",NA,2208,"san joaquin","san joaquin",38.0285929684867,-121.240167719149,1
"592",33,6,73,90000,"male",16,"White only","4-year degree",1,1603,"san diego","san diego",33.1368442658908,-117.277472915306,1
"593",26,6,37,80000,"male",12,"White only","no 4-year degree",1,596,"los angeles","los angeles",34.0907657617463,-118.212990156569,1
"594",26,6,37,50000,"female",18,"White only","4-year degree",1,802,"los angeles","los angeles",34.1978416547803,-118.484226148236,1
"595",28,6,1,0,"male",20,"White only","4-year degree",NA,1747,"alameda","alameda",37.7074274765058,-121.989392032911,1
"596",27,6,1,48000,"male",16,"Asian only","4-year degree",1,1777,"alameda","alameda",37.7542516199893,-122.188911327874,1
"597",30,6,59,90000,"male",16,"White only","4-year degree",1,938,"orange","orange",33.6911263991798,-117.640278164287,1
"598",28,6,59,36000,"male",20,"White only","4-year degree",1,909,"orange","orange",33.6859769239646,-117.765959639412,1
"599",35,6,0,150000,"female",16,"Asian only","4-year degree",1,1806,"unknown","los angeles",34.1403391383468,-118.429883969063,1
"600",28,6,37,21000,"male",9,"White-AI","no 4-year degree",1,363,"los angeles","los angeles",34.1925730262207,-118.32493272963,1
"601",30,6,0,0,"female",16,"Asian only","4-year degree",0,1188,"unknown","los angeles",34.0418942854181,-118.284679813852,1
"602",26,6,1,150000,"female",16,"White only","4-year degree",1,1698,"alameda","alameda",37.6472115385739,-121.947833081471,1
"603",32,6,0,0,"female",11,"White only","no 4-year degree",NA,1310,"unknown","sacramento",38.351122962837,-121.505134682038,1
"604",26,6,67,70000,"male",16,"White only","4-year degree",1,1391,"sacramento","sacramento",38.3330258850718,-121.462623911498,1
"605",29,6,79,10000,"female",14,"White-Black","no 4-year degree",1,2110,"san luis obispo","san luis obispo",35.3776817630922,-120.58917333486,1
"606",31,6,37,65000,"female",18,"White only","4-year degree",1,525,"los angeles","los angeles",34.1273446210801,-118.295418831088,1
"607",31,6,0,30000,"female",13,"White only","no 4-year degree",1,1267,"unknown","sacramento",38.2084886469457,-121.580902300755,1
"608",30,6,0,80000,"female",14,"White only","no 4-year degree",1,1860,"unknown","san joaquin",38.0913577898676,-121.404846307038,1
"609",26,6,37,22000,"female",16,"White only","4-year degree",1,594,"los angeles","los angeles",34.0031649352253,-118.335905997892,1
"610",34,6,73,0,"female",14,"White only","no 4-year degree",NA,1597,"san diego","san diego",33.0219096470436,-117.248345398037,1
"611",33,6,0,40000,"male",12,"White only","no 4-year degree",1,1281,"unknown","stanislaus",37.569585992794,-120.684345591943,1
"612",28,6,37,110000,"male",18,"Asian only","4-year degree",1,762,"los angeles","los angeles",34.3227202755222,-118.322594312157,1
"613",28,6,37,19200,"female",13,"White only","no 4-year degree",1,325,"los angeles","los angeles",34.1168975332372,-118.454554936846,1
"614",29,6,37,13000,"male",12,"White only","no 4-year degree",0,702,"los angeles","los angeles",33.8085131794876,-118.31312191144,1
"615",32,6,19,115000,"male",18,"Asian only","4-year degree",1,110,"fresno","fresno",37.1731411118471,-118.792969234533,1
"616",32,6,111,55000,"male",16,"White only","4-year degree",1,1060,"ventura","ventura",34.3803270543153,-119.149329696899,1
"617",34,6,0,500000,"male",20,"Asian only","4-year degree",1,2068,"unknown","los angeles",34.1293326455651,-118.396454428969,1
"618",34,6,59,56600,"male",12,"White only","no 4-year degree",1,959,"orange","orange",33.6609618389977,-117.804668071246,1
"619",31,6,37,50000,"female",14,"Black only","no 4-year degree",1,282,"los angeles","los angeles",33.9677294867456,-118.300438296947,1
"620",26,6,37,0,"male",16,"White only","4-year degree",NA,225,"los angeles","los angeles",33.8307240012711,-118.14355626672,1
"621",33,6,97,14000,"female",12,"White only","no 4-year degree",1,2152,"sonoma","sonoma",38.4724818340724,-122.765877412538,1
"622",29,6,53,100000,"male",12,"White only","no 4-year degree",1,1489,"monterey","monterey",36.4768807562599,-121.238352728189,1
"623",32,6,95,0,"male",12,"White only","no 4-year degree",NA,2229,"solano","solano",38.1927100144189,-121.814731459608,1
"624",28,6,37,25000,"male",12,"White only","no 4-year degree",1,397,"los angeles","los angeles",33.8274302124796,-118.301563228622,1
"625",32,6,37,29000,"female",13,"White only","no 4-year degree",1,306,"los angeles","los angeles",33.9656836649414,-118.335211106157,1
"626",33,6,59,0,"male",12,"Asian only","no 4-year degree",1,935,"orange","orange",33.6264097077725,-117.786588764273,1
"627",35,6,0,35000,"female",12,"White only","no 4-year degree",1,2220,"unknown","solano",38.4473069953342,-122.107324902394,1
"628",34,6,37,15000,"female",20,"White only","4-year degree",1,327,"los angeles","los angeles",33.9664386624109,-118.337401071318,1
"629",33,6,0,14300,"male",16,"Asian only","4-year degree",1,2080,"unknown","alameda",37.7316773918425,-122.031780654151,1
"630",32,6,0,150000,"male",18,"Asian only","4-year degree",1,2019,"unknown","alameda",37.7106587271514,-122.001957297271,1
"631",25,6,17,25000,"male",12,"White only","no 4-year degree",1,1376,"el dorado","el dorado",38.8467422793221,-120.579204355093,1
"632",30,6,37,45000,"female",16,"Asian only","4-year degree",1,744,"los angeles","los angeles",34.0957506397549,-118.350404742938,1
"633",30,6,37,50000,"male",16,"Black only","4-year degree",1,564,"los angeles","los angeles",34.1844527835058,-118.290553410669,1
"634",31,6,89,116000,"male",16,"White only","4-year degree",1,1121,"shasta","shasta",40.6487905821939,-122.534321649037,1
"635",35,6,1,62000,"female",20,"Black only","4-year degree",1,1724,"alameda","alameda",37.6965694751025,-122.002865208233,1
"636",34,6,67,100,"male",13,"White only","no 4-year degree",1,1436,"sacramento","sacramento",38.4213633585286,-121.478289021317,1
"637",31,6,0,140000,"male",18,"Asian only","4-year degree",1,2083,"unknown","kings",36.1297820670695,-119.95302389949,1
"638",33,6,37,20000,"male",14,"Asian only","no 4-year degree",1,478,"los angeles","los angeles",33.9504122618316,-118.412292285162,1
"639",29,6,73,28000,"female",16,"Asian only","4-year degree",1,1662,"san diego","san diego",33.0134922722806,-117.034328187836,1
"640",30,6,73,0,"male",12,"Asian only","no 4-year degree",NA,1592,"san diego","san diego",33.0284205770839,-117.199471572154,1
"641",27,6,0,120000,"male",18,"Asian only","4-year degree",1,1996,"unknown","los angeles",33.981667179875,-118.008641526426,1
"642",30,6,37,65000,"male",13,"White only","no 4-year degree",NA,242,"los angeles","los angeles",34.1969614307177,-118.06882789487,1
"643",30,6,67,80000,"male",12,"White only","no 4-year degree",1,1434,"sacramento","sacramento",38.3517484402146,-121.551025183957,1
"644",31,6,67,47000,"male",14,"White-HP","no 4-year degree",1,1411,"sacramento","sacramento",38.2838349765168,-121.459181878612,1
"645",34,6,0,130000,"male",20,"White only","4-year degree",1,1231,"unknown","los angeles",34.0977638691748,-118.35115449033,1
"646",31,6,0,0,"female",18,"Asian only","4-year degree",NA,2047,"unknown","orange",33.7304438963185,-117.860901836371,1
"647",25,6,0,15000,"female",16,"White-Asian","4-year degree",1,87,"unknown","orange",33.7866704376577,-117.648236901205,1
"648",32,6,37,40000,"male",12,"White only","no 4-year degree",1,217,"los angeles","los angeles",34.1019991755319,-118.313382619587,1
"649",27,6,81,95000,"female",16,"White only","4-year degree",1,1939,"san mateo","san mateo",37.4787224107346,-122.347181763013,1
"650",27,6,59,0,"male",13,"White only","no 4-year degree",NA,860,"orange","orange",33.7074747725574,-117.673611121919,1
"651",31,6,73,40200,"male",16,"White only","4-year degree",1,1524,"san diego","san diego",33.1302496007052,-117.244805806181,1
"652",25,6,37,25000,"male",13,"White only","no 4-year degree",1,398,"los angeles","los angeles",34.6356310840706,-118.772333770167,1
"653",26,6,37,0,"female",12,"White only","no 4-year degree",NA,628,"los angeles","los angeles",34.0668105585234,-118.333581254512,1
"654",27,6,37,11000,"male",18,"White only","4-year degree",1,351,"los angeles","los angeles",34.0022350718859,-118.247587921745,1
"655",28,6,0,30000,"female",12,"White only","no 4-year degree",1,1272,"unknown","los angeles",34.0013826651428,-118.007327215207,1
"656",27,6,0,40000,"female",16,"White only","4-year degree",1,1104,"unknown","los angeles",33.9979992456355,-118.312182731269,1
"657",28,6,53,52000,"male",12,"White only","no 4-year degree",1,1493,"monterey","monterey",36.3606351987588,-121.163786177571,1
"658",33,6,81,500000,"female",18,"Asian only","4-year degree",1,1940,"san mateo","san mateo",37.5157689593851,-122.294025050236,1
"659",26,6,37,49000,"female",16,"White only","4-year degree",1,460,"los angeles","los angeles",34.1984620832862,-118.331107349289,1
"660",34,6,73,1158001,"female",16,"White only","4-year degree",1,1518,"san diego","san diego",33.1276369923191,-117.202101445639,1
"661",27,6,37,32000,"female",14,"Black only","no 4-year degree",1,688,"los angeles","los angeles",34.0294819692237,-118.667149168688,1
"662",28,6,37,14000,"female",18,"Asian only","4-year degree",1,763,"los angeles","los angeles",34.2267704770136,-118.052013888301,1
"663",34,6,1,120000,"male",18,"Black only","4-year degree",1,1693,"alameda","alameda",37.6337660001388,-121.91643461455,1
"664",25,6,37,100000,"male",13,"Black only","no 4-year degree",1,524,"los angeles","los angeles",34.0384030368233,-118.207391221836,1
"665",30,6,37,30000,"female",10,"White only","no 4-year degree",1,476,"los angeles","los angeles",34.2577621740249,-118.041837032015,1
"666",34,6,37,130000,"female",16,"White only","4-year degree",1,268,"los angeles","los angeles",34.1058924086152,-118.374846366902,1
"667",28,6,1,50000,"male",20,"White only","4-year degree",1,1710,"alameda","alameda",37.5709284886981,-121.64720834864,1
"668",35,6,73,110000,"male",16,"White only","4-year degree",1,1647,"san diego","san diego",32.8212245451325,-117.132493937746,1
"669",33,6,0,150000,"male",18,"Asian only","4-year degree",1,1962,"unknown","alameda",37.6636016247061,-122.072586754,1
"670",34,6,29,0,"female",18,"Asian only","4-year degree",NA,8,"kern","kern",35.2522556480142,-119.464028394625,1
"671",32,6,0,110000,"female",18,"Asian only","4-year degree",1,2020,"unknown","fresno",36.7859770432182,-119.438230085304,1
"672",35,6,37,17000,"female",11,"White only","no 4-year degree",1,671,"los angeles","los angeles",33.9726164053809,-118.532718086168,1
"673",28,6,37,35000,"female",16,"White-AI","4-year degree",1,837,"los angeles","los angeles",34.0642566140539,-117.985525624092,1
"674",25,6,83,0,"male",13,"Asian only","no 4-year degree",NA,2132,"santa barbara","santa barbara",34.7118977344256,-119.83303963362,1
"675",26,6,111,130000,"male",18,"White only","4-year degree",1,1054,"ventura","ventura",34.6302746842387,-119.114684295528,1
"676",28,6,37,30000,"male",16,"White only","4-year degree",1,521,"los angeles","los angeles",34.1308815117034,-118.276838575953,1
"677",28,6,97,3600,"female",16,"American Indian, Alaskan Native only (AI)","4-year degree",NA,2158,"sonoma","sonoma",38.5183372550544,-122.836899652386,1
"678",30,6,75,75000,"female",18,"Asian only","4-year degree",1,1881,"san francisco","san francisco",37.7755591372726,-122.39814926957,1
"679",25,6,77,51000,"male",13,"Hawaiian/Pacific Islander only (HP)","no 4-year degree",1,2174,"san joaquin","san joaquin",38.0041501260832,-121.328706015287,1
"680",31,6,1,0,"female",13,"Asian only","no 4-year degree",NA,1796,"alameda","alameda",37.6274414450491,-121.953585143711,1
"681",25,6,19,60000,"male",12,"Asian only","no 4-year degree",1,128,"fresno","fresno",36.8432353467648,-119.600109200476,1
"682",31,6,67,45000,"male",16,"Asian only","4-year degree",1,1449,"sacramento","sacramento",38.4577970097985,-121.554545682972,1
"683",27,6,77,47840,"male",16,"White only","4-year degree",1,2191,"san joaquin","san joaquin",38.1084003909278,-121.283514997976,1
"684",31,6,0,33000,"male",14,"White only","no 4-year degree",1,1302,"unknown","los angeles",34.2145729786534,-118.150603292176,1
"685",28,6,1,30000,"male",11,"White only","no 4-year degree",1,1750,"alameda","alameda",37.6179032576405,-121.744074998687,1
"686",32,6,67,16675,"female",12,"White only","no 4-year degree",1,1435,"sacramento","sacramento",38.3771808910621,-121.458997741524,1
"687",26,6,111,25500,"female",13,"White only","no 4-year degree",1,1066,"ventura","ventura",34.5551707813756,-119.039208183574,1
"688",25,6,19,0,"female",12,"White only","no 4-year degree",NA,102,"fresno","fresno",36.5448638901536,-120.075949014479,1
"689",34,6,1,0,"female",16,"Asian only","4-year degree",NA,1798,"alameda","alameda",37.683130273269,-122.02782873265,1
"690",29,6,0,39520,"female",16,"White only","4-year degree",1,1347,"unknown","san diego",33.4437671434806,-117.457493252244,1
"691",35,6,59,90000,"female",16,"White only","4-year degree",1,956,"orange","orange",33.677482100014,-117.668574845596,1
"692",32,6,67,72800,"female",16,"White only","4-year degree",1,1409,"sacramento","sacramento",38.3235560961101,-121.551166207909,1
"693",25,6,37,23000,"female",16,"White only","4-year degree",0,322,"los angeles","los angeles",34.1001001454946,-118.168677568499,1
"694",33,6,0,0,"female",12,"White only","no 4-year degree",NA,1235,"unknown","los angeles",33.9842900948679,-118.154168221647,1
"695",29,6,37,48000,"female",14,"White only","no 4-year degree",1,630,"los angeles","los angeles",34.0434825823629,-118.260530321072,1
"696",32,6,59,0,"male",12,"White only","no 4-year degree",NA,925,"orange","orange",33.6924859271501,-117.651054433007,1
"697",27,6,1,23400,"male",14,"White only","no 4-year degree",1,1711,"alameda","alameda",37.7947941000949,-122.128448110098,1
"698",29,6,37,100000,"male",18,"Asian only","4-year degree",1,354,"los angeles","los angeles",34.1415753557379,-118.322399859553,1
"699",28,6,37,60000,"male",13,"White only","no 4-year degree",1,489,"los angeles","los angeles",34.0034098688047,-118.329755119418,1
"700",29,6,67,123000,"female",18,"White only","4-year degree",1,1420,"sacramento","sacramento",38.3908004081963,-121.274476219286,1
"701",34,6,0,65000,"male",20,"Asian only","4-year degree",1,2094,"unknown","alameda",37.7098181899191,-121.818731297508,1
"702",31,6,37,70000,"female",18,"Asian only","4-year degree",1,815,"los angeles","los angeles",34.3116575466246,-118.362076559922,1
"703",25,6,37,30000,"female",16,"Asian only","4-year degree",1,574,"los angeles","los angeles",34.0381089836122,-118.361090787307,1
"704",32,6,29,0,"female",12,"Asian only","no 4-year degree",NA,13,"kern","kern",35.5177708634542,-119.553797273587,1
"705",26,6,0,27000,"male",13,"White only","no 4-year degree",1,1319,"unknown","los angeles",34.0493583432194,-118.270471299865,1
"706",30,6,37,45000,"male",14,"White only","no 4-year degree",1,644,"los angeles","los angeles",33.9150357948494,-118.350814737495,1
"707",33,6,111,65000,"male",12,"White only","no 4-year degree",1,1094,"ventura","ventura",34.6039945101433,-118.95162802324,1
"708",25,6,73,40000,"male",16,"White only","4-year degree",1,1604,"san diego","san diego",33.2886229328927,-117.171933791888,1
"709",29,6,29,32000,"female",12,"White only","no 4-year degree",1,48,"kern","kern",35.2802126416726,-119.068508928064,1
"710",29,6,67,19140,"male",12,"Black only","no 4-year degree",1,1389,"sacramento","sacramento",38.1878129495148,-121.605351430846,1
"711",30,6,0,0,"female",13,"American Indian, Alaskan Native only (AI)","no 4-year degree",NA,1369,"unknown","san diego",32.8809514985292,-117.170968015729,1
"712",29,6,59,0,"male",12,"Black only","no 4-year degree",1,976,"orange","orange",33.707402431562,-117.685598616648,1
"713",25,6,1,67000,"female",18,"White only","4-year degree",1,1794,"alameda","alameda",37.6968772905391,-121.916984155254,1
"714",34,6,73,132000,"male",16,"White only","4-year degree",1,1629,"san diego","san diego",32.9339782231863,-117.101209649627,1
"715",25,6,59,45000,"female",16,"White only","4-year degree",1,896,"orange","orange",33.5250799862857,-117.692327191892,1
"716",26,6,37,0,"female",16,"White only","4-year degree",1,560,"los angeles","los angeles",34.0520529192776,-118.249495289774,1
"717",28,6,73,0,"male",12,"White-AI","no 4-year degree",NA,1529,"san diego","san diego",33.3699275046181,-117.350628647562,1
"718",28,6,37,220000,"female",16,"White only","4-year degree",1,262,"los angeles","los angeles",33.7770663114603,-118.352110103464,1
"719",29,6,0,0,"female",12,"White only","no 4-year degree",NA,1224,"unknown","los angeles",34.3632313695766,-118.63160762614,1
"720",29,6,107,0,"male",10,"White only","no 4-year degree",NA,2263,"tulare","tulare",36.3409696541323,-118.626153859153,1
"721",28,6,95,48000,"female",12,"White only","no 4-year degree",1,2237,"solano","solano",38.3768689900514,-121.907898056555,1
"722",25,6,37,60000,"female",18,"White only","4-year degree",1,835,"los angeles","los angeles",34.1959280454239,-118.529816430527,1
"723",35,6,37,65500,"male",16,"Black only","4-year degree",1,232,"los angeles","los angeles",33.9921457487959,-118.331128629544,1
"724",33,6,77,30000,"female",16,"Asian only","4-year degree",1,2184,"san joaquin","san joaquin",38.0927689233708,-121.31285132883,1
"725",26,6,29,135000,"male",12,"Asian only","no 4-year degree",1,27,"kern","kern",35.4768756368351,-118.868691374755,1
"726",29,6,37,50000,"male",14,"Asian only","no 4-year degree",1,589,"los angeles","los angeles",33.9320588770444,-118.309846112868,1
"727",32,6,59,19836,"female",12,"Asian only","no 4-year degree",1,851,"orange","orange",33.7553300679181,-117.783892741464,1
"728",27,6,0,55000,"female",18,"White-Asian","4-year degree",1,2014,"unknown","los angeles",34.0247718973989,-118.283450798882,1
"729",28,6,0,60000,"male",18,"White only","4-year degree",1,2064,"unknown","alameda",37.7054988104314,-122.050643742362,1
"730",32,6,81,60000,"female",18,"White-AI","4-year degree",1,1912,"san mateo","san mateo",37.4898845073027,-122.290194026749,1
"731",26,6,59,15000,"male",16,"White only","4-year degree",1,1011,"orange","orange",33.6742867066459,-117.791248953114,1
"732",28,6,1,22000,"male",18,"White only","4-year degree",1,1716,"alameda","alameda",37.6106753318427,-121.669730111699,1
"733",33,6,37,38000,"male",11,"White only","no 4-year degree",1,718,"los angeles","los angeles",34.2017477927193,-118.456483632421,1
"734",35,6,7,43000,"female",12,"White only","no 4-year degree",1,59,"butte","butte",40.0130269765251,-121.569978896745,1
"735",33,6,0,150000,"male",18,"Asian only","4-year degree",1,2038,"unknown","los angeles",34.0069916423712,-118.249070985289,1
"736",26,6,59,28000,"male",14,"Asian only","no 4-year degree",1,1019,"orange","orange",33.6939505274416,-117.619158946591,1
"737",30,6,37,100000,"male",13,"White-AI","no 4-year degree",1,543,"los angeles","los angeles",34.3817715227208,-117.747774736102,1
"738",35,6,0,40000,"male",8,"White only","no 4-year degree",1,1147,"unknown","los angeles",34.738939760484,-118.810783848069,1
"739",25,6,1,110000,"male",16,"Asian only","4-year degree",1,1793,"alameda","alameda",37.8570397319744,-122.233877758555,1
"740",35,6,1,115000,"female",16,"Asian only","4-year degree",1,1705,"alameda","alameda",37.7290973566522,-122.06653162561,1
"741",29,6,99,160000,"female",18,"Hawaiian/Pacific Islander only (HP)","4-year degree",1,1048,"stanislaus","stanislaus",37.453727644067,-121.364751472677,1
"742",31,6,37,5552,"female",16,"White only","4-year degree",1,461,"los angeles","los angeles",34.111260927206,-118.460074969205,1
"743",30,6,37,25000,"female",16,"Asian only","4-year degree",1,764,"los angeles","los angeles",33.9990744896049,-118.154040524142,1
"744",27,6,113,2000,"male",12,"Asian only","no 4-year degree",1,1470,"yolo","yolo",38.6190596122227,-121.790084024182,1
"745",32,6,81,120000,"male",18,"Asian only","4-year degree",1,1920,"san mateo","san mateo",37.4802787367618,-122.230327563229,1
"746",28,6,0,0,"male",12,"White only","no 4-year degree",NA,1827,"unknown","san diego",32.8480557825385,-117.154794784987,1
"747",35,6,59,0,"female",18,"Asian only","4-year degree",NA,999,"orange","orange",33.6291078272836,-117.749865249472,1
"748",31,6,37,50000,"male",12,"White only","no 4-year degree",1,498,"los angeles","los angeles",34.0919232278803,-118.262127328855,1
"749",31,6,99,50000,"male",12,"White-AI","no 4-year degree",1,1043,"stanislaus","stanislaus",37.3818800783379,-121.244118408864,1
"750",31,6,37,18000,"male",20,"Asian only","4-year degree",1,376,"los angeles","los angeles",34.0060523422008,-118.191887272102,1
"751",30,6,37,45000,"male",16,"White only","4-year degree",1,466,"los angeles","los angeles",33.9860196448881,-118.274086071277,1
"752",29,6,81,70000,"male",16,"Asian only","4-year degree",1,1917,"san mateo","san mateo",37.4773355926848,-122.358313929421,1
"753",31,6,83,30000,"female",12,"White only","no 4-year degree",1,2146,"santa barbara","santa barbara",34.5827853808009,-119.90795223636,1
"754",25,6,59,100000,"female",12,"White only","no 4-year degree",1,919,"orange","orange",33.8222335353046,-118.045699180446,1
"755",29,6,75,160000,"male",16,"White only","4-year degree",1,1872,"san francisco","san francisco",37.7791804192429,-122.382372901487,1
"756",29,6,53,29000,"female",12,"White only","no 4-year degree",1,1487,"monterey","monterey",36.3867902264196,-121.395427084319,1
"757",33,6,0,90000,"male",14,"White-Asian","no 4-year degree",1,1824,"unknown","los angeles",34.1021245949399,-118.426850371345,1
"758",33,6,75,60000,"female",16,"Black only","4-year degree",1,1904,"san francisco","san francisco",37.7811916634862,-122.362825355017,1
"759",32,6,0,50000,"male",16,"Hawaiian/Pacific Islander only (HP)","4-year degree",1,1366,"unknown","san diego",33.0962192159343,-117.240744216113,1
"760",29,6,37,0,"female",13,"White only","no 4-year degree",NA,577,"los angeles","los angeles",33.9890042882957,-118.340421670309,1
"761",35,6,59,80000,"female",16,"White only","4-year degree",1,881,"orange","orange",33.7137360592363,-117.739473648533,1
"762",31,6,59,40000,"male",13,"White only","no 4-year degree",1,854,"orange","orange",33.6828861378808,-117.753875694174,1
"763",31,6,73,90000,"male",20,"White only","4-year degree",NA,1666,"san diego","san diego",32.9861433224823,-117.041543006318,1
"764",29,6,37,38001,"male",13,"American Indian, Alaskan Native only (AI)","no 4-year degree",1,768,"los angeles","los angeles",34.0693391251263,-118.372374690917,1
"765",34,6,37,60000,"male",13,"White only","no 4-year degree",1,442,"los angeles","los angeles",34.0476328861269,-118.097507954208,1
"766",32,6,0,33000,"male",13,"White only","no 4-year degree",1,1350,"unknown","los angeles",33.9830448885419,-118.462524030045,1
"767",31,6,0,0,"male",16,"White only","4-year degree",1,1980,"unknown","sacramento",38.3692463234099,-121.552954212603,1
"768",26,6,29,0,"female",20,"Asian only","4-year degree",NA,41,"kern","kern",35.3333794611014,-119.383871197966,1
"769",35,6,0,150000,"male",16,"American Indian, Alaskan Native only (AI)","4-year degree",1,97,"unknown","alameda",37.5419461726098,-121.952574737599,1
"770",25,6,73,51000,"male",14,"White only","no 4-year degree",1,1551,"san diego","san diego",33.4068398295924,-117.239102211212,1
"771",29,6,37,65000,"female",13,"White only","no 4-year degree",NA,801,"los angeles","los angeles",33.9795276219905,-118.175309237731,1
"772",30,6,19,105000,"female",20,"White only","4-year degree",1,125,"fresno","fresno",36.5188312757581,-119.824951589839,1
"773",26,6,59,25000,"male",12,"White only","no 4-year degree",1,970,"orange","orange",33.6966642280437,-117.74559327049,1
"774",29,6,37,167000,"female",16,"White only","4-year degree",1,237,"los angeles","los angeles",34.0328507940571,-118.107958798096,1
"775",35,6,37,84000,"male",12,"White only","no 4-year degree",1,339,"los angeles","los angeles",33.9564641773991,-118.372219060412,1
"776",30,6,73,45000,"female",16,"White only","4-year degree",1,1602,"san diego","san diego",33.0305052019029,-117.188489253578,1
"777",31,6,75,55000,"female",18,"White only","4-year degree",1,1874,"san francisco","san francisco",37.7472167032537,-122.389860250019,1
"778",27,6,37,0,"male",12,"White only","no 4-year degree",NA,459,"los angeles","los angeles",34.085503079283,-118.359529040708,1
"779",27,6,19,0,"female",12,"White only","no 4-year degree",0,144,"fresno","fresno",36.8542646094633,-119.853322237769,1
"780",33,6,0,90000,"male",13,"White only","no 4-year degree",1,1158,"unknown","los angeles",34.0648910933359,-118.22447935172,1
"781",27,6,81,150000,"male",18,"White only","4-year degree",1,1947,"san mateo","san mateo",37.3982520329619,-122.27810306369,1
"782",28,6,37,85000,"male",16,"Black only","4-year degree",1,252,"los angeles","los angeles",33.9460315928034,-118.321165909176,1
"783",28,6,37,15000,"female",10,"White only","no 4-year degree",1,456,"los angeles","los angeles",33.9800483176625,-118.069599596183,1
"784",29,6,29,50000,"male",12,"White only","no 4-year degree",1,21,"kern","kern",35.047814639324,-119.017448407066,1
"785",34,6,83,85000,"male",13,"White only","no 4-year degree",1,2147,"santa barbara","santa barbara",34.6350185354432,-120.066870121822,1
"786",31,6,37,3000,"female",12,"White only","no 4-year degree",0,298,"los angeles","los angeles",33.9993099807641,-118.429233712169,1
"787",35,6,53,55000,"female",12,"White only","no 4-year degree",1,1501,"monterey","monterey",36.2419883996039,-121.271905494716,1
"788",27,6,75,52250,"male",14,"White only","no 4-year degree",1,1900,"san francisco","san francisco",37.7409970127855,-122.380850021453,1
"789",28,6,53,18000,"female",12,"White only","no 4-year degree",1,1484,"monterey","monterey",36.2401683088239,-121.013227142307,1
"790",29,6,97,30000,"male",12,"American Indian, Alaskan Native only (AI)","no 4-year degree",1,2160,"sonoma","sonoma",38.5372315300999,-122.774725708126,1
"791",25,6,37,50000,"female",16,"White only","4-year degree",1,508,"los angeles","los angeles",34.1639451816485,-118.374617085012,1
"792",26,6,37,30000,"female",12,"White only","no 4-year degree",NA,290,"los angeles","los angeles",34.0548496647301,-118.227360454884,1
"793",35,6,37,83000,"female",12,"Black only","no 4-year degree",1,770,"los angeles","los angeles",33.8584288150259,-118.207603772548,1
"794",31,6,0,0,"male",16,"Asian only","4-year degree",0,1356,"unknown","sacramento",38.4996293395571,-121.501021086591,1
"795",31,6,0,64000,"female",16,"White only","4-year degree",1,1850,"unknown","los angeles",34.1023899546289,-118.296552540742,1
"796",26,6,73,28000,"female",16,"Asian only","4-year degree",1,1657,"san diego","san diego",33.0317282165807,-117.127098198415,1
"797",26,6,75,90000,"female",16,"White only","4-year degree",1,1911,"san francisco","san francisco",37.7386638868562,-122.377735747195,1
"798",35,6,37,48000,"male",12,"White only","no 4-year degree",0,201,"los angeles","los angeles",34.0767177745873,-118.352192041953,1
"799",31,6,37,48000,"male",16,"White only","4-year degree",1,487,"los angeles","los angeles",34.0394801023941,-118.628008788837,1
"800",33,6,73,0,"female",16,"White only","4-year degree",NA,1578,"san diego","san diego",33.1675385948529,-117.153837023598,1
"801",26,6,81,150000,"male",18,"Asian only","4-year degree",1,1921,"san mateo","san mateo",37.4104354481585,-122.271896770444,1
"802",31,6,0,200000,"male",18,"Asian only","4-year degree",1,1968,"unknown","los angeles",33.994106622603,-118.414244935414,1
"803",28,6,0,120000,"male",18,"Asian only","4-year degree",1,1998,"unknown","butte",39.8574535638589,-121.734707378395,1
"804",26,6,0,0,"male",12,"White only","no 4-year degree",NA,1206,"unknown","shasta",40.6025283766974,-122.534069238187,1
"805",32,6,89,62000,"male",18,"White only","4-year degree",1,1113,"shasta","shasta",40.6907973207909,-122.385464362599,1
"806",29,6,75,65000,"female",18,"White only","4-year degree",1,1896,"san francisco","san francisco",37.780173365287,-122.383640829705,1
"807",32,6,59,0,"female",13,"White only","no 4-year degree",NA,908,"orange","orange",33.7340556689464,-117.695861145411,1
"808",29,6,0,0,"male",13,"White only","no 4-year degree",NA,1315,"unknown","san diego",33.0057975232983,-117.201192525822,1
"809",31,6,37,0,"female",14,"White only","no 4-year degree",1,190,"los angeles","los angeles",33.9031532616099,-118.201488916859,1
"810",30,6,73,50000,"male",12,"White only","no 4-year degree",1,1623,"san diego","san diego",33.1437036877418,-117.315541662256,1
"811",30,6,37,700,"female",16,"Asian only","4-year degree",1,314,"los angeles","los angeles",33.9598295723975,-118.305103503914,1
"812",30,6,37,150000,"male",16,"Asian only","4-year degree",1,457,"los angeles","los angeles",34.0452124849742,-118.110893436365,1
"813",26,6,59,0,"female",16,"Asian only","4-year degree",NA,991,"orange","orange",33.7343644243858,-117.815061027435,1
"814",26,6,31,74000,"female",16,"White only","4-year degree",1,176,"kings","kings",36.2147937450498,-119.671331415566,1
"815",27,6,111,9000,"male",11,"White only","no 4-year degree",1,1082,"ventura","ventura",34.5492476560156,-119.07259661903,1
"816",25,6,83,0,"male",13,"Asian only","no 4-year degree",NA,2131,"santa barbara","santa barbara",34.6361278966227,-120.120780563024,1
"817",34,6,37,55000,"male",14,"White only","no 4-year degree",1,583,"los angeles","los angeles",34.0170372405128,-118.407788155333,1
"818",28,6,95,65000,"male",13,"White only","no 4-year degree",1,2236,"solano","solano",38.2636403683206,-121.946860448218,1
"819",31,6,37,31200,"female",14,"White only","no 4-year degree",1,183,"los angeles","los angeles",34.0311324481538,-117.849192254081,1
"820",35,6,37,68000,"male",12,"White only","no 4-year degree",1,647,"los angeles","los angeles",34.0853659768901,-118.844229309007,1
"821",30,6,37,800,"male",16,"Black only","4-year degree",1,684,"los angeles","los angeles",33.9921824360521,-118.319634240827,1
"822",33,6,81,126449,"female",18,"White-Black","4-year degree",1,1919,"san mateo","san mateo",37.4886715159434,-122.277088372556,1
"823",32,6,0,0,"male",12,"White only","no 4-year degree",NA,1210,"unknown","orange",33.8189379533825,-117.860738374847,1
"824",30,6,0,150000,"female",18,"White only","4-year degree",1,2052,"unknown","santa barbara",34.6307365425803,-120.158308527643,1
"825",32,6,111,23000,"male",11,"White only","no 4-year degree",1,1081,"ventura","ventura",34.4215090385673,-119.04637358197,1
"826",29,6,0,0,"female",12,"White only","no 4-year degree",0,1339,"unknown","butte",39.6361025323139,-121.510217836608,1
"827",30,6,1,10000,"female",10,"Asian only","no 4-year degree",1,1731,"alameda","alameda",37.6829607707976,-121.905256328544,1
"828",26,6,95,0,"female",12,"White only","no 4-year degree",NA,2242,"solano","solano",38.0764250613133,-122.106389988562,1
"829",26,6,67,55000,"male",12,"White only","no 4-year degree",1,1443,"sacramento","sacramento",38.4298884807545,-121.443632736535,1
"830",29,6,0,0,"male",16,"American Indian, Alaskan Native only (AI)","4-year degree",NA,1142,"unknown","orange",33.7024395661868,-117.835215776535,1
"831",25,6,83,27000,"female",12,"White only","no 4-year degree",1,2141,"santa barbara","santa barbara",34.7051568530733,-120.090917713265,1
"832",27,6,111,44739,"female",14,"White only","no 4-year degree",1,1056,"ventura","ventura",34.4308684447594,-119.058067819726,1
"833",33,6,87,35000,"female",11,"White only","no 4-year degree",1,2113,"santa cruz","santa cruz",37.0555250970681,-122.043235880628,1
"834",34,6,99,0,"female",11,"White only","no 4-year degree",NA,1031,"stanislaus","stanislaus",37.5603864776737,-121.124450433962,1
"835",27,6,73,27000,"male",13,"White only","no 4-year degree",1,1624,"san diego","san diego",32.8801488077414,-117.091144888818,1
"836",33,6,1,72000,"female",16,"White only","4-year degree",1,1743,"alameda","alameda",37.5981827407233,-121.922180378318,1
"837",25,6,1,30000,"female",16,"White only","4-year degree",1,1704,"alameda","alameda",37.5947594873376,-121.888296374747,1
"838",28,6,73,55000,"male",13,"Asian only","no 4-year degree",1,1677,"san diego","san diego",32.9386875912817,-117.196075565286,1
"839",34,6,37,54000,"female",12,"White-Asian","no 4-year degree",1,483,"los angeles","los angeles",34.0244754498363,-118.412549685287,1
"840",35,6,73,71000,"male",14,"Hawaiian/Pacific Islander only (HP)","no 4-year degree",1,1561,"san diego","san diego",33.0634345026686,-117.238686880476,1
"841",26,6,1,0,"male",20,"White only","4-year degree",NA,1746,"alameda","alameda",37.708340646659,-121.910653022245,1
"842",30,6,73,28800,"male",12,"White only","no 4-year degree",NA,1556,"san diego","san diego",33.0007910621469,-117.188157449293,1
"843",29,6,77,23310,"female",14,"Asian only","no 4-year degree",1,2186,"san joaquin","san joaquin",38.0628943007375,-121.296879022122,1
"844",27,6,73,65000,"male",16,"White only","4-year degree",1,1527,"san diego","san diego",33.2402001111059,-117.428738310209,1
"845",30,6,0,65000,"female",16,"Asian only","4-year degree",1,2030,"unknown","fresno",36.8559391125462,-119.664265926959,1
"846",29,6,0,36400,"male",13,"White only","no 4-year degree",1,1099,"unknown","los angeles",33.8437668162153,-118.292051614514,1
"847",35,6,0,60000,"male",14,"American Indian, Alaskan Native only (AI)","no 4-year degree",1,1368,"unknown","los angeles",33.9932222888813,-118.611849860886,1
"848",25,6,37,30000,"male",16,"White only","4-year degree",1,643,"los angeles","los angeles",34.1249053830171,-118.392117704707,1
"849",26,6,37,0,"male",13,"White only","no 4-year degree",NA,278,"los angeles","los angeles",34.4048946291277,-118.16551645582,1
"850",26,6,37,0,"male",12,"White only","no 4-year degree",NA,672,"los angeles","los angeles",34.7578391241286,-118.837852232084,1
"851",34,6,0,100000,"female",16,"White only","4-year degree",1,88,"unknown","los angeles",33.9886302874945,-118.033377734703,1
"852",30,6,73,0,"female",12,"White only","no 4-year degree",NA,1606,"san diego","san diego",33.2000225456311,-117.241657627693,1
"853",30,6,0,37000,"female",12,"White only","no 4-year degree",1,2090,"unknown","kings",36.1766190118548,-119.754483956832,1
"854",26,6,37,0,"female",12,"White only","no 4-year degree",NA,392,"los angeles","los angeles",34.0618883253859,-118.228959005163,1
"855",26,6,19,45000,"female",16,"White only","4-year degree",1,151,"fresno","fresno",37.0120653908441,-119.374259715607,1
"856",32,6,99,80000,"male",14,"White only","no 4-year degree",1,1037,"stanislaus","stanislaus",37.4986882613596,-121.116287228542,1
"857",34,6,37,31000,"male",16,"White only","4-year degree",1,786,"los angeles","los angeles",34.0366677921896,-118.265501126108,1
"858",27,6,37,0,"female",13,"Black only","no 4-year degree",1,827,"los angeles","los angeles",34.2119585643736,-118.149118859869,1
"859",26,6,73,40000,"male",12,"White only","no 4-year degree",1,1579,"san diego","san diego",33.0532704299897,-117.202437432553,1
"860",28,6,0,72000,"female",16,"White only","4-year degree",1,2065,"unknown","los angeles",34.1603500897637,-118.726694147714,1
"861",33,6,37,0,"female",18,"White only","4-year degree",NA,780,"los angeles","los angeles",33.9923161887543,-118.182919361324,1
"862",27,6,81,61000,"male",16,"Asian only","4-year degree",1,1916,"san mateo","san mateo",37.4611814563822,-122.301715890797,1
"863",33,6,0,50000,"female",12,"White only","no 4-year degree",1,1834,"unknown","alameda",37.762062057647,-121.975025598938,1
"864",29,6,37,25000,"female",12,"White only","no 4-year degree",1,636,"los angeles","los angeles",34.1502833401522,-118.3933230503,1
"865",29,6,81,0,"female",16,"Asian only","4-year degree",0,1929,"san mateo","san mateo",37.4068876162841,-122.275811410159,1
"866",31,6,29,48000,"male",16,"White only","4-year degree",1,23,"kern","kern",35.059809073079,-119.189411458818,1
"867",26,6,37,17000,"male",12,"White only","no 4-year degree",1,582,"los angeles","los angeles",33.9728712320304,-118.072676795055,1
"868",32,6,37,100000,"female",16,"Asian only","4-year degree",1,776,"los angeles","los angeles",33.9704342364882,-118.28386630925,1
"869",29,6,37,40000,"male",13,"White only","no 4-year degree",1,791,"los angeles","los angeles",34.0708043360393,-118.316488645618,1
"870",34,6,0,58000,"female",16,"White only","4-year degree",1,2214,"unknown","alameda",37.6147523993366,-121.910345712008,1
"871",28,6,0,0,"female",11,"White only","no 4-year degree",NA,1275,"unknown","los angeles",34.1398568745318,-118.062286691529,1
"872",30,6,0,58000,"female",18,"White only","4-year degree",1,1131,"unknown","los angeles",34.0533963263621,-117.952203692002,1
"873",33,6,81,30000,"female",13,"Asian only","no 4-year degree",1,1933,"san mateo","san mateo",37.4840061834762,-122.359258173794,1
"874",30,6,73,20000,"female",12,"White only","no 4-year degree",1,1635,"san diego","san diego",33.4467465130537,-117.444252136877,1
"875",29,6,0,50000,"female",12,"White-Asian","no 4-year degree",1,2013,"unknown","san joaquin",38.1198972062225,-121.129437946285,1
"876",31,6,0,40000,"male",12,"White only","no 4-year degree",1,1238,"unknown","shasta",40.7126971375966,-122.52077637993,1
"877",32,6,0,50000,"male",12,"White only","no 4-year degree",1,1175,"unknown","los angeles",34.3084698954848,-118.372791578709,1
"878",26,6,37,50000,"male",12,"White only","no 4-year degree",1,308,"los angeles","los angeles",33.8702757314331,-118.200137084692,1
"879",26,6,0,130000,"male",18,"Asian only","4-year degree",1,2007,"unknown","alameda",37.6274789336263,-122.000589988401,1
"880",32,6,59,0,"female",12,"White only","no 4-year degree",NA,949,"orange","orange",33.6160479651109,-117.649107680241,1
"881",32,6,89,31000,"female",16,"White only","4-year degree",1,1112,"shasta","shasta",40.6456861381676,-122.546540568987,1
"882",25,6,73,0,"male",16,"Asian only","4-year degree",1,1674,"san diego","san diego",32.8810962394818,-117.15169921437,1
"883",32,6,37,70000,"female",16,"Asian only","4-year degree",1,254,"los angeles","los angeles",34.6933122219296,-118.803848091582,1
"884",29,6,0,50000,"male",12,"White only","no 4-year degree",1,1223,"unknown","shasta",40.8559026803524,-122.47079682249,1
"885",34,6,59,33000,"male",14,"White only","no 4-year degree",1,987,"orange","orange",33.5723390805397,-117.626355439657,1
"886",26,6,37,0,"female",12,"White only","no 4-year degree",NA,534,"los angeles","los angeles",34.1306076551096,-118.537484334608,1
"887",32,6,0,17000,"male",13,"White only","no 4-year degree",1,1336,"unknown","kern",35.3606829418024,-118.817764966935,1
"888",34,6,37,30000,"female",13,"Asian only","no 4-year degree",1,186,"los angeles","los angeles",34.1315422825874,-118.583006636089,1
"889",26,6,67,34560,"female",12,"White only","no 4-year degree",1,1442,"sacramento","sacramento",38.2693736415055,-121.583989818436,1
"890",27,6,37,55000,"male",16,"White only","4-year degree",1,311,"los angeles","los angeles",34.0543907789435,-118.286130715949,1
"891",26,6,37,98000,"female",16,"White only","4-year degree",1,352,"los angeles","los angeles",33.9928271077062,-118.38920050631,1
"892",30,6,37,40000,"male",12,"Black only","no 4-year degree",1,389,"los angeles","los angeles",33.9697026211723,-118.431746124679,1
"893",25,6,0,35000,"female",16,"Asian only","4-year degree",1,2223,"unknown","fresno",36.8023820309368,-119.83767054758,1
"894",26,6,83,27502,"female",13,"White only","no 4-year degree",1,2136,"santa barbara","santa barbara",34.6820461472794,-120.061434535483,1
"895",33,6,67,7059,"female",16,"White only","4-year degree",1,1453,"sacramento","sacramento",38.4336645682002,-121.429237976412,1
"896",28,6,75,72000,"female",16,"Asian only","4-year degree",1,1898,"san francisco","san francisco",37.7646347378384,-122.381659791455,1
"897",26,6,37,12092,"female",16,"White only","4-year degree",1,347,"los angeles","los angeles",34.1692544381154,-118.231674360594,1
"898",27,6,37,72002,"male",18,"White only","4-year degree",1,394,"los angeles","los angeles",33.9328435051897,-118.200011342707,1
"899",31,6,37,102000,"male",16,"White only","4-year degree",1,413,"los angeles","los angeles",34.0365683331427,-118.256970717466,1
"900",28,6,73,129000,"female",16,"White only","4-year degree",1,1546,"san diego","san diego",33.0788835374591,-117.237161367704,1
"901",28,6,0,0,"male",11,"White only","no 4-year degree",0,1209,"unknown","santa cruz",37.0216406539668,-122.001288570121,1
"902",32,6,37,46000,"male",13,"White only","no 4-year degree",1,439,"los angeles","los angeles",34.1605244834921,-118.377930898236,1
"903",35,6,19,45000,"male",9,"White only","no 4-year degree",1,113,"fresno","fresno",36.2138806149019,-120.620856928876,1
"904",30,6,19,68000,"female",18,"White only","4-year degree",1,114,"fresno","fresno",37.051820608001,-119.499291188669,1
"905",35,6,73,29000,"female",14,"White only","no 4-year degree",1,1655,"san diego","san diego",33.0954634706284,-116.917897167852,1
"906",31,6,0,70000,"male",12,"White-Asian","no 4-year degree",1,1810,"unknown","san diego",32.9128129627185,-117.083586258797,1
"907",35,6,17,67000,"female",16,"White only","4-year degree",1,1375,"el dorado","el dorado",38.8113283432207,-120.453903488174,1
"908",27,6,37,0,"male",16,"Black only","4-year degree",NA,231,"los angeles","los angeles",33.8926257919027,-118.289217486533,1
"909",33,6,73,55000,"male",14,"White only","no 4-year degree",1,1514,"san diego","san diego",32.9079198441869,-117.197952225943,1
"910",25,6,59,65000,"male",12,"White only","no 4-year degree",1,957,"orange","orange",33.6786152103573,-117.771494764214,1
"911",26,6,0,15600,"female",13,"White-Black","no 4-year degree",1,1842,"unknown","los angeles",33.9868335368311,-118.322682047039,1
"912",28,6,73,0,"female",18,"Asian only","4-year degree",1,1681,"san diego","san diego",32.8384756327105,-117.204456246047,1
"913",33,6,0,0,"female",13,"White only","no 4-year degree",NA,1097,"unknown","los angeles",34.0277766525075,-118.317418294505,1
"914",28,6,0,600,"male",13,"White only","no 4-year degree",NA,2224,"unknown","alameda",37.752190888693,-122.032732488675,1
"915",35,6,67,1099999,"female",18,"Black only","4-year degree",1,1461,"sacramento","sacramento",38.5114902970554,-121.345939314336,1
"916",26,6,37,80000,"male",16,"White only","4-year degree",1,228,"los angeles","los angeles",34.1786403838656,-118.629649170509,1
"917",34,6,37,0,"female",12,"Black only","no 4-year degree",NA,689,"los angeles","los angeles",34.2201216167771,-118.446155595048,1
"918",30,6,37,536,"female",10,"White only","no 4-year degree",0,823,"los angeles","los angeles",33.8439348203923,-118.368171812308,1
"919",32,6,0,0,"female",13,"White only","no 4-year degree",NA,2056,"unknown","los angeles",34.3106243281951,-118.366436184868,1
"920",33,6,73,85000,"male",12,"White only","no 4-year degree",1,1607,"san diego","san diego",33.2956498425434,-117.214845865648,1
"921",28,6,59,40000,"female",13,"White only","no 4-year degree",1,928,"orange","orange",33.6751835496822,-117.643544446499,1
"922",28,6,0,118000,"female",18,"White only","4-year degree",1,2027,"unknown","san mateo",37.4351743225648,-122.291624883782,1
"923",28,6,37,60000,"female",16,"Asian only","4-year degree",1,280,"los angeles","los angeles",33.8552841850113,-118.254093512965,1
"924",27,6,37,45000,"male",13,"White only","no 4-year degree",1,332,"los angeles","los angeles",34.0023114402155,-118.354595336932,1
"925",31,6,59,80000,"female",16,"Asian only","4-year degree",1,890,"orange","orange",33.6702898044897,-117.638054792874,1
"926",32,6,73,0,"male",12,"White only","no 4-year degree",NA,1590,"san diego","san diego",33.070361520085,-117.224266690862,1
"927",28,6,37,37000,"male",13,"White only","no 4-year degree",1,517,"los angeles","los angeles",34.0383139808661,-118.412109534452,1
"928",32,6,75,290000,"male",16,"Asian only","4-year degree",1,1868,"san francisco","san francisco",37.733417522141,-122.392365986045,1
"929",33,6,37,0,"female",13,"White only","no 4-year degree",NA,669,"los angeles","los angeles",34.0195824894173,-118.586267933291,1
"930",30,6,73,53000,"male",20,"White only","4-year degree",1,1545,"san diego","san diego",33.1464272718375,-117.2465101023,1
"931",32,6,1,30000,"male",12,"White only","no 4-year degree",1,1736,"alameda","alameda",37.6109710113799,-121.925552334792,1
"932",25,6,67,0,"female",12,"Asian only","no 4-year degree",NA,1450,"sacramento","sacramento",38.3185495438553,-121.541532186135,1
"933",33,6,31,34000,"female",12,"White only","no 4-year degree",1,170,"kings","kings",36.1702358284281,-119.748569565557,1
"934",27,6,75,200000,"female",16,"Asian only","4-year degree",1,1906,"san francisco","san francisco",37.7640110022994,-122.406883228569,1
"935",28,6,37,30000,"female",11,"White only","no 4-year degree",1,703,"los angeles","los angeles",34.0649361418069,-118.457431983839,1
"936",30,6,37,20000,"male",13,"White only","no 4-year degree",1,324,"los angeles","los angeles",34.0999738048537,-118.089047859248,1
"937",34,6,0,0,"female",12,"White only","no 4-year degree",NA,1359,"unknown","orange",33.5741620094598,-117.548166597158,1
"938",29,6,37,15000,"male",16,"White only","4-year degree",1,235,"los angeles","los angeles",33.9636585479122,-118.08626710008,1
"939",27,6,37,4000,"female",16,"Asian only","4-year degree",1,804,"los angeles","los angeles",34.0850079631729,-118.3109987791,1
"940",27,6,1,120000,"male",18,"Asian only","4-year degree",1,1787,"alameda","alameda",37.5804950636634,-121.905187525788,1
"941",27,6,37,0,"male",16,"White only","4-year degree",NA,787,"los angeles","los angeles",34.0718273604734,-118.157140039494,1
"942",32,6,37,71000,"female",18,"White only","4-year degree",1,272,"los angeles","los angeles",34.0855658037183,-118.809441671813,1
"943",35,6,0,44000,"female",11,"White only","no 4-year degree",1,1155,"unknown","ventura",34.5127496174611,-119.10137226563,1
"944",27,6,37,105000,"female",20,"White only","4-year degree",1,425,"los angeles","los angeles",34.0247669702048,-118.012323776283,1
"945",31,6,37,97000,"female",16,"White only","4-year degree",1,660,"los angeles","los angeles",33.9830355174947,-118.215383619972,1
"946",29,6,59,20000,"female",12,"Asian only","no 4-year degree",1,910,"orange","orange",33.6695442774553,-117.829934815882,1
"947",27,6,99,44000,"female",12,"White only","no 4-year degree",1,1038,"stanislaus","stanislaus",37.4335008361363,-121.173533281338,1
"948",35,6,37,42000,"male",13,"White only","no 4-year degree",1,430,"los angeles","los angeles",34.014613109473,-118.307941391057,1
"949",31,6,73,41000,"male",12,"White only","no 4-year degree",1,1505,"san diego","san diego",32.9902802575145,-117.161810325091,1
"950",33,6,7,48000,"male",13,"White only","no 4-year degree",NA,64,"butte","butte",39.837400509083,-121.733210082098,1
"951",27,6,59,83000,"female",16,"White only","4-year degree",1,876,"orange","orange",33.5815511517989,-117.608610897898,1
"952",34,6,67,0,"female",16,"Asian only","4-year degree",NA,1433,"sacramento","sacramento",38.2605705841291,-121.538612538411,1
"953",28,6,0,22880,"female",12,"White only","no 4-year degree",1,83,"unknown","los angeles",33.9785193536564,-117.911354301897,1
"954",27,6,59,30000,"female",12,"White only","no 4-year degree",1,920,"orange","orange",33.6666899286959,-117.709040149608,1
"955",30,6,53,40000,"female",16,"Black only","4-year degree",1,1494,"monterey","monterey",36.342910325501,-121.308540705477,1
"956",26,6,37,60000,"female",12,"White only","no 4-year degree",1,626,"los angeles","los angeles",34.0136765232294,-118.437136706882,1
"957",29,6,0,180000,"male",18,"Asian only","4-year degree",1,1353,"unknown","butte",39.61788114798,-121.575108223436,1
"958",27,6,73,46000,"female",18,"White only","4-year degree",1,1564,"san diego","san diego",33.1607487731529,-117.255441121053,1
"959",33,6,37,0,"male",14,"White only","no 4-year degree",0,706,"los angeles","los angeles",34.000301717402,-118.228509013047,1
"960",31,6,37,21640,"female",9,"Asian only","no 4-year degree",1,788,"los angeles","los angeles",34.0605077251067,-118.236169649951,1
"961",27,6,0,46209,"female",13,"White only","no 4-year degree",1,2061,"unknown","monterey",36.2591149751074,-121.007664677174,1
"962",30,6,37,90000,"male",16,"Asian only","4-year degree",1,632,"los angeles","los angeles",33.7669613635469,-118.330456291531,1
"963",33,6,1,40000,"female",16,"Hawaiian/Pacific Islander only (HP)","4-year degree",1,1792,"alameda","alameda",37.6768930362216,-121.911092850193,1
"964",26,6,37,0,"male",16,"Asian only","4-year degree",NA,458,"los angeles","los angeles",34.0993720789102,-118.213839490402,1
"965",27,6,19,102000,"female",18,"Asian only","4-year degree",1,149,"fresno","fresno",36.8529932796967,-119.62837478607,1
"966",32,6,0,150000,"male",16,"Asian only","4-year degree",1,1989,"unknown","ventura",34.4388716962812,-119.248718838942,1
"967",25,6,37,0,"male",12,"White only","no 4-year degree",NA,284,"los angeles","los angeles",34.0262721408054,-118.17309526128,1
"968",29,6,37,45000,"female",18,"Black only","4-year degree",1,796,"los angeles","los angeles",33.8296374701113,-118.38066201537,1
"969",27,6,67,108000,"male",20,"White only","4-year degree",1,1393,"sacramento","sacramento",38.2636843740477,-121.442954649041,1
"970",35,6,113,75000,"male",16,"White only","4-year degree",1,1467,"yolo","yolo",38.6122456345799,-121.796401367535,1
"971",31,6,0,83000,"female",12,"White only","no 4-year degree",1,1189,"unknown","sacramento",38.2806503960744,-121.515680735032,1
"972",27,6,37,48560,"female",16,"White only","4-year degree",1,416,"los angeles","los angeles",34.0790338479504,-118.196322243764,1
"973",27,6,0,40000,"female",14,"Black only","no 4-year degree",1,1162,"unknown","los angeles",34.006752369821,-118.101178335166,1
"974",30,6,77,40000,"male",12,"Asian only","no 4-year degree",1,2211,"san joaquin","san joaquin",38.062646203976,-121.076070166366,1
"975",30,6,37,50000,"male",12,"White only","no 4-year degree",1,663,"los angeles","los angeles",34.1110924555701,-118.432737096485,1
"976",32,6,0,60000,"male",18,"White only","4-year degree",1,1289,"unknown","los angeles",34.1795186798691,-118.088639633381,1
"977",26,6,59,40000,"male",12,"White only","no 4-year degree",1,877,"orange","orange",33.6835912087829,-117.862058574585,1
"978",34,6,111,35000,"male",16,"White only","4-year degree",1,1079,"ventura","ventura",34.5552986878239,-119.044890804444,1
"979",29,6,89,0,"male",13,"White only","no 4-year degree",NA,1108,"shasta","shasta",40.6051136911232,-122.530735169227,1
"980",29,6,75,182000,"male",16,"Asian only","4-year degree",1,1879,"san francisco","san francisco",37.7603157280889,-122.407852951224,1
"981",28,6,113,100000,"female",18,"Asian only","4-year degree",1,1469,"yolo","yolo",38.6658995982635,-121.939007884638,1
"982",28,6,31,70000,"male",13,"White only","no 4-year degree",1,175,"kings","kings",36.3062150585379,-119.692889856342,1
"983",30,6,81,40000,"female",16,"Asian only","4-year degree",1,1928,"san mateo","san mateo",37.3691691070792,-122.269762788588,1
"984",32,6,99,35000,"male",12,"White only","no 4-year degree",1,1029,"stanislaus","stanislaus",37.4183041207012,-121.229800993856,1
"985",30,6,7,0,"female",12,"White only","no 4-year degree",NA,63,"butte","butte",39.6607548714018,-121.508458463354,1
"986",31,6,73,215000,"male",16,"White only","4-year degree",1,1653,"san diego","san diego",33.077790900563,-116.83599508193,1
"987",28,6,113,21600,"male",16,"White only","4-year degree",1,1476,"yolo","yolo",38.6401950308049,-121.764251303632,1
"988",28,6,75,100000,"male",16,"White only","4-year degree",1,1865,"san francisco","san francisco",37.777689088085,-122.431748653056,1
"989",25,6,0,24000,"female",12,"American Indian, Alaskan Native only (AI)","no 4-year degree",1,1198,"unknown","los angeles",33.9617025473356,-118.227352866413,1
"990",30,6,37,38000,"male",12,"White only","no 4-year degree",1,304,"los angeles","los angeles",34.053712926673,-118.13711947091,1
"991",27,6,0,60000,"male",13,"White only","no 4-year degree",1,2010,"unknown","los angeles",34.1299130535422,-118.570363899126,1
"992",31,6,73,92000,"female",18,"White only","4-year degree",1,1669,"san diego","san diego",33.1781331851863,-117.316781971779,1
"993",27,6,0,0,"male",16,"Asian only","4-year degree",NA,1234,"unknown","fresno",36.8646761449037,-119.86983411451,1
"994",25,6,1,0,"female",13,"White only","no 4-year degree",NA,1737,"alameda","alameda",37.6259877189565,-122.01903021479,1
"995",25,6,31,0,"female",16,"White only","4-year degree",NA,174,"kings","kings",36.2131534527138,-119.754414503827,1
"996",33,6,0,47840,"male",11,"White only","no 4-year degree",1,1309,"unknown","orange",33.7740996748424,-117.791605726533,1
"997",26,6,37,45000,"male",16,"White only","4-year degree",1,452,"los angeles","los angeles",34.0068314606908,-117.926633212446,1
"998",27,6,0,1440,"male",16,"White only","4-year degree",1,78,"unknown","los angeles",33.9722091099844,-118.430849028209,1
"999",31,6,73,50000,"male",20,"Asian only","4-year degree",1,1543,"san diego","san diego",32.9213788230317,-117.123897736474,1
"1000",28,6,95,65000,"female",16,"Asian only","4-year degree",1,2234,"solano","solano",38.238009198639,-121.946368120777,1
"1001",35,6,37,50000,"female",13,"White only","no 4-year degree",1,400,"los angeles","los angeles",34.0955117127828,-118.443982234867,1
"1002",31,6,19,40902,"female",14,"White only","no 4-year degree",1,153,"fresno","fresno",36.7655812359181,-119.96534893626,1
"1003",31,6,37,55002,"male",14,"Black only","no 4-year degree",1,479,"los angeles","los angeles",34.0884676582884,-118.236804658325,1
"1004",30,6,1,40000,"female",16,"Asian only","4-year degree",1,1754,"alameda","alameda",37.7197831380695,-122.031088503946,1
"1005",31,6,1,16971,"female",11,"White only","no 4-year degree",1,1764,"alameda","alameda",37.6546941014107,-121.955151211086,1
"1006",28,6,0,113000,"male",16,"White only","4-year degree",1,2060,"unknown","alameda",37.7895262809586,-122.094098447333,1
"1007",35,6,29,1099999,"male",14,"White only","no 4-year degree",1,46,"kern","kern",35.7226255088892,-120.122587573623,1
"1008",33,6,37,32000,"female",14,"White only","no 4-year degree",1,454,"los angeles","los angeles",34.0831564177478,-118.207278117536,1
"1009",34,6,37,0,"female",18,"Asian only","4-year degree",NA,197,"los angeles","los angeles",34.0161850689165,-118.162359305102,1
"1010",30,6,1,20000,"male",16,"White only","4-year degree",1,1690,"alameda","alameda",37.5817875942229,-121.830559909407,1
"1011",32,6,77,30000,"female",16,"AI-Asian","4-year degree",1,2181,"san joaquin","san joaquin",38.1497450840037,-121.067490155617,1
"1012",31,6,1,25000,"female",14,"Hawaiian/Pacific Islander only (HP)","no 4-year degree",1,1687,"alameda","alameda",37.5727886870655,-121.8865773912,1
"1013",32,6,0,0,"male",14,"White only","no 4-year degree",NA,90,"unknown","orange",33.6674171092089,-117.710530929421,1
"1014",35,6,37,48000,"male",14,"White only","no 4-year degree",1,616,"los angeles","los angeles",33.9946510171139,-118.069673668479,1
"1015",34,6,0,0,"male",14,"White only","no 4-year degree",NA,1308,"unknown","los angeles",34.0935864949182,-118.31338734873,1
"1016",27,6,37,100000,"female",16,"White-Asian","4-year degree",1,779,"los angeles","los angeles",33.8859401790917,-118.044193137428,1
"1017",26,6,37,266000,"male",16,"White only","4-year degree",1,635,"los angeles","los angeles",34.2277546172413,-118.138037314059,1
"1018",26,6,37,20500,"female",12,"Black only","no 4-year degree",1,269,"los angeles","los angeles",34.2005747422525,-118.192141951073,1
"1019",34,6,37,0,"female",13,"White only","no 4-year degree",NA,249,"los angeles","los angeles",34.0113846056116,-118.365919799242,1
"1020",30,6,0,55000,"male",13,"Asian only","no 4-year degree",1,2026,"unknown","los angeles",34.0611174538428,-118.310897373081,1
"1021",34,6,81,150000,"female",16,"Asian only","4-year degree",1,1953,"san mateo","san mateo",37.4385987534528,-122.276261253546,1
"1022",30,6,19,104000,"male",12,"White only","no 4-year degree",1,101,"fresno","fresno",36.3936013268331,-120.079722472548,1
"1023",35,6,37,0,"male",12,"White only","no 4-year degree",NA,520,"los angeles","los angeles",34.0442124236748,-117.957435547519,1
"1024",29,6,0,55000,"male",16,"Asian only","4-year degree",1,1984,"unknown","los angeles",33.9517128388997,-118.308558909276,1
"1025",27,6,67,51600,"female",16,"White only","4-year degree",1,1422,"sacramento","sacramento",38.2574638427236,-121.547337020198,1
"1026",31,6,0,0,"female",12,"White only","no 4-year degree",NA,1318,"unknown","orange",33.5137850172837,-117.623574318192,1
"1027",30,6,0,31000,"male",14,"White-Black","no 4-year degree",1,1264,"unknown","los angeles",34.0437441859443,-118.580415303718,1
"1028",32,6,37,125000,"male",16,"Asian only","4-year degree",1,650,"los angeles","los angeles",33.8153497564703,-118.156838312638,1
"1029",26,6,29,600,"female",16,"White only","4-year degree",1,14,"kern","kern",35.4968103985324,-118.652663308604,1
"1030",30,6,37,10000,"male",16,"Black only","4-year degree",1,683,"los angeles","los angeles",34.0189258926042,-118.283590536149,1
"1031",30,6,37,52000,"male",12,"White only","no 4-year degree",1,617,"los angeles","los angeles",34.3185182618395,-118.277288667191,1
"1032",33,6,29,120000,"male",16,"Black only","4-year degree",1,1,"kern","kern",35.0548757815564,-119.311801217772,1
"1033",28,6,37,45000,"female",16,"Black only","4-year degree",1,580,"los angeles","los angeles",33.9731636664432,-118.234526186255,1
"1034",34,6,37,52000,"female",16,"White only","4-year degree",1,551,"los angeles","los angeles",34.4144606422134,-118.042250937057,1
"1035",30,6,99,96000,"male",16,"White only","4-year degree",1,1047,"stanislaus","stanislaus",37.346720706152,-121.274917755307,1
"1036",26,6,0,130000,"male",18,"Asian only","4-year degree",1,2008,"unknown","san diego",32.8525261111177,-117.139454808435,1
"1037",34,6,73,72000,"male",16,"White only","4-year degree",1,1532,"san diego","san diego",32.8459726449227,-117.161334453077,1
"1038",32,6,0,38000,"female",14,"White only","no 4-year degree",1,1156,"unknown","sacramento",38.6673962911281,-121.591751227641,1
"1039",32,6,59,380000,"male",18,"White only","4-year degree",1,887,"orange","orange",33.7475446830083,-117.728777901102,1
"1040",25,6,29,30000,"female",12,"White only","no 4-year degree",1,9,"kern","kern",35.1579315484004,-119.116921484848,1
"1041",33,6,67,40000,"male",14,"Black only","no 4-year degree",1,1407,"sacramento","sacramento",38.352770524626,-121.437719752734,1
"1042",26,6,59,57000,"female",16,"Asian only","4-year degree",1,848,"orange","orange",33.7345814835421,-117.868357141376,1
"1043",34,6,37,5000,"female",14,"White only","no 4-year degree",1,417,"los angeles","los angeles",34.0449362331109,-118.46879761605,1
"1044",29,6,37,52000,"male",16,"White only","4-year degree",1,529,"los angeles","los angeles",34.297169824078,-118.251045787225,1
"1045",32,6,67,50000,"female",18,"Asian only","4-year degree",1,1390,"sacramento","sacramento",38.3722890412079,-121.49839719802,1
"1046",27,6,81,60000,"female",12,"Asian only","no 4-year degree",1,1945,"san mateo","san mateo",37.429389291038,-122.283649552094,1
"1047",33,6,37,53000,"female",13,"White only","no 4-year degree",1,658,"los angeles","los angeles",34.2752397806025,-118.501691377903,1
"1048",31,6,59,45000,"male",12,"White only","no 4-year degree",1,985,"orange","orange",33.674779591134,-117.72247457019,1
"1049",33,6,83,75000,"male",12,"White only","no 4-year degree",1,2126,"santa barbara","santa barbara",34.5824651359307,-119.975170478083,1
"1050",25,6,37,9000,"male",16,"White only","4-year degree",1,586,"los angeles","los angeles",34.2034900746373,-118.552969138183,1
"1051",34,6,73,90000,"female",16,"White only","4-year degree",1,1569,"san diego","san diego",33.0816040718474,-117.259495614389,1
"1052",34,6,19,30000,"male",12,"White only","no 4-year degree",1,157,"fresno","fresno",36.9205622526577,-119.6368073487,1
"1053",32,6,37,45000,"male",12,"White only","no 4-year degree",1,812,"los angeles","los angeles",34.1581900499026,-118.353244813174,1
"1054",33,6,37,70000,"female",9,"White only","no 4-year degree",1,432,"los angeles","los angeles",33.9828397439089,-118.136011605628,1
"1055",27,6,37,0,"female",12,"White-Black","no 4-year degree",NA,486,"los angeles","los angeles",34.1020590057185,-118.541309050464,1
"1056",33,6,37,40000,"male",13,"Asian only","no 4-year degree",1,338,"los angeles","los angeles",34.3109652021501,-117.974193398006,1
"1057",26,6,0,0,"male",16,"Black only","4-year degree",1,1355,"unknown","los angeles",34.0378243845742,-118.289070453694,1
"1058",30,6,0,0,"male",11,"Asian only","no 4-year degree",NA,2048,"unknown","alameda",37.72145150929,-122.106060563314,1
"1059",33,6,37,68000,"female",13,"White only","no 4-year degree",1,368,"los angeles","los angeles",34.0046946539909,-118.18229463634,1
"1060",32,6,37,0,"female",18,"Asian only","4-year degree",NA,206,"los angeles","los angeles",34.1221692948881,-118.335668572248,1
"1061",27,6,0,80000,"male",18,"White only","4-year degree",1,2066,"unknown","orange",33.6529101483194,-117.714991217828,1
"1062",27,6,77,23000,"female",14,"White only","no 4-year degree",NA,2179,"san joaquin","san joaquin",38.1118779939651,-121.424824804219,1
"1063",30,6,37,800,"male",12,"White only","no 4-year degree",1,681,"los angeles","los angeles",34.1070529455221,-118.416416502573,1
"1064",26,6,37,58500,"female",16,"Asian only","4-year degree",1,746,"los angeles","los angeles",34.1587429111768,-118.406738011036,1
"1065",32,6,1,60000,"female",16,"White only","4-year degree",1,1723,"alameda","alameda",37.7041783290182,-122.027433569139,1
"1066",33,6,37,120000,"female",14,"White only","no 4-year degree",1,775,"los angeles","los angeles",34.0132706554396,-118.401446150901,1
"1067",35,6,79,125000,"male",12,"White only","no 4-year degree",1,2108,"san luis obispo","san luis obispo",35.3191556510619,-120.372367134904,1
"1068",34,6,37,26400,"female",9,"White only","no 4-year degree",NA,544,"los angeles","los angeles",34.1241576360285,-118.051531267628,1
"1069",34,6,1,75000,"male",16,"Asian only","4-year degree",1,1795,"alameda","alameda",37.6850776467634,-122.014043041598,1
"1070",34,6,0,45000,"female",14,"White only","no 4-year degree",1,1166,"unknown","yolo",38.6894973098603,-121.989227681433,1
"1071",29,6,37,25000,"male",12,"White only","no 4-year degree",1,631,"los angeles","los angeles",34.0138243532078,-118.525519895848,1
"1072",29,6,37,27500,"female",12,"White only","no 4-year degree",1,817,"los angeles","los angeles",34.0870645728002,-118.184012955736,1
"1073",32,6,113,11500,"male",18,"Asian only","4-year degree",NA,1468,"yolo","yolo",38.7554280183928,-122.096700169949,1
"1074",29,6,37,28080,"male",16,"White only","4-year degree",1,220,"los angeles","los angeles",34.0487200555404,-118.15754093556,1
"1075",35,6,59,50000,"male",13,"White only","no 4-year degree",1,856,"orange","orange",33.6671944721967,-117.687779349192,1
"1076",30,6,59,0,"male",9,"White only","no 4-year degree",NA,951,"orange","orange",33.640510252142,-117.692302352765,1
"1077",26,6,59,0,"female",12,"White only","no 4-year degree",NA,886,"orange","orange",33.6583872456175,-117.724414767721,1
"1078",25,6,37,7200,"female",16,"White only","4-year degree",1,373,"los angeles","los angeles",34.0259206410237,-118.471712126346,1
"1079",30,6,37,500,"female",16,"White only","4-year degree",1,414,"los angeles","los angeles",34.0413802232017,-118.325139632102,1
"1080",27,6,0,30000,"female",18,"White only","4-year degree",1,1197,"unknown","san diego",33.3504761158172,-116.448116115706,1
"1081",30,6,37,46000,"female",18,"White only","4-year degree",1,440,"los angeles","los angeles",34.0506306598755,-118.386501453556,1
"1082",34,6,0,111900,"female",20,"White only","4-year degree",1,1352,"unknown","ventura",34.5649846842489,-119.140348853417,1
"1083",35,6,67,129000,"male",14,"White only","no 4-year degree",1,1400,"sacramento","sacramento",38.244616405637,-121.532001598256,1
"1084",35,6,31,0,"female",16,"White only","4-year degree",NA,166,"kings","kings",35.9726872000281,-120.021432717201,1
"1085",30,6,37,24500,"male",16,"White only","4-year degree",1,541,"los angeles","los angeles",34.1213206043177,-118.331872533155,1
"1086",35,6,37,15000,"male",12,"White only","no 4-year degree",1,552,"los angeles","los angeles",34.0180875931925,-118.350741599332,1
"1087",26,6,37,24000,"male",12,"Black only","no 4-year degree",1,437,"los angeles","los angeles",33.8253701355475,-118.331533497855,1
"1088",29,6,37,85000,"male",16,"White only","4-year degree",1,522,"los angeles","los angeles",33.9936424588379,-118.308170234753,1
"1089",26,6,0,20000,"female",16,"Asian only","4-year degree",1,1988,"unknown","fresno",36.6264492239253,-119.650951349694,1
"1090",27,6,67,28000,"female",13,"White only","no 4-year degree",1,1437,"sacramento","sacramento",38.2766714551453,-121.447186092042,1
"1091",27,6,0,0,"male",14,"White only","no 4-year degree",1,1335,"unknown","san mateo",37.404139344748,-122.221406317667,1
"1092",30,6,0,28000,"male",12,"White only","no 4-year degree",1,1311,"unknown","los angeles",33.9673684928935,-118.323015696289,1
"1093",28,6,37,92216,"female",14,"White-Asian","no 4-year degree",1,723,"los angeles","los angeles",34.2490639418125,-118.504831289362,1
"1094",27,6,37,25000,"male",12,"White only","no 4-year degree",1,445,"los angeles","los angeles",34.0243583434024,-118.058919276342,1
"1095",33,6,59,0,"female",14,"White only","no 4-year degree",1,1015,"orange","orange",33.5694106937025,-117.730674098831,1
"1096",26,6,67,2400,"male",16,"White only","4-year degree",1,1410,"sacramento","sacramento",38.3049687974359,-121.40348108869,1
"1097",29,6,37,28000,"male",12,"White only","no 4-year degree",1,410,"los angeles","los angeles",33.9708896461018,-118.183302125429,1
"1098",30,6,0,0,"female",13,"Hawaiian/Pacific Islander only (HP)","no 4-year degree",NA,2015,"unknown","los angeles",34.0942508389336,-118.390075712651,1
"1099",33,6,37,65000,"male",16,"White only","4-year degree",1,464,"los angeles","los angeles",34.0249619788156,-118.539377130015,1
"1100",28,6,0,40000,"female",12,"White only","no 4-year degree",1,95,"unknown","los angeles",34.1869137013438,-118.209062988293,1
"1101",27,6,67,0,"female",13,"White only","no 4-year degree",NA,1402,"sacramento","sacramento",38.2554610696955,-121.571042805755,1
"1102",32,6,37,100000,"female",16,"White only","4-year degree",1,371,"los angeles","los angeles",34.1589059557468,-118.501627790644,1
"1103",34,6,37,30000,"male",12,"White only","no 4-year degree",1,387,"los angeles","los angeles",34.0487361588802,-118.330460518026,1
"1104",27,6,73,25000,"male",16,"Black only","4-year degree",1,1548,"san diego","san diego",32.9561131153267,-117.182584443312,1
"1105",26,6,37,40000,"male",16,"Asian only","4-year degree",0,271,"los angeles","los angeles",34.3265436665148,-118.187433803431,1
"1106",31,6,37,50000,"female",13,"White only","no 4-year degree",1,323,"los angeles","los angeles",34.042433260449,-118.436951322675,1
"1107",32,6,67,58200,"male",16,"White only","4-year degree",1,1428,"sacramento","sacramento",38.3278158343553,-121.564147079114,1
"1108",26,6,0,0,"male",16,"White only","4-year degree",NA,1333,"unknown","fresno",37.0096662782389,-120.342711244033,1
"1109",27,6,37,0,"male",18,"White only","4-year degree",1,655,"los angeles","los angeles",33.8735672364795,-118.265512860185,1
"1110",30,6,0,8000,"female",18,"White only","4-year degree",1,75,"unknown","los angeles",34.1406133957306,-118.36201051208,1
"1111",31,6,0,14000,"female",12,"White only","no 4-year degree",1,1160,"unknown","san diego",33.3204700565602,-116.385738918625,1
"1112",25,6,0,14400,"male",12,"White only","no 4-year degree",1,2088,"unknown","sonoma",38.5492365146572,-122.728140499226,1
"1113",31,6,37,48000,"female",12,"Black only","no 4-year degree",1,637,"los angeles","los angeles",34.0339589542003,-118.4085776916,1
"1114",29,6,0,0,"female",13,"White only","no 4-year degree",1,1814,"unknown","san diego",32.8371710847482,-117.028383574435,1
"1115",31,6,73,0,"female",16,"White only","4-year degree",NA,1665,"san diego","san diego",32.6708990583892,-117.129826355287,1
"1116",27,6,37,19000,"female",12,"White only","no 4-year degree",0,561,"los angeles","los angeles",33.8522309786768,-118.140273690651,1
"1117",35,6,1,110000,"female",16,"Asian only","4-year degree",1,1745,"alameda","alameda",37.6606672599407,-121.950877994644,1
"1118",34,6,73,52000,"female",16,"Black only","4-year degree",0,1670,"san diego","san diego",32.9222607373209,-117.201578240754,1
"1119",30,6,0,100000,"female",16,"Asian only","4-year degree",1,1990,"unknown","san diego",33.0608896112775,-117.167036390209,1
"1120",28,6,37,44720,"male",12,"Hawaiian/Pacific Islander only (HP)","no 4-year degree",1,482,"los angeles","los angeles",33.9664736348785,-118.328709064276,1
"1121",26,6,37,21000,"male",10,"White only","no 4-year degree",1,289,"los angeles","los angeles",34.2111071916518,-118.074291159298,1
"1122",32,6,59,48000,"male",13,"Asian only","no 4-year degree",1,889,"orange","orange",33.6526011712021,-117.649081783588,1
"1123",31,6,107,54000,"female",16,"White only","4-year degree",1,2258,"tulare","tulare",36.1601147654329,-118.294799307136,1
"1124",26,6,0,50000,"male",16,"White only","4-year degree",1,1300,"unknown","los angeles",34.2026519026007,-118.218075891238,1
"1125",33,6,37,20000,"female",13,"Black only","no 4-year degree",NA,196,"los angeles","los angeles",33.9376167723833,-118.261949269199,1
"1126",26,6,107,0,"female",20,"White only","4-year degree",NA,2271,"tulare","tulare",36.2623849664894,-118.460466379566,1
"1127",31,6,111,0,"female",16,"White only","4-year degree",NA,1084,"ventura","ventura",34.3215169947963,-118.893885770388,1
"1128",25,6,89,43000,"female",13,"White only","no 4-year degree",NA,1117,"shasta","shasta",40.6382731682535,-122.675770829032,1
"1129",35,6,87,0,"male",14,"White only","no 4-year degree",NA,2115,"santa cruz","santa cruz",37.020529795123,-121.892802477975,1
"1130",32,6,37,160000,"female",20,"Asian only","4-year degree",1,251,"los angeles","los angeles",33.9178316323488,-118.286609114162,1
"1131",32,6,59,0,"female",12,"White only","no 4-year degree",NA,965,"orange","orange",33.6807632669516,-117.731041462875,1
"1132",28,6,59,68000,"female",18,"White only","4-year degree",1,888,"orange","orange",33.705960699787,-117.684955798767,1
"1133",30,6,0,80002,"female",20,"Asian only","4-year degree",1,2073,"unknown","san diego",32.9692884874932,-117.288696405165,1
"1134",31,6,0,0,"female",16,"White only","4-year degree",NA,1290,"unknown","alameda",37.7135355787714,-122.012974397989,1
"1135",29,6,67,23000,"female",13,"White only","no 4-year degree",NA,1454,"sacramento","sacramento",38.6380559091599,-121.220130525169,1
"1136",26,6,37,100000,"female",16,"White only","4-year degree",1,213,"los angeles","los angeles",33.8720122075486,-118.295741186467,1
"1137",31,6,95,0,"female",11,"White only","no 4-year degree",1,2249,"solano","solano",38.2873844425646,-122.200266361569,1
"1138",31,6,59,20000,"male",12,"Asian only","no 4-year degree",1,901,"orange","orange",33.5352559297754,-117.623028599098,1
"1139",29,6,77,41600,"female",13,"White only","no 4-year degree",1,2194,"san joaquin","san joaquin",37.8438567251633,-121.177832654672,1
"1140",29,6,111,30000,"male",16,"Asian only","4-year degree",1,1088,"ventura","ventura",34.4190182871189,-118.915227058612,1
"1141",26,6,37,50000,"male",18,"White only","4-year degree",1,625,"los angeles","los angeles",34.1118688254279,-118.394767386134,1
"1142",29,6,37,0,"female",12,"White only","no 4-year degree",NA,713,"los angeles","los angeles",34.1180127915311,-118.169399907488,1
"1143",30,6,59,28000,"male",12,"White only","no 4-year degree",1,859,"orange","orange",33.7016280295091,-117.713768959309,1
"1144",33,6,111,0,"female",13,"White only","no 4-year degree",NA,1071,"ventura","ventura",34.5295207098551,-119.136303445885,1
"1145",31,6,37,100000,"female",16,"White only","4-year degree",1,204,"los angeles","los angeles",34.0240849149988,-118.490588175644,1
"1146",32,6,79,63000,"male",16,"White only","4-year degree",1,2101,"san luis obispo","san luis obispo",35.3450043613707,-120.519559492959,1
"1147",35,6,73,0,"female",12,"White only","no 4-year degree",NA,1632,"san diego","san diego",33.0601216809312,-117.220242545681,1
"1148",33,6,29,48000,"female",16,"White only","4-year degree",1,47,"kern","kern",35.3713105752527,-119.590893190139,1
"1149",30,6,0,150000,"male",18,"White only","4-year degree",1,2051,"unknown","san diego",33.0664555476,-117.272318536236,1
"1150",33,6,1,50000,"male",16,"Asian only","4-year degree",1,1797,"alameda","alameda",37.6491542434896,-121.76098357988,1
"1151",26,6,37,36000,"female",12,"White only","no 4-year degree",1,391,"los angeles","los angeles",34.0263375198022,-118.237078282926,1
"1152",34,6,37,62000,"male",12,"White only","no 4-year degree",1,816,"los angeles","los angeles",34.1673831796191,-118.354605680869,1
"1153",32,6,73,45000,"female",16,"White only","4-year degree",1,1586,"san diego","san diego",33.0802906209248,-116.996756583716,1
"1154",35,6,73,125000,"male",16,"White-Asian","4-year degree",1,1616,"san diego","san diego",32.7591163523536,-117.152848783992,1
"1155",26,6,7,20000,"male",12,"White only","no 4-year degree",1,55,"butte","butte",39.7095516774121,-121.54725395623,1
"1156",32,6,37,137000,"male",16,"White only","4-year degree",1,236,"los angeles","los angeles",34.0824108287992,-118.294714124888,1
"1157",25,6,0,0,"female",16,"Asian only","4-year degree",0,2082,"unknown","san diego",32.8374363694753,-117.157286701396,1
"1158",27,6,37,57000,"female",14,"White only","no 4-year degree",1,490,"los angeles","los angeles",34.0621936312964,-118.393186477211,1
"1159",31,6,0,0,"male",12,"White only","no 4-year degree",NA,82,"unknown","sacramento",38.1569970456617,-121.649401931611,1
"1160",25,6,0,0,"female",9,"White only","no 4-year degree",1,68,"unknown","orange",33.6559544524539,-117.841068187441,1
"1161",35,6,37,0,"female",12,"White only","no 4-year degree",NA,656,"los angeles","los angeles",34.0248519797653,-118.500654995569,1
"1162",26,6,107,25000,"male",12,"White only","no 4-year degree",1,2270,"tulare","tulare",36.3145290520204,-118.342410198477,1
"1163",25,6,0,0,"female",14,"White only","no 4-year degree",NA,1364,"unknown","fresno",36.8708671054837,-119.786575758609,1
"1164",27,6,37,56500,"male",12,"White only","no 4-year degree",1,549,"los angeles","los angeles",33.8128061269572,-118.139402211202,1
"1165",35,6,99,0,"female",11,"White-AI","no 4-year degree",NA,1039,"stanislaus","stanislaus",37.3341413352861,-121.170168200393,1
"1166",30,6,111,18000,"female",18,"White only","4-year degree",1,1080,"ventura","ventura",34.5974236573974,-119.251342981991,1
"1167",31,6,37,20000,"female",16,"Black only","4-year degree",0,778,"los angeles","los angeles",34.0356081118597,-118.334486103643,1
"1168",25,6,37,13500,"male",12,"White only","no 4-year degree",1,428,"los angeles","los angeles",34.0273764977149,-118.306730086203,1
"1169",30,6,67,57000,"female",12,"White only","no 4-year degree",1,1406,"sacramento","sacramento",38.283238508713,-121.518782905728,1
"1170",27,6,95,30000,"female",12,"White only","no 4-year degree",1,2228,"solano","solano",38.2470104665549,-121.952056766489,1
"1171",32,6,95,0,"female",12,"White only","no 4-year degree",NA,2244,"solano","solano",38.2441272436025,-121.846987950063,1
"1172",25,6,79,70000,"male",13,"White only","no 4-year degree",1,2102,"san luis obispo","san luis obispo",35.1697293462685,-120.237045656134,1
"1173",29,6,0,35000,"male",12,"White only","no 4-year degree",1,1373,"unknown","san joaquin",37.8971559374972,-121.32177357475,1
"1174",26,6,37,0,"female",14,"White only","no 4-year degree",NA,203,"los angeles","los angeles",34.0407722116079,-118.291225587359,1
"1175",29,6,0,0,"female",18,"Asian only","4-year degree",NA,1269,"unknown","los angeles",33.9919324061045,-118.324907563082,1
"1176",27,6,37,72000,"female",16,"White only","4-year degree",1,516,"los angeles","los angeles",34.0300555208417,-118.31356455407,1
"1177",27,6,0,37000,"female",12,"White only","no 4-year degree",1,1296,"unknown","shasta",40.5917247609717,-122.622168401135,1
"1178",29,6,79,80000,"female",18,"White only","4-year degree",1,2105,"san luis obispo","san luis obispo",35.2619015578207,-120.443924704282,1
"1179",32,6,37,60000,"female",16,"White only","4-year degree",1,578,"los angeles","los angeles",34.0631442490903,-118.469693045491,1
"1180",29,6,19,25000,"male",13,"White only","no 4-year degree",1,139,"fresno","fresno",36.738422723003,-119.636084658937,1
"1181",26,6,37,2000,"male",16,"Asian only","4-year degree",NA,805,"los angeles","los angeles",34.0438769712537,-118.389727439032,1
"1182",27,6,37,43000,"male",12,"White only","no 4-year degree",1,243,"los angeles","los angeles",34.0431869792259,-118.378842769084,1
"1183",26,6,29,0,"male",8,"White only","no 4-year degree",NA,7,"kern","kern",35.238396103654,-119.349864723376,1
"1184",27,6,1,220000,"male",18,"Asian only","4-year degree",1,1719,"alameda","alameda",37.6819137576498,-121.858948557712,1
"1185",28,6,73,65000,"female",18,"White only","4-year degree",1,1539,"san diego","san diego",32.9215093601334,-117.163962946315,1
"1186",30,6,37,52000,"female",12,"White only","no 4-year degree",1,382,"los angeles","los angeles",33.7986279267078,-118.147911552986,1
"1187",26,6,37,60000,"male",18,"White only","4-year degree",1,427,"los angeles","los angeles",33.9349010167009,-118.317246966078,1
"1188",27,6,59,13000,"female",16,"Asian only","4-year degree",1,863,"orange","orange",33.7082381951054,-117.747739959479,1
"1189",25,6,0,0,"female",8,"Asian only","no 4-year degree",NA,1844,"unknown","los angeles",34.0526234440667,-118.542251134267,1
"1190",25,6,67,37500,"male",12,"White-Black","no 4-year degree",1,1405,"sacramento","sacramento",38.3866703224387,-121.545727350951,1
"1191",28,6,77,0,"female",12,"AI-Asian","no 4-year degree",NA,2205,"san joaquin","san joaquin",37.9040082152381,-121.187078291974,1
"1192",32,6,73,0,"male",12,"White only","no 4-year degree",NA,1585,"san diego","san diego",32.8064971193649,-117.129838044001,1
"1193",31,6,111,30000,"female",13,"White only","no 4-year degree",1,1063,"ventura","ventura",34.3723445973856,-119.166091660115,1
"1194",34,6,37,0,"female",12,"White only","no 4-year degree",NA,205,"los angeles","los angeles",34.0554289549617,-118.404802372133,1
"1195",26,6,1,130000,"male",18,"Asian only","4-year degree",1,1775,"alameda","alameda",37.6976029224427,-121.849493025561,1
"1196",31,6,67,47000,"male",12,"White only","no 4-year degree",1,1465,"sacramento","sacramento",38.3579848407044,-121.475184678277,1
"1197",35,6,59,82000,"male",12,"White only","no 4-year degree",1,1012,"orange","orange",33.6255900361001,-117.584958696564,1
"1198",30,6,19,48000,"male",14,"White only","no 4-year degree",1,103,"fresno","fresno",36.6386110403503,-119.875176367207,1
"1199",32,6,0,200000,"female",20,"Asian only","4-year degree",1,2053,"unknown","orange",33.6739133430252,-117.737601261095,1
"1200",32,6,0,172000,"male",12,"White only","no 4-year degree",1,1338,"unknown","san diego",32.8921488206731,-117.15783582164,1
"1201",26,6,37,25000,"female",12,"White only","no 4-year degree",1,378,"los angeles","los angeles",34.0682878064468,-118.203718073941,1
"1202",35,6,37,115000,"female",13,"Asian only","no 4-year degree",1,513,"los angeles","los angeles",33.9827492325281,-118.333598821765,1
"1203",32,6,1,116000,"female",20,"Asian only","4-year degree",1,1718,"alameda","alameda",37.6570873458951,-121.909502693752,1
"1204",32,6,1,171000,"female",16,"White only","4-year degree",1,1707,"alameda","alameda",37.6023468542589,-121.815619293501,1
"1205",25,6,37,0,"female",16,"Asian only","4-year degree",NA,840,"los angeles","los angeles",34.0056964866957,-118.338656238822,1
"1206",31,6,67,57000,"male",12,"White only","no 4-year degree",1,1455,"sacramento","sacramento",38.2740964319902,-121.482648536524,1
"1207",25,6,37,12000,"female",14,"White only","no 4-year degree",1,615,"los angeles","los angeles",34.0798245431032,-117.996837837803,1
"1208",34,6,0,75000,"female",16,"Asian only","4-year degree",1,2032,"unknown","los angeles",33.9487677386716,-118.224599605031,1
"1209",29,6,37,12000,"male",12,"White only","no 4-year degree",1,450,"los angeles","los angeles",34.151570261758,-118.415018213772,1
"1210",35,6,37,0,"female",14,"Hawaiian/Pacific Islander only (HP)","no 4-year degree",NA,665,"los angeles","los angeles",33.9169682727968,-118.311301167399,1
"1211",33,6,77,25000,"male",12,"AI-Asian","no 4-year degree",1,2204,"san joaquin","san joaquin",38.0515570810276,-121.302126994819,1
"1212",26,6,37,23000,"male",14,"White only","no 4-year degree",1,614,"los angeles","los angeles",33.901846654281,-118.267659364983,1
"1213",32,6,37,40002,"female",16,"Asian only","4-year degree",1,740,"los angeles","los angeles",34.0298344681691,-118.332096275934,1
"1214",29,6,0,40000,"female",13,"White only","no 4-year degree",1,1136,"unknown","tulare",36.3274625178542,-118.574023631438,1
"1215",34,6,89,50000,"female",18,"White only","4-year degree",1,1123,"shasta","shasta",40.6009370399021,-122.431594008028,1
"1216",26,6,1,130000,"male",16,"White only","4-year degree",1,1788,"alameda","alameda",37.7544083190306,-122.084338117025,1
"1217",32,6,77,50000,"male",12,"White only","no 4-year degree",1,2199,"san joaquin","san joaquin",37.8301614033843,-121.463420000426,1
"1218",27,6,29,99,"male",12,"White only","no 4-year degree",1,39,"kern","kern",35.162025682296,-119.236121155685,1
"1219",32,6,59,85000,"male",16,"White only","4-year degree",1,864,"orange","orange",33.6955055704478,-117.805646875238,1
"1220",27,6,37,40000,"male",12,"White only","no 4-year degree",1,721,"los angeles","los angeles",34.2424719816557,-118.112577538195,1
"1221",32,6,97,41600,"male",14,"White only","no 4-year degree",1,2157,"sonoma","sonoma",38.4206890102509,-122.748513811305,1
"1222",26,6,0,19000,"male",12,"White only","no 4-year degree",1,1225,"unknown","san diego",33.4207728701376,-117.0272216746,1
"1223",29,6,53,0,"male",12,"Hawaiian/Pacific Islander only (HP)","no 4-year degree",NA,1482,"monterey","monterey",36.3869051850908,-121.386359865817,1
"1224",35,6,59,25000,"male",13,"White only","no 4-year degree",1,907,"orange","orange",33.6662215374805,-117.723098129701,1
"1225",32,6,0,30000,"male",13,"White only","no 4-year degree",1,2222,"unknown","orange",33.6403075752635,-117.667142338175,1
"1226",31,6,37,90000,"male",16,"Asian only","4-year degree",1,814,"los angeles","los angeles",34.2215190249094,-118.429678062211,1
"1227",30,6,37,65000,"female",14,"White only","no 4-year degree",1,364,"los angeles","los angeles",33.8925178491345,-118.318093558275,1
"1228",33,6,37,0,"female",12,"White only","no 4-year degree",NA,800,"los angeles","los angeles",34.0982966616332,-118.475417009928,1
"1229",32,6,37,100000,"male",16,"Asian only","4-year degree",1,739,"los angeles","los angeles",34.1395842098171,-118.090971745295,1
"1230",32,6,37,80000,"male",16,"White only","4-year degree",1,666,"los angeles","los angeles",34.5566512475952,-117.883306119779,1
"1231",28,6,97,14400,"male",13,"White only","no 4-year degree",1,2151,"sonoma","sonoma",38.485452795157,-122.849483733576,1
"1232",28,6,1,50000,"male",16,"Asian only","4-year degree",1,1695,"alameda","alameda",37.7133923629701,-122.089235630363,1
"1233",33,6,73,25000,"female",14,"White-AI","no 4-year degree",1,1644,"san diego","san diego",33.0540443381966,-117.265489921965,1
"1234",32,6,37,10000,"male",12,"White only","no 4-year degree",1,606,"los angeles","los angeles",34.0699354646996,-118.377394297383,1
"1235",32,6,73,70000,"female",18,"White only","4-year degree",1,1599,"san diego","san diego",32.9161098003275,-117.203101942753,1
"1236",32,6,37,214000,"female",13,"White only","no 4-year degree",1,759,"los angeles","los angeles",34.1150261519444,-118.361934265479,1
"1237",34,6,59,40000,"female",13,"White only","no 4-year degree",1,953,"orange","orange",33.6888283350545,-117.69725834392,1
"1238",32,6,95,40000,"male",12,"White only","no 4-year degree",1,2241,"solano","solano",38.0828705077307,-122.109858186966,1
"1239",33,6,37,0,"female",14,"Black only","no 4-year degree",NA,690,"los angeles","los angeles",34.0429250836726,-118.229255971168,1
"1240",27,6,1,32000,"female",18,"Asian only","4-year degree",1,1748,"alameda","alameda",37.669475789744,-121.995979972278,1
"1241",33,6,67,18000,"female",12,"White only","no 4-year degree",1,1444,"sacramento","sacramento",38.3057179385166,-121.095627400274,1
"1242",28,6,29,30000,"female",12,"White only","no 4-year degree",1,16,"kern","kern",35.1722151881001,-119.417401014164,1
"1243",33,6,77,75000,"male",12,"White only","no 4-year degree",1,2187,"san joaquin","san joaquin",37.8699424980387,-121.2846954441,1
"1244",31,6,0,80000,"male",13,"White only","no 4-year degree",1,1346,"unknown","solano",38.1639801862723,-122.077366927135,1
"1245",27,6,0,7500,"male",12,"White only","no 4-year degree",1,1102,"unknown","kern",35.2191581010766,-119.31709740118,1
"1246",34,6,37,20000,"male",12,"White only","no 4-year degree",0,607,"los angeles","los angeles",34.1708073987432,-118.477509870727,1
"1247",35,6,67,50000,"male",12,"White only","no 4-year degree",1,1445,"sacramento","sacramento",38.2564507830996,-121.447538119157,1
"1248",34,6,1,25000,"male",12,"White only","no 4-year degree",1,1722,"alameda","alameda",37.6531485238628,-121.957464645827,1
"1249",31,6,59,50000,"male",14,"White only","no 4-year degree",1,905,"orange","orange",33.7586696260309,-117.834494049722,1
"1250",31,6,37,46000,"male",12,"Asian only","no 4-year degree",1,806,"los angeles","los angeles",34.0164628089756,-118.168227570594,1
"1251",34,6,37,260000,"male",16,"White only","4-year degree",1,579,"los angeles","los angeles",34.2050359280177,-118.219277162034,1
"1252",31,6,59,50000,"male",12,"White only","no 4-year degree",1,1024,"orange","orange",33.5860326748871,-117.614138146533,1
"1253",26,6,37,0,"male",13,"White only","no 4-year degree",NA,556,"los angeles","los angeles",33.9130014079525,-118.219100319253,1
"1254",25,6,73,0,"female",13,"White-Black-Asian","no 4-year degree",NA,1558,"san diego","san diego",33.0458473412701,-116.922202514222,1
"1255",33,6,77,102002,"female",20,"Asian only","4-year degree",1,2197,"san joaquin","san joaquin",38.0198126952129,-121.162153011939,1
"1256",28,6,0,80000,"female",16,"White only","4-year degree",1,1805,"unknown","los angeles",34.0246143696342,-118.372021421503,1
"1257",26,6,77,44000,"male",16,"White only","4-year degree",1,2200,"san joaquin","san joaquin",38.0385666855914,-121.395546534689,1
"1258",34,6,0,16800,"female",14,"Asian only","no 4-year degree",1,1169,"unknown","orange",33.698547526006,-117.64699679638,1
"1259",35,6,59,180000,"female",20,"White only","4-year degree",1,945,"orange","orange",33.6572242152582,-117.727782825988,1
"1260",33,6,81,50000,"female",12,"White only","no 4-year degree",1,1922,"san mateo","san mateo",37.5575215654089,-122.284724419105,1
"1261",27,6,37,0,"male",12,"Asian only","no 4-year degree",1,346,"los angeles","los angeles",34.1247745762968,-118.15987297512,1
"1262",33,6,81,175000,"male",18,"White only","4-year degree",1,1934,"san mateo","san mateo",37.4548502796121,-122.337458095497,1
"1263",33,6,37,0,"female",12,"White only","no 4-year degree",NA,255,"los angeles","los angeles",34.1615929410101,-118.32924621823,1
"1264",35,6,111,110000,"male",18,"White only","4-year degree",1,1053,"ventura","ventura",34.5113336624135,-119.060044296146,1
"1265",34,6,37,75000,"female",16,"White only","4-year degree",1,360,"los angeles","los angeles",34.104251518634,-118.237490356822,1
"1266",30,6,1,40000,"female",16,"Asian only","4-year degree",1,1744,"alameda","alameda",37.5699162557543,-121.99939935054,1
"1267",28,6,37,60000,"male",16,"Black only","4-year degree",1,749,"los angeles","los angeles",34.0472429264717,-118.38992038215,1
"1268",28,6,0,80000,"female",18,"White only","4-year degree",1,2063,"unknown","los angeles",33.978405184189,-118.434024218775,1
"1269",26,6,37,10002,"male",12,"White only","no 4-year degree",1,224,"los angeles","los angeles",33.9715274270177,-118.35687830861,1
"1270",29,6,0,0,"male",14,"White only","no 4-year degree",NA,1186,"unknown","orange",33.5898103029866,-117.765156539228,1
"1271",33,6,0,0,"male",12,"White only","no 4-year degree",NA,1168,"unknown","los angeles",34.0327590871647,-118.519859296074,1
"1272",30,6,19,90000,"male",20,"White only","4-year degree",1,124,"fresno","fresno",36.7815319755119,-119.792173081422,1
"1273",26,6,67,72500,"male",12,"White only","no 4-year degree",1,1439,"sacramento","sacramento",38.2454751354167,-121.58697396013,1
"1274",27,6,37,28000,"female",16,"White only","4-year degree",1,406,"los angeles","los angeles",33.9179503437182,-118.344979403255,1
"1275",35,6,1,200000,"female",16,"Asian only","4-year degree",NA,1772,"alameda","alameda",37.6199237872303,-121.891084713611,1
"1276",29,6,73,30000,"female",11,"White only","no 4-year degree",1,1557,"san diego","san diego",33.2022725535943,-117.355757992673,1
"1277",29,6,0,120000,"male",16,"Asian only","4-year degree",1,2000,"unknown","los angeles",34.1255790996914,-118.356425679898,1
"1278",35,6,73,0,"female",12,"White only","no 4-year degree",NA,1520,"san diego","san diego",32.977003648326,-117.157460158003,1
"1279",31,6,37,0,"female",16,"Asian only","4-year degree",NA,808,"los angeles","los angeles",34.0110760035513,-117.983703734142,1
"1280",32,6,0,15000,"female",12,"White only","no 4-year degree",1,1327,"unknown","sonoma",38.4894412120761,-123.038842420628,1
"1281",35,6,0,121000,"female",18,"White only","4-year degree",1,1316,"unknown","los angeles",33.9789478420563,-118.173378856557,1
"1282",29,6,0,18000,"female",13,"White only","no 4-year degree",NA,2215,"unknown","alameda",37.613028511103,-121.966297168973,1
"1283",31,6,1,24000,"male",20,"Asian only","4-year degree",1,1738,"alameda","alameda",37.640158366413,-121.996834034017,1
"1284",28,6,37,1200,"female",12,"White only","no 4-year degree",0,192,"los angeles","los angeles",34.2251392002108,-118.181490894727,1
"1285",29,6,97,41000,"female",13,"White only","no 4-year degree",1,2161,"sonoma","sonoma",38.5210742825741,-122.850137422961,1
"1286",25,6,73,15000,"male",13,"American Indian, Alaskan Native only (AI)","no 4-year degree",0,1673,"san diego","san diego",32.8376279189207,-117.142224002674,1
"1287",33,6,73,0,"female",12,"White only","no 4-year degree",NA,1594,"san diego","san diego",33.2480173214896,-117.059204505521,1
"1288",26,6,37,0,"male",16,"White only","4-year degree",NA,623,"los angeles","los angeles",34.1230817509601,-118.188705084329,1
"1289",33,6,59,30000,"female",13,"Asian only","no 4-year degree",1,1020,"orange","orange",33.8096804681464,-117.678083594992,1
"1290",33,6,59,24000,"male",13,"White only","no 4-year degree",1,974,"orange","orange",33.7371604871419,-117.897665693716,1
"1291",29,6,0,35000,"female",11,"White only","no 4-year degree",1,1306,"unknown","orange",33.675525340002,-117.636071141322,1
"1292",25,6,0,30000,"female",12,"Black only","no 4-year degree",1,1248,"unknown","sacramento",38.3576674616942,-121.477717519129,1
"1293",35,6,0,0,"female",16,"Asian only","4-year degree",1,2076,"unknown","los angeles",34.0068922222348,-118.377156681132,1
"1294",34,6,99,11758,"male",14,"Asian only","no 4-year degree",1,1046,"stanislaus","stanislaus",37.4164030526627,-121.166797436553,1
"1295",28,6,37,30000,"male",14,"White only","no 4-year degree",1,502,"los angeles","los angeles",34.0246219925943,-118.481746820304,1
"1296",35,6,0,0,"female",12,"American Indian, Alaskan Native only (AI)","no 4-year degree",NA,1260,"unknown","san luis obispo",35.1568005546081,-120.296729467931,1
"1297",34,6,37,25000,"male",13,"White only","no 4-year degree",1,629,"los angeles","los angeles",34.2237658466979,-118.072645725808,1
"1298",28,6,37,0,"female",13,"Black only","no 4-year degree",0,401,"los angeles","los angeles",34.0254782864978,-117.828570149372,1
"1299",35,6,0,100000,"female",14,"Black only","no 4-year degree",1,1237,"unknown","los angeles",34.0630574167461,-118.230540658246,1
"1300",32,6,59,28000,"female",12,"White only","no 4-year degree",1,963,"orange","orange",33.751742623012,-117.693914005027,1
"1301",32,6,37,0,"male",18,"Asian only","4-year degree",NA,207,"los angeles","los angeles",34.05253853973,-118.276725910489,1
"1302",33,6,67,28500,"female",18,"Asian only","4-year degree",1,1451,"sacramento","sacramento",38.3016864365968,-121.35685437408,1
"1303",32,6,59,11000,"male",8,"White only","no 4-year degree",1,960,"orange","orange",33.7536815465739,-117.735365706755,1
"1304",29,6,59,180000,"male",16,"White only","4-year degree",1,857,"orange","orange",33.8049730346598,-117.734470491774,1
"1305",33,6,29,36000,"male",14,"White only","no 4-year degree",1,34,"kern","kern",35.0484773773473,-118.617555391853,1
"1306",35,6,111,200000,"male",12,"White only","no 4-year degree",1,1090,"ventura","ventura",34.4889976409142,-119.24350496163,1
"1307",32,6,73,36300,"female",16,"White only","4-year degree",1,1583,"san diego","san diego",32.9836247298634,-117.084279540988,1
"1308",27,6,0,0,"female",16,"Black only","4-year degree",NA,1812,"unknown","los angeles",34.0472698026839,-118.632895345333,1
"1309",30,6,37,0,"female",12,"Asian only","no 4-year degree",NA,216,"los angeles","los angeles",34.0963247150626,-118.358316916947,1
"1310",26,6,67,12000,"female",13,"White only","no 4-year degree",1,1440,"sacramento","sacramento",38.2342676292245,-121.658600301286,1
"1311",27,6,0,0,"female",13,"White only","no 4-year degree",0,1337,"unknown","alameda",37.6291492456515,-121.830567334135,1
"1312",26,6,0,68000,"male",13,"White only","no 4-year degree",1,1226,"unknown","san diego",32.9456147723054,-116.91823614945,1
"1313",32,6,37,26000,"male",16,"White only","4-year degree",1,326,"los angeles","los angeles",33.8785990415556,-118.149576329548,1
"1314",28,6,83,18200,"male",18,"White only","4-year degree",1,2140,"santa barbara","santa barbara",34.7763523734688,-119.929343932551,1
"1315",32,6,37,90000,"female",18,"White only","4-year degree",1,227,"los angeles","los angeles",34.0366728493116,-118.328202448563,1
"1316",28,6,0,0,"female",12,"White only","no 4-year degree",NA,1365,"unknown","san diego",33.2523129149248,-117.325397924244,1
"1317",33,6,97,60000,"male",12,"White only","no 4-year degree",1,2162,"sonoma","sonoma",38.6029417077256,-123.110196226084,1
"1318",29,6,1,0,"male",12,"Black only","no 4-year degree",NA,1734,"alameda","alameda",37.7239759086461,-122.015243948272,1
"1319",34,6,0,16000,"female",14,"Asian only","no 4-year degree",1,1981,"unknown","alameda",37.6739574282112,-121.981485504311,1
"1320",33,6,77,35000,"male",12,"Asian only","no 4-year degree",1,2210,"san joaquin","san joaquin",38.0471258323277,-121.433201280383,1
"1321",25,6,37,30000,"female",13,"White only","no 4-year degree",1,571,"los angeles","los angeles",34.1362719669341,-118.153271958084,1
"1322",32,6,53,13000,"female",12,"White only","no 4-year degree",NA,1479,"monterey","monterey",36.2233809804365,-121.224194094039,1
"1323",27,6,29,55000,"male",13,"White only","no 4-year degree",1,36,"kern","kern",35.3050564286525,-119.688698552638,1
"1324",27,6,59,12000,"male",9,"White only","no 4-year degree",1,855,"orange","orange",33.717436307667,-117.821406796476,1
"1325",31,6,37,0,"female",12,"Black only","no 4-year degree",NA,830,"los angeles","los angeles",34.0708017134672,-118.429456145223,1
"1326",25,6,83,55000,"female",16,"White only","4-year degree",1,2125,"santa barbara","santa barbara",34.5592059216993,-119.966465722445,1
"1327",32,6,1,40000,"male",18,"White only","4-year degree",1,1708,"alameda","alameda",37.6711202298917,-121.932867957435,1
"1328",28,6,1,7000,"male",18,"White only","4-year degree",1,1715,"alameda","alameda",37.68602714889,-122.037996349989,1
"1329",31,6,37,40000,"female",13,"White only","no 4-year degree",1,592,"los angeles","los angeles",33.8919403238909,-118.21934474421,1
"1330",26,6,59,6000,"male",16,"Black only","4-year degree",1,1026,"orange","orange",33.6997656842116,-117.717058463261,1
"1331",35,6,0,60000,"male",12,"White only","no 4-year degree",1,1151,"unknown","monterey",36.2463333986877,-121.271136789402,1
"1332",35,6,83,60000,"female",14,"Asian only","no 4-year degree",1,2128,"santa barbara","santa barbara",34.6597093005079,-120.264742344753,1
"1333",30,6,53,70000,"female",16,"White only","4-year degree",1,1486,"monterey","monterey",36.3735829620534,-121.586637134758,1
"1334",32,6,107,15000,"male",12,"White only","no 4-year degree",0,2259,"tulare","tulare",36.3676810614407,-118.645646346209,1
"1335",27,6,77,30000,"male",13,"Asian only","no 4-year degree",1,2176,"san joaquin","san joaquin",37.9390345370363,-121.403549689686,1
"1336",26,6,0,60000,"female",16,"Asian only","4-year degree",1,2098,"unknown","orange",33.5761791311006,-117.607543108636,1
"1337",33,6,0,32000,"male",11,"White only","no 4-year degree",0,1184,"unknown","los angeles",33.9938717188564,-118.261363478896,1
"1338",28,6,81,0,"female",20,"White-AI","4-year degree",NA,1913,"san mateo","san mateo",37.368900362842,-122.270814272893,1
"1339",35,6,0,0,"male",12,"White only","no 4-year degree",0,1171,"unknown","sonoma",38.4073828315738,-122.614533054362,1
"1340",33,6,0,20000,"male",12,"White only","no 4-year degree",1,1322,"unknown","los angeles",34.0944385423605,-118.288738785664,1
"1341",32,6,37,0,"female",13,"White only","no 4-year degree",NA,667,"los angeles","los angeles",34.2174898296977,-118.404476873347,1
"1342",26,6,37,0,"female",9,"White only","no 4-year degree",NA,687,"los angeles","los angeles",34.2169394814732,-118.158148495945,1
"1343",35,6,0,70000,"male",13,"White only","no 4-year degree",1,1125,"unknown","kern",35.3260103199442,-119.293536891905,1
"1344",31,6,31,30000,"female",12,"Black only","no 4-year degree",1,173,"kings","kings",36.1305191817953,-119.750089834621,1
"1345",27,6,73,65000,"male",11,"White only","no 4-year degree",1,1638,"san diego","san diego",32.9755228448191,-117.130052067879,1
"1346",30,6,37,39600,"male",12,"White only","no 4-year degree",1,302,"los angeles","los angeles",34.0454741661514,-118.320727483238,1
"1347",28,6,19,14000,"female",18,"White only","4-year degree",1,138,"fresno","fresno",36.9744679873774,-119.448550847276,1
"1348",35,6,37,103000,"female",16,"White only","4-year degree",1,505,"los angeles","los angeles",34.071002566409,-118.283351180884,1
"1349",29,6,37,120000,"female",16,"White only","4-year degree",1,379,"los angeles","los angeles",34.0178633569426,-118.211155808723,1
"1350",28,6,59,20000,"male",12,"Asian only","no 4-year degree",1,911,"orange","orange",33.7073914827109,-117.651685381542,1
"1351",32,6,59,40000,"male",12,"White only","no 4-year degree",1,885,"orange","orange",33.6938784600266,-117.765392944956,1
"1352",28,6,37,63600,"female",16,"White only","4-year degree",1,241,"los angeles","los angeles",34.1003702682553,-118.348796102871,1
"1353",28,6,37,100000,"male",16,"White only","4-year degree",1,372,"los angeles","los angeles",34.1171842657136,-118.23275053699,1
"1354",25,6,1,26802,"male",11,"White only","no 4-year degree",1,1767,"alameda","alameda",37.6285290446012,-121.847664879209,1
"1355",32,6,37,40000,"male",16,"American Indian, Alaskan Native only (AI)","4-year degree",1,292,"los angeles","los angeles",34.0631357264547,-118.360242852973,1
"1356",34,6,19,16000,"male",13,"White only","no 4-year degree",1,120,"fresno","fresno",36.6364612295666,-119.941382837669,1
"1357",31,6,0,20000,"male",9,"White only","no 4-year degree",1,1859,"unknown","los angeles",33.8975910753989,-118.250412497467,1
"1358",30,6,37,0,"male",12,"Asian only","no 4-year degree",0,766,"los angeles","los angeles",33.9336534349489,-118.329716285059,1
"1359",32,6,59,19000,"female",12,"White only","no 4-year degree",1,1009,"orange","orange",33.6313336573045,-117.805197693313,1
"1360",25,6,73,20000,"female",11,"White-Black-Asian","no 4-year degree",1,1560,"san diego","san diego",33.0143924565154,-116.98180678637,1
"1361",31,6,59,30000,"male",12,"White only","no 4-year degree",1,1008,"orange","orange",33.6888457002054,-117.678519486247,1
"1362",30,6,107,0,"male",11,"White only","no 4-year degree",NA,2256,"tulare","tulare",36.4182235410556,-118.576760640227,1
"1363",34,6,59,0,"male",11,"White only","no 4-year degree",NA,947,"orange","orange",33.7331531185628,-117.733403074019,1
"1364",27,6,59,0,"female",13,"White only","no 4-year degree",NA,1007,"orange","orange",33.6529090292397,-117.762687447078,1
"1365",32,6,75,0,"male",18,"White only","4-year degree",NA,1883,"san francisco","san francisco",37.7566872723698,-122.409695510869,1
"1366",29,6,79,50000,"male",18,"White only","4-year degree",1,2099,"san luis obispo","san luis obispo",35.218274782886,-120.162891075392,1
"1367",26,6,0,23000,"female",16,"White only","4-year degree",1,1259,"unknown","los angeles",33.9945809372069,-118.384515916968,1
"1368",32,6,0,0,"female",12,"White only","no 4-year degree",NA,1279,"unknown","san francisco",37.7315087765458,-122.389040047615,1
"1369",31,6,59,38000,"female",12,"White only","no 4-year degree",1,1006,"orange","orange",33.6302166399432,-117.650922724928,1
"1370",35,6,37,11400,"female",13,"White only","no 4-year degree",1,599,"los angeles","los angeles",34.046291657078,-118.465672552312,1
"1371",27,6,89,0,"female",11,"American Indian, Alaskan Native only (AI)","no 4-year degree",0,1114,"shasta","shasta",40.8429127757513,-122.432263015332,1
"1372",31,6,0,1440,"male",16,"Asian only","4-year degree",1,79,"unknown","santa cruz",36.9994025722742,-121.905555993855,1
"1373",26,6,1,220000,"male",18,"Asian only","4-year degree",1,1780,"alameda","alameda",37.6237740924371,-121.996016168926,1
"1374",26,6,0,50000,"female",16,"Asian only","4-year degree",1,2071,"unknown","los angeles",33.9564683038392,-118.384678675254,1
"1375",31,6,37,125000,"female",16,"Asian only","4-year degree",1,651,"los angeles","los angeles",34.0420475496537,-118.365936963618,1
"1376",32,6,75,135000,"male",18,"White only","4-year degree",1,1873,"san francisco","san francisco",37.7491955282365,-122.408645585951,1
"1377",31,6,111,0,"female",11,"White only","no 4-year degree",NA,1062,"ventura","ventura",34.1822023087204,-118.674311801615,1
"1378",34,6,37,120000,"female",16,"Black only","4-year degree",1,438,"los angeles","los angeles",33.9955305925088,-118.277938658947,1
"1379",33,6,37,35000,"male",13,"White only","no 4-year degree",1,661,"los angeles","los angeles",34.0750215886356,-118.59821617483,1
"1380",28,6,0,0,"female",18,"Asian only","4-year degree",NA,2095,"unknown","los angeles",34.1185584574292,-118.154141389785,1
"1381",31,6,0,14500,"female",20,"Asian only","4-year degree",1,2081,"unknown","san diego",33.1848494277987,-116.989267311932,1
"1382",32,6,99,86000,"male",16,"White only","4-year degree",1,1034,"stanislaus","stanislaus",37.2459925282525,-121.411087647183,1
"1383",25,6,73,15500,"male",12,"White only","no 4-year degree",1,1609,"san diego","san diego",33.0556300237675,-117.082644140795,1
"1384",25,6,37,10000,"male",18,"Black-Asian","4-year degree",1,773,"los angeles","los angeles",34.0664142377348,-118.166960812054,1
"1385",27,6,75,60000,"female",18,"White only","4-year degree",1,1887,"san francisco","san francisco",37.784763259344,-122.348471997079,1
"1386",29,6,1,8000,"male",16,"Asian only","4-year degree",1,1727,"alameda","alameda",37.6460472689533,-121.847762329648,1
"1387",31,6,1,125000,"female",18,"Asian only","4-year degree",1,1683,"alameda","alameda",37.6074415408514,-121.835309390921,1
"1388",33,6,111,27000,"female",12,"White only","no 4-year degree",1,1093,"ventura","ventura",34.4461669043111,-119.213369613356,1
"1389",34,6,77,37800,"female",12,"White only","no 4-year degree",1,2188,"san joaquin","san joaquin",38.0471352684545,-121.280424047803,1
"1390",25,6,37,6000,"female",14,"Asian only","no 4-year degree",1,735,"los angeles","los angeles",34.0858907064739,-118.383167892098,1
"1391",31,6,0,40000,"female",12,"Black only","no 4-year degree",1,1249,"unknown","san diego",32.8483728168044,-117.116757950109,1
"1392",28,6,0,0,"male",16,"Asian only","4-year degree",NA,1971,"unknown","san diego",33.0659690750708,-117.277905190411,1
"1393",26,6,95,42000,"male",12,"White only","no 4-year degree",1,2243,"solano","solano",38.2293644147124,-121.97447055556,1
"1394",34,6,0,72000,"female",16,"White only","4-year degree",1,2016,"unknown","fresno",36.8688991488906,-119.675443514878,1
"1395",34,6,31,15000,"female",12,"White only","no 4-year degree",1,171,"kings","kings",36.2248422782572,-119.615804930506,1
"1396",32,6,19,48000,"male",14,"White only","no 4-year degree",1,143,"fresno","fresno",36.8089225832944,-119.685684694797,1
"1397",29,6,37,32240,"female",12,"White only","no 4-year degree",1,584,"los angeles","los angeles",34.1737387845253,-118.409053191986,1
"1398",34,6,67,0,"female",13,"Asian only","no 4-year degree",NA,1432,"sacramento","sacramento",38.2734922280249,-121.496904316349,1
"1399",27,6,59,70000,"female",16,"White only","4-year degree",1,958,"orange","orange",33.6897275039374,-117.751089711859,1
"1400",26,6,37,75000,"male",13,"White only","no 4-year degree",1,555,"los angeles","los angeles",34.0416696310651,-118.349779890986,1
"1401",29,6,0,30000,"male",16,"White only","4-year degree",1,80,"unknown","tulare",36.37851878526,-118.861875461759,1
"1402",32,6,37,60000,"male",14,"White only","no 4-year degree",1,600,"los angeles","los angeles",33.8808606355456,-118.284996833155,1
"1403",27,6,59,40000,"male",12,"White only","no 4-year degree",1,971,"orange","orange",33.5795208980464,-117.736751562117,1
"1404",26,6,73,14000,"male",14,"White-AI","no 4-year degree",0,1643,"san diego","san diego",32.8234075027697,-117.135876067268,1
"1405",28,6,19,52000,"female",14,"White only","no 4-year degree",1,118,"fresno","fresno",36.6772386500323,-119.226066470795,1
"1406",33,6,53,45000,"male",8,"White only","no 4-year degree",1,1483,"monterey","monterey",36.3609744659732,-121.362499975842,1
"1407",25,6,37,20000,"female",16,"White only","4-year degree",1,642,"los angeles","los angeles",34.0902149047474,-118.224221839053,1
"1408",29,6,75,125000,"female",18,"Asian only","4-year degree",1,1878,"san francisco","san francisco",37.7861159263274,-122.416007545746,1
"1409",26,6,73,3760,"female",16,"White only","4-year degree",1,1622,"san diego","san diego",32.9003668093833,-117.198369213946,1
"1410",29,6,81,50000,"male",20,"Asian only","4-year degree",1,1930,"san mateo","san mateo",37.532473554199,-122.348883973193,1
"1411",27,6,0,45000,"female",13,"White only","no 4-year degree",1,1241,"unknown","los angeles",33.8184611740335,-118.382271363425,1
"1412",31,6,37,30500,"female",13,"White only","no 4-year degree",1,431,"los angeles","los angeles",34.0735857250625,-118.460594560159,1
"1413",27,6,0,35000,"female",16,"White only","4-year degree",1,1145,"unknown","santa barbara",34.6418310741146,-120.080444135904,1
"1414",28,6,77,25000,"male",12,"American Indian, Alaskan Native only (AI)","no 4-year degree",1,2190,"san joaquin","san joaquin",38.0818809059659,-121.363086922765,1
"1415",32,6,37,0,"female",14,"White only","no 4-year degree",NA,794,"los angeles","los angeles",34.0637115702964,-118.301811945042,1
"1416",30,6,0,0,"male",16,"Black only","4-year degree",NA,1961,"unknown","kern",35.1665107770829,-119.498032347821,1
"1417",30,6,75,175000,"male",18,"White only","4-year degree",1,1866,"san francisco","san francisco",37.7584081252135,-122.38000638954,1
"1418",33,6,0,60000,"female",14,"White only","no 4-year degree",1,1126,"unknown","los angeles",33.9772470389207,-118.285943157683,1
"1419",26,6,0,130000,"male",16,"Asian only","4-year degree",1,1991,"unknown","los angeles",34.010945569127,-118.394895497326,1
"1420",33,6,37,24000,"male",14,"White only","no 4-year degree",1,274,"los angeles","los angeles",34.1654739979017,-118.360289461451,1
"1421",27,6,37,15000,"male",18,"Asian only","4-year degree",NA,350,"los angeles","los angeles",33.8792187736289,-118.225059495889,1
"1422",31,6,0,0,"female",14,"White only","no 4-year degree",1,1096,"unknown","san francisco",37.7816627782472,-122.470508141736,1
"1423",25,6,37,46800,"male",12,"White only","no 4-year degree",1,789,"los angeles","los angeles",34.0518869686761,-118.349498585286,1
"1424",33,6,0,41000,"male",14,"White only","no 4-year degree",1,2219,"unknown","los angeles",34.2203840162503,-118.261464079394,1
"1425",26,6,73,5000,"female",13,"White only","no 4-year degree",1,1625,"san diego","san diego",33.0979971411417,-117.039305420008,1
"1426",32,6,7,16000,"female",16,"White only","4-year degree",1,52,"butte","butte",39.606594681376,-121.47684313502,1
"1427",30,6,37,40000,"male",14,"White only","no 4-year degree",1,657,"los angeles","los angeles",34.0025112188427,-117.9074460697,1
"1428",32,6,37,0,"female",13,"White only","no 4-year degree",NA,336,"los angeles","los angeles",34.1920428872169,-118.394551476892,1
"1429",32,6,59,95000,"female",18,"White only","4-year degree",1,1022,"orange","orange",33.6895216074169,-117.639501664129,1
"1430",33,6,37,56000,"male",13,"White only","no 4-year degree",1,335,"los angeles","los angeles",34.1486015902112,-118.440997073328,1
"1431",30,6,37,29440,"female",12,"White only","no 4-year degree",1,819,"los angeles","los angeles",33.9825601877029,-118.141232084215,1
"1432",31,6,0,52000,"male",16,"White only","4-year degree",1,1298,"unknown","san mateo",37.4584695126915,-122.343658306526,1
"1433",28,6,0,0,"female",12,"White only","no 4-year degree",NA,1288,"unknown","alameda",37.661013156941,-122.012395961831,1
"1434",30,6,37,600,"male",16,"Black only","4-year degree",1,682,"los angeles","los angeles",34.0087170374079,-118.152953498546,1
"1435",26,6,37,50000,"female",14,"White only","no 4-year degree",NA,531,"los angeles","los angeles",34.1608800917197,-118.229257788076,1
"1436",34,6,59,78000,"male",16,"White only","4-year degree",1,931,"orange","orange",33.7062425731265,-117.751420866407,1
"1437",27,6,73,0,"male",12,"Asian only","no 4-year degree",1,1672,"san diego","san diego",33.2348243411196,-117.333633193329,1
"1438",35,6,73,0,"female",16,"Asian only","4-year degree",NA,1660,"san diego","san diego",33.2402990588655,-117.251465157642,1
"1439",30,6,37,2000,"male",12,"Black only","no 4-year degree",1,715,"los angeles","los angeles",33.9128658071336,-118.264271654642,1
"1440",33,6,107,40000,"male",12,"White only","no 4-year degree",NA,2267,"tulare","tulare",36.4283155136058,-118.629500811474,1
"1441",35,6,37,100000,"female",18,"Asian only","4-year degree",1,798,"los angeles","los angeles",34.1405729284007,-118.286722313781,1
"1442",31,6,37,100000,"female",16,"White only","4-year degree",1,463,"los angeles","los angeles",34.3241915984051,-118.536962456345,1
"1443",28,6,0,100000,"female",16,"White only","4-year degree",1,1239,"unknown","san mateo",37.4328487337191,-122.301535366415,1
"1444",34,6,81,111000,"male",13,"Asian only","no 4-year degree",1,1936,"san mateo","san mateo",37.3979060189752,-122.264708391949,1
"1445",30,6,75,0,"female",14,"White only","no 4-year degree",NA,1901,"san francisco","san francisco",37.7697688597873,-122.407879784153,1
"1446",34,6,1,49000,"male",12,"White only","no 4-year degree",1,1762,"alameda","alameda",37.6548780981321,-121.90900488997,1
"1447",30,6,37,50000,"male",12,"Asian only","no 4-year degree",1,738,"los angeles","los angeles",34.1104092060086,-118.393363921449,1
"1448",29,6,79,45000,"female",16,"White only","4-year degree",1,2106,"san luis obispo","san luis obispo",35.3534027157598,-120.633385521377,1
"1449",28,6,0,0,"male",16,"White only","4-year degree",NA,1371,"unknown","kern",35.3569139274946,-118.361059222054,1
"1450",31,6,113,110000,"female",20,"White only","4-year degree",1,1475,"yolo","yolo",38.5703061128761,-121.786906398114,1
"1451",34,6,0,0,"female",12,"White only","no 4-year degree",NA,1205,"unknown","san joaquin",37.9949005926606,-121.297869576418,1
"1452",27,6,37,10000,"male",13,"White only","no 4-year degree",1,202,"los angeles","los angeles",34.0395810676506,-118.363487847799,1
"1453",35,6,73,30000,"female",13,"Black only","no 4-year degree",1,1671,"san diego","san diego",33.27273726707,-117.350762202861,1
"1454",35,6,73,40000,"male",16,"Asian only","4-year degree",1,1508,"san diego","san diego",32.9989606962727,-116.945839007108,1
"1455",25,6,0,40000,"female",12,"White only","no 4-year degree",1,1278,"unknown","kings",36.1759430686787,-119.859167643141,1
"1456",25,6,0,50000,"female",13,"White only","no 4-year degree",1,1324,"unknown","orange",33.7221347525702,-117.768737032773,1
"1457",30,6,37,32000,"male",12,"White only","no 4-year degree",1,708,"los angeles","los angeles",34.0478824421802,-118.33621065128,1
"1458",32,6,0,36000,"male",11,"White only","no 4-year degree",1,1276,"unknown","orange",33.6551931062366,-117.753993196536,1
"1459",35,6,81,120000,"male",16,"Asian only","4-year degree",1,1955,"san mateo","san mateo",37.4116562973957,-122.303438039424,1
"1460",30,6,99,65000,"female",13,"White only","no 4-year degree",1,1036,"stanislaus","stanislaus",37.3769613454898,-121.248712619019,1
"1461",29,6,77,0,"male",12,"White only","no 4-year degree",0,2193,"san joaquin","san joaquin",38.0035291086259,-121.289761323246,1
"1462",30,6,0,0,"male",12,"White only","no 4-year degree",NA,67,"unknown","kings",36.1882124385731,-119.54175341221,1
"1463",32,6,19,202000,"male",13,"Black only","no 4-year degree",1,107,"fresno","fresno",36.9008989451692,-119.618031784103,1
"1464",28,6,1,51400,"female",12,"White only","no 4-year degree",1,1757,"alameda","alameda",37.5946584637846,-121.793569663108,1
"1465",33,6,73,8200,"female",18,"White only","4-year degree",1,1636,"san diego","san diego",33.0900197700854,-117.155668603333,1
"1466",33,6,29,120000,"male",16,"White only","4-year degree",1,11,"kern","kern",35.2637959205781,-119.58049953531,1
"1467",29,6,0,70000,"male",16,"White only","4-year degree",1,94,"unknown","los angeles",33.9754000608896,-117.909003788667,1
"1468",28,6,67,0,"male",12,"Black only","no 4-year degree",NA,1415,"sacramento","sacramento",38.2765879143973,-121.55644132193,1
"1469",31,6,37,42000,"female",16,"Asian only","4-year degree",1,772,"los angeles","los angeles",33.9454884541082,-118.291321931331,1
"1470",31,6,37,63000,"female",16,"Black only","4-year degree",1,180,"los angeles","los angeles",34.0098891479451,-118.442879029103,1
"1471",30,6,37,0,"female",12,"White only","no 4-year degree",1,569,"los angeles","los angeles",34.2442793963713,-118.296778122041,1
"1472",28,6,37,36000,"male",16,"White only","4-year degree",1,699,"los angeles","los angeles",33.9898111258771,-118.270200336757,1
"1473",29,6,73,52000,"male",16,"White only","4-year degree",NA,1601,"san diego","san diego",32.9286378750777,-117.177348578982,1
"1474",28,6,0,55331,"male",12,"Asian only","no 4-year degree",1,1830,"unknown","san francisco",37.7351692905205,-122.413426620656,1
"1475",34,6,59,68000,"male",13,"White only","no 4-year degree",1,980,"orange","orange",33.7113776665011,-117.676073784597,1
"1476",33,6,111,16000,"female",13,"White only","no 4-year degree",1,1077,"ventura","ventura",34.5471604496886,-119.106689727284,1
"1477",32,6,37,0,"female",11,"White only","no 4-year degree",NA,720,"los angeles","los angeles",34.0794695781386,-118.184102675181,1
"1478",28,6,73,29000,"female",12,"White only","no 4-year degree",1,1574,"san diego","san diego",32.9993026037709,-117.074621980446,1
"1479",35,6,0,0,"male",14,"Asian only","no 4-year degree",NA,1982,"unknown","los angeles",34.0492491280796,-118.176305752945,1
"1480",28,6,77,9000,"female",12,"American Indian, Alaskan Native only (AI)","no 4-year degree",1,2189,"san joaquin","san joaquin",38.0215383257836,-121.402436506075,1
"1481",31,6,0,50000,"male",13,"White only","no 4-year degree",1,1243,"unknown","kings",36.3210618333685,-119.73677509704,1
"1482",33,6,37,25000,"male",18,"Black only","4-year degree",1,742,"los angeles","los angeles",33.9880000673942,-118.262545932028,1
"1483",31,6,37,25000,"female",16,"White only","4-year degree",1,512,"los angeles","los angeles",34.0196063313275,-118.363337367792,1
"1484",33,6,37,33800,"female",12,"White only","no 4-year degree",1,240,"los angeles","los angeles",33.8582034940966,-118.372758739197,1
"1485",29,6,0,20000,"female",18,"White only","4-year degree",1,1146,"unknown","orange",33.7661402401574,-117.865498616708,1
"1486",35,6,0,120000,"male",16,"White only","4-year degree",1,1978,"unknown","ventura",34.5011079706892,-119.085286684611,1
"1487",30,6,59,60000,"male",11,"White only","no 4-year degree",1,1016,"orange","orange",33.7410103548856,-117.805264752135,1
"1488",28,6,37,0,"female",13,"White only","no 4-year degree",1,187,"los angeles","los angeles",33.979057184993,-118.391727430006,1
"1489",32,6,67,0,"male",13,"White only","no 4-year degree",NA,1427,"sacramento","sacramento",38.3081273394263,-121.267334945635,1
"1490",29,6,77,8000,"female",14,"Asian only","no 4-year degree",1,2172,"san joaquin","san joaquin",37.9598516160237,-121.392192393655,1
"1491",31,6,0,60000,"male",16,"White only","4-year degree",1,1182,"unknown","los angeles",33.9231611092563,-118.336445715606,1
"1492",32,6,0,15000,"male",8,"White only","no 4-year degree",1,1140,"unknown","sacramento",38.2823204537245,-121.508738519839,1
"1493",28,6,0,150000,"male",18,"Asian only","4-year degree",1,2086,"unknown","kern",35.2179243917097,-119.273383336484,1
"1494",35,6,0,21000,"female",13,"White only","no 4-year degree",1,1345,"unknown","sacramento",38.3499788534121,-121.547133210455,1
"1495",34,6,0,0,"male",12,"White only","no 4-year degree",1,74,"unknown","san diego",32.8352361877671,-117.094439963959,1
"1496",25,6,0,0,"female",12,"White only","no 4-year degree",NA,2225,"unknown","alameda",37.6433339443735,-121.96829241878,1
"1497",35,6,0,25000,"female",12,"White only","no 4-year degree",NA,1819,"unknown","stanislaus",37.6550055239317,-121.040299126433,1
"1498",31,6,0,10000,"female",12,"White only","no 4-year degree",1,1861,"unknown","los angeles",34.0659631569248,-118.29165779696,1
"1499",34,6,59,11400,"female",10,"White only","no 4-year degree",1,997,"orange","orange",33.7610783590132,-117.732707245942,1
"1500",34,6,73,30300,"male",16,"White only","4-year degree",1,1573,"san diego","san diego",33.3519185009676,-116.291763773772,1
"1501",31,6,0,0,"male",12,"American Indian, Alaskan Native only (AI)","no 4-year degree",NA,2217,"unknown","sacramento",38.3594169635319,-121.446261257194,1
"1502",30,6,0,50000,"female",13,"White only","no 4-year degree",1,1343,"unknown","los angeles",34.2568154697852,-118.408097134767,1
"1503",33,6,97,0,"female",14,"White only","no 4-year degree",1,2164,"sonoma","sonoma",38.5864486212643,-122.960880559199,1
"1504",35,6,73,17000,"male",12,"White only","no 4-year degree",1,1619,"san diego","san diego",32.9555566169767,-117.177719296365,1
"1505",34,6,107,0,"female",11,"White only","no 4-year degree",NA,2261,"tulare","tulare",36.2906852696443,-118.578656940933,1
"1506",28,6,0,60000,"male",16,"Asian only","4-year degree",1,1283,"unknown","ventura",34.6020674236799,-119.189646891647,1
"1507",28,6,37,10000,"female",12,"White only","no 4-year degree",1,608,"los angeles","los angeles",34.0308481653439,-118.209260014391,1
"1508",31,6,37,36000,"male",13,"White only","no 4-year degree",1,191,"los angeles","los angeles",33.9860043678423,-118.250689708295,1
"1509",30,6,83,0,"female",13,"White only","no 4-year degree",NA,2138,"santa barbara","santa barbara",34.6944473330607,-119.959168197853,1
"1510",30,6,59,40000,"male",9,"White only","no 4-year degree",1,1005,"orange","orange",33.7582991055099,-117.703815145267,1
"1511",29,6,37,30000,"male",16,"Asian only","4-year degree",1,491,"los angeles","los angeles",34.0272293238708,-118.287268966247,1
"1512",35,6,19,0,"female",12,"White only","no 4-year degree",NA,117,"fresno","fresno",36.7973772596046,-119.791816644843,1
"1513",30,6,95,20000,"male",12,"White only","no 4-year degree",1,2253,"solano","solano",38.2078651818185,-121.953836608027,1
"1514",30,6,37,0,"male",12,"White-Asian","no 4-year degree",0,619,"los angeles","los angeles",34.1163839947065,-118.353745847498,1
"1515",29,6,0,25000,"female",12,"White only","no 4-year degree",1,72,"unknown","los angeles",34.1963198912798,-118.115724735262,1
"1516",26,6,81,0,"male",16,"White only","4-year degree",NA,1925,"san mateo","san mateo",37.3957067223519,-122.334232776046,1
"1517",32,6,19,200000,"male",20,"White only","4-year degree",1,134,"fresno","fresno",37.0553775289886,-119.293537679863,1
"1518",35,6,37,35000,"female",9,"Black only","no 4-year degree",1,612,"los angeles","los angeles",34.1765092007482,-118.600460821078,1
"1519",31,6,0,112000,"male",16,"White only","4-year degree",1,1817,"unknown","san mateo",37.3869995723105,-122.250382711528,1
"1520",31,6,37,0,"male",12,"Asian only","no 4-year degree",NA,807,"los angeles","los angeles",34.1157260263768,-118.521280793411,1
"1521",31,6,19,0,"female",11,"White only","no 4-year degree",1,137,"fresno","fresno",36.8120891622499,-119.667479990935,1
"1522",29,6,0,0,"male",12,"White only","no 4-year degree",NA,1178,"unknown","ventura",34.6216251195252,-119.1630305253,1
"1523",29,6,0,0,"male",13,"White only","no 4-year degree",NA,1977,"unknown","butte",39.8651870996147,-121.480656640219,1
"1524",28,6,31,0,"female",11,"White only","no 4-year degree",NA,162,"kings","kings",36.1019858180143,-119.83995109369,1
"1525",35,6,67,125000,"female",16,"White only","4-year degree",1,1399,"sacramento","sacramento",38.4207029605748,-121.444102859993,1
"1526",31,6,59,34000,"female",13,"White only","no 4-year degree",1,1001,"orange","orange",33.6420793814459,-117.786821018895,1
"1527",30,6,59,25000,"female",13,"White only","no 4-year degree",1,862,"orange","orange",33.7258940165469,-117.862180022356,1
"1528",31,6,0,30000,"female",14,"White-Black","no 4-year degree",1,1263,"unknown","orange",33.6921537848295,-117.7176441693,1
"1529",27,6,37,40000,"male",12,"White only","no 4-year degree",1,317,"los angeles","los angeles",34.0105001854165,-118.17049672335,1
"1530",28,6,37,30000,"male",12,"White only","no 4-year degree",1,618,"los angeles","los angeles",34.0617409778176,-118.212944747545,1
"1531",34,6,73,70000,"male",9,"White only","no 4-year degree",1,1645,"san diego","san diego",33.0290701945485,-117.28895948802,1
"1532",35,6,0,35000,"female",13,"White only","no 4-year degree",1,2003,"unknown","sacramento",38.4175661317276,-121.488347343729,1
"1533",26,6,37,50000,"male",13,"American Indian, Alaskan Native only (AI)","no 4-year degree",1,267,"los angeles","los angeles",34.0905451079512,-118.303615649343,1
"1534",33,6,37,0,"female",12,"White only","no 4-year degree",NA,784,"los angeles","los angeles",33.9792568071058,-118.39618578303,1
"1535",26,6,37,0,"female",16,"White only","4-year degree",1,194,"los angeles","los angeles",34.1993473906732,-118.522490648508,1
"1536",28,6,37,22000,"female",13,"White only","no 4-year degree",1,803,"los angeles","los angeles",33.9362274218558,-118.267902160226,1
"1537",34,6,81,0,"female",11,"Asian only","no 4-year degree",NA,1935,"san mateo","san mateo",37.3688028588071,-122.220485684406,1
"1538",30,6,0,0,"female",16,"Asian only","4-year degree",NA,2075,"unknown","sacramento",38.3531085990504,-121.428363272638,1
"1539",31,6,1,150000,"male",18,"Asian only","4-year degree",1,1684,"alameda","alameda",37.6028562946733,-121.980937339752,1
"1540",29,6,67,26000,"female",14,"White only","no 4-year degree",1,1388,"sacramento","sacramento",38.4799003862855,-121.378378719044,1
"1541",35,6,7,40000,"male",12,"American Indian, Alaskan Native only (AI)","no 4-year degree",1,53,"butte","butte",39.7937438120712,-121.496165772673,1
"1542",30,6,73,20020,"male",12,"White only","no 4-year degree",1,1634,"san diego","san diego",33.1878568466217,-117.248785644924,1
"1543",25,6,0,0,"female",14,"American Indian, Alaskan Native only (AI)","no 4-year degree",NA,1143,"unknown","san francisco",37.7355186746547,-122.363362345049,1
"1544",29,6,0,190000,"male",16,"White-Asian","4-year degree",1,2022,"unknown","los angeles",34.0359228069744,-118.410090627347,1
"1545",26,6,37,34800,"male",18,"White only","4-year degree",1,426,"los angeles","los angeles",34.059246872019,-118.405651483505,1
"1546",28,6,111,24500,"female",13,"Asian only","no 4-year degree",1,1087,"ventura","ventura",34.6596729689635,-119.000971457662,1
"1547",27,6,37,1100,"female",12,"White only","no 4-year degree",1,310,"los angeles","los angeles",33.9693868232819,-118.163468773595,1
"1548",25,6,37,0,"male",12,"White only","no 4-year degree",1,694,"los angeles","los angeles",33.9994126911797,-118.101097993916,1
"1549",31,6,67,0,"female",13,"White only","no 4-year degree",NA,1429,"sacramento","sacramento",38.2994708707783,-121.499411484291,1
"1550",26,6,0,28000,"male",12,"White only","no 4-year degree",1,1258,"unknown","los angeles",34.0960633588625,-118.291261081992,1
"1551",29,6,37,60000,"female",18,"Asian only","4-year degree",1,747,"los angeles","los angeles",34.0503202710065,-118.237864107164,1
"1552",34,6,0,140000,"male",16,"Asian only","4-year degree",1,2031,"unknown","los angeles",34.0426553097302,-118.455218341734,1
"1553",31,6,73,65000,"female",16,"Asian only","4-year degree",1,1591,"san diego","san diego",32.9365639161979,-117.135556827228,1
"1554",28,6,59,113000,"male",18,"Asian only","4-year degree",1,1014,"orange","orange",33.7733075372691,-117.758863716034,1
"1555",28,6,31,34300,"male",11,"White only","no 4-year degree",1,163,"kings","kings",36.2602359493837,-119.707320402722,1
"1556",32,6,81,118000,"female",16,"White only","4-year degree",1,1915,"san mateo","san mateo",37.5208903226272,-122.310541646081,1
"1557",29,6,59,30000,"female",9,"White only","no 4-year degree",1,1004,"orange","orange",33.652583582491,-117.511752207333,1
"1558",28,6,37,50000,"male",12,"White only","no 4-year degree",1,547,"los angeles","los angeles",33.9530757156595,-118.122526296035,1
"1559",29,6,37,25000,"female",12,"White only","no 4-year degree",1,621,"los angeles","los angeles",33.9520366149038,-118.365096287243,1
"1560",25,6,37,0,"female",16,"Asian only","4-year degree",NA,218,"los angeles","los angeles",34.1781004789153,-118.335009209166,1
"1561",25,6,73,100000,"male",14,"White-HP","no 4-year degree",1,1675,"san diego","san diego",33.2806698097456,-117.332885005794,1
"1562",27,6,75,24000,"female",18,"Asian only","4-year degree",1,1908,"san francisco","san francisco",37.7445001199179,-122.392229916032,1
"1563",28,6,0,0,"male",13,"White only","no 4-year degree",1,1277,"unknown","kings",36.1563365917835,-119.604199951593,1
"1564",30,6,19,23000,"male",12,"White only","no 4-year degree",NA,136,"fresno","fresno",36.6185293056093,-119.924368461831,1
"1565",27,6,111,35000,"female",16,"White only","4-year degree",1,1092,"ventura","ventura",34.6635592034176,-119.188173142957,1
"1566",26,6,73,11822,"female",13,"White only","no 4-year degree",1,1555,"san diego","san diego",33.0785218296391,-117.084542716657,1
"1567",27,6,1,50000,"female",14,"Asian only","no 4-year degree",0,1732,"alameda","alameda",37.692353596194,-122.048546105254,1
"1568",33,6,0,59000,"male",11,"White only","no 4-year degree",1,2227,"unknown","los angeles",33.9159094790201,-118.356354244179,1
"1569",28,6,37,35000,"male",12,"Black only","no 4-year degree",1,756,"los angeles","los angeles",34.1578904457595,-118.453347636435,1
"1570",28,6,0,0,"female",13,"White only","no 4-year degree",NA,2036,"unknown","fresno",36.9512117805664,-119.466913502118,1
"1571",26,6,59,0,"male",12,"White only","no 4-year degree",1,903,"orange","orange",33.7326224522104,-117.748711253371,1
"1572",33,6,75,250000,"male",16,"White only","4-year degree",1,1893,"san francisco","san francisco",37.7568357915552,-122.389904743193,1
"1573",33,6,75,215000,"male",18,"Asian only","4-year degree",1,1871,"san francisco","san francisco",37.7858872426676,-122.427238581236,1
"1574",32,6,73,22000,"female",11,"White-AI","no 4-year degree",1,1641,"san diego","san diego",33.0676375559376,-117.247343197242,1
"1575",35,6,83,95000,"female",16,"White only","4-year degree",1,2145,"santa barbara","santa barbara",34.6930602750011,-120.126263072417,1
"1576",30,6,37,0,"female",12,"White only","no 4-year degree",NA,677,"los angeles","los angeles",34.036929880064,-118.097264799039,1
"1577",25,6,59,30000,"male",16,"Black only","4-year degree",1,932,"orange","orange",33.7175656317793,-117.694424180542,1
"1578",28,6,67,49400,"female",14,"White only","no 4-year degree",1,1419,"sacramento","sacramento",38.3324195201035,-121.511501532207,1
"1579",29,6,53,0,"male",16,"White only","4-year degree",NA,1490,"monterey","monterey",36.1558917573581,-121.045717491228,1
"1580",26,6,37,0,"male",12,"Black only","no 4-year degree",NA,757,"los angeles","los angeles",34.2247678129716,-118.385531839298,1
"1581",33,6,67,42301,"male",13,"White only","no 4-year degree",1,1394,"sacramento","sacramento",38.259042286255,-121.550016901196,1
"1582",28,6,37,50000,"female",16,"White only","4-year degree",1,348,"los angeles","los angeles",33.9045526284635,-118.298840584391,1
"1583",25,6,73,42000,"male",14,"White only","no 4-year degree",1,1553,"san diego","san diego",32.9778931693139,-117.206164726723,1
"1584",33,6,1,15000,"female",16,"White only","4-year degree",1,1802,"alameda","alameda",37.5881810343279,-121.952501183716,1
"1585",26,6,75,300000,"female",18,"Asian only","4-year degree",1,1903,"san francisco","san francisco",37.7707925665255,-122.416000316491,1
"1586",30,6,77,55000,"male",12,"Asian only","no 4-year degree",1,2196,"san joaquin","san joaquin",38.0075747644141,-121.047250640464,1
"1587",29,6,19,60000,"male",16,"White only","4-year degree",1,145,"fresno","fresno",36.7617807535754,-119.714501940842,1
"1588",26,6,59,0,"male",13,"White only","no 4-year degree",1,893,"orange","orange",33.6209785570265,-117.710279975,1
"1589",35,6,7,0,"male",12,"White only","no 4-year degree",NA,54,"butte","butte",39.697721856508,-121.560943967102,1
"1590",33,6,37,300000,"female",18,"White only","4-year degree",1,538,"los angeles","los angeles",34.1255601655412,-118.113333697409,1
"1591",33,6,59,5000,"female",12,"White only","no 4-year degree",1,1003,"orange","orange",33.7013132408222,-117.761358870654,1
"1592",28,6,59,27000,"male",13,"White only","no 4-year degree",1,844,"orange","orange",33.7064947864954,-117.650848327298,1
"1593",35,6,37,70000,"male",18,"Asian only","4-year degree",1,199,"los angeles","los angeles",34.0879665759497,-118.199336242963,1
"1594",25,6,77,0,"female",13,"White only","no 4-year degree",0,2175,"san joaquin","san joaquin",38.0302859415611,-121.293865482962,1
"1595",27,6,37,0,"male",16,"White only","4-year degree",NA,824,"los angeles","los angeles",33.9816788488114,-118.19935883641,1
"1596",28,6,53,20000,"female",14,"White only","no 4-year degree",1,1500,"monterey","monterey",36.3137350214704,-121.073378094832,1
"1597",35,6,99,0,"male",12,"White only","no 4-year degree",NA,1028,"stanislaus","stanislaus",37.3308545960551,-121.407140011548,1
"1598",28,6,0,16000,"female",13,"White only","no 4-year degree",1,1161,"unknown","san mateo",37.3793656019395,-122.22525353826,1
"1599",34,6,67,0,"female",16,"Hawaiian/Pacific Islander only (HP)","4-year degree",NA,1464,"sacramento","sacramento",38.3232807674365,-121.56015324482,1
"1600",29,6,37,15360,"male",12,"White only","no 4-year degree",1,714,"los angeles","los angeles",34.1453687272788,-118.375876919666,1
"1601",26,6,37,0,"male",20,"White only","4-year degree",NA,737,"los angeles","los angeles",34.1300435582616,-118.40876653383,1
"1602",25,6,37,35000,"male",13,"White only","no 4-year degree",1,833,"los angeles","los angeles",34.1212406494693,-118.645252197314,1
"1603",30,6,53,75000,"male",16,"White-Black","4-year degree",1,1485,"monterey","monterey",36.3055282330343,-121.393470294313,1
"1604",35,6,83,0,"female",12,"White only","no 4-year degree",1,2127,"santa barbara","santa barbara",34.5929257066122,-120.242689544615,1
"1605",26,6,0,52000,"male",16,"Asian only","4-year degree",1,1985,"unknown","tulare",36.5615839859959,-118.744631817046,1
"1606",27,6,87,30000,"male",16,"White only","4-year degree",1,2116,"santa cruz","santa cruz",37.1377919885487,-122.08390271001,1
"1607",31,6,107,35000,"female",16,"White only","4-year degree",1,2264,"tulare","tulare",36.5022577203725,-119.496751247518,1
"1608",34,6,59,0,"male",16,"White only","4-year degree",1,922,"orange","orange",33.7496550193807,-117.808656245372,1
"1609",34,6,37,40000,"male",13,"White only","no 4-year degree",1,709,"los angeles","los angeles",33.8857042311724,-118.09238034581,1
"1610",27,6,1,98000,"male",14,"White only","no 4-year degree",1,1721,"alameda","alameda",37.592276517912,-121.744025273443,1
"1611",27,6,0,0,"male",12,"White only","no 4-year degree",NA,1179,"unknown","sacramento",38.3951804756766,-121.347234052309,1
"1612",25,6,0,3000,"female",12,"Black-Asian","no 4-year degree",1,1829,"unknown","san luis obispo",35.273755592954,-120.249045832725,1
"1613",35,6,111,30000,"female",16,"White only","4-year degree",1,1083,"ventura","ventura",34.172159137631,-119.081380951496,1
"1614",28,6,0,65000,"male",12,"White only","no 4-year degree",1,1804,"unknown","fresno",36.8800494928189,-119.391241089444,1
"1615",31,6,59,65000,"female",16,"Asian only","4-year degree",1,995,"orange","orange",33.8569047297884,-117.74484941577,1
"1616",29,6,37,73050,"female",12,"Black only","no 4-year degree",1,829,"los angeles","los angeles",34.0067187937406,-118.271084011714,1
"1617",30,6,29,88000,"female",16,"White only","4-year degree",1,12,"kern","kern",35.4675548458757,-119.894769350449,1
"1618",27,6,77,45000,"male",13,"White only","no 4-year degree",1,2182,"san joaquin","san joaquin",37.9493772106301,-121.255608610896,1
"1619",26,6,37,25000,"male",14,"White only","no 4-year degree",1,179,"los angeles","los angeles",34.0577884101992,-118.19800071929,1
"1620",33,6,67,69400,"male",14,"White only","no 4-year degree",1,1418,"sacramento","sacramento",38.3485627095757,-121.534445348632,1
"1621",33,6,61,0,"female",12,"White only","no 4-year degree",NA,1382,"placer","placer",39.1364221137128,-120.663956126892,1
"1622",31,6,95,77000,"female",18,"White only","4-year degree",1,2245,"solano","solano",38.1616452444801,-122.044943453839,1
"1623",26,6,59,46800,"male",12,"White only","no 4-year degree",1,954,"orange","orange",33.7312672770765,-117.776393359473,1
"1624",32,6,81,120000,"male",16,"White only","4-year degree",1,1914,"san mateo","san mateo",37.5777801527813,-122.358694164163,1
"1625",32,6,37,100000,"male",18,"Asian only","4-year degree",1,253,"los angeles","los angeles",34.1441945808085,-118.302755708003,1
"1626",29,6,97,72000,"female",16,"White only","4-year degree",1,2156,"sonoma","sonoma",38.5937690603706,-122.749665024542,1
"1627",25,6,99,30000,"female",12,"White only","no 4-year degree",1,1050,"stanislaus","stanislaus",37.5128015961523,-120.995009369077,1
"1628",26,6,73,43000,"female",12,"White only","no 4-year degree",1,1513,"san diego","san diego",32.8726700466451,-117.080259694608,1
"1629",33,6,0,30000,"male",13,"White only","no 4-year degree",NA,1252,"unknown","kern",35.468645286627,-119.812591778604,1
"1630",34,6,0,4800,"female",12,"White only","no 4-year degree",1,1127,"unknown","orange",33.7001891434303,-117.753507422429,1
"1631",33,6,73,28000,"female",14,"White-Black-Asian","no 4-year degree",1,1593,"san diego","san diego",32.9832150858488,-117.186421924852,1
"1632",34,6,67,72000,"female",13,"White only","no 4-year degree",1,1403,"sacramento","sacramento",38.2840884096468,-121.495331782357,1
"1633",25,6,0,15000,"male",16,"White only","4-year degree",1,76,"unknown","san diego",32.9882925850363,-117.152929595734,1
"1634",28,6,37,0,"male",12,"Black only","no 4-year degree",NA,286,"los angeles","los angeles",34.1001595875093,-118.315338269354,1
"1635",33,6,37,45000,"male",13,"White only","no 4-year degree",1,244,"los angeles","los angeles",33.901831981496,-118.075094413759,1
"1636",30,6,37,0,"female",12,"White only","no 4-year degree",NA,331,"los angeles","los angeles",34.0409495745803,-118.324422433616,1
"1637",29,6,37,30000,"male",16,"Asian only","4-year degree",0,344,"los angeles","los angeles",34.000268042151,-118.33708788653,1
"1638",27,6,0,0,"male",12,"White only","no 4-year degree",NA,1194,"unknown","los angeles",34.0389627822961,-118.448282719487,1
"1639",32,6,0,32000,"male",13,"White only","no 4-year degree",1,1173,"unknown","orange",33.7134387215402,-117.679997904166,1
"1640",27,6,37,24000,"female",16,"White only","4-year degree",1,678,"los angeles","los angeles",34.0426599231493,-118.660711671855,1
"1641",33,6,59,80000,"male",16,"White only","4-year degree",1,842,"orange","orange",33.7402344755195,-117.915838333134,1
"1642",34,6,0,120000,"female",18,"Asian only","4-year degree",1,2089,"unknown","los angeles",34.0097998277252,-118.346866277081,1
"1643",26,6,0,0,"female",13,"White only","no 4-year degree",NA,1149,"unknown","san francisco",37.7837082954475,-122.426835440261,1
"1644",32,6,87,0,"male",16,"White only","4-year degree",0,2120,"santa cruz","santa cruz",37.0182930222961,-121.894625719053,1
"1645",34,6,79,90000,"male",16,"White only","4-year degree",1,2104,"san luis obispo","san luis obispo",35.5929619671337,-121.056552598006,1
"1646",28,6,37,31000,"male",13,"White only","no 4-year degree",1,307,"los angeles","los angeles",33.999630036032,-117.893993355011,1
"1647",33,6,1,7000,"female",9,"White only","no 4-year degree",1,1765,"alameda","alameda",37.6085521113151,-121.739836961081,1
"1648",31,6,37,130000,"female",16,"White only","4-year degree",1,261,"los angeles","los angeles",34.0678563968934,-118.428195404101,1
"1649",27,6,0,45000,"male",12,"White only","no 4-year degree",1,1240,"unknown","orange",33.621315861899,-117.7137162591,1
"1650",33,6,73,99000,"male",16,"White only","4-year degree",1,1614,"san diego","san diego",32.9902335202828,-117.178046497418,1
"1651",35,6,73,120000,"female",16,"White only","4-year degree",1,1613,"san diego","san diego",33.1448016804207,-117.309729005561,1
"1652",35,6,0,75000,"male",16,"White only","4-year degree",1,1181,"unknown","shasta",40.7009010536715,-122.744963386941,1
"1653",25,6,19,48000,"female",14,"Asian only","no 4-year degree",1,131,"fresno","fresno",37.0949231116133,-119.164804400449,1
"1654",29,6,0,52000,"male",12,"White only","no 4-year degree",1,1348,"unknown","los angeles",34.0050582457934,-118.185367976989,1
"1655",34,6,1,0,"female",16,"Asian only","4-year degree",NA,1688,"alameda","alameda",37.5654397312325,-121.929224661709,1
"1656",27,6,111,20000,"male",12,"White-Black-AI","no 4-year degree",1,1085,"ventura","ventura",34.429096615445,-119.202527506283,1
"1657",28,6,0,50000,"male",16,"Asian only","4-year degree",1,2078,"unknown","fresno",36.9805945004463,-119.489787507149,1
"1658",33,6,37,40000,"female",14,"White only","no 4-year degree",1,602,"los angeles","los angeles",34.0329138365661,-118.377839771301,1
"1659",34,6,37,70000,"male",13,"White only","no 4-year degree",1,399,"los angeles","los angeles",34.0793613699416,-117.819606603314,1
"1660",33,6,0,64000,"female",13,"Black only","no 4-year degree",1,1284,"unknown","los angeles",33.9734020557451,-118.324534847157,1
"1661",25,6,1,64000,"female",16,"Asian only","4-year degree",1,1691,"alameda","alameda",37.707794391195,-122.015715372266,1
"1662",31,6,37,40000,"male",13,"Black only","no 4-year degree",1,198,"los angeles","los angeles",33.8114822409586,-118.133922729295,1
"1663",34,6,0,55000,"female",16,"White only","4-year degree",1,1979,"unknown","orange",33.7020988450845,-117.692333826314,1
"1664",27,6,59,90000,"male",16,"Asian only","4-year degree",1,913,"orange","orange",33.6409157454611,-117.722129764855,1
"1665",27,6,111,74700,"female",16,"White only","4-year degree",1,1055,"ventura","ventura",34.2917818536603,-119.024036371301,1
"1666",29,6,0,41000,"female",13,"White only","no 4-year degree",1,1244,"unknown","sacramento",38.2919467627953,-121.590237241664,1
"1667",26,6,0,55000,"female",14,"White only","no 4-year degree",1,1208,"unknown","kern",35.0418271712503,-119.332225323251,1
"1668",26,6,37,38000,"female",16,"White only","4-year degree",1,468,"los angeles","los angeles",33.9605152375751,-118.038355514238,1
"1669",25,6,29,35000,"female",16,"White only","4-year degree",1,18,"kern","kern",35.0610112527651,-119.191330255283,1
"1670",28,6,0,25000,"female",18,"White only","4-year degree",1,1811,"unknown","los angeles",33.9641163500668,-118.319975161344,1
"1671",27,6,37,0,"male",14,"White only","no 4-year degree",0,640,"los angeles","los angeles",34.1071466830131,-118.379863245939,1
"1672",35,6,79,106000,"female",20,"White only","4-year degree",1,2111,"san luis obispo","san luis obispo",35.2820981459873,-120.263827787358,1
"1673",35,6,37,0,"female",14,"White only","no 4-year degree",NA,790,"los angeles","los angeles",34.0926924368253,-118.014605211094,1
"1674",29,6,0,79473,"female",16,"White only","4-year degree",1,1983,"unknown","los angeles",34.0742256922874,-118.289555724437,1
"1675",29,6,29,14886,"male",12,"Black-AI","no 4-year degree",1,3,"kern","kern",35.2969035679584,-119.277499627744,1
"1676",28,6,37,11000,"female",16,"Black only","4-year degree",1,781,"los angeles","los angeles",34.0398700032714,-118.309402676845,1
"1677",35,6,37,60000,"female",13,"Asian only","no 4-year degree",1,239,"los angeles","los angeles",33.947568186564,-118.358082181641,1
"1678",35,6,37,0,"female",16,"Asian only","4-year degree",NA,415,"los angeles","los angeles",33.9681211849785,-118.271425336283,1
"1679",34,6,31,0,"male",14,"White only","no 4-year degree",NA,167,"kings","kings",36.0620366009781,-119.946858452895,1
"1680",29,6,59,25000,"female",13,"White only","no 4-year degree",1,861,"orange","orange",33.5795932747641,-117.605114471267,1
"1681",32,6,37,100000,"female",12,"White only","no 4-year degree",1,566,"los angeles","los angeles",34.005001163906,-118.039556122105,1
"1682",33,6,75,148000,"male",18,"White only","4-year degree",1,1864,"san francisco","san francisco",37.7525158496143,-122.42056637218,1
"1683",27,6,37,25000,"male",13,"White only","no 4-year degree",1,691,"los angeles","los angeles",34.3511627282162,-118.415090137691,1
"1684",35,6,37,45000,"male",16,"White only","4-year degree",NA,259,"los angeles","los angeles",34.1314074217834,-118.530636291093,1
"1685",35,6,59,250000,"male",12,"White only","no 4-year degree",1,942,"orange","orange",33.6961284123214,-117.784499637671,1
"1686",35,6,107,5000,"female",16,"White only","4-year degree",NA,2268,"tulare","tulare",36.4597543584464,-118.558186148309,1
"1687",25,6,37,20000,"male",14,"White only","no 4-year degree",1,662,"los angeles","los angeles",34.0209909325785,-118.396261276223,1
"1688",25,6,37,2000,"female",14,"White only","no 4-year degree",1,693,"los angeles","los angeles",33.9342108171234,-118.270526738948,1
"1689",25,6,87,1350,"male",13,"White only","no 4-year degree",1,2119,"santa cruz","santa cruz",37.0165213808704,-121.91971961545,1
"1690",31,6,111,0,"male",12,"White only","no 4-year degree",NA,1061,"ventura","ventura",34.3902495627272,-119.218662984935,1
"1691",25,6,29,0,"female",14,"Asian only","no 4-year degree",NA,28,"kern","kern",35.2700654677903,-119.024866482744,1
"1692",33,6,0,12000,"female",14,"White only","no 4-year degree",1,2218,"unknown","san francisco",37.7424439720407,-122.355524356574,1
"1693",27,6,37,35000,"female",12,"White only","no 4-year degree",1,620,"los angeles","los angeles",34.061684781038,-118.429312136226,1
"1694",25,6,37,14000,"male",13,"White only","no 4-year degree",1,587,"los angeles","los angeles",34.1695939633012,-118.22147156613,1
"1695",29,6,37,150000,"female",18,"Asian only","4-year degree",1,792,"los angeles","los angeles",34.0017715287347,-118.33705633938,1
"1696",32,6,59,0,"female",13,"White only","no 4-year degree",NA,973,"orange","orange",33.6879661235005,-117.634210948086,1
"1697",34,6,0,72500,"female",16,"White only","4-year degree",1,1262,"unknown","shasta",40.7364592596707,-122.520973049952,1
"1698",31,6,29,0,"female",9,"Black only","no 4-year degree",NA,50,"kern","kern",35.2924600650269,-119.040280344619,1
"1699",25,6,37,0,"female",16,"Asian only","4-year degree",NA,760,"los angeles","los angeles",34.065288442421,-118.449544253709,1
"1700",35,6,0,74600,"male",13,"White only","no 4-year degree",1,2004,"unknown","santa barbara",34.7875442226396,-120.32985927356,1
"1701",32,6,59,95000,"female",16,"Asian only","4-year degree",1,849,"orange","orange",33.570622980174,-117.581763926197,1
"1702",35,6,37,60000,"male",16,"White only","4-year degree",1,424,"los angeles","los angeles",34.1506725844624,-118.36535538418,1
"1703",35,6,37,47000,"female",13,"White only","no 4-year degree",1,433,"los angeles","los angeles",34.0979099324785,-118.191124859019,1
"1704",25,6,73,160000,"female",18,"White only","4-year degree",1,1519,"san diego","san diego",32.6294034892137,-116.121589526016,1
"1705",30,6,73,150000,"female",16,"White only","4-year degree",1,1575,"san diego","san diego",33.0056499429967,-117.231701801769,1
"1706",28,6,73,27000,"male",16,"White only","4-year degree",1,1562,"san diego","san diego",32.9295412534085,-117.117851501275,1
"1707",32,6,37,28000,"female",12,"White only","no 4-year degree",1,370,"los angeles","los angeles",34.0367866356564,-118.389362126782,1
"1708",34,6,0,0,"female",18,"White only","4-year degree",NA,1997,"unknown","los angeles",33.9813452611853,-118.052191238199,1
"1709",32,6,0,120000,"female",16,"White only","4-year degree",1,2002,"unknown","san francisco",37.7561677559039,-122.392965789051,1
"1710",28,6,73,0,"female",12,"American Indian, Alaskan Native only (AI)","no 4-year degree",1,1610,"san diego","san diego",33.0342438517584,-117.232491655635,1
"1711",31,6,77,13000,"female",13,"White only","no 4-year degree",1,2202,"san joaquin","san joaquin",37.8137903829273,-121.381966343188,1
"1712",26,6,37,8880,"female",16,"White only","4-year degree",1,221,"los angeles","los angeles",34.2882665912104,-118.518134597445,1
"1713",34,6,0,64597,"male",20,"Asian only","4-year degree",1,2093,"unknown","los angeles",34.3755440000654,-118.475146921391,1
"1714",25,6,37,0,"male",10,"White only","no 4-year degree",NA,380,"los angeles","los angeles",34.0873377195741,-118.851992293476,1
"1715",25,6,59,15000,"male",12,"Black only","no 4-year degree",1,921,"orange","orange",33.6675161846361,-117.62945750047,1
"1716",30,6,19,0,"female",16,"Black only","4-year degree",NA,106,"fresno","fresno",36.9004362609749,-119.870712368248,1
"1717",28,6,19,110000,"female",14,"White only","no 4-year degree",1,152,"fresno","fresno",36.9371105475706,-119.538305243454,1
"1718",35,6,1,0,"female",16,"Asian only","4-year degree",NA,1781,"alameda","alameda",37.6855325715651,-121.993951660934,1
"1719",33,6,0,44000,"male",12,"White only","no 4-year degree",1,71,"unknown","los angeles",34.0778963682212,-118.462060539449,1
"1720",33,6,0,65000,"male",18,"White only","4-year degree",1,1358,"unknown","san mateo",37.5558345417878,-122.286458953888,1
"1721",34,6,59,400000,"female",20,"White only","4-year degree",1,850,"orange","orange",33.6762321233999,-117.785104553927,1
"1722",31,6,73,62000,"male",16,"Asian only","4-year degree",1,1535,"san diego","san diego",32.8719638121688,-117.016098456117,1
"1723",26,6,37,45000,"male",12,"White only","no 4-year degree",1,528,"los angeles","los angeles",34.114223420914,-118.016969916501,1
"1724",27,6,37,20000,"female",13,"White only","no 4-year degree",1,318,"los angeles","los angeles",33.7968086158222,-118.24118461232,1
"1725",35,6,107,11000,"female",11,"White only","no 4-year degree",NA,2266,"tulare","tulare",36.289399262526,-118.489881080831,1
"1726",32,6,37,30000,"male",12,"White only","no 4-year degree",1,581,"los angeles","los angeles",33.9935046829571,-118.164477006915,1
"1727",26,6,37,60000,"male",12,"White only","no 4-year degree",1,246,"los angeles","los angeles",34.0352405685914,-118.172134677919,1
"1728",31,6,0,20000,"male",11,"American Indian, Alaskan Native only (AI)","no 4-year degree",1,1220,"unknown","santa barbara",34.6488760784766,-120.026770507545,1
"1729",26,6,73,80000,"female",16,"Asian only","4-year degree",1,1563,"san diego","san diego",32.9561748991574,-117.169504366794,1
"1730",28,6,37,0,"male",13,"White only","no 4-year degree",1,473,"los angeles","los angeles",34.0245374853794,-118.216714977347,1
"1731",30,6,37,130000,"female",16,"White only","4-year degree",1,295,"los angeles","los angeles",34.0821406067082,-118.489909543251,1
"1732",35,6,59,15000,"male",12,"White only","no 4-year degree",1,982,"orange","orange",33.5686067230635,-117.723589696319,1
"1733",30,6,1,150000,"male",18,"Asian only","4-year degree",1,1702,"alameda","alameda",37.5134040968087,-121.916949811126,1
"1734",30,6,73,30000,"male",12,"White-Black-Asian","no 4-year degree",1,1559,"san diego","san diego",32.9470365173506,-117.189114404334,1
"1735",29,6,67,57000,"male",12,"White only","no 4-year degree",1,1385,"sacramento","sacramento",38.3514947171649,-121.536496192444,1
"1736",30,6,0,30000,"female",12,"White only","no 4-year degree",1,1291,"unknown","los angeles",34.1665511001899,-118.096788247466,1
"1737",32,6,0,100000,"male",16,"White only","4-year degree",1,1854,"unknown","los angeles",34.0357066225297,-118.238486551329,1
"1738",33,6,0,30000,"female",14,"White only","no 4-year degree",1,1274,"unknown","los angeles",34.0337648409234,-118.302546282593,1
"1739",28,6,0,14400,"male",13,"White only","no 4-year degree",1,1159,"unknown","los angeles",34.0075197927305,-118.228423070448,1
"1740",31,6,37,42000,"male",11,"White only","no 4-year degree",1,189,"los angeles","los angeles",34.0271501243881,-118.500672782812,1
"1741",28,6,67,20000,"female",13,"Asian only","no 4-year degree",1,1397,"sacramento","sacramento",38.2946444593975,-121.519798075765,1
"1742",31,6,0,58000,"female",14,"White-Asian","no 4-year degree",1,1341,"unknown","san joaquin",38.096229834058,-121.432196164747,1
"1743",31,6,0,24000,"male",13,"White only","no 4-year degree",1,1130,"unknown","san joaquin",37.9403649426865,-121.351389926841,1
"1744",33,6,67,65000,"male",12,"White only","no 4-year degree",1,1387,"sacramento","sacramento",38.1947282937726,-121.579675607952,1
"1745",25,6,0,40000,"male",13,"White only","no 4-year degree",1,1287,"unknown","san francisco",37.7624997434195,-122.383386487958,1
"1746",30,6,73,0,"female",16,"White only","4-year degree",0,1605,"san diego","san diego",32.8709816762642,-117.002406987443,1
"1747",34,6,0,56004,"male",13,"Hawaiian/Pacific Islander only (HP)","no 4-year degree",1,2050,"unknown","los angeles",34.046250840909,-118.41179799111,1
"1748",32,6,73,65000,"female",18,"Asian only","4-year degree",1,1502,"san diego","san diego",33.07214960389,-117.198370625891,1
"1749",30,6,0,76000,"male",13,"White only","no 4-year degree",1,1255,"unknown","san mateo",37.5416402892268,-122.353890193997,1
"1750",34,6,73,0,"male",12,"Asian only","no 4-year degree",1,1664,"san diego","san diego",32.9932457295785,-117.146450418325,1
"1751",25,6,0,28800,"male",16,"White only","4-year degree",1,1815,"unknown","santa barbara",34.5513140226322,-119.799520791946,1
"1752",35,6,67,45000,"male",12,"White only","no 4-year degree",1,1425,"sacramento","sacramento",38.270575412509,-121.181601757068,1
"1753",26,6,37,8000,"female",12,"White only","no 4-year degree",1,429,"los angeles","los angeles",34.0539858962796,-118.255786558513,1
"1754",33,6,67,15000,"female",14,"Asian only","no 4-year degree",1,1456,"sacramento","sacramento",38.18976908034,-121.59715435813,1
"1755",33,6,73,25000,"female",18,"White only","4-year degree",1,1515,"san diego","san diego",32.956875884717,-117.061051696685,1
"1756",35,6,59,0,"female",16,"White only","4-year degree",NA,937,"orange","orange",33.741364139114,-117.718252098876,1
"1757",32,6,0,0,"female",14,"White only","no 4-year degree",1,1176,"unknown","orange",33.6868249545451,-117.728304670074,1
"1758",28,6,77,40002,"female",18,"White only","4-year degree",1,2201,"san joaquin","san joaquin",38.0426589404042,-121.34075955763,1
"1759",33,6,37,10000,"female",12,"American Indian, Alaskan Native only (AI)","no 4-year degree",1,212,"los angeles","los angeles",34.2970990515227,-118.524932883011,1
"1760",27,6,0,60000,"female",12,"White only","no 4-year degree",1,1227,"unknown","alameda",37.5580199345148,-121.888688879216,1
"1761",30,6,67,16000,"female",12,"White only","no 4-year degree",1,1441,"sacramento","sacramento",38.3116172682053,-121.564680989237,1
"1762",28,6,59,50000,"female",13,"White only","no 4-year degree",1,872,"orange","orange",33.727265994832,-117.75922871297,1
"1763",35,6,31,100000,"female",18,"White only","4-year degree",1,165,"kings","kings",36.0493426564776,-119.653728943451,1
"1764",25,6,73,48000,"female",14,"White only","no 4-year degree",1,1552,"san diego","san diego",32.8968257293147,-117.080208987346,1
"1765",30,6,37,400,"female",12,"Black only","no 4-year degree",1,550,"los angeles","los angeles",34.1161157469115,-118.242084943646,1
"1766",28,6,37,35000,"female",12,"White only","no 4-year degree",1,210,"los angeles","los angeles",34.0079027596444,-118.257096279232,1
"1767",34,6,0,0,"female",12,"White only","no 4-year degree",NA,1193,"unknown","shasta",40.6687620942931,-122.403449297981,1
"1768",27,6,0,250000,"female",16,"Black only","4-year degree",1,1247,"unknown","sacramento",38.2718048070928,-121.541952911559,1
"1769",35,6,59,79000,"male",16,"Asian only","4-year degree",1,992,"orange","orange",33.7012885316998,-117.667611986236,1
"1770",35,6,37,44720,"male",12,"White only","no 4-year degree",1,223,"los angeles","los angeles",33.9158563738776,-118.305013072143,1
"1771",30,6,113,62000,"female",16,"Black only","4-year degree",1,1478,"yolo","yolo",38.5849524957985,-121.792240105771,1
"1772",25,6,37,150000,"male",11,"White only","no 4-year degree",1,475,"los angeles","los angeles",34.0654565987773,-118.315009123051,1
"1773",32,6,59,5000,"female",14,"Asian only","no 4-year degree",1,874,"orange","orange",33.6400213094249,-117.711280963182,1
"1774",33,6,37,65000,"male",16,"White only","4-year degree",1,810,"los angeles","los angeles",34.1565763231672,-118.252026976905,1
"1775",26,6,75,201458,"male",16,"Asian only","4-year degree",1,1902,"san francisco","san francisco",37.742612812115,-122.409127764401,1
"1776",28,6,0,130000,"male",18,"Asian only","4-year degree",1,2001,"unknown","los angeles",34.1060905902196,-118.103983643697,1
"1777",28,6,37,250000,"male",16,"White only","4-year degree",1,263,"los angeles","los angeles",34.0047841283118,-118.252427146625,1
"1778",29,6,37,0,"female",12,"White only","no 4-year degree",NA,184,"los angeles","los angeles",34.0024270976003,-118.27169105412,1
"1779",26,6,0,2400,"female",13,"White-Black","no 4-year degree",0,1261,"unknown","ventura",34.7143041467311,-119.266306984253,1
"1780",25,6,37,80000,"male",16,"White only","4-year degree",1,362,"los angeles","los angeles",34.0774697818934,-118.181901923308,1
"1781",31,6,99,15000,"male",13,"Black only","no 4-year degree",1,1041,"stanislaus","stanislaus",37.4535339612202,-121.233231568716,1
"1782",26,6,0,75000,"male",13,"Asian only","no 4-year degree",1,2025,"unknown","sacramento",38.3364575217928,-121.483097808267,1
"1783",28,6,59,30000,"male",13,"White only","no 4-year degree",1,873,"orange","orange",33.6906411324197,-117.672838746706,1
"1784",31,6,37,18000,"male",14,"White only","no 4-year degree",1,680,"los angeles","los angeles",34.5235745032607,-118.711013496232,1
"1785",29,6,0,160000,"female",18,"Asian only","4-year degree",1,2085,"unknown","kings",36.1776235503075,-119.840695244593,1
"1786",29,6,0,26000,"female",16,"White only","4-year degree",1,1202,"unknown","los angeles",34.0072821945807,-118.190099553551,1
"1787",32,6,59,46000,"female",12,"White only","no 4-year degree",1,972,"orange","orange",33.6530805530447,-117.764639701791,1
"1788",28,6,37,0,"male",12,"White only","no 4-year degree",1,257,"los angeles","los angeles",33.8736244853941,-118.345561147556,1
"1789",26,6,37,50000,"female",12,"White only","no 4-year degree",1,321,"los angeles","los angeles",33.9065296265486,-118.256828139987,1
"1790",31,6,0,0,"female",11,"White only","no 4-year degree",NA,1153,"unknown","sacramento",38.2616297236078,-121.497424252873,1
"1791",33,6,19,29899,"male",12,"Black only","no 4-year degree",1,160,"fresno","fresno",36.8467713498871,-119.658338232671,1
"1792",25,6,1,102400,"male",14,"Asian only","no 4-year degree",1,1733,"alameda","alameda",37.6155961246461,-121.956123128128,1
"1793",29,6,73,110000,"female",16,"White only","4-year degree",1,1538,"san diego","san diego",33.2554577738164,-117.246028490528,1
"1794",29,6,59,0,"female",12,"White only","no 4-year degree",NA,967,"orange","orange",33.7139180105522,-117.687300243813,1
"1795",30,6,19,25000,"female",14,"White only","no 4-year degree",1,142,"fresno","fresno",36.6188010564448,-119.965863640081,1
"1796",33,6,73,13000,"female",18,"White only","4-year degree",1,1576,"san diego","san diego",33.0782034214697,-116.998158081028,1
"1797",27,6,0,7000,"female",12,"White only","no 4-year degree",1,1293,"unknown","tulare",36.3641843895674,-118.16638570979,1
"1798",33,6,1,0,"female",12,"Asian only","no 4-year degree",NA,1751,"alameda","alameda",37.6587504088421,-121.940565326167,1
"1799",33,6,0,45000,"male",14,"White only","no 4-year degree",1,1853,"unknown","los angeles",34.1198387381077,-118.432145494495,1
"1800",26,6,0,50000,"male",16,"Asian only","4-year degree",1,2070,"unknown","san diego",33.1716023727564,-117.259112251822,1
"1801",34,6,1,0,"female",12,"White only","no 4-year degree",NA,1763,"alameda","alameda",37.762309836173,-122.208391354587,1
"1802",30,6,37,0,"male",16,"White only","4-year degree",0,208,"los angeles","los angeles",34.0754350214285,-118.783374061008,1
"1803",29,6,37,36000,"male",13,"White only","no 4-year degree",1,546,"los angeles","los angeles",34.0478427651414,-118.469496015765,1
"1804",31,6,37,40000,"male",16,"White only","4-year degree",1,467,"los angeles","los angeles",34.0787212811203,-118.387423140786,1
"1805",35,6,1,150000,"male",18,"Asian only","4-year degree",1,1689,"alameda","alameda",37.6432986057806,-121.961659042285,1
"1806",33,6,75,45000,"male",16,"Asian only","4-year degree",1,1889,"san francisco","san francisco",37.7652691894827,-122.438813495195,1
"1807",31,6,1,0,"female",16,"Asian only","4-year degree",NA,1800,"alameda","alameda",37.6548411894102,-121.868752320196,1
"1808",30,6,59,80000,"male",16,"White only","4-year degree",1,866,"orange","orange",33.8202153413983,-117.689830965197,1
"1809",31,6,0,145000,"female",16,"White-Asian","4-year degree",1,1847,"unknown","los angeles",33.8307400742995,-118.112723509554,1
"1810",30,6,1,40000,"male",18,"Black only","4-year degree",1,1709,"alameda","alameda",37.7018255512592,-121.918439961808,1
"1811",34,6,73,82000,"male",16,"White only","4-year degree",1,1649,"san diego","san diego",33.2400508800358,-117.279868887136,1
"1812",33,6,1,65000,"male",18,"White only","4-year degree",1,1713,"alameda","alameda",37.6747863152047,-121.934944986231,1
"1813",30,6,0,0,"female",16,"Asian only","4-year degree",NA,2097,"unknown","los angeles",34.1230308450628,-118.235438270385,1
"1814",31,6,59,0,"female",13,"White only","no 4-year degree",NA,898,"orange","orange",33.662761629367,-117.841779907545,1
"1815",34,6,99,60000,"male",8,"White-AI","no 4-year degree",1,1044,"stanislaus","stanislaus",37.3048541507491,-121.037984432733,1
"1816",26,6,37,48000,"female",13,"White only","no 4-year degree",1,507,"los angeles","los angeles",34.4363744455511,-118.419564153312,1
"1817",33,6,81,135000,"female",16,"White only","4-year degree",1,1952,"san mateo","san mateo",37.4083630818849,-122.377714420373,1
"1818",30,6,53,75000,"female",14,"White only","no 4-year degree",1,1488,"monterey","monterey",36.4126928528533,-121.325168393983,1
"1819",25,6,37,35000,"female",13,"White only","no 4-year degree",1,297,"los angeles","los angeles",33.9401919178339,-118.047475208622,1
"1820",28,6,1,13000,"male",12,"White only","no 4-year degree",0,1761,"alameda","alameda",37.7016660099698,-121.842876525355,1
"1821",30,6,1,60000,"male",16,"White only","4-year degree",NA,1756,"alameda","alameda",37.5996722109691,-122.008156140254,1
"1822",26,6,59,10000,"female",13,"Asian only","no 4-year degree",NA,917,"orange","orange",33.5576103277049,-117.658069002006,1
"1823",27,6,59,20002,"male",12,"White only","no 4-year degree",1,948,"orange","orange",33.5934220836196,-117.5923917633,1
"1824",29,6,59,29000,"male",12,"White only","no 4-year degree",1,1010,"orange","orange",33.7477571085814,-117.852787485498,1
"1825",27,6,1,120000,"female",18,"Asian only","4-year degree",1,1703,"alameda","alameda",37.6082395898908,-121.86985956586,1
"1826",33,6,37,0,"female",16,"White-Black","4-year degree",NA,215,"los angeles","los angeles",34.0501529873678,-118.145939567307,1
"1827",27,6,0,70000,"female",13,"Asian only","no 4-year degree",1,1828,"unknown","san diego",32.9930561018884,-117.169263032691,1
"1828",33,6,37,79000,"male",16,"Asian only","4-year degree",1,745,"los angeles","los angeles",33.9924123753867,-118.367002710621,1
"1829",31,6,0,45000,"male",12,"White only","no 4-year degree",1,1144,"unknown","santa barbara",34.5199439982002,-120.359114577494,1
"1830",32,6,37,50000,"female",16,"White only","4-year degree",1,565,"los angeles","los angeles",34.0312759555584,-118.367908495522,1
"1831",33,6,0,32600,"male",16,"White only","4-year degree",1,85,"unknown","los angeles",34.1912088403456,-118.528521321577,1
"1832",35,6,95,58000,"male",12,"White only","no 4-year degree",1,2252,"solano","solano",38.3417576813367,-122.015039505814,1
"1833",28,6,81,121000,"male",16,"White only","4-year degree",1,1938,"san mateo","san mateo",37.3536908786823,-122.230993801752,1
"1834",32,6,107,35000,"male",12,"White only","no 4-year degree",1,2260,"tulare","tulare",36.3288600611585,-118.728220931857,1
"1835",35,6,67,30000,"female",12,"White-Asian","no 4-year degree",1,1424,"sacramento","sacramento",38.2470416481645,-121.537185965984,1
"1836",27,6,37,72000,"male",13,"White only","no 4-year degree",1,288,"los angeles","los angeles",34.0386849524794,-118.0628407607,1
"1837",30,6,37,80000,"female",16,"White only","4-year degree",NA,258,"los angeles","los angeles",33.9593975527288,-118.277762403977,1
"1838",29,6,37,2000,"male",12,"Black only","no 4-year degree",1,499,"los angeles","los angeles",34.0947380320556,-118.320108979968,1
"1839",26,6,1,21000,"male",16,"Asian only","4-year degree",1,1773,"alameda","alameda",37.6582298459603,-121.900654752329,1
"1840",34,6,0,48000,"male",16,"White only","4-year degree",1,1268,"unknown","los angeles",34.0522841289114,-118.363734682182,1
"1841",30,6,73,0,"male",20,"Asian only","4-year degree",1,1680,"san diego","san diego",33.0118492329282,-117.288259825934,1
"1842",25,6,37,60000,"male",13,"White only","no 4-year degree",1,809,"los angeles","los angeles",34.1363521764893,-118.259407335955,1
"1843",31,6,0,120000,"female",16,"White only","4-year degree",1,1823,"unknown","los angeles",33.9742639913389,-118.356851190269,1
"1844",26,6,1,100000,"male",16,"White only","4-year degree",1,1789,"alameda","alameda",37.6711717115661,-122.01687767372,1
"1845",32,6,73,80000,"male",16,"White-Asian","4-year degree",1,1617,"san diego","san diego",32.8912124588645,-116.996158364071,1
"1846",29,6,75,44000,"male",16,"White only","4-year degree",1,1886,"san francisco","san francisco",37.7790307513252,-122.378254552026,1
"1847",29,6,1,40000,"female",18,"White only","4-year degree",1,1755,"alameda","alameda",37.5871394265643,-121.76742000149,1
"1848",34,6,37,90000,"female",18,"White only","4-year degree",1,195,"los angeles","los angeles",34.1661118782853,-118.29617083664,1
"1849",29,6,0,110000,"female",18,"Asian only","4-year degree",1,1963,"unknown","solano",38.401582983685,-121.952925172141,1
"1850",31,6,0,56000,"female",18,"Asian only","4-year degree",1,1357,"unknown","orange",33.702165174484,-117.731006177034,1
"1851",31,6,97,25000,"male",12,"American Indian, Alaskan Native only (AI)","no 4-year degree",1,2167,"sonoma","sonoma",38.5699400411103,-122.92229486298,1
"1852",27,6,59,82000,"male",16,"White only","4-year degree",1,853,"orange","orange",33.7162422175464,-117.704092802755,1
"1853",31,6,1,70000,"male",18,"Asian only","4-year degree",1,1717,"alameda","alameda",37.6092694312257,-121.989132789613,1
"1854",29,6,0,150000,"male",18,"Asian only","4-year degree",1,1999,"unknown","los angeles",34.0221480898117,-118.206234156621,1
"1855",27,6,0,4800,"female",12,"White only","no 4-year degree",1,1132,"unknown","los angeles",34.427221093049,-118.082886116405,1
"1856",28,6,73,120000,"male",18,"White only","4-year degree",1,1626,"san diego","san diego",32.8913851563966,-117.148833347222,1
"1857",26,6,29,30000,"male",11,"White only","no 4-year degree",1,10,"kern","kern",35.4196382230128,-119.385720911947,1
"1858",28,6,0,0,"female",12,"White only","no 4-year degree",NA,1254,"unknown","los angeles",34.1847186719338,-118.129165809077,1
"1859",32,6,111,0,"female",9,"White only","no 4-year degree",NA,1058,"ventura","ventura",34.435768231892,-118.959921963654,1
"1860",29,6,37,0,"female",16,"White only","4-year degree",NA,700,"los angeles","los angeles",34.1353916262069,-118.407067880985,1
"1861",27,6,37,34000,"male",12,"White only","no 4-year degree",1,188,"los angeles","los angeles",34.0331196757196,-118.247105686588,1
"1862",31,6,111,42000,"female",14,"White only","no 4-year degree",1,1070,"ventura","ventura",34.437553710573,-119.141300726331,1
"1863",27,6,0,115000,"male",16,"Asian only","4-year degree",1,1992,"unknown","los angeles",34.0535683199665,-118.253270667969,1
"1864",33,6,67,37000,"male",12,"White only","no 4-year degree",1,1448,"sacramento","sacramento",38.3380877690555,-121.468800890723,1
"1865",26,6,1,12000,"female",16,"White-Black","4-year degree",1,1782,"alameda","alameda",37.5348094017609,-121.92191328112,1
"1866",26,6,75,102000,"female",16,"White-Asian","4-year degree",1,1870,"san francisco","san francisco",37.7589076243323,-122.395526457721,1
"1867",32,6,83,21000,"male",16,"White only","4-year degree",1,2137,"santa barbara","santa barbara",34.6657723385785,-120.161066761868,1
"1868",30,6,0,4500,"female",13,"White only","no 4-year degree",1,1170,"unknown","orange",33.7766988100261,-117.825176507112,1
"1869",28,6,73,83860,"female",16,"White only","4-year degree",1,1595,"san diego","san diego",33.004881259638,-117.23938895643,1
"1870",27,6,37,37000,"male",12,"White only","no 4-year degree",1,627,"los angeles","los angeles",34.2864804637082,-118.415972820782,1
"1871",27,6,79,48000,"male",16,"White only","4-year degree",1,2103,"san luis obispo","san luis obispo",35.2248828756348,-120.638627330478,1
"1872",28,6,67,55000,"male",12,"White only","no 4-year degree",1,1396,"sacramento","sacramento",38.3352179373138,-121.496878383736,1
"1873",31,6,99,28000,"female",13,"White-AI","no 4-year degree",1,1042,"stanislaus","stanislaus",37.4017753460914,-121.21085749776,1
"1874",30,6,73,115000,"male",18,"Asian only","4-year degree",1,1581,"san diego","san diego",33.2314256333326,-117.291901614601,1
"1875",33,6,19,15470,"female",13,"White only","no 4-year degree",NA,156,"fresno","fresno",36.2597145784477,-120.084075661152,1
"1876",26,6,31,30000,"male",12,"Black only","no 4-year degree",1,168,"kings","kings",36.0761358190543,-119.88768899722,1
"1877",34,6,1,60000,"female",16,"White only","4-year degree",1,1729,"alameda","alameda",37.7485368847424,-122.023841831378,1
"1878",29,6,37,72000,"female",16,"Black only","4-year degree",1,233,"los angeles","los angeles",34.0555760778171,-118.360166198536,1
"1879",32,6,111,50000,"male",16,"Black only","4-year degree",1,1074,"ventura","ventura",34.4803069640726,-119.07912224222,1
"1880",28,6,0,120000,"male",13,"White only","no 4-year degree",1,1150,"unknown","tulare",36.158336157295,-119.408762470998,1
"1881",28,6,83,0,"female",16,"Asian only","4-year degree",NA,2144,"santa barbara","santa barbara",34.9219947379755,-119.942279089699,1
"1882",34,6,37,11500,"female",12,"White only","no 4-year degree",1,821,"los angeles","los angeles",33.8885370237492,-118.327150725054,1
"1883",27,6,37,27200,"female",18,"White only","4-year degree",1,535,"los angeles","los angeles",34.2241944300876,-118.200824029157,1
"1884",35,6,29,12000,"female",12,"White only","no 4-year degree",1,25,"kern","kern",35.3996098922191,-118.76155956563,1
"1885",26,6,37,54000,"male",16,"White only","4-year degree",1,523,"los angeles","los angeles",34.5765632064695,-118.720537683456,1
"1886",33,6,67,25000,"male",12,"Asian only","no 4-year degree",1,1413,"sacramento","sacramento",38.2964108335647,-121.442388579784,1
"1887",28,6,0,145000,"male",16,"Asian only","4-year degree",1,1976,"unknown","orange",33.644759465211,-117.750301840439,1
"1888",33,6,107,36000,"male",14,"White only","no 4-year degree",1,2254,"tulare","tulare",36.5343405279141,-119.093716124944,1
"1889",30,6,0,84000,"male",16,"Asian only","4-year degree",1,2005,"unknown","alameda",37.6347811414302,-121.756507581718,1
"1890",26,6,37,30000,"female",16,"White-AI","4-year degree",1,409,"los angeles","los angeles",34.0361825660744,-118.482567446452,1
"1891",27,6,59,0,"female",16,"American Indian, Alaskan Native only (AI)","4-year degree",NA,879,"orange","orange",33.6526922773411,-117.754063035559,1
"1892",30,6,37,50000,"male",12,"White-Asian","no 4-year degree",1,603,"los angeles","los angeles",34.0166242809019,-118.038333947941,1
"1893",32,6,111,0,"female",13,"White only","no 4-year degree",NA,1068,"ventura","ventura",34.4420561001882,-119.176453380883,1
"1894",29,6,73,51001,"male",16,"White only","4-year degree",1,1565,"san diego","san diego",33.0522710530111,-117.197389227348,1
"1895",26,6,81,0,"female",18,"Asian only","4-year degree",1,1932,"san mateo","san mateo",37.4513277359228,-122.31568726722,1
"1896",29,6,29,0,"female",13,"White only","no 4-year degree",NA,38,"kern","kern",35.0804778798506,-119.105806420388,1
"1897",25,6,59,60000,"male",12,"White only","no 4-year degree",1,977,"orange","orange",33.8533465124143,-117.918680548848,1
"1898",34,6,0,90000,"male",12,"White only","no 4-year degree",1,1245,"unknown","los angeles",34.0814805790671,-118.502508460525,1
"1899",28,6,1,160000,"female",18,"Asian only","4-year degree",1,1720,"alameda","alameda",37.6587081705313,-121.939950139339,1
"1900",33,6,1,20000,"female",12,"Asian only","no 4-year degree",NA,1786,"alameda","alameda",37.6976240764049,-121.872710143354,1
"1901",28,6,113,0,"female",13,"White only","no 4-year degree",NA,1472,"yolo","yolo",38.6786758696901,-121.986948240535,1
"1902",25,6,83,0,"male",14,"White only","no 4-year degree",NA,2135,"santa barbara","santa barbara",34.7657975237258,-120.166540419387,1
"1903",34,6,59,90000,"female",18,"Asian only","4-year degree",1,847,"orange","orange",33.6787400770813,-117.81959750822,1
"1904",26,6,37,24000,"male",12,"White only","no 4-year degree",1,722,"los angeles","los angeles",34.2934200758356,-118.393406529667,1
"1905",31,6,0,33000,"female",13,"White only","no 4-year degree",1,1349,"unknown","kern",35.4262549309686,-119.609605304098,1
"1906",27,6,0,38000,"male",13,"Asian only","no 4-year degree",1,1994,"unknown","los angeles",34.1126319426813,-118.342161806927,1
"1907",29,6,1,90000,"male",18,"Asian only","4-year degree",1,1714,"alameda","alameda",37.5947967289643,-121.950347133751,1
"1908",31,6,0,0,"male",12,"American Indian, Alaskan Native only (AI)","no 4-year degree",1,1201,"unknown","san diego",32.8481460501182,-117.155769072834,1
"1909",31,6,59,200000,"male",18,"Asian only","4-year degree",1,875,"orange","orange",33.7099998928363,-117.703141275396,1
"1910",28,6,37,50000,"female",16,"Asian only","4-year degree",1,588,"los angeles","los angeles",34.1261830555255,-118.527172327316,1
"1911",25,6,59,0,"female",13,"White only","no 4-year degree",NA,978,"orange","orange",33.7168312376894,-117.829842075755,1
"1912",26,6,37,31200,"female",14,"White only","no 4-year degree",1,548,"los angeles","los angeles",34.0528827342838,-118.310173604644,1
"1913",26,6,37,56160,"female",16,"White only","4-year degree",1,374,"los angeles","los angeles",34.1378768495972,-118.212535105332,1
"1914",25,6,89,45002,"male",12,"White only","no 4-year degree",1,1120,"shasta","shasta",40.7033839102659,-122.478402311478,1
"1915",28,6,75,90000,"male",16,"White only","4-year degree",1,1863,"san francisco","san francisco",37.7791595839543,-122.40282421131,1
"1916",27,6,0,35000,"male",12,"White only","no 4-year degree",1,1219,"unknown","los angeles",34.0281262439451,-118.012828229832,1
"1917",27,6,53,55000,"male",8,"White only","no 4-year degree",1,1480,"monterey","monterey",36.2856915504762,-121.103305569113,1
"1918",28,6,0,30000,"female",16,"Asian only","4-year degree",1,1807,"unknown","orange",33.6740995940064,-117.60164600436,1
"1919",33,6,73,17100,"male",12,"White only","no 4-year degree",1,1554,"san diego","san diego",33.2240157220375,-117.390230874652,1
"1920",25,6,59,63600,"female",16,"White only","4-year degree",1,895,"orange","orange",33.738612815062,-117.88105120869,1
"1921",28,6,37,59940,"female",13,"Black only","no 4-year degree",1,758,"los angeles","los angeles",34.0995736688991,-118.01518185808,1
"1922",26,6,87,4500,"male",13,"White only","no 4-year degree",1,2114,"santa cruz","santa cruz",37.1066626461159,-122.242794146784,1
"1923",34,6,29,15470,"female",13,"White only","no 4-year degree",NA,4,"kern","kern",35.010143859753,-119.275383745046,1
"1924",28,6,75,97000,"male",16,"White only","4-year degree",NA,1897,"san francisco","san francisco",37.7581995148189,-122.42510967118,1
"1925",28,6,0,0,"female",12,"White only","no 4-year degree",NA,1138,"unknown","alameda",37.7138827000826,-121.993608538164,1
"1926",31,6,59,65000,"male",16,"Asian only","4-year degree",1,869,"orange","orange",33.5920551741444,-117.68486815673,1
"1927",31,6,59,0,"male",13,"White only","no 4-year degree",NA,984,"orange","orange",33.6244169735189,-117.599763338531,1
"1928",28,6,37,45000,"male",16,"White only","4-year degree",1,605,"los angeles","los angeles",33.9712263698721,-118.325463982546,1
"1929",29,6,75,85000,"male",18,"White only","4-year degree",1,1867,"san francisco","san francisco",37.7689945666998,-122.371089653507,1
"1930",25,6,37,26400,"female",16,"White only","4-year degree",1,559,"los angeles","los angeles",34.1341478577225,-118.033929283765,1
"1931",34,6,29,15000,"female",12,"White only","no 4-year degree",NA,35,"kern","kern",35.3694914478228,-119.145219359774,1
"1932",27,6,37,30400,"female",18,"White only","4-year degree",1,200,"los angeles","los angeles",34.2063798424274,-118.034621080243,1
"1933",29,6,37,100000,"male",16,"Black only","4-year degree",1,755,"los angeles","los angeles",34.0356518682292,-118.444564895213,1
"1934",34,6,67,15000,"male",14,"Asian only","no 4-year degree",1,1431,"sacramento","sacramento",38.2261131887141,-121.525900566142,1
"1935",28,6,59,36000,"female",13,"White only","no 4-year degree",1,841,"orange","orange",33.7222300726677,-117.732228846844,1
"1936",30,6,53,96000,"female",16,"White only","4-year degree",1,1492,"monterey","monterey",36.3058365446332,-121.173962663649,1
"1937",27,6,77,45000,"female",16,"Asian only","4-year degree",0,2212,"san joaquin","san joaquin",38.1543192670522,-121.438853410651,1
"1938",35,6,1,30000,"male",11,"Asian only","no 4-year degree",1,1768,"alameda","alameda",37.7339447769967,-122.185571909246,1
"1939",33,6,0,0,"male",11,"White-AI","no 4-year degree",NA,2011,"unknown","los angeles",34.0054950402428,-118.238326395399,1
"1940",31,6,73,76000,"male",13,"White only","no 4-year degree",1,1630,"san diego","san diego",32.830115861295,-117.238848979191,1
"1941",35,6,0,60000,"male",12,"White only","no 4-year degree",1,1180,"unknown","los angeles",34.1377157380372,-118.300249797406,1
"1942",35,6,59,35000,"female",12,"White only","no 4-year degree",1,941,"orange","orange",33.6103383796404,-117.676779037596,1
"1943",28,6,0,361000,"male",16,"Asian only","4-year degree",1,2046,"unknown","los angeles",33.9979590496337,-118.49171897674,1
"1944",29,6,37,0,"male",12,"White only","no 4-year degree",NA,367,"los angeles","los angeles",34.1172682007631,-118.247088540268,1
"1945",33,6,73,0,"female",16,"Asian only","4-year degree",NA,1511,"san diego","san diego",32.9379049977994,-117.244920510265,1
"1946",29,6,0,20000,"female",16,"White only","4-year degree",1,1835,"unknown","ventura",34.5322371010777,-119.280167203726,1
"1947",25,6,77,10002,"male",12,"White only","no 4-year degree",1,2203,"san joaquin","san joaquin",38.1067669501905,-121.25003354229,1
"1948",31,6,1,260000,"female",16,"Asian only","4-year degree",1,1770,"alameda","alameda",37.5983070458141,-122.054844002069,1
"1949",33,6,0,10000,"male",14,"White only","no 4-year degree",1,93,"unknown","orange",33.7089301972895,-117.813354646204,1
"1950",27,6,73,21000,"female",16,"White only","4-year degree",1,1620,"san diego","san diego",32.9122081272932,-117.070158572747,1
"1951",35,6,0,288000,"male",20,"Asian only","4-year degree",1,1958,"unknown","orange",33.7346421196489,-117.786612138915,1
"1952",32,6,29,35000,"male",12,"White only","no 4-year degree",1,32,"kern","kern",35.3088935210708,-118.926246715232,1
"1953",31,6,37,50000,"female",12,"White only","no 4-year degree",1,497,"los angeles","los angeles",33.9255177688963,-118.183542240652,1
"1954",32,6,87,26000,"female",12,"White-Black","no 4-year degree",1,2124,"santa cruz","santa cruz",37.0089677735185,-121.895159629747,1
"1955",34,6,61,50000,"female",16,"White only","4-year degree",1,1379,"placer","placer",38.9703763010281,-120.905597343182,1
"1956",26,6,0,0,"female",11,"White only","no 4-year degree",NA,1808,"unknown","fresno",36.9047302716767,-119.427156212886,1
"1957",33,6,37,120000,"female",18,"White only","4-year degree",1,782,"los angeles","los angeles",34.0075228489015,-117.985883760496,1
"1958",25,6,37,22000,"female",12,"White only","no 4-year degree",NA,283,"los angeles","los angeles",34.0497567806563,-118.366629401557,1
"1959",32,6,37,27500,"female",12,"White only","no 4-year degree",1,695,"los angeles","los angeles",34.0826600223395,-118.279337696405,1
"1960",30,6,75,91000,"male",12,"Asian only","no 4-year degree",1,1890,"san francisco","san francisco",37.7745090686145,-122.433332303869,1
"1961",25,6,75,55000,"female",16,"White only","4-year degree",1,1910,"san francisco","san francisco",37.7603602253369,-122.405315550116,1
"1962",34,6,1,130000,"female",16,"White only","4-year degree",1,1759,"alameda","alameda",37.5797262382748,-121.86709127768,1
"1963",26,6,7,60000,"male",14,"White only","no 4-year degree",1,57,"butte","butte",39.5775877236242,-121.51999906767,1
"1964",30,6,37,5000,"male",13,"White only","no 4-year degree",1,422,"los angeles","los angeles",34.1483476868604,-118.252312154202,1
"1965",29,6,0,97000,"male",12,"White only","no 4-year degree",1,1851,"unknown","los angeles",34.0419186314116,-118.436540873313,1
"1966",26,6,81,10000,"male",14,"White only","no 4-year degree",1,1944,"san mateo","san mateo",37.4251207473142,-122.239539748461,1
"1967",33,6,0,85000,"male",20,"White only","4-year degree",1,2055,"unknown","san francisco",37.7391969651259,-122.356760469691,1
"1968",35,6,73,0,"female",16,"Asian only","4-year degree",NA,1584,"san diego","san diego",33.1043792353688,-117.19436396591,1
"1969",31,6,37,0,"male",12,"White only","no 4-year degree",1,256,"los angeles","los angeles",34.1643349768612,-118.529850777515,1
"1970",32,6,59,77000,"female",13,"White only","no 4-year degree",1,891,"orange","orange",33.770496136209,-117.787623698422,1
"1971",30,6,0,24000,"female",12,"Black only","no 4-year degree",1,1803,"unknown","sacramento",38.4470659848774,-121.354563617602,1
"1972",29,6,37,20000,"male",14,"White only","no 4-year degree",1,178,"los angeles","los angeles",34.0684103462317,-118.44826827357,1
"1973",34,6,59,90000,"male",16,"White only","4-year degree",1,923,"orange","orange",33.7109426432532,-117.92804047892,1
"1974",31,6,1,60000,"male",12,"White only","no 4-year degree",1,1730,"alameda","alameda",37.6273085399791,-121.869693987984,1
"1975",29,6,59,56000,"male",13,"White only","no 4-year degree",0,897,"orange","orange",33.6773117872016,-117.755338632666,1
"1976",33,6,29,0,"female",12,"Asian only","no 4-year degree",NA,30,"kern","kern",35.3004897582698,-119.493788131671,1
"1977",33,6,37,47000,"female",18,"White only","4-year degree",1,506,"los angeles","los angeles",33.991203258706,-118.379030218959,1
"1978",26,6,37,42852,"male",14,"White only","no 4-year degree",1,701,"los angeles","los angeles",33.9673325585986,-118.2738537592,1
"1979",32,6,37,3000,"male",14,"White only","no 4-year degree",NA,365,"los angeles","los angeles",34.0514476790918,-118.393519567468,1
"1980",31,6,59,0,"female",8,"White only","no 4-year degree",NA,929,"orange","orange",33.861668206335,-117.686032591553,1
"1981",28,6,37,0,"female",12,"White only","no 4-year degree",NA,411,"los angeles","los angeles",34.0368033129158,-118.422917037257,1
"1982",28,6,0,40000,"male",12,"White only","no 4-year degree",1,1307,"unknown","stanislaus",37.3663373252763,-121.135264328666,1
"1983",26,6,95,45000,"male",13,"White only","no 4-year degree",0,2251,"solano","solano",38.2189453417516,-121.981685636483,1
"1984",35,6,73,72000,"female",18,"White only","4-year degree",1,1600,"san diego","san diego",32.748660138646,-117.122722973651,1
"1985",33,6,75,60000,"male",14,"Black only","no 4-year degree",1,1905,"san francisco","san francisco",37.7276139253609,-122.36839733984,1
"1986",33,6,0,38000,"male",12,"White only","no 4-year degree",1,1313,"unknown","santa barbara",34.796195541838,-119.777567031444,1
"1987",27,6,0,30000,"male",13,"White only","no 4-year degree",1,1196,"unknown","los angeles",34.0066739626555,-118.449736374567,1
"1988",30,6,95,0,"female",16,"White only","4-year degree",NA,2233,"solano","solano",38.2696820570508,-121.862836243,1
"1989",29,6,37,42000,"male",12,"White only","no 4-year degree",1,593,"los angeles","los angeles",34.1666515306078,-118.491020345164,1
"1990",30,6,0,14100,"female",16,"White only","4-year degree",1,73,"unknown","san diego",33.0958950095189,-117.12309153038,1
"1991",27,6,37,85000,"female",18,"White only","4-year degree",1,826,"los angeles","los angeles",33.9546383518021,-118.195596249988,1
"1992",26,6,0,30000,"female",14,"White only","no 4-year degree",1,1973,"unknown","orange",33.6370582620662,-117.767118498034,1
"1993",28,6,37,35000,"male",13,"White only","no 4-year degree",1,685,"los angeles","los angeles",34.0854355787265,-118.297784194596,1
"1994",34,6,0,36000,"female",13,"White only","no 4-year degree",1,1137,"unknown","los angeles",34.177304717704,-118.476997510512,1
"1995",33,6,0,0,"female",20,"White only","4-year degree",NA,2058,"unknown","san mateo",37.4385540443147,-122.220357821238,1
"1996",29,6,73,12000,"female",16,"White only","4-year degree",1,1651,"san diego","san diego",32.93880087779,-116.990338182187,1
"1997",35,6,0,0,"female",13,"White-Asian","no 4-year degree",NA,2040,"unknown","los angeles",34.0497117023985,-118.341681651678,1
"1998",33,6,59,63000,"female",13,"White only","no 4-year degree",1,924,"orange","orange",33.6525155692386,-117.755034666397,1
"1999",32,6,19,35000,"male",12,"White only","no 4-year degree",1,105,"fresno","fresno",36.692577152004,-119.492910629401,1
"2000",25,6,0,26500,"male",13,"White only","no 4-year degree",0,77,"unknown","san francisco",37.7535407313508,-122.38037096269,1
"2001",26,6,37,23900,"female",16,"White only","4-year degree",1,638,"los angeles","los angeles",34.3055488383799,-118.018066815658,1
"2002",28,6,0,0,"male",14,"Hawaiian/Pacific Islander only (HP)","no 4-year degree",1,1305,"unknown","tulare",36.5198483181017,-118.357784627297,1
"2003",28,6,59,25000,"male",12,"White only","no 4-year degree",1,964,"orange","orange",33.7954022622573,-117.728285759734,1
"2004",33,6,0,0,"female",13,"Asian only","no 4-year degree",NA,1855,"unknown","santa barbara",34.689689518817,-120.15410019962,1
"2005",35,6,95,13000,"female",14,"White-Asian","no 4-year degree",1,2235,"solano","solano",38.2023760040504,-122.015188658606,1
"2006",30,6,0,120000,"female",18,"Asian only","4-year degree",1,2084,"unknown","los angeles",33.9884503664067,-118.44519802894,1
"2007",26,6,59,7695,"female",13,"White only","no 4-year degree",1,939,"orange","orange",33.6107605285944,-117.716141170903,1
"2008",28,6,81,130000,"male",18,"Asian only","4-year degree",1,1918,"san mateo","san mateo",37.4114246895119,-122.266198242242,1
"2009",30,6,37,0,"male",12,"White only","no 4-year degree",NA,652,"los angeles","los angeles",34.0028416553392,-118.493301947003,1
"2010",26,6,37,20000,"male",13,"Black only","no 4-year degree",1,518,"los angeles","los angeles",34.0204595708279,-117.748812691514,1
"2011",33,6,0,0,"male",13,"Black only","no 4-year degree",NA,1229,"unknown","orange",33.7279074957434,-117.823922944078,1
"2012",31,6,37,0,"male",16,"Asian only","4-year degree",NA,734,"los angeles","los angeles",34.0925195311851,-118.257732474603,1
"2013",30,6,73,62000,"female",13,"White only","no 4-year degree",1,1631,"san diego","san diego",33.1462016753927,-117.256654424156,1
"2014",25,6,19,35000,"female",18,"Asian only","4-year degree",1,147,"fresno","fresno",36.6496591708454,-119.858536077467,1
"2015",30,6,0,0,"female",12,"White only","no 4-year degree",NA,1323,"unknown","los angeles",33.9888254409972,-118.219737956107,1
"2016",31,6,83,79000,"female",18,"White only","4-year degree",1,2129,"santa barbara","santa barbara",34.5440112165492,-120.195445784374,1
"2017",26,6,99,45000,"male",12,"White only","no 4-year degree",1,1032,"stanislaus","stanislaus",37.5287028873663,-121.207297176912,1
"2018",25,6,37,25000,"male",16,"White only","4-year degree",1,226,"los angeles","los angeles",34.1457497376938,-118.567287513255,1
"2019",33,6,75,60000,"female",16,"White only","4-year degree",1,1894,"san francisco","san francisco",37.7602420500143,-122.393455064072,1
"2020",26,6,37,0,"female",16,"Asian only","4-year degree",NA,839,"los angeles","los angeles",34.1903099025514,-118.223271611534,1
"2021",35,6,73,90000,"male",18,"Black only","4-year degree",1,1654,"san diego","san diego",32.9366986070099,-117.238525141279,1
"2022",33,6,37,60000,"male",14,"White only","no 4-year degree",1,585,"los angeles","los angeles",34.1850651836377,-118.293551657569,1
"2023",35,6,0,40000,"male",13,"White only","no 4-year degree",1,1098,"unknown","orange",33.6454363335587,-117.695760915177,1
"2024",34,6,59,33000,"male",12,"White only","no 4-year degree",1,871,"orange","orange",33.6851273384615,-117.655799260428,1
"2025",25,6,37,3000,"male",16,"White-AI","4-year degree",1,654,"los angeles","los angeles",33.9639035925756,-118.288507777918,1
"2026",32,6,1,100000,"female",18,"Asian only","4-year degree",1,1701,"alameda","alameda",37.6557752276,-122.017388590462,1
"2027",34,6,59,160000,"male",12,"White only","no 4-year degree",1,914,"orange","orange",33.6928403732183,-117.737298047338,1
"2028",34,6,1,55000,"male",20,"Asian only","4-year degree",1,1740,"alameda","alameda",37.6703124481789,-121.952546031931,1
"2029",25,6,37,27200,"female",16,"White only","4-year degree",1,469,"los angeles","los angeles",34.1177682309689,-118.501816125385,1
"2030",34,6,75,400000,"male",16,"White only","4-year degree",1,1877,"san francisco","san francisco",37.7581464161855,-122.387788530127,1
"2031",25,6,19,42000,"male",9,"White only","no 4-year degree",1,154,"fresno","fresno",36.7147915771535,-120.032230554758,1
"2032",25,6,0,60000,"female",16,"White only","4-year degree",1,2213,"unknown","santa barbara",34.8979581772309,-119.588545378668,1
"2033",29,6,37,97000,"male",16,"White only","4-year degree",NA,622,"los angeles","los angeles",34.0878048440695,-118.4796091488,1
"2034",29,6,37,22000,"female",13,"Black only","no 4-year degree",1,761,"los angeles","los angeles",33.9305765653387,-118.244190327904,1
"2035",26,6,37,10000,"male",16,"White only","4-year degree",1,366,"los angeles","los angeles",34.2293345060244,-118.320484616706,1
"2036",32,6,67,100000,"male",18,"Asian only","4-year degree",1,1458,"sacramento","sacramento",38.3269401901451,-121.456373244328,1
"2037",35,6,95,0,"female",20,"White only","4-year degree",NA,2248,"solano","solano",38.2614623864949,-121.707954439546,1
"2038",26,6,1,40000,"female",16,"Asian only","4-year degree",1,1694,"alameda","alameda",37.7403067107487,-122.095267853891,1
"2039",30,6,1,55000,"male",16,"Asian only","4-year degree",1,1753,"alameda","alameda",37.561136533735,-121.992806466399,1
"2040",32,6,37,10000,"female",13,"White only","no 4-year degree",1,345,"los angeles","los angeles",33.9003907302126,-118.245068463345,1
"2041",30,6,37,41000,"female",13,"White only","no 4-year degree",1,712,"los angeles","los angeles",33.8736950532996,-118.24343120459,1
"2042",30,6,37,0,"male",14,"White-AI","no 4-year degree",0,214,"los angeles","los angeles",34.7517291168959,-117.721135169026,1
"2043",27,6,79,41800,"male",14,"White only","no 4-year degree",1,2107,"san luis obispo","san luis obispo",35.0632952595605,-119.938122530385,1
"2044",35,6,73,15000,"female",13,"Asian only","no 4-year degree",1,1663,"san diego","san diego",33.1744826293378,-117.216063971529,1
"2045",28,6,1,0,"female",18,"Asian only","4-year degree",NA,1769,"alameda","alameda",37.6590772788698,-121.91733853546,1
"2046",29,6,79,52000,"female",16,"White only","4-year degree",1,2100,"san luis obispo","san luis obispo",35.2377084684174,-120.618333321495,1
"2047",33,6,95,36000,"male",12,"White only","no 4-year degree",1,2250,"solano","solano",38.215485660699,-122.033610926111,1
"2048",25,6,0,0,"female",13,"White only","no 4-year degree",NA,1183,"unknown","san diego",32.901677295781,-117.165908847151,1
"2049",25,6,37,0,"male",12,"White only","no 4-year degree",1,831,"los angeles","los angeles",33.935406187638,-118.240100343863,1
"2050",29,6,37,0,"male",14,"White-AI","no 4-year degree",NA,446,"los angeles","los angeles",34.0034685318564,-118.415726410457,1
"2051",29,6,107,0,"male",12,"White only","no 4-year degree",NA,2265,"tulare","tulare",36.3178290086828,-118.419731466131,1
"2052",33,6,0,40000,"female",13,"White only","no 4-year degree",0,2049,"unknown","san francisco",37.7659924044065,-122.415805240477,1
"2053",31,6,0,70000,"male",18,"Asian only","4-year degree",1,1233,"unknown","kings",36.3045180778455,-119.804625210125,1
"2054",26,6,37,0,"male",12,"White only","no 4-year degree",NA,673,"los angeles","los angeles",33.8760104844332,-118.17973792055,1
"2055",26,6,73,25000,"male",12,"White only","no 4-year degree",NA,1550,"san diego","san diego",32.8806593858297,-117.175429012037,1
"2056",35,6,29,80000,"male",13,"White only","no 4-year degree",1,24,"kern","kern",35.3422893333416,-119.376287058368,1
"2057",31,6,0,110000,"male",16,"White only","4-year degree",1,1846,"unknown","alameda",37.7322131783086,-122.030966805954,1
"2058",33,6,37,0,"female",12,"White only","no 4-year degree",NA,711,"los angeles","los angeles",34.0532049462021,-118.712254341855,1
"2059",27,6,0,-9999,"female",16,"White only","4-year degree",1,70,"unknown","los angeles",34.4372210830696,-117.93421076289,1
"2060",28,6,67,0,"female",12,"White only","no 4-year degree",NA,1466,"sacramento","sacramento",38.2343948565068,-121.501033026772,1
"2061",25,6,37,8000,"female",12,"White only","no 4-year degree",1,545,"los angeles","los angeles",33.8961466165036,-118.377969364565,1
"2062",30,6,37,48126,"male",16,"White only","4-year degree",0,402,"los angeles","los angeles",34.1964573284702,-118.302877802096,1
"2063",26,6,19,28000,"male",16,"Asian only","4-year degree",1,123,"fresno","fresno",36.9245670494271,-119.158081629853,1
"2064",26,6,0,0,"female",16,"White only","4-year degree",NA,1816,"unknown","san luis obispo",35.3266107767164,-120.401430594838,1
"2065",30,6,73,70000,"female",16,"White only","4-year degree",1,1528,"san diego","san diego",32.8813398223956,-116.708484793284,1
"2066",28,6,0,0,"female",12,"White only","no 4-year degree",NA,1331,"unknown","san francisco",37.7487590120344,-122.38486758332,1
"2067",29,6,37,45000,"male",12,"White only","no 4-year degree",1,333,"los angeles","los angeles",34.0528327398986,-118.217362502415,1
"2068",27,6,37,60000,"male",12,"White only","no 4-year degree",1,265,"los angeles","los angeles",34.0935928683683,-118.001856678598,1
"2069",30,6,37,170000,"male",16,"Asian only","4-year degree",1,279,"los angeles","los angeles",34.0842879739319,-118.299060685322,1
"2070",25,6,0,0,"male",12,"White-Black","no 4-year degree",0,1251,"unknown","san diego",33.1860562108274,-117.325426970544,1
"2071",31,6,0,75000,"female",16,"White only","4-year degree",1,1212,"unknown","los angeles",34.0381049489569,-118.320058375515,1
"2072",32,6,0,75000,"male",13,"Asian only","no 4-year degree",1,2091,"unknown","san diego",33.2356465226431,-117.297392933947,1
"2073",28,6,0,140000,"female",16,"White only","4-year degree",1,1100,"unknown","los angeles",34.0901566184609,-118.460076316774,1
"2074",33,6,37,85000,"male",12,"American Indian, Alaskan Native only (AI)","no 4-year degree",1,211,"los angeles","los angeles",34.0286254516613,-118.385762658998,1
"2075",34,6,95,200000,"male",16,"White only","4-year degree",1,2232,"solano","solano",38.1483811807731,-122.096077355752,1
"2076",35,6,37,0,"female",13,"White only","no 4-year degree",NA,710,"los angeles","los angeles",33.9998468811853,-118.340984203053,1
"2077",31,6,0,0,"male",13,"Black only","no 4-year degree",0,1246,"unknown","fresno",37.105936783185,-119.19227247887,1
"2078",32,6,37,123500,"female",16,"White only","4-year degree",1,443,"los angeles","los angeles",34.0556544890356,-118.473698020929,1
"2079",27,6,53,0,"male",12,"White only","no 4-year degree",NA,1499,"monterey","monterey",36.3828009301729,-121.330929000014,1
"2080",35,6,37,110000,"male",14,"Black only","no 4-year degree",1,480,"los angeles","los angeles",34.124017426979,-118.215772352726,1
"2081",31,6,0,70000,"male",14,"Asian only","no 4-year degree",1,2029,"unknown","butte",39.903538893458,-121.507308789196,1
"2082",27,6,37,30000,"male",12,"White only","no 4-year degree",1,562,"los angeles","los angeles",34.2337910707044,-118.428705399391,1
"2083",29,6,37,56000,"female",16,"White only","4-year degree",1,405,"los angeles","los angeles",34.001441119648,-118.02642084546,1
"2084",28,6,67,41732,"male",16,"White only","4-year degree",1,1398,"sacramento","sacramento",38.1940781552835,-121.543536965166,1
"2085",26,6,0,55000,"male",12,"White only","no 4-year degree",1,96,"unknown","los angeles",34.2793046312452,-118.398164728252,1
"2086",28,6,37,33600,"female",12,"White only","no 4-year degree",1,275,"los angeles","los angeles",34.1651156703009,-118.3589812979,1
"2087",33,6,0,90000,"female",20,"White only","4-year degree",1,1960,"unknown","monterey",36.3242006320365,-121.380799734302,1
"2088",30,6,99,30000,"female",16,"White-AI","4-year degree",1,1045,"stanislaus","stanislaus",37.4569244744231,-121.223373964625,1
"2089",28,6,89,0,"female",16,"White only","4-year degree",NA,1119,"shasta","shasta",40.6338559355,-122.278578068008,1
"2090",29,6,0,100000,"male",16,"White only","4-year degree",1,1964,"unknown","san joaquin",38.012588706713,-121.222688792469,1
"2091",28,6,0,0,"female",13,"White only","no 4-year degree",NA,1213,"unknown","san diego",32.98707054461,-117.140599876628,1
"2092",25,6,75,42000,"male",16,"White only","4-year degree",1,1880,"san francisco","san francisco",37.7433783046837,-122.381174570262,1
"2093",28,6,0,72000,"male",12,"White only","no 4-year degree",1,1330,"unknown","san diego",32.9980087049965,-117.088633557528,1
"2094",34,6,0,42000,"male",12,"White only","no 4-year degree",1,100,"unknown","los angeles",33.9924426017339,-118.247916841238,1
"2095",33,6,73,60000,"female",16,"White only","4-year degree",1,1531,"san diego","san diego",33.0423990757678,-117.00121651205,1
"2096",25,6,0,25000,"female",16,"White-Black","4-year degree",1,1845,"unknown","los angeles",33.9834874535669,-118.234517572769,1
"2097",28,6,0,50000,"female",18,"White only","4-year degree",1,1164,"unknown","los angeles",33.9948232899015,-118.230584908899,1
"2098",32,6,37,75000,"male",12,"White only","no 4-year degree",1,477,"los angeles","los angeles",33.9599570376138,-117.915498311046,1
"2099",28,6,37,55000,"female",12,"Black only","no 4-year degree",1,769,"los angeles","los angeles",33.9715515518126,-118.353509974859,1
"2100",28,6,113,52002,"male",12,"White only","no 4-year degree",1,1471,"yolo","yolo",38.5875564316695,-121.85578217342,1
"2101",29,6,77,55000,"male",13,"Black only","no 4-year degree",1,2171,"san joaquin","san joaquin",37.9375012687536,-121.316599281421,1
"2102",35,6,37,0,"female",13,"White only","no 4-year degree",NA,575,"los angeles","los angeles",34.1169772447342,-118.244111549968,1
"2103",26,6,37,52000,"female",13,"White only","no 4-year degree",1,299,"los angeles","los angeles",34.0275967569263,-118.269420898801,1
"2104",31,6,59,72001,"female",16,"Asian only","4-year degree",1,868,"orange","orange",33.4662765311139,-117.586088978043,1
"2105",25,6,59,35000,"female",12,"White only","no 4-year degree",1,883,"orange","orange",33.7231444008888,-117.83188669272,1
"2106",34,6,37,38000,"male",13,"Asian only","no 4-year degree",1,765,"los angeles","los angeles",34.8014370668199,-118.883198274749,1
"2107",30,6,0,0,"female",13,"White only","no 4-year degree",NA,1228,"unknown","los angeles",34.1702253709734,-118.275426196265,1
"2108",26,6,97,0,"female",12,"White only","no 4-year degree",NA,2155,"sonoma","sonoma",38.4604445744812,-122.605368258727,1
"2109",27,6,0,35000,"female",12,"White only","no 4-year degree",1,1329,"unknown","santa barbara",34.683380630162,-120.45298715522,1
"2110",35,6,0,25000,"female",12,"White only","no 4-year degree",1,1325,"unknown","orange",33.7102579965019,-117.728396439585,1
"2111",31,6,73,100000,"female",16,"White only","4-year degree",1,1582,"san diego","san diego",33.0283836405092,-117.167394888382,1
"2112",32,6,0,80000,"male",12,"White only","no 4-year degree",1,1133,"unknown","shasta",40.5877039365143,-122.749589987614,1
"2113",35,6,61,0,"male",16,"White only","4-year degree",NA,1380,"placer","placer",39.0945456206064,-120.750914380717,1
"2114",34,6,111,102000,"male",16,"White only","4-year degree",1,1076,"ventura","ventura",34.4904224425208,-119.151888376877,1
"2115",30,6,37,82000,"female",20,"White only","4-year degree",1,277,"los angeles","los angeles",34.2166091363583,-118.370470606973,1
"2116",29,6,83,30000,"female",16,"White only","4-year degree",1,2142,"santa barbara","santa barbara",34.6536299825608,-120.142871865726,1
"2117",30,6,37,65000,"male",20,"White only","4-year degree",1,353,"los angeles","los angeles",33.9984866111585,-118.376308921064,1
"2118",33,6,111,28000,"male",13,"Asian only","no 4-year degree",1,1086,"ventura","ventura",34.4797769572581,-119.096494704592,1
"2119",28,6,73,0,"female",16,"White-AI","4-year degree",NA,1627,"san diego","san diego",32.8156230340714,-117.118556362738,1
"2120",33,6,0,1000,"female",18,"Asian only","4-year degree",0,1187,"unknown","orange",33.8383803002821,-117.746943071005,1
"2121",35,6,0,30000,"male",12,"White only","no 4-year degree",NA,1297,"unknown","orange",33.7893174171044,-117.770721969902,1
"2122",29,6,73,32000,"male",12,"White only","no 4-year degree",1,1526,"san diego","san diego",32.7885276177743,-117.20497923939,1
"2123",34,6,73,75000,"female",20,"Asian only","4-year degree",1,1678,"san diego","san diego",32.7479079814413,-116.971340352323,1
"2124",34,6,37,100000,"male",16,"White only","4-year degree",1,420,"los angeles","los angeles",33.8313601862025,-118.306289032262,1
"2125",29,6,0,20000,"female",16,"White only","4-year degree",1,1987,"unknown","san francisco",37.7697773327962,-122.411809977355,1
"2126",31,6,37,40000,"male",16,"White only","4-year degree",1,293,"los angeles","los angeles",34.1893546697377,-118.556701394031,1
"2127",26,6,0,50002,"female",13,"White only","no 4-year degree",1,1344,"unknown","fresno",36.5754871982395,-119.890602669281,1
"2128",29,6,81,20000,"male",16,"White only","4-year degree",1,1943,"san mateo","san mateo",37.5335697817401,-122.288472348668,1
"2129",28,6,37,0,"female",14,"White only","no 4-year degree",NA,820,"los angeles","los angeles",34.0024932216688,-118.224950973583,1
"2130",26,6,0,40000,"male",12,"White only","no 4-year degree",1,1321,"unknown","los angeles",33.9869035710177,-118.389155435573,1
"2131",31,6,37,110000,"female",20,"White only","4-year degree",1,301,"los angeles","los angeles",34.0103206500127,-118.308119343638,1
"2132",30,6,67,0,"male",18,"Asian only","4-year degree",0,1462,"sacramento","sacramento",38.325476504232,-121.458659663444,1
"2133",28,6,37,4000,"female",16,"White only","4-year degree",1,639,"los angeles","los angeles",33.9731658738783,-118.175697556187,1
"2134",30,6,0,79000,"male",13,"White only","no 4-year degree",1,2044,"unknown","alameda",37.5718055154558,-121.67109304648,1
"2135",34,6,37,12000,"female",12,"White only","no 4-year degree",1,449,"los angeles","los angeles",34.0044250378064,-118.295656841967,1
"2136",35,6,0,62000,"male",12,"Black only","no 4-year degree",1,1286,"unknown","los angeles",34.0993440098133,-118.353630832913,1
"2137",35,6,37,40000,"female",12,"White only","no 4-year degree",1,230,"los angeles","los angeles",34.0134206759934,-118.381423215229,1
"2138",35,6,59,75000,"female",18,"White only","4-year degree",1,915,"orange","orange",33.7826799388035,-117.797171269405,1
"2139",34,6,37,38000,"female",13,"White only","no 4-year degree",1,558,"los angeles","los angeles",34.1136895229442,-118.311395791936,1
"2140",29,6,61,40000,"female",16,"White only","4-year degree",1,1383,"placer","placer",38.9924448134662,-120.977079737098,1
"2141",27,6,37,60000,"male",12,"White only","no 4-year degree",1,692,"los angeles","los angeles",34.100075367988,-118.173027884065,1
"2142",30,6,0,82000,"male",16,"White only","4-year degree",1,2037,"unknown","los angeles",33.9887536456922,-118.048275148805,1
"2143",32,6,0,100000,"female",20,"Asian only","4-year degree",1,1849,"unknown","alameda",37.7020479822841,-121.992031097956,1
"2144",32,6,73,0,"female",18,"White only","4-year degree",NA,1506,"san diego","san diego",33.1205170726085,-117.337667357268,1
"2145",26,6,0,0,"female",12,"White only","no 4-year degree",NA,1361,"unknown","los angeles",34.0052220860541,-118.107190400363,1
"2146",32,6,19,60000,"male",12,"White only","no 4-year degree",1,155,"fresno","fresno",36.6923312707874,-119.851098590882,1
"2147",33,6,37,0,"female",10,"White only","no 4-year degree",NA,670,"los angeles","los angeles",34.0142614180779,-118.388062143643,1
"2148",28,6,0,0,"female",13,"White only","no 4-year degree",NA,98,"unknown","fresno",36.8454050613342,-119.880061210965,1
"2149",30,6,95,35000,"female",12,"White only","no 4-year degree",1,2247,"solano","solano",38.218712124301,-121.87914583756,1
"2150",35,6,73,150000,"male",20,"Asian only","4-year degree",1,1679,"san diego","san diego",32.934097020711,-117.189959802184,1
"2151",29,6,59,28000,"female",12,"White only","no 4-year degree",1,943,"orange","orange",33.6633193912416,-117.445099525577,1
"2152",34,6,73,38000,"female",14,"Asian only","no 4-year degree",1,1656,"san diego","san diego",33.0199490976743,-117.197847726803,1
"2153",32,6,37,2000,"female",16,"Asian only","4-year degree",NA,193,"los angeles","los angeles",34.0749515785641,-118.409599687994,1
"2154",31,6,0,0,"female",16,"Asian only","4-year degree",NA,2039,"unknown","san diego",33.1333994995118,-116.932012921653,1
"2155",27,6,77,47000,"male",14,"White only","no 4-year degree",1,2192,"san joaquin","san joaquin",38.0383021506194,-121.306904607898,1
"2156",29,6,75,40000,"female",18,"White only","4-year degree",1,1885,"san francisco","san francisco",37.7647758368415,-122.418209080542,1
"2157",34,6,0,40000,"male",12,"White only","no 4-year degree",1,1342,"unknown","ventura",34.7039941240938,-119.019203358724,1
"2158",33,6,1,0,"male",18,"Asian only","4-year degree",0,1771,"alameda","alameda",37.688613699165,-122.000282440586,1
"2159",34,6,0,160000,"female",16,"Asian only","4-year degree",1,1959,"unknown","los angeles",33.9495715769113,-118.148707239566,1
"2160",29,6,37,75000,"male",16,"White only","4-year degree",1,604,"los angeles","los angeles",34.0076339420573,-118.255969127528,1
"2161",28,6,37,100000,"male",16,"White only","4-year degree",1,777,"los angeles","los angeles",34.0566809212009,-118.631569294385,1
"2162",25,6,37,31000,"male",14,"White only","no 4-year degree",1,563,"los angeles","los angeles",34.2371939434418,-118.526239697561,1
"2163",30,6,29,0,"female",13,"Asian only","no 4-year degree",NA,43,"kern","kern",35.2431961609628,-119.39183829506,1
"2164",34,6,37,0,"female",9,"White only","no 4-year degree",NA,707,"los angeles","los angeles",34.036727257846,-118.512628519085,1
"2165",27,6,37,0,"female",18,"Black only","4-year degree",NA,511,"los angeles","los angeles",34.0507739537279,-118.259518143518,1
"2166",32,6,37,100000,"male",16,"Asian only","4-year degree",1,732,"los angeles","los angeles",34.1787776830518,-118.389573576439,1
"2167",35,6,0,160000,"female",20,"White only","4-year degree",1,2054,"unknown","san mateo",37.5176940810388,-122.349641069984,1
"2168",28,6,29,4000,"female",13,"Black only","no 4-year degree",NA,2,"kern","kern",35.4439090509321,-118.661333425339,1
"2169",31,6,59,20000,"male",14,"White only","no 4-year degree",1,906,"orange","orange",33.7064051968907,-117.64069544828,1
"2170",34,6,31,15000,"male",12,"White only","no 4-year degree",1,172,"kings","kings",35.9906788562424,-120.059011308128,1
"2171",31,6,37,0,"female",9,"White only","no 4-year degree",NA,716,"los angeles","los angeles",33.8226094632769,-118.140882694094,1
"2172",25,6,17,17000,"female",14,"White only","no 4-year degree",1,1377,"el dorado","el dorado",38.8207819840907,-120.60125222235,1
"2173",30,6,0,175000,"male",16,"White only","4-year degree",1,2028,"unknown","alameda",37.6492379960172,-121.95562373801,1
"2174",34,6,37,0,"male",12,"White only","no 4-year degree",NA,356,"los angeles","los angeles",33.9978947671369,-118.259613147557,1
"2175",31,6,59,60000,"female",16,"White only","4-year degree",1,1023,"orange","orange",33.6655973537392,-117.696355347548,1
"2176",30,6,59,0,"female",16,"Asian only","4-year degree",NA,993,"orange","orange",33.6586699127448,-117.731600440081,1
"2177",33,6,59,0,"female",16,"White only","4-year degree",NA,962,"orange","orange",33.7617898359598,-117.814327566981,1
"2178",26,6,37,25000,"male",12,"White only","no 4-year degree",1,357,"los angeles","los angeles",34.0360493022642,-118.457579570029,1
"2179",35,6,0,0,"female",10,"White only","no 4-year degree",1,1185,"unknown","kings",36.1951890334493,-119.776512922654,1
"2180",27,6,79,18000,"female",14,"White-Black","no 4-year degree",1,2109,"san luis obispo","san luis obispo",35.2687839938114,-120.225878627008,1
"2181",25,6,0,28820,"female",14,"White only","no 4-year degree",1,1271,"unknown","los angeles",34.2715862530723,-118.528646458451,1
"2182",32,6,37,50000,"male",12,"White only","no 4-year degree",1,540,"los angeles","los angeles",34.0141038658007,-118.403508430955,1
"2183",26,6,59,10000,"male",12,"White only","no 4-year degree",0,946,"orange","orange",33.6678346648179,-117.798123559233,1
"2184",32,6,59,46000,"female",12,"White only","no 4-year degree",1,904,"orange","orange",33.7193855764015,-117.672060463475,1
"2185",35,6,97,120000,"male",16,"White only","4-year degree",1,2165,"sonoma","sonoma",38.6118840896717,-122.919039824737,1
"2186",27,6,37,5700,"female",13,"White only","no 4-year degree",1,726,"los angeles","los angeles",34.1094914941084,-118.574164204922,1
"2187",27,6,0,9600,"male",12,"White-Black","no 4-year degree",1,65,"unknown","ventura",34.4663021179135,-119.193872683598,1
"2188",27,6,37,10000,"female",11,"White only","no 4-year degree",0,697,"los angeles","los angeles",34.0628297261804,-118.679058482492,1
"2189",31,6,0,24166,"male",18,"White only","4-year degree",1,2062,"unknown","shasta",40.9022745759775,-122.570005146935,1
"2190",32,6,0,60000,"male",14,"Black only","no 4-year degree",1,1975,"unknown","los angeles",34.0033727097188,-118.420226327261,1
"2191",33,6,1,72000,"male",13,"White only","no 4-year degree",1,1728,"alameda","alameda",37.663047457352,-122.036155054818,1
"2192",25,6,37,0,"female",12,"Asian only","no 4-year degree",NA,319,"los angeles","los angeles",33.9640380209193,-118.31620421515,1
"2193",33,6,67,47000,"male",12,"Asian only","no 4-year degree",1,1412,"sacramento","sacramento",38.4147768220228,-121.414109046552,1
"2194",32,6,89,2080,"female",13,"White only","no 4-year degree",1,1116,"shasta","shasta",40.8877992671702,-122.533390615936,1
"2195",26,6,73,22000,"female",11,"White only","no 4-year degree",1,1542,"san diego","san diego",33.0113645678877,-117.099726508492,1
"2196",33,6,59,79000,"female",13,"White only","no 4-year degree",1,969,"orange","orange",33.5930832083375,-117.589635377226,1
"2197",26,6,37,30000,"male",12,"White only","no 4-year degree",1,813,"los angeles","los angeles",34.0465131717042,-118.453503571965,1
"2198",35,6,73,55000,"male",12,"White only","no 4-year degree",NA,1566,"san diego","san diego",33.3181327801369,-117.210478093068,1
"2199",33,6,0,32000,"female",12,"Black only","no 4-year degree",1,1273,"unknown","los angeles",34.1065565244384,-118.411062343385,1
"2200",30,6,37,0,"male",14,"White only","no 4-year degree",NA,609,"los angeles","los angeles",33.8299959947428,-118.376107336195,1
"2201",34,6,59,25000,"female",12,"White only","no 4-year degree",1,986,"orange","orange",33.7952107852783,-118.053843351691,1
"2202",30,6,37,106000,"male",20,"Asian only","4-year degree",1,496,"los angeles","los angeles",34.0004247948508,-118.334162684046,1
"2203",25,6,0,60000,"male",13,"Hawaiian/Pacific Islander only (HP)","no 4-year degree",1,2077,"unknown","orange",33.6909783945198,-117.699264744651,1
"2204",26,6,97,12500,"female",12,"White only","no 4-year degree",1,2166,"sonoma","sonoma",38.4709146426713,-122.975487784372,1
"2205",26,6,73,48000,"female",14,"White only","no 4-year degree",1,1521,"san diego","san diego",32.9804821731733,-117.181201211429,1
"2206",27,6,75,35000,"male",18,"White only","4-year degree",1,1876,"san francisco","san francisco",37.7672065661387,-122.396676843612,1
"2207",31,6,37,60000,"male",18,"White only","4-year degree",1,404,"los angeles","los angeles",34.0707096262514,-118.561840506467,1
"2208",25,6,0,95000,"female",16,"Asian only","4-year degree",1,1972,"unknown","san diego",32.973831349054,-117.17818791394,1
"2209",35,6,29,120000,"female",16,"White only","4-year degree",1,26,"kern","kern",35.6175265154347,-119.786920890065,1
"2210",32,6,0,100000,"male",18,"Asian only","4-year degree",1,2074,"unknown","los angeles",34.0112325118473,-118.315567891603,1
"2211",31,6,37,24000,"female",13,"White-AI","no 4-year degree",1,542,"los angeles","los angeles",33.998871835089,-118.477926755958,1
"2212",28,6,0,12000,"female",11,"White only","no 4-year degree",1,1215,"unknown","los angeles",34.6554861419122,-118.805507209042,1
"2213",35,6,37,26000,"female",11,"White only","no 4-year degree",1,668,"los angeles","los angeles",34.0700852332842,-118.421119007171,1
"2214",30,6,37,45000,"male",12,"White only","no 4-year degree",1,388,"los angeles","los angeles",34.1207769320987,-118.289419187819,1
"2215",35,6,73,69820,"female",13,"White only","no 4-year degree",1,1541,"san diego","san diego",32.8908442686137,-117.141038629756,1
"2216",31,6,0,100000,"female",16,"American Indian, Alaskan Native only (AI)","4-year degree",1,1862,"unknown","los angeles",33.8766138403696,-118.327602843689,1
"2217",26,6,37,35000,"male",12,"Black only","no 4-year degree",1,509,"los angeles","los angeles",34.0152953517526,-118.171133420724,1
"2218",31,6,77,60000,"female",13,"Asian only","no 4-year degree",1,2195,"san joaquin","san joaquin",38.0503635739959,-121.326044587467,1
"2219",25,6,37,85000,"female",16,"White only","4-year degree",1,238,"los angeles","los angeles",33.8672389727882,-118.245243448886,1
"2220",35,6,81,0,"male",16,"White only","4-year degree",NA,1923,"san mateo","san mateo",37.4299023559413,-122.272247014734,1
"2221",29,6,59,47068,"male",14,"Asian only","no 4-year degree",1,1000,"orange","orange",33.747637484165,-117.809752026878,1
"2222",29,6,95,37400,"male",13,"White only","no 4-year degree",1,2239,"solano","solano",38.1691026277226,-121.737869526517,1
"2223",27,6,67,35000,"male",12,"Black only","no 4-year degree",1,1430,"sacramento","sacramento",38.3258039759485,-121.521119317081,1
"2224",34,6,29,70000,"male",12,"White only","no 4-year degree",1,6,"kern","kern",35.2054141593614,-119.556495669668,1
"2225",34,6,59,43000,"female",12,"White only","no 4-year degree",1,1013,"orange","orange",33.7326461140865,-117.719350194964,1
"2226",28,6,59,46000,"female",12,"White only","no 4-year degree",1,884,"orange","orange",33.6974957134296,-117.747671979973,1
"2227",31,6,0,55000,"male",13,"Black only","no 4-year degree",1,1374,"unknown","los angeles",33.961202176054,-118.210591853359,1
"2228",31,6,89,10001,"male",16,"White only","4-year degree",1,1118,"shasta","shasta",40.6255888183849,-122.511557396262,1
"2229",35,6,73,75030,"male",16,"White only","4-year degree",1,1612,"san diego","san diego",32.9877270567565,-117.222880646371,1
"2230",32,6,0,30000,"male",12,"White only","no 4-year degree",1,1236,"unknown","los angeles",34.1004840000877,-118.368186984739,1
"2231",32,6,83,200000,"female",20,"Asian only","4-year degree",1,2150,"santa barbara","santa barbara",34.8470413157914,-120.023793613926,1
"2232",26,6,89,13000,"female",12,"White-AI","no 4-year degree",NA,1122,"shasta","shasta",40.7717587700308,-122.421154903704,1
"2233",28,6,59,5090,"male",13,"White only","no 4-year degree",0,968,"orange","orange",33.7238335931293,-117.655047912464,1
"2234",25,6,0,20002,"male",12,"White only","no 4-year degree",1,1856,"unknown","orange",33.6586372345305,-117.721729452737,1
"2235",31,6,59,0,"female",12,"White only","no 4-year degree",NA,870,"orange","orange",33.7050181237455,-117.766035818662,1
"2236",28,6,37,-9999,"female",18,"Asian only","4-year degree",1,736,"los angeles","los angeles",34.1257776677646,-118.192255536447,1
"2237",29,6,59,28000,"female",14,"White only","no 4-year degree",1,926,"orange","orange",33.7377929676839,-117.832412718186,1
"2238",31,6,29,0,"female",12,"White only","no 4-year degree",NA,33,"kern","kern",35.2045140962389,-119.394289809727,1
"2239",28,6,73,65000,"male",18,"White only","4-year degree",1,1618,"san diego","san diego",32.9696363019198,-117.136494483749,1
"2240",27,6,75,90000,"male",16,"White only","4-year degree",1,1899,"san francisco","san francisco",37.7627381981936,-122.393873642504,1
"2241",29,6,0,30000,"female",16,"White only","4-year degree",1,1363,"unknown","san diego",33.4073003153998,-117.407949900995,1
"2242",26,6,37,95000,"male",18,"Asian only","4-year degree",1,834,"los angeles","los angeles",34.3371444968101,-118.518823110406,1
"2243",33,6,37,40000,"female",14,"Asian only","no 4-year degree",1,337,"los angeles","los angeles",34.0044775462337,-118.317459223927,1
"2244",29,6,0,45000,"female",12,"White only","no 4-year degree",1,1195,"unknown","tulare",36.5215348490984,-118.538873325616,1
"2245",31,6,0,90000,"male",13,"White only","no 4-year degree",1,1106,"unknown","los angeles",33.9817343766963,-118.308525394896,1
"2246",27,6,37,132000,"female",13,"White-Black-AI","no 4-year degree",1,527,"los angeles","los angeles",34.0159259824762,-118.02792386874,1
"2247",34,6,37,43000,"female",11,"White only","no 4-year degree",1,641,"los angeles","los angeles",34.0042974722023,-118.380178236995,1
"2248",26,6,59,65000,"female",12,"White only","no 4-year degree",1,892,"orange","orange",33.6874390540821,-117.574809335122,1
"2249",25,6,1,51000,"male",20,"White only","4-year degree",1,1682,"alameda","alameda",37.6667824776589,-121.955872363316,1
"2250",27,6,67,7741,"female",12,"White only","no 4-year degree",NA,1417,"sacramento","sacramento",38.3801996981642,-121.527226079275,1
"2251",26,6,37,57000,"male",16,"White only","4-year degree",1,825,"los angeles","los angeles",34.0938021211895,-118.387010425316,1
"2252",30,6,37,120000,"male",13,"White only","no 4-year degree",1,385,"los angeles","los angeles",34.0075782574154,-118.38541999044,1
"2253",27,6,37,0,"male",16,"Black only","4-year degree",1,698,"los angeles","los angeles",34.0230189928487,-118.240173707838,1
"2254",32,6,0,62000,"female",16,"White only","4-year degree",1,1299,"unknown","los angeles",33.9723887171362,-118.466757907187,1
"2255",32,6,0,55000,"male",12,"White only","no 4-year degree",1,1270,"unknown","stanislaus",37.2904083149623,-121.249713844462,1
"2256",35,6,77,0,"male",12,"Asian only","no 4-year degree",1,2209,"san joaquin","san joaquin",37.9269446035356,-121.365186996298,1
"2257",26,6,0,55000,"male",12,"White only","no 4-year degree",1,2045,"unknown","los angeles",34.1627186285288,-118.455474817593,1
"2258",28,6,77,70000,"male",12,"White only","no 4-year degree",1,2178,"san joaquin","san joaquin",38.1956238475719,-121.429349562678,1
"2259",30,6,37,23402,"female",9,"Black only","no 4-year degree",1,613,"los angeles","los angeles",34.0520505684082,-118.58844052099,1
"2260",32,6,37,50000,"female",13,"White only","no 4-year degree",1,395,"los angeles","los angeles",33.8634730455931,-118.197465391931,1
"2261",33,6,73,0,"male",12,"White only","no 4-year degree",NA,1523,"san diego","san diego",33.0202035046303,-117.187586594865,1
"2262",29,6,59,6000,"female",14,"White only","no 4-year degree",1,899,"orange","orange",33.7879644216721,-118.029975821275,1
"2263",31,6,37,46800,"male",12,"White only","no 4-year degree",1,285,"los angeles","los angeles",33.9917356853325,-118.200075664237,1
"2264",28,6,37,37500,"female",14,"White-AI","no 4-year degree",1,447,"los angeles","los angeles",34.0474516211252,-118.317298480067,1
"2265",33,6,67,140000,"female",18,"White only","4-year degree",1,1460,"sacramento","sacramento",38.4551858460255,-121.505686576359,1
"2266",29,6,1,67000,"male",13,"White only","no 4-year degree",1,1686,"alameda","alameda",37.8324230119051,-122.162114643996,1
"2267",31,6,0,200000,"male",16,"White-Asian","4-year degree",1,1852,"unknown","tulare",36.2709693736437,-118.554786097039,1
"2268",27,6,111,45000,"male",13,"White only","no 4-year degree",1,1091,"ventura","ventura",34.520733903409,-119.108546119082,1
"2269",32,6,59,100000,"male",13,"White only","no 4-year degree",1,927,"orange","orange",33.6562883535374,-117.717868621216,1
"2270",31,6,59,85000,"male",16,"White only","4-year degree",1,933,"orange","orange",33.6601170933723,-117.904788606043,1
"2271",32,6,99,150000,"female",16,"White only","4-year degree",1,1033,"stanislaus","stanislaus",37.470132183005,-121.105736713368,1
