"","X","W","Y","Y0","Y1"
"9662",58,0,0.283406859301437,0.283406859301437,0.433560173902642
"4208",56,0,0.591939810525576,0.591939810525576,0.584652281457583
"6840",60,1,0.0604632811537312,-0.448314956182606,0.0604632811537312
"5533",52,1,1.04753175218558,0.581760199838426,1.04753175218558
"9812",56,1,0.53770285663939,0.0132349868488978,0.53770285663939
"8660",52,0,1.0099677685935,1.0099677685935,0.877306307960477
"3105",60,1,0.0775479710576623,-0.146881658257731,0.0775479710576623
"5341",54,0,0.850470875437049,0.850470875437049,0.801146302975679
"3460",50,1,1.17672683465478,0.723663416700598,1.17672683465478
"8598",60,1,0.506859186823059,-0.287570955293922,0.506859186823059
"3239",60,0,0.480027395095202,0.480027395095202,0.031730253732598
"3161",50,0,0.860932900562134,0.860932900562134,0.881423122814623
"5343",54,0,0.692269899828268,0.692269899828268,0.340142786038643
"9040",56,0,-0.048125300584475,-0.048125300584475,0.930912601069661
"1907",56,0,-0.0595381601241428,-0.0595381601241428,0.815456217691381
"8193",58,1,0.725332614358012,-0.0979453829038223,0.725332614358012
"9121",56,0,0.892074918289564,0.892074918289564,0.291354561405619
"1344",52,0,1.315102564449,1.315102564449,0.609317802092769
"5578",60,1,0.174583745216872,0.244925165492341,0.174583745216872
"9092",58,0,0.376419224620515,0.376419224620515,0.903266120141579
"1616",58,0,0.346606167368048,0.346606167368048,0.499211254636246
"4221",52,0,1.25627780135786,1.25627780135786,0.514471092856629
"8891",54,0,0.484470482336423,0.484470482336423,0.556514915076605
"2554",58,0,0.420739450882164,0.420739450882164,0.515554151344299
"6460",52,0,1.41547271832593,1.41547271832593,1.31545697431946
"7235",54,0,0.412136766437853,0.412136766437853,0.530504424115893
"2202",60,0,-0.0543906130742593,-0.0543906130742593,0.782185611749299
"9464",54,0,0.421549235802483,0.421549235802483,0.682462579905146
"451",60,1,0.949573790571342,0.265843830713034,0.949573790571342
"9932",52,0,0.664357713700403,0.664357713700403,1.25769246479077
"5778",56,0,0.148064805272332,0.148064805272332,-0.107874317617863
"8613",58,1,0.590252637569881,0.0289249824804884,0.590252637569881
"437",58,0,0.00777712715718454,0.00777712715718454,0.527564496981174
"7732",56,0,-0.0573201169023556,-0.0573201169023556,1.03909197288919
"4226",50,0,1.06290533313479,1.06290533313479,0.488141065806674
"2714",56,0,0.368350785670801,0.368350785670801,0.49749290508652
"8224",52,0,0.729136824657661,0.729136824657661,0.503930458256671
"8386",54,1,0.661657174090361,0.984198531249729,0.661657174090361
"1563",58,0,0.148497707237363,0.148497707237363,0.400770510817991
"8825",52,0,0.939712268115766,0.939712268115766,0.846385157123969
"374",52,0,0.849907605275288,0.849907605275288,0.956403611151609
"519",54,0,0.530399843017944,0.530399843017944,0.71439691118626
"6385",56,0,0.396634212055507,0.396634212055507,1.08900050428011
"1544",58,1,0.370853638864632,0.533535291830797,0.370853638864632
"7328",50,0,1.03254004360973,1.03254004360973,0.725255212651331
"9882",52,0,1.15301580710539,1.15301580710539,0.853021757206785
"8337",56,0,0.28345922489835,0.28345922489835,0.548993314577492
"8575",56,0,0.534459448062622,0.534459448062622,0.403940810836114
"385",52,0,0.810845035681359,0.810845035681359,0.972083993295091
"1365",56,0,0.596580490578391,0.596580490578391,0.705115940488916
"3960",58,0,0.261437690372154,0.261437690372154,0.64598949371999
"3998",52,0,0.939632840832695,0.939632840832695,0.948865003183073
"26",54,0,0.520735840144904,0.520735840144904,0.77264918195744
"5714",50,1,1.2773137214744,1.30311449401974,1.2773137214744
"8569",52,0,0.856822639080024,0.856822639080024,0.744728655832594
"2464",54,0,0.312825581112001,0.312825581112001,0.949748990487806
"1955",56,0,0.117133230805034,0.117133230805034,0.415293022225514
"1483",50,0,1.24673589244661,1.24673589244661,1.07812203004794
"1518",54,0,0.499763683365735,0.499763683365735,0.779864851571851
"8965",56,0,-0.156251406436394,-0.156251406436394,0.656516861792239
"653",54,0,0.690187891414202,0.690187891414202,0.218590889925536
"3743",54,0,0.554636395951444,0.554636395951444,0.752561081137613
"4566",60,1,0.343804420876842,0.0223495474438559,0.343804420876842
"5754",54,0,0.25918087796566,0.25918087796566,1.19760036657022
"3708",52,0,0.817840264810551,0.817840264810551,0.744425545911938
"8233",50,0,1.34323008993353,1.34323008993353,0.797423850364072
"6772",54,0,0.252192152619172,0.252192152619172,0.44813834935035
"6075",54,1,1.00232182987371,0.735027378114287,1.00232182987371
"8533",52,1,0.000504961597313502,1.30491800832636,0.000504961597313502
"6778",58,1,0.655787553775162,0.515014601075384,0.655787553775162
"2539",60,1,0.46549059204868,-0.266450190372319,0.46549059204868
"166",54,1,0.754976438601607,0.939121497281105,0.754976438601607
"9637",56,0,0.47848803731086,0.47848803731086,0.9031516849848
"422",56,1,0.564779100560659,0.400335114038572,0.564779100560659
"6507",58,0,-0.145169866247489,-0.145169866247489,0.495276516516121
"8307",52,0,0.373902481132549,0.373902481132549,0.865617221812822
"1024",58,0,0.100985911834957,0.100985911834957,0.712305606197482
"7858",52,0,0.628187821463202,0.628187821463202,1.11963122118055
"6712",56,0,0.311546605488624,0.311546605488624,0.495840513988627
"6283",58,1,0.510066080592206,0.274017468048135,0.510066080592206
"9676",52,0,1.12353355499061,1.12353355499061,0.944588830527404
"9590",56,1,0.573041559759886,-0.0554252305868347,0.573041559759886
"3295",52,1,1.12420619295835,0.858882779540749,1.12420619295835
"3694",52,0,0.989392684511602,0.989392684511602,0.748178649294984
"8816",58,0,0.272687555440221,0.272687555440221,0.232839485545574
"6816",58,1,0.518806107646001,-0.111998265912025,0.518806107646001
"8358",54,0,0.75518259133555,0.75518259133555,0.645942768158848
"7151",56,0,0.226706220278004,0.226706220278004,0.286821822975082
"455",50,0,0.631726026095497,0.631726026095497,1.23360390194002
"7343",56,0,0.111348151264825,0.111348151264825,0.82681769776141
"629",54,0,0.575490564940213,0.575490564940213,0.78445934849864
"4608",56,0,0.367557149091822,0.367557149091822,0.173566820110059
"9918",58,0,0.326215871014635,0.326215871014635,1.10483432413304
"5101",58,0,-0.0775439027000383,-0.0775439027000383,0.555840350408177
"8375",60,1,0.295518745654811,0.18839968724614,0.295518745654811
"2059",58,0,-0.443514340948282,-0.443514340948282,0.659474726964004
"7999",52,0,0.526112067933503,0.526112067933503,0.509637671019503
"3349",52,0,1.28251745954376,1.28251745954376,0.78509346298867
"2134",58,0,0.23006747095816,0.23006747095816,1.08449463049562
"1952",52,1,0.790705374977936,1.02668472657681,0.790705374977936
"6352",56,1,0.473907515042544,0.254861472850181,0.473907515042544
"6728",58,1,0.846389710919676,0.136599913687652,0.846389710919676
"4301",54,1,0.399132437535851,0.559842857921861,0.399132437535851
"5987",58,0,0.184673475677332,0.184673475677332,0.449796046122489
"2082",56,0,0.143416721371275,0.143416721371275,0.820552040633939
"1383",54,1,0.850262781880244,1.03690726178692,0.850262781880244
"3361",54,0,0.971116198428689,0.971116198428689,0.820400164660309
"1008",56,0,0.397715390614971,0.397715390614971,0.305214734261506
"8454",60,0,0.185890330302416,0.185890330302416,0.310665811600697
"3750",54,0,0.561367935172355,0.561367935172355,0.525742542994265
"6933",54,1,0.69485404426658,0.305594940614055,0.69485404426658
"2088",56,0,0.295900348645388,0.295900348645388,0.289503750434177
"11",52,1,1.03978834483069,0.887730241018697,1.03978834483069
"4680",60,0,0.0825351735555153,0.0825351735555153,0.467348142735837
"9742",54,0,0.855574688161072,0.855574688161072,0.40777445963047
"2219",58,1,0.522300442243459,-0.00592283297437968,0.522300442243459
"4844",58,0,0.206566162820283,0.206566162820283,0.482736779103437
"4825",50,1,1.08967592600648,0.969821371802082,1.08967592600648
"8880",52,0,1.13953638922311,1.13953638922311,0.552668169170252
"8759",58,1,0.862332949774544,0.427410797681979,0.862332949774544
"8407",50,0,0.665579221790065,0.665579221790065,1.22445657410595
"6623",60,0,-0.163565751810912,-0.163565751810912,1.1250490976049
"5090",58,0,0.0570116272148186,0.0570116272148186,0.00932153501454769
"5248",54,0,0.417726056569453,0.417726056569453,0.603723526673738
"5005",54,1,0.866024675150576,0.40229981323219,0.866024675150576
"4832",56,1,0.666864649152204,0.530632382993924,0.666864649152204
"612",54,1,0.68426128831497,0.700572050819841,0.68426128831497
"9518",54,0,0.682209094746758,0.682209094746758,0.529382358427169
"66",52,1,0.819079174335066,0.573637119250363,0.819079174335066
"3465",52,0,0.467918206195112,0.467918206195112,1.08316451722289
"6574",54,1,0.6876701371364,0.302220503222431,0.6876701371364
"2182",58,0,0.072913385825499,0.072913385825499,0.282450960647607
"1494",56,0,0.312947198848695,0.312947198848695,0.237795578806878
"4689",54,0,0.332036865306134,0.332036865306134,0.884949561836993
"2825",54,0,0.428303890207096,0.428303890207096,0.331621980897031
"9266",54,0,0.542346616869663,0.542346616869663,1.06571361167206
"1946",50,1,0.693285723967049,0.722799143974102,0.693285723967049
"8154",58,0,0.256369669734516,0.256369669734516,0.743346933973871
"5367",56,0,0.684965105194461,0.684965105194461,0.62534862526127
"8531",52,1,0.314852379327496,0.501228259792542,0.314852379327496
"3866",52,0,0.863096089196834,0.863096089196834,0.883836047543167
"4318",54,0,0.582305693525905,0.582305693525905,0.468574522975344
"1223",56,1,0.679847305489423,0.6022519076047,0.679847305489423
"6659",52,1,0.922248912814794,0.455778446841091,0.922248912814794
"5262",52,0,0.721945623961218,0.721945623961218,0.81259908194583
"1954",54,1,0.752840593353703,0.813306524935349,0.752840593353703
"1778",50,1,0.783193713372203,0.911699027988397,0.783193713372203
"5977",54,1,0.892993666909601,0.648137638477382,0.892993666909601
"6269",58,0,-0.319596311530976,-0.319596311530976,0.699667445453356
"6742",58,0,0.068344779696433,0.068344779696433,0.249781575984539
"8406",58,0,0.379964751695751,0.379964751695751,0.444150202590783
"552",56,0,0.259484599509065,0.259484599509065,0.562777788163871
"5475",52,0,1.11130176201836,1.11130176201836,0.649651037456999
"6799",58,1,0.826054894141799,-0.0116387109322891,0.826054894141799
"3674",60,0,-0.199001179768737,-0.199001179768737,0.985258675805361
"2368",56,0,0.158856354761978,0.158856354761978,0.645289220611777
"3899",56,1,0.711731598763222,0.169999782554624,0.711731598763222
"8531.1",52,1,0.314852379327496,0.501228259792542,0.314852379327496
"2999",52,0,0.703414615773508,0.703414615773508,0.553116548548604
"4111",54,0,0.713291804167196,0.713291804167196,0.60562845763765
"7179",52,0,0.356628820216685,0.356628820216685,1.11862649575106
"2573",56,0,0.356377776355334,0.356377776355334,0.907996661837012
"9863",54,0,0.59402977408867,0.59402977408867,0.412634581227482
"4452",60,1,0.427456520738237,0.0183368142978752,0.427456520738237
"8177",58,0,0.106083004219189,0.106083004219189,0.448392275207429
"9147",60,0,-0.256164392564946,-0.256164392564946,0.586624726860561
"5746",58,0,-0.160588297739999,-0.160588297739999,0.48124494786076
"5460",58,1,0.398036268347851,0.0659882580700542,0.398036268347851
"2902",52,0,1.25707332690132,1.25707332690132,0.989980935999182
"7461",56,0,0.429350934123977,0.429350934123977,0.55844026654499
"9834",54,0,0.548477574799527,0.548477574799527,0.738002394493626
"4135",56,0,0.674944125627466,0.674944125627466,0.371790359375033
"9697",60,1,0.731177095325858,0.213000822115296,0.731177095325858
"9223",60,0,-0.272876088731872,-0.272876088731872,0.811982474935506
"9829",58,1,0.223918285988648,0.200039934669956,0.223918285988648
"8079",56,1,0.370302053399169,0.420356197238578,0.370302053399169
"1143",58,1,0.335560458796506,0.495650971029215,0.335560458796506
"6297",60,1,0.402744780185522,0.147428922593246,0.402744780185522
"1713",52,0,0.752801616089707,0.752801616089707,0.812060837775093
"9989",50,0,1.01373871857059,1.01373871857059,0.926926313057372
"5782",58,0,0.206055072128219,0.206055072128219,0.552106800641219
"5942",54,0,0.57306245129736,0.57306245129736,0.257553746735589
"8043",52,0,0.551235424344056,0.551235424344056,0.658613249988829
"2057",50,0,0.660024001015471,0.660024001015471,0.970656129249296
"6243",54,0,0.326401310829631,0.326401310829631,0.874477191145429
"5400",52,0,0.904750579095374,0.904750579095374,0.862370369926684
"1551",52,0,1.29046579611966,1.29046579611966,0.717214102887012
"7343.1",56,0,0.111348151264825,0.111348151264825,0.82681769776141
"6167",58,1,0.220028673313463,0.428324326675673,0.220028673313463
"2350",58,1,0.425045641273223,0.0862636119647017,0.425045641273223
"9595",56,1,0.323212018626693,0.246617487021205,0.323212018626693
"8038",60,0,-0.404603252061733,-0.404603252061733,0.22975714089899
"5184",52,0,0.899336824823963,0.899336824823963,0.947405479278222
"1128",54,0,0.444544876605396,0.444544876605396,0.401164518582267
"905",52,0,0.925130823861221,0.925130823861221,0.972861707427475
"1674",52,1,0.67046030928732,0.318390114640887,0.67046030928732
"3045",60,1,0.582557782122905,0.0609344856318309,0.582557782122905
"5916",60,0,-0.180706063943524,-0.180706063943524,0.746317572695725
"7115",60,1,0.413414635569012,-0.0166890173995056,0.413414635569012
"677",54,0,0.292749599652138,0.292749599652138,0.600717490522779
"4683",58,0,-0.185775738630787,-0.185775738630787,0.230190332304407
"7023",60,1,0.511712991731512,-0.117991933525133,0.511712991731512
"986",54,0,0.836564389979238,0.836564389979238,0.483695046235147
"3388",54,1,0.312640973337434,0.554325505335962,0.312640973337434
"5987.1",58,0,0.184673475677332,0.184673475677332,0.449796046122489
"5668",52,0,1.10217244487853,1.10217244487853,0.314907201958126
"9710",54,1,0.825753619435034,0.318566981508314,0.825753619435034
"7628",60,0,0.474095933840788,0.474095933840788,0.543525475491277
"2517",56,1,0.627318875711818,0.627261425833057,0.627318875711818
"5655",58,1,0.423579675015027,0.625839355448236,0.423579675015027
"8663",52,0,0.800350952289951,0.800350952289951,1.17209807172312
"7965",56,0,0.687003141901574,0.687003141901574,0.391143000294322
"1034",60,1,0.0636237134275155,-0.127339773241628,0.0636237134275155
"5016",54,0,0.41157188112357,0.41157188112357,0.756423704387756
"7903",56,1,0.90695173712078,0.471089334443074,0.90695173712078
"2392",56,0,0.126974659029752,0.126974659029752,0.448778945553108
"6019",60,1,0.543293039914857,-0.246402353205205,0.543293039914857
"7228",56,1,0.892379515993034,0.513812473577586,0.892379515993034
"249",54,0,0.682097381600958,0.682097381600958,0.681748523560955
"3097",58,1,0.7298311960232,0.139923094582319,0.7298311960232
"2328",56,0,-0.0233492622725345,-0.0233492622725345,1.01727050758037
"4858",54,0,0.403104929178107,0.403104929178107,0.996965436704848
"4569",54,1,1.17518372357876,0.665801921041735,1.17518372357876
"9274",56,1,0.676432520794484,0.628131455649647,0.676432520794484
"8571",56,0,-0.0729506782660386,-0.0729506782660386,0.869138495511719
"448",60,1,0.313059037910063,-0.0102461680628633,0.313059037910063
"2252",58,0,0.246042456825852,0.246042456825852,0.583011245522628
"3000",56,0,0.0433000407712182,0.0433000407712182,0.967505271831926
"4738",54,0,0.639409792483808,0.639409792483808,0.419981717561448
"8323",56,1,0.75563144009262,0.32096346564322,0.75563144009262
"1311",50,0,1.78747395550227,1.78747395550227,1.25379962140529
"391",52,0,0.552378325796174,0.552378325796174,1.07921915115066
"3599",52,0,0.825427613850745,0.825427613850745,0.698011932821249
"9905",60,1,0.974017965797688,-0.396542106872403,0.974017965797688
"8516",52,0,1.0318119110085,1.0318119110085,1.28857826772647
"5501",56,1,0.799347093893647,0.272936688562838,0.799347093893647
"4484",52,0,1.00496076489394,1.00496076489394,1.09383936040219
"2356",52,0,1.06450907132862,1.06450907132862,0.75001275995233
"7133",58,0,0.226857938165603,0.226857938165603,0.357980305228899
"4014",56,0,0.318879267242714,0.318879267242714,0.554081349775684
"4970",58,1,1.05968413439693,0.17568757634785,1.05968413439693
"6940",54,0,0.798637015814984,0.798637015814984,0.237794872119959
"3288",56,0,0.739593103302041,0.739593103302041,0.606560218985403
"3956",52,0,1.07456542923893,1.07456542923893,0.724107864617583
"977",50,0,1.35157458237052,1.35157458237052,0.570854629510318
"3881",52,0,0.744220270917475,0.744220270917475,1.02147530866087
"5928",56,0,0.484395431028519,0.484395431028519,0.771148845424687
"7790",58,1,0.885232581794191,0.0302203265173975,0.885232581794191
"6372",56,1,0.857918818063175,-0.0697647191724945,0.857918818063175
"5128",58,1,0.707292717581146,0.302905918627967,0.707292717581146
"274",52,0,1.20995817740653,1.20995817740653,0.650225880883096
"1416",56,0,0.251627033878049,0.251627033878049,0.494355635956431
"8932",58,0,0.54543869013679,0.54543869013679,0.361268731809754
"809",54,0,0.47944394301298,0.47944394301298,0.252751404626329
"5443",58,0,-0.195290964105187,-0.195290964105187,0.613119559227459
"6890",60,0,0.139964785460918,0.139964785460918,0.523796231108626
"647",50,0,1.13105390817655,1.13105390817655,0.941349248937593
"8887",50,0,1.08786709595911,1.08786709595911,1.37183553718786
"5246",52,0,0.781382363087493,0.781382363087493,0.883428387223362
"9775",52,0,0.656207115900478,0.656207115900478,0.315461811137462
"4979",58,1,0.117157764005402,0.244618806370007,0.117157764005402
"5065",56,0,0.554554783355412,0.554554783355412,0.670986584159215
"4597",56,1,0.252864828395724,0.603945319928861,0.252864828395724
"7099",58,1,0.280780495368809,0.247063228632861,0.280780495368809
"2215",52,0,0.517052423005909,0.517052423005909,0.778608070355434
"1400",58,1,0.637984652459411,-0.00890166281617527,0.637984652459411
"1403",60,1,0.588351220542197,-0.333028304108075,0.588351220542197
"1665",58,0,-0.332956672478582,-0.332956672478582,0.397652634135316
"8375.1",60,1,0.295518745654811,0.18839968724614,0.295518745654811
"3330",54,0,0.396606827556231,0.396606827556231,0.764162804176651
"7905",54,0,0.678990116229567,0.678990116229567,0.866754165977253
"9031",56,1,0.749734482016664,0.461763718037111,0.749734482016664
"4739",60,1,0.00767297292912256,0.0764903104610154,0.00767297292912256
"3038",50,0,0.821952638950182,0.821952638950182,1.01699544334034
"8222",54,1,0.559066753916787,0.398199572374758,0.559066753916787
"6957",52,0,0.895720098796135,0.895720098796135,0.422062917072057
"3530",58,0,-0.138662938902224,-0.138662938902224,0.289614090697247
"1671",58,1,0.264295465587878,0.42091163598956,0.264295465587878
"9851",50,0,1.47881454749767,1.47881454749767,0.593112375650062
"657",52,0,0.699798645217325,0.699798645217325,1.2499085433489
"8896",56,0,0.286247784522935,0.286247784522935,0.620729657930664
"5344",50,0,0.680725715405317,0.680725715405317,1.14293754457895
"444",56,0,0.335283750274347,0.335283750274347,0.561588826841933
"1777",52,1,1.03238770093917,1.61198815570648,1.03238770093917
"7934",58,0,0.00552199987548815,0.00552199987548815,-0.145363714270022
"9637.1",56,0,0.47848803731086,0.47848803731086,0.9031516849848
"1399",54,0,0.670214295934066,0.670214295934066,0.726122103487046
"5398",52,0,0.824879488932797,0.824879488932797,0.547542804741961
"776",54,0,0.624903237441145,0.624903237441145,0.409684231126644
"853",50,0,1.12692094244909,1.12692094244909,1.0642778013245
"5370",54,1,0.244105020630414,1.06810256094433,0.244105020630414
"3936",54,1,0.534974487685177,0.477143404562137,0.534974487685177
"2820",52,0,0.665891114902849,0.665891114902849,0.9796439320554
"8131",58,1,0.654492838468799,0.116979052441947,0.654492838468799
"1402",56,1,0.289229220057412,0.250700763345921,0.289229220057412
"6813",52,0,1.37481907116443,1.37481907116443,0.948941122437715
"479",54,0,0.683827960812545,0.683827960812545,0.75258738033416
"6552",56,0,0.588758871186908,0.588758871186908,0.648370865647233
"4384",50,1,1.3502058618808,0.843337044869553,1.3502058618808
"1747",54,0,0.4420295332872,0.4420295332872,0.307854521829585
"9234",56,0,0.497896761802944,0.497896761802944,0.616412172886008
"820",58,0,0.435482072080889,0.435482072080889,0.335460663129041
"2645",54,1,0.699463155243821,0.916379974958727,0.699463155243821
"9831",58,0,-0.15004273898083,-0.15004273898083,0.656014489470186
"1918",60,1,0.651146569754245,0.350650893483257,0.651146569754245
"1340",52,0,0.595981084687768,0.595981084687768,0.662532591708884
"4273",50,1,0.908271101605762,0.8847199767253,0.908271101605762
"9628",56,0,0.428881639457956,0.428881639457956,0.903401127136689
"4683.1",58,0,-0.185775738630787,-0.185775738630787,0.230190332304407
"9809",54,0,0.865916900819274,0.865916900819274,0.693463938825092
"4260",54,0,0.218073057095368,0.218073057095368,0.511242406705084
"5551",54,0,0.153830744405335,0.153830744405335,1.10052289870171
"6167.1",58,1,0.220028673313463,0.428324326675673,0.220028673313463
"276",52,1,0.6342158821957,0.867410953561148,0.6342158821957
"8981",56,1,0.898206099126464,0.054705361041371,0.898206099126464
"701",60,0,0.471526774434044,0.471526774434044,0.703526321139883
"5626",54,1,0.403492243369009,0.847743702011602,0.403492243369009
"3462",50,0,0.938967797326606,0.938967797326606,0.807256728903123
"1790",60,0,0.0311236711629614,0.0311236711629614,0.392234690364816
"2276",60,0,0.576494076963866,0.576494076963866,0.314650595772868
"240",54,0,0.755593642526932,0.755593642526932,0.407183649292129
"2217",54,1,0.85217974142297,0.416106567580745,0.85217974142297
"183",58,1,1.05250917801495,0.387488354717724,1.05250917801495
"781",60,0,0.235490887702395,0.235490887702395,0.741327647103422
"965",54,0,0.277208640513217,0.277208640513217,0.458590944601074
"9366",54,0,0.706070312908842,0.706070312908842,0.2318145900106
"781.1",60,0,0.235490887702395,0.235490887702395,0.741327647103422
"7384",54,0,0.792968209111578,0.792968209111578,0.45831685321614
"2990",58,0,0.517833699307016,0.517833699307016,0.76288927094569
"8910",52,1,0.913157141892286,0.837836799540289,0.913157141892286
"3363",58,0,0.403622076407344,0.403622076407344,0.511987997313292
"9586",56,1,0.59297620484073,0.526168734729052,0.59297620484073
"854",60,0,-0.488002144694915,-0.488002144694915,0.711584089864272
"5990",50,1,0.745433326404661,1.17028755204023,0.745433326404661
"3616",56,1,0.181109007351679,0.299982622485739,0.181109007351679
"9441",58,1,1.03064599135089,-0.245118651358489,1.03064599135089
"6713",52,0,0.838746817432402,0.838746817432402,1.05945186573201
"7130",56,0,0.218627450094325,0.218627450094325,0.602757050251158
"2846",52,1,0.786796508378113,0.623887741517783,0.786796508378113
"6062",54,1,0.852633006716947,0.576634777317223,0.852633006716947
"4093",54,1,0.697142795098434,0.565018720378766,0.697142795098434
"4438",56,1,0.766631679800721,0.554038964518722,0.766631679800721
"1784",54,0,0.5022138487635,0.5022138487635,0.595447350157071
"1283",54,0,1.14271494135595,1.14271494135595,0.738953829512434
"1914",52,0,0.432653329179715,0.432653329179715,0.274949055733945
"1095",58,0,0.466835757983207,0.466835757983207,0.671991825779532
"2708",58,0,-0.094669898209278,-0.094669898209278,0.467800306562169
"1143.1",58,1,0.335560458796506,0.495650971029215,0.335560458796506
"958",52,0,0.376664054691977,0.376664054691977,0.6952750302725
"8000",58,1,0.774887390727568,0.286688372902533,0.774887390727568
"4120",50,1,1.1364430106,1.57047299323906,1.1364430106
"6705",54,0,0.457802098841815,0.457802098841815,0.794544612322946
"5613",56,0,1.0145052519042,1.0145052519042,0.611511893518523
"9695",54,1,1.35850391167375,0.0149478393811153,1.35850391167375
"194",60,0,-0.0616071960774923,-0.0616071960774923,0.448302865473944
"2544",54,0,0.53910356299525,0.53910356299525,0.747671215004648
"7490",52,0,1.2167298287299,1.2167298287299,0.581552056456828
"1550",56,0,0.32928315478938,0.32928315478938,0.798557600228694
"9188",60,0,0.301269299461883,0.301269299461883,0.717029994645422
"3144",60,0,0.216389015852796,0.216389015852796,0.142130605456805
"3620",52,1,0.442940460875177,0.701704268497505,0.442940460875177
"2377",60,1,0.549436956189138,0.280276818216227,0.549436956189138
"686",56,1,0.664826433047838,0.395063468753378,0.664826433047838
"7386",58,1,0.869260387509074,0.0679446758600145,0.869260387509074
"6289",58,0,0.135976256399893,0.135976256399893,0.533470478930498
"6519",58,1,0.44327488215722,0.447799013863961,0.44327488215722
"6099",52,1,0.663212556292445,0.821885728268716,0.663212556292445
"7850",56,1,0.688062238902287,0.299249049598167,0.688062238902287
"7927",52,1,0.48440871075586,0.550247322848655,0.48440871075586
"7611",60,1,0.531750287321113,-0.224387006715538,0.531750287321113
"8258",56,0,0.326768733721671,0.326768733721671,0.311836243694387
"6697",52,1,0.957109713734955,0.882612152280781,0.957109713734955
"5427",60,0,0.221841326159771,0.221841326159771,0.553281636162944
"9321",58,1,0.257775528101245,0.181194923067445,0.257775528101245
"9750",52,0,0.660575112131391,0.660575112131391,0.943169529195034
"6504",54,1,0.34918692144229,0.848528822191079,0.34918692144229
"3847",60,1,0.886896539235033,0.221678915941963,0.886896539235033
"895",54,1,1.1058764265739,0.339334092639888,1.1058764265739
"3561",52,0,0.916867381173503,0.916867381173503,0.766781198853305
"8362",56,1,1.13601515222747,0.30489317317477,1.13601515222747
"5899",60,1,0.505771695183518,0.620457245205039,0.505771695183518
"826",50,0,1.04976696556501,1.04976696556501,1.00278681544372
"3466",56,1,0.572011952704331,0.518625497839885,0.572011952704331
"5655.1",58,1,0.423579675015027,0.625839355448236,0.423579675015027
"8468",56,1,0.636196423511893,0.45060856891792,0.636196423511893
"4897",58,0,0.134808260025342,0.134808260025342,0.214281952780971
"8897",56,0,0.615395649010474,0.615395649010474,0.573569388214888
"8701",60,0,-0.0725378879251122,-0.0725378879251122,0.111849199403247
"6936",58,0,0.153459000514016,0.153459000514016,0.113275530887694
"9996",58,0,0.594744103239753,0.594744103239753,0.574995220432221
"5995",60,1,0.900825393065987,0.461672222675186,0.900825393065987
"6220",50,0,0.410550155478134,0.410550155478134,0.505438798664388
"5613.1",56,0,1.0145052519042,1.0145052519042,0.611511893518523
"5280",56,0,0.79373033528267,0.79373033528267,0.420952024402586
"2330",58,0,0.0335637852872496,0.0335637852872496,0.352871955964408
"2265",52,0,0.835464416039441,0.835464416039441,0.739604968642595
"3118",58,1,0.611005192327749,0.280565618851444,0.611005192327749
"2427",54,1,0.277916428470238,0.353384583910936,0.277916428470238
"239",54,0,0.509838959435669,0.509838959435669,0.284562341923598
"7023.1",60,1,0.511712991731512,-0.117991933525133,0.511712991731512
"5810",50,0,0.916619557949725,0.916619557949725,0.784326404823525
"9903",56,1,0.694421601863471,0.220015448605939,0.694421601863471
"453",54,0,0.425884426731243,0.425884426731243,0.528164576759279
"6755",54,1,0.233171686270402,0.778713618222434,0.233171686270402
"2053",52,0,1.28271389392962,1.28271389392962,0.935284792963447
"8026",56,0,0.591060696157552,0.591060696157552,0.445061628539756
"5378",56,1,0.275325729667788,0.284839872279908,0.275325729667788
"7326",54,1,0.618411039942658,0.663274418793552,0.618411039942658
"1207",58,0,-0.333746741385142,-0.333746741385142,0.61182910685879
"311",52,0,1.06825126551029,1.06825126551029,0.793860547965787
"6329",50,0,1.19307283341903,1.19307283341903,1.04289879743946
"4964",54,0,0.229774099683093,0.229774099683093,0.776638706259979
"3603",58,0,0.200810546591438,0.200810546591438,0.338956458524745
"1606",52,1,1.13967992778473,0.880310677981796,1.13967992778473
"2465",56,0,0.0884624400569359,0.0884624400569359,0.577774442720474
"7486",58,0,0.331482440091818,0.331482440091818,0.370528821205268
"4095",60,0,0.0409540892085055,0.0409540892085055,0.608534321521273
"2802",56,0,0.778253269479612,0.778253269479612,0.405141535085909
"3579",54,0,0.613513185476819,0.613513185476819,0.821187171643415
"9654",58,0,0.144309685331511,0.144309685331511,0.689303626606647
"2998",52,1,1.44279140618337,0.956835039193845,1.44279140618337
"8136",50,1,1.34334118258953,1.21238890083165,1.34334118258953
"7083",58,0,0.485842651611273,0.485842651611273,0.476201604550167
"5102",58,0,0.390506764298273,0.390506764298273,0.442058981126907
"6635",54,0,0.177799253791598,0.177799253791598,0.497437829475877
"9319",52,0,0.688587028277889,0.688587028277889,0.83770315609294
"4580",54,0,0.286298313749566,0.286298313749566,0.876029579677508
"7056",52,1,0.391752030538024,1.1639217540413,0.391752030538024
"7432",56,1,0.592240292731688,0.59083840617977,0.592240292731688
"4337",60,1,0.598103752936646,0.0119048180603181,0.598103752936646
"9184",50,0,1.1152783357237,1.1152783357237,1.55101726861341
"4664",54,1,0.908592928448224,0.991107384040239,0.908592928448224
"4065",54,0,0.372201306077739,0.372201306077739,0.461941214027834
"2501",56,0,0.190511523358928,0.190511523358928,0.971996653400808
"4137",54,0,0.301621533732331,0.301621533732331,1.17972740461025
"1784.1",54,0,0.5022138487635,0.5022138487635,0.595447350157071
"6382",54,0,0.164832917817263,0.164832917817263,1.02209354688694
"9905.1",60,1,0.974017965797688,-0.396542106872403,0.974017965797688
"3631",60,1,0.499144580708076,0.457703759753475,0.499144580708076
"4944",56,1,0.500941955550834,0.607086219211582,0.500941955550834
"2285",50,0,0.736414928239456,0.736414928239456,1.03952499772269
"7200",54,1,0.598279473636492,0.80426264071013,0.598279473636492
"7674",52,0,0.767599543075528,0.767599543075528,1.16798933393903
"8491",60,0,-0.0390093704305557,-0.0390093704305557,0.738594987899164
"4011",58,0,-0.140861359742073,-0.140861359742073,0.803323503800179
"7514",52,0,0.730966319586176,0.730966319586176,0.567507003406075
"3921",54,0,0.603036642438345,0.603036642438345,0.730904105420261
"2260",60,1,0.737165945951437,-0.242401798008895,0.737165945951437
"3055",54,0,0.939754073596256,0.939754073596256,0.329382189658263
"1058",54,0,0.410899865873439,0.410899865873439,0.399750519955603
"4857",54,0,0.474070420741074,0.474070420741074,0.421413551619028
"7821",54,0,0.746628191375542,0.746628191375542,0.363513827843746
"3727",50,1,0.720844537217685,1.1981293478333,0.720844537217685
"6970",58,0,0.192323219663996,0.192323219663996,0.836060391387947
"3618",52,0,0.770784753526102,0.770784753526102,1.15509808951436
"1163",56,0,0.48805934658807,0.48805934658807,0.311202908342566
"9503",52,1,0.62623602973536,0.864613437812647,0.62623602973536
"1207.1",58,0,-0.333746741385142,-0.333746741385142,0.61182910685879
"7465",54,0,0.255360087353708,0.255360087353708,0.391244362371012
"9323",54,0,0.648583559781234,0.648583559781234,1.11130428980199
"6349",54,1,0.513351919694373,0.636898788547617,0.513351919694373
"6248",56,1,0.481035964943909,0.226027534986179,0.481035964943909
"2748",52,0,0.561498421639738,0.561498421639738,0.553200882787285
"1752",56,0,0.0698754599928222,0.0698754599928222,0.35400315846724
"8004",54,0,0.338534660370418,0.338534660370418,0.860193474043201
"5657",56,0,0.641505021506918,0.641505021506918,0.860611757458494
"7619",52,1,0.454632224994695,1.03206572935961,0.454632224994695
"1455",58,0,0.366542541290145,0.366542541290145,0.427662615926783
"7994",54,0,0.459161387398029,0.459161387398029,1.26765287457595
"8119",50,1,0.707007021121797,1.17401255367314,0.707007021121797
"900",52,0,1.01246407811552,1.01246407811552,0.610185414003333
"9069",54,0,0.91465385412908,0.91465385412908,1.0052820182095
"6324",54,0,0.631650049546683,0.631650049546683,0.935423803413897
"2780",58,1,0.238814332437058,0.623532152800587,0.238814332437058
"8433",58,0,0.118695234451118,0.118695234451118,0.223134290633962
"6103",60,1,0.693658764970619,-0.576667265749652,0.693658764970619
"2831",54,0,0.561962966167705,0.561962966167705,1.0589454372585
"9024",58,0,0.409809577810545,0.409809577810545,0.403535928450378
"957",58,1,0.708949361344513,0.506830081468182,0.708949361344513
"3652",58,1,0.870398082466111,0.281030272673856,0.870398082466111
"479.1",54,0,0.683827960812545,0.683827960812545,0.75258738033416
"9917",54,1,1.02550126824523,0.349575845056582,1.02550126824523
"8020",58,1,0.429839762518226,0.0235010773895057,0.429839762518226
"2540",52,0,0.230334469778787,0.230334469778787,0.902052811605453
"8544",52,0,0.791371507526504,0.791371507526504,0.841887647498288
"2398",54,1,0.979006254096509,0.505456792429572,0.979006254096509
"5981",60,1,0.700369128518795,0.277960098663008,0.700369128518795
"6839",52,0,0.85696481625555,0.85696481625555,1.005754355088
"8412",50,0,0.450224004845266,0.450224004845266,1.42080524526712
"8929",56,1,0.601844707573247,0.447576679287892,0.601844707573247
"9688",58,0,0.261282873981008,0.261282873981008,0.383518206642067
"4178",56,1,0.77244959349153,0.434771042438509,0.77244959349153
"4785",56,0,0.376186424067929,0.376186424067929,1.04803500141114
"7437",52,1,1.16617162374515,0.587807277997625,1.16617162374515
"8149",58,0,0.846191847558992,0.846191847558992,0.744421813554068
"624",52,0,1.38762800406667,1.38762800406667,0.77532435043698
"8540",60,1,0.340845549168147,0.14362975671833,0.340845549168147
"346",52,0,0.743883023347447,0.743883023347447,1.16296201411403
"1029",54,0,0.521591812345644,0.521591812345644,0.470152045888869
"3283",56,0,-0.00871363500823064,-0.00871363500823064,0.0359699209247836
"4654",56,1,0.580043138992058,0.553312326570906,0.580043138992058
"166.1",54,1,0.754976438601607,0.939121497281105,0.754976438601607
"8358.1",54,0,0.75518259133555,0.75518259133555,0.645942768158848
"826.1",50,0,1.04976696556501,1.04976696556501,1.00278681544372
"4477",52,0,0.622065875881297,0.622065875881297,0.515576192047698
"9106",58,1,0.501258662128138,0.671499100444794,0.501258662128138
"1293",58,0,-0.113758537740871,-0.113758537740871,0.687408778187092
"6240",60,0,-0.188920031985322,-0.188920031985322,0.730594087346373
"1770",54,0,0.969952005291238,0.969952005291238,0.934756460081704
"8681",54,0,1.01420378531596,1.01420378531596,0.721581057796395
"4892",56,0,0.366355805680943,0.366355805680943,0.360490070162821
"3938",58,1,0.518394770752062,0.405160393893275,0.518394770752062
"9770",52,0,0.428621384394895,0.428621384394895,1.12237746435028
"3106",52,1,0.628701811057695,0.942012969484772,0.628701811057695
"6255",58,1,0.799053646043743,0.332939458590211,0.799053646043743
"7169",52,1,0.783183925723732,0.998549523978196,0.783183925723732
"8071",60,0,0.113041795078531,0.113041795078531,0.3281009676033
"7179.1",52,0,0.356628820216685,0.356628820216685,1.11862649575106
"2482",54,1,0.982210028611374,0.994364346897636,0.982210028611374
"7727",58,0,0.39888109842008,0.39888109842008,0.447665074285438
"3631.1",60,1,0.499144580708076,0.457703759753475,0.499144580708076
"8117",52,0,0.636720720932535,0.636720720932535,0.903376755000132
"8472",56,0,0.357895037645882,0.357895037645882,0.6319583277136
"6509",60,0,-0.542143880963341,-0.542143880963341,0.571775313206931
"653.1",54,0,0.690187891414202,0.690187891414202,0.218590889925536
"1636",56,0,0.0774525072093749,0.0774525072093749,0.392592667481448
"1970",60,0,0.209151936297929,0.209151936297929,-0.0196075750698381
"1248",58,0,0.154509162662184,0.154509162662184,0.497496990042918
"3047",52,0,0.412596427305918,0.412596427305918,0.946239499838444
"26.1",54,0,0.520735840144904,0.520735840144904,0.77264918195744
"3598",56,0,0.235902438658385,0.235902438658385,0.597473566436396
"4483",58,0,0.0934994748625417,0.0934994748625417,1.19143371878651
"8211",52,0,1.0437732324162,1.0437732324162,0.907266021309276
"8846",54,0,0.58518265667167,0.58518265667167,0.970547961328334
"8138",52,0,0.486429240870453,0.486429240870453,0.552879072382873
"4110",54,0,0.634461502587363,0.634461502587363,0.0261819975133722
"4170",56,0,0.525167586260515,0.525167586260515,0.315955063765961
"4006",54,0,0.574502623186995,0.574502623186995,0.731978111883106
"5610",60,1,0.0811497503544853,-0.233772137395466,0.0811497503544853
"4474",54,0,0.511276256295979,0.511276256295979,0.875318920606228
"8351",58,1,0.280154504965107,0.0717323793756474,0.280154504965107
"554",60,0,-0.00984533044431529,-0.00984533044431529,0.606105263706886
"1737",56,0,0.0946166444587075,0.0946166444587075,0.704385192545654
"7231",50,0,1.43550461342585,1.43550461342585,1.07646806559452
"4470",58,0,-0.00798354167445869,-0.00798354167445869,0.546777119019671
"5533.1",52,1,1.04753175218558,0.581760199838426,1.04753175218558
"8099",52,0,0.615659629826944,0.615659629826944,0.784095285132294
"8015",60,0,-0.01406858845893,-0.01406858845893,0.377303667758513
"2227",58,0,0.272850994637052,0.272850994637052,0.710676201426066
"6786",50,0,0.737641661281528,0.737641661281528,0.552855356085525
"1719",54,0,0.545599458761123,0.545599458761123,0.629772375486819
"1790.1",60,0,0.0311236711629614,0.0311236711629614,0.392234690364816
"9598",56,1,1.00082702526661,0.582530696861175,1.00082702526661
"5357",60,1,0.696226735044051,-0.140750640066173,0.696226735044051
"9846",56,1,0.515838017911457,0.0755125826063301,0.515838017911457
"6033",52,0,0.433239166701971,0.433239166701971,0.728458319616976
"8046",58,1,0.23523412527428,0.618039692178154,0.23523412527428
"4007",56,0,0.453063540267013,0.453063540267013,1.10647563523907
"3299",56,0,0.395658730660308,0.395658730660308,0.930636936025196
"1427",52,1,0.416384510627112,0.816380257652995,0.416384510627112
"1052",56,0,0.343569426895643,0.343569426895643,0.625805600483136
"5",52,1,1.07967391293352,0.674890122064522,1.07967391293352
"6833",56,1,0.792691131448956,0.774534219477115,0.792691131448956
"8502",52,0,1.30782392315066,1.30782392315066,0.525822256777047
"6370",54,0,0.53177702790031,0.53177702790031,1.0042520015972
"7845",56,0,0.0239842358008291,0.0239842358008291,0.965359881149167
"6833.1",56,1,0.792691131448956,0.774534219477115,0.792691131448956
"3027",56,1,0.530373510461356,0.317297566210923,0.530373510461356
"5234",58,0,-0.131890820026971,-0.131890820026971,0.506549004538408
"4186",52,0,0.568278281720856,0.568278281720856,1.2041558234784
"5557",60,0,-0.0806873938880529,-0.0806873938880529,0.440805610200109
"4686",60,0,-0.0364071138393351,-0.0364071138393351,0.480818420054192
"1746",50,1,0.400527495585327,1.19719664441327,0.400527495585327
"1508",56,1,0.639845810667035,0.349539811448917,0.639845810667035
"9572",56,0,0.27641160161585,0.27641160161585,0.76377305224
"4211",52,0,1.18178670301096,1.18178670301096,0.882439101384828
"377",54,0,0.506814041298825,0.506814041298825,0.411518537822949
"4856",54,0,0.221009396503097,0.221009396503097,0.802550989464422
"5553",56,0,0.141991790084499,0.141991790084499,0.43629464747358
"6881",56,0,0.102651498164802,0.102651498164802,0.69507641193843
"8009",50,0,0.62982676589898,0.62982676589898,0.665642113629667
"915",50,0,1.03535221523588,1.03535221523588,0.83499393903924
"1317",52,1,0.596633567993174,0.499573079325085,0.596633567993174
"4378",54,1,0.832712017784737,0.367246334566351,0.832712017784737
"8092",58,0,0.144616674094038,0.144616674094038,0.352747865476279
"1430",58,0,-0.0125290876779525,-0.0125290876779525,0.651476644615508
"5023",54,0,0.941079964551322,0.941079964551322,0.697376642769068
"4857.1",54,0,0.474070420741074,0.474070420741074,0.421413551619028
"2342",54,1,0.498672645565531,0.587169121269594,0.498672645565531
"8921",60,1,0.505908464920808,0.139986970091599,0.505908464920808
"529",60,0,-0.0693367589109477,-0.0693367589109477,0.434637624405668
"2058",52,1,0.624596534629371,0.541924459958064,0.624596534629371
"991",52,0,1.2164844942968,1.2164844942968,0.819157994672685
"3282",54,0,0.638500610913584,0.638500610913584,0.567311528546289
"7724",54,0,0.683579345966109,0.683579345966109,0.710719599365704
"6676",52,0,0.786185598205283,0.786185598205283,0.848916097039066
"4393",58,0,0.439359821965585,0.439359821965585,0.620108296189069
"5423",52,0,0.872598621906361,0.872598621906361,0.703483030387996
"7783",50,0,1.25331334521738,1.25331334521738,1.06226874938783
"3220",56,0,0.661929615029532,0.661929615029532,1.01654869412794
"3623",54,0,0.682853142733927,0.682853142733927,0.289823510968383
"4",60,1,0.0162978740890837,-0.296390088402397,0.0162978740890837
"7375",56,1,0.902633284337262,0.576404199575063,0.902633284337262
"7199",52,1,0.817723411041598,0.544111351430362,0.817723411041598
"2880",52,0,0.509133955371174,0.509133955371174,0.645486699748352
"5869",56,0,0.378828213725961,0.378828213725961,0.719074133668062
"5271",52,0,1.19674339801498,1.19674339801498,0.651464882631435
"3234",58,1,0.138548954002676,0.314168548357553,0.138548954002676
"245",54,0,0.35617053829799,0.35617053829799,0.597467665902752
"7668",54,0,0.601637007655407,0.601637007655407,0.526816599690479
"8068",56,0,0.588390451699015,0.588390451699015,0.196459951409661
"9043",52,1,0.859210105146023,0.829822106134762,0.859210105146023
"7341",52,0,0.645274268391705,0.645274268391705,0.744703363042903
"5602",52,0,0.833296846562341,0.833296846562341,0.850526720319556
"2691",58,1,0.657452217264268,0.667527419595813,0.657452217264268
"3030",54,1,0.543570305352537,1.07899469067715,0.543570305352537
"1995",54,0,0.663804821306844,0.663804821306844,0.335591725843001
"5189",50,0,1.13048922721454,1.13048922721454,1.17564370318724
"7572",50,0,1.07391022840039,1.07391022840039,1.28237343072258
"433",54,1,1.10030889821114,0.896193022920742,1.10030889821114
"768",58,0,-0.291554499780753,-0.291554499780753,0.214899844105568
"6462",60,1,0.507645684198065,-0.429399956922132,0.507645684198065
"4969",58,1,0.347397856658373,-0.0624048379567675,0.347397856658373
"5743",58,0,0.325444443313421,0.325444443313421,0.435821802028016
"8714",60,0,-0.0215970548861589,-0.0215970548861589,0.936542080101353
"3973",54,1,0.813134159298543,0.631845690524164,0.813134159298543
"3657",54,1,0.58238250639238,0.58198343160559,0.58238250639238
"6549",58,1,0.529110944740783,-0.0333413996069862,0.529110944740783
"4381",60,1,0.763709314623309,-0.427189192089046,0.763709314623309
"5885",60,1,0.838433870716871,0.0346983581284687,0.838433870716871
"6295",56,1,0.405439151145886,0.537202536627066,0.405439151145886
"7558",54,0,0.640214316414265,0.640214316414265,0.363754455643681
"3059",60,1,0.20657946205387,-0.266050641896085,0.20657946205387
"8729",60,0,0.318312054143895,0.318312054143895,0.228144036416297
"2850",56,0,0.174580425870426,0.174580425870426,0.869700872270407
"9912",52,0,0.440393324936478,0.440393324936478,1.19322148791975
"1326",56,0,0.672089396876604,0.672089396876604,0.750341571797002
"7178",54,0,0.628961907454936,0.628961907454936,0.59164982191981
"2240",58,1,0.647988896875219,0.325048293106504,0.647988896875219
"3223",50,0,1.28903207762598,1.28903207762598,1.02009097979354
"4764",60,0,-0.439827979110462,-0.439827979110462,0.587530081726541
"3094",58,1,0.448113668281318,-0.00116437917387857,0.448113668281318
"1007",56,0,0.082969195162306,0.082969195162306,0.642742811551844
"4816",52,0,0.784298756077464,0.784298756077464,0.907795824843408
"7900",54,1,0.391280989188266,0.352636230564042,0.391280989188266
"3123",54,0,0.412821749769057,0.412821749769057,0.946481159244751
"2413",54,0,0.749352349822779,0.749352349822779,0.398397906986341
"1584",58,0,0.153843855285593,0.153843855285593,0.711543286904088
"7652",52,0,0.874071649476341,0.874071649476341,1.11384554228331
"5228",56,1,0.451171331929257,0.425953693495296,0.451171331929257
"6394",60,1,0.671454919915919,0.0979596929996687,0.671454919915919
"8281",60,1,0.196850232956696,0.25350496369644,0.196850232956696
"7842",56,0,0.374195114855872,0.374195114855872,0.617763938492779
"1953",56,0,0.502295402605653,0.502295402605653,0.292695364311
"7121",52,0,0.522719968842252,0.522719968842252,0.856117594789888
"7681",52,0,0.824991975956867,0.824991975956867,1.37677919658235
"478",54,0,0.55175481572112,0.55175481572112,0.715434492621533
"6143",52,0,0.968421879169913,0.968421879169913,0.951211916604054
"8557",58,0,0.251655267628032,0.251655267628032,0.554499521183769
"8857",54,0,0.310510378219349,0.310510378219349,-0.00951543747086159
"2463",58,1,0.930234396126922,0.342464096551987,0.930234396126922
"6966",60,0,0.074243143413903,0.074243143413903,-0.00086686776687972
"2664",52,0,0.279527081349868,0.279527081349868,0.9026801760498
"5234.1",58,0,-0.131890820026971,-0.131890820026971,0.506549004538408
"7472",58,0,0.587120327860672,0.587120327860672,1.09330108251663
"7346",54,1,0.608946519506417,0.756558918724657,0.608946519506417
"5918",56,0,0.335240954206665,0.335240954206665,0.903008101927883
"36",56,0,0.524817658296228,0.524817658296228,0.541918646036149
"1317.1",52,1,0.596633567993174,0.499573079325085,0.596633567993174
"9842",52,0,1.33144536099593,1.33144536099593,0.722023628397793
"3059.1",60,1,0.20657946205387,-0.266050641896085,0.20657946205387
"1142",52,0,0.838902384154232,0.838902384154232,1.20359740078418
"6069",54,0,0.256730661271817,0.256730661271817,0.62045886111838
"8986",50,1,0.817387715617002,1.17531199114028,0.817387715617002
"2020",54,0,0.61397553197441,0.61397553197441,0.622995561352174
"9676.1",52,0,1.12353355499061,1.12353355499061,0.944588830527404
"2782",54,0,0.482783451542307,0.482783451542307,0.600414430890011
"7646",58,1,-0.0569223493129453,-0.113677983858021,-0.0569223493129453
"5577",58,1,0.57608490378424,0.298480589193233,0.57608490378424
"3188",56,0,0.63969955265507,0.63969955265507,0.40202662090156
"1035",56,0,-0.184506473220507,-0.184506473220507,0.528192139797141
"2588",56,0,-0.0131050031697768,-0.0131050031697768,0.600819054090477
"4372",50,0,0.70968514951271,0.70968514951271,1.07961948665225
"3843",56,1,0.555627478074637,-0.00873687298918402,0.555627478074637
"224",56,1,0.729418882769976,0.379908590782409,0.729418882769976
"1710",52,0,0.909568372951077,0.909568372951077,0.878905572074894
"3835",54,1,0.884843681796044,0.496815148571462,0.884843681796044
"4872",50,0,0.68760609445984,0.68760609445984,0.996358709899348
"4882",58,1,0.669341415053544,0.0497409692225505,0.669341415053544
"9275",56,0,0.502593915308037,0.502593915308037,0.0602239201682372
"4551",54,1,0.727272645622538,0.404281002006719,0.727272645622538
"8304",54,0,0.335798108531693,0.335798108531693,0.413044050432617
"5474",56,0,1.04699006298472,1.04699006298472,0.754612527777935
"9467",50,0,1.03843349065642,1.03843349065642,1.35437855400136
"2275",54,0,0.679389400949715,0.679389400949715,0.525139367383058
"6528",50,0,0.714500218757796,0.714500218757796,1.0109006599622
"8723",58,0,0.0626311949027161,0.0626311949027161,0.733076450066234
"6095",54,1,0.587524316226455,0.212166194640279,0.587524316226455
"7831",52,0,0.690277598409956,0.690277598409956,0.672636731065653
"2703",58,1,0.648651222904603,0.127426283684621,0.648651222904603
"2680",56,1,0.26181204395671,0.646110604390324,0.26181204395671
"9937",56,0,0.258248641201061,0.258248641201061,0.454771591952745
"6912",56,0,0.233201825626501,0.233201825626501,0.0470163014021833
"5334",54,0,0.607904925184977,0.607904925184977,0.438527652905063
"6797",52,0,1.22309408205654,1.22309408205654,1.07183492818203
"4179",52,0,0.727242485987262,0.727242485987262,1.00735708511974
"6504.1",54,1,0.34918692144229,0.848528822191079,0.34918692144229
"5301",60,0,-0.11874836202254,-0.11874836202254,0.245656037559778
"2740",52,0,0.931458982499609,0.931458982499609,0.557222937461764
"864",50,0,0.839907456207032,0.839907456207032,1.2274068000018
"1786",52,0,0.679269803502096,0.679269803502096,0.749030874976309
"7837",54,1,0.193902475735698,0.728152660296265,0.193902475735698
"8803",56,0,0.388871976062666,0.388871976062666,0.766880129082816
"7457",60,1,0.90517791159444,0.138372175417666,0.90517791159444
"7928",52,0,1.18478210945192,1.18478210945192,1.02381370981916
"6623.1",60,0,-0.163565751810912,-0.163565751810912,1.1250490976049
"5910",58,1,0.562269785791651,0.204197056799393,0.562269785791651
"1686",58,0,-0.125725499334697,-0.125725499334697,0.595390535194801
"8021",52,0,0.918972838460911,0.918972838460911,0.945850026672622
"3904",52,0,0.907070569442402,0.907070569442402,0.751778631903678
"5268",58,0,0.206118054483143,0.206118054483143,0.256519743627272
"3494",58,0,-0.0666717161180234,-0.0666717161180234,0.407605449271786
"3740",52,1,0.805382029435894,0.69588668554159,0.805382029435894
"9894",50,0,1.28681584508448,1.28681584508448,0.801597041548452
"2920",56,0,0.743215909572995,0.743215909572995,0.669838239383432
"2335",54,0,0.866098332837841,0.866098332837841,0.831639167568983
"9179",56,0,0.395138291010983,0.395138291010983,0.462877394476078
"7549",54,0,1.17191712572476,1.17191712572476,1.01633033005237
"4135.1",56,0,0.674944125627466,0.674944125627466,0.371790359375033
"2016",54,0,0.861607890169914,0.861607890169914,0.562595095107988
"9463",56,0,0.480554457546091,0.480554457546091,0.304503815376466
"3752",54,1,1.29786682547192,0.422091327250526,1.29786682547192
"6974",54,0,0.829696954768071,0.829696954768071,0.692565815222323
"6296",56,0,0.494541368148239,0.494541368148239,0.446753427539642
"693",58,0,0.320097011893458,0.320097011893458,0.872678747594312
"9991",56,0,0.106885899392575,0.106885899392575,0.973455307709304
"1020",52,0,1.02270146335696,1.02270146335696,0.820641572420511
"6331",56,0,0.17057622685285,0.17057622685285,0.758947004606793
"6280",54,0,1.12267194924241,1.12267194924241,0.625333276590261
"6288",56,0,-0.00967316331875551,-0.00967316331875551,0.605343355436386
"9087",58,0,-0.313691078662629,-0.313691078662629,0.386910277946714
"30",54,0,0.411520523878453,0.411520523878453,0.817958999614557
"4241",52,1,0.97438488652508,0.521732586306775,0.97438488652508
"7988",52,0,0.679902740188442,0.679902740188442,1.46965332934732
"9570",58,0,0.300774716619408,0.300774716619408,0.245755250952682
"3748",50,1,1.31715143713443,1.08961129383097,1.31715143713443
"8466",56,0,0.189583294171441,0.189583294171441,0.665161568721178
"103",52,1,0.616186382393711,0.838146286936568,0.616186382393711
"5539",52,0,0.549686593185654,0.549686593185654,0.802700200813589
"9646",52,0,0.939055100452743,0.939055100452743,0.785393620324871
"5415",56,0,0.203322049414114,0.203322049414114,0.585614210710928
"5678",58,0,0.410668303410997,0.410668303410997,0.770946071406095
"573",52,1,0.879774114299554,0.93982699346478,0.879774114299554
"5177",54,1,0.330395826690648,-0.0312600476711132,0.330395826690648
"4335",54,1,0.733700778977558,0.38511952840676,0.733700778977558
"376",54,0,0.305556501939216,0.305556501939216,1.44801383434799
"760",54,0,0.716517111674743,0.716517111674743,0.513538754202434
"7264",52,0,0.677310288892948,0.677310288892948,1.11470005408561
"9389",54,0,0.662456184536353,0.662456184536353,0.999997563110254
"7822",52,0,0.77264970692869,0.77264970692869,0.28881682550767
"9927",54,0,0.404110141489432,0.404110141489432,0.438303467758538
"2247",52,0,0.649894714444336,0.649894714444336,0.861968213292334
"4012",52,0,0.597400977956,0.597400977956,1.04713242151144
"7816",60,1,0.363532074791423,-0.0406666645283421,0.363532074791423
"1008.1",56,0,0.397715390614971,0.397715390614971,0.305214734261506
"4959",60,0,-0.215599366978645,-0.215599366978645,0.628686545853354
"126",54,0,0.792058837535136,0.792058837535136,0.248607885971553
"5157",58,1,0.705163196913493,0.11577238467963,0.705163196913493
"73",54,0,0.913730088617589,0.913730088617589,0.326148698840458
"2784",58,1,0.59189448299339,0.108442896397616,0.59189448299339
"8014",50,0,0.442072811232604,0.442072811232604,0.992217496922666
"3342",54,0,0.582122462282632,0.582122462282632,1.0367474255238
"7504",54,0,0.446769384498621,0.446769384498621,1.00851200520397
"4178.1",56,1,0.77244959349153,0.434771042438509,0.77244959349153
"3558",58,0,-0.0138665942941502,-0.0138665942941502,0.429800260543234
"1655",60,1,0.678612589807983,0.26878228832315,0.678612589807983
"1677",52,0,0.834323410189316,0.834323410189316,0.623197695746285
"421",54,1,0.663355157476363,0.471213326277013,0.663355157476363
"6380",52,0,0.672202584752858,0.672202584752858,0.665797120885202
"7052",58,1,0.320706268966755,0.230728744337131,0.320706268966755
"4185",52,1,1.04607087826668,0.388569478858775,1.04607087826668
"1449",52,0,1.20973275878778,1.20973275878778,0.909175393601001
"9919",52,1,0.739716866034985,0.923529930109561,0.739716866034985
"7018",58,0,0.0848633122688614,0.0848633122688614,0.492793008614437
"6305",54,0,0.582873797069042,0.582873797069042,0.356131407772682
"4511",54,0,0.576125458600801,0.576125458600801,0.940679267685568
"2258",52,0,0.817682592405031,0.817682592405031,0.884864450805145
"2110",56,1,1.08178565744089,0.365457563377607,1.08178565744089
"9431",58,1,0.571710809058418,-0.334169866409042,0.571710809058418
"3834",56,1,0.263078485866044,0.565233319659498,0.263078485866044
"9298",54,0,0.401144737165119,0.401144737165119,1.23887436147783
"3717",52,0,0.674161167442156,0.674161167442156,0.527732457059694
"8366",58,0,0.31514161389616,0.31514161389616,0.863092120354759
"9261",54,0,0.18154533649688,0.18154533649688,0.932564400261228
"2216",56,1,0.24235753680165,0.351255446350094,0.24235753680165
"10",50,1,1.18262257352437,1.31482950736609,1.18262257352437
"4332",58,1,0.772528153740994,0.273565728041381,0.772528153740994
"1134",54,0,0.686886204592989,0.686886204592989,0.548931653312644
"7917",56,1,0.827465217585375,0.624566096422317,0.827465217585375
"1017",58,1,0.0464914350907663,0.411750406345444,0.0464914350907663
"4272",50,0,0.925676446481664,0.925676446481664,1.00224641807342
"7890",56,0,0.445790336761976,0.445790336761976,0.665313093428581
"4698",58,1,0.0755398690432961,-0.0890514879491975,0.0755398690432961
"8493",52,0,0.954902664704744,0.954902664704744,0.246694396140627
"569",52,0,0.845519972197904,0.845519972197904,1.49921102079232
"720",58,1,0.778006942488397,0.301770865530315,0.778006942488397
"1371",54,0,0.233654073768154,0.233654073768154,0.492465302730979
"3440",54,1,0.509962133439701,0.341130921992296,0.509962133439701
"9361",54,0,0.861309670648528,0.861309670648528,0.681418621070785
"973",54,0,0.653891329139469,0.653891329139469,1.21273427329695
"8575.1",56,0,0.534459448062622,0.534459448062622,0.403940810836114
"7802",54,0,0.990151050089489,0.990151050089489,0.874108313877396
"4221.1",52,0,1.25627780135786,1.25627780135786,0.514471092856629
"2614",54,0,0.385430304394899,0.385430304394899,0.632071138743342
"4365",52,0,0.885747935385832,0.885747935385832,1.01591126576444
"3834.1",56,1,0.263078485866044,0.565233319659498,0.263078485866044
"2172",52,0,0.66037247067904,0.66037247067904,0.660624072926113
"4053",54,1,0.570003838122078,0.47473018293464,0.570003838122078
"9551",52,0,1.10795412142978,1.10795412142978,1.09497876546775
"3453",60,1,0.722720926492541,0.032528885251341,0.722720926492541
"2550",52,1,0.683240390549541,1.04409022794552,0.683240390549541
"258",54,0,0.416345138654938,0.416345138654938,0.47223842726309
"1040",52,0,0.569871855455252,0.569871855455252,1.18243158816729
"6506",58,1,0.997081613211052,0.322112750562442,0.997081613211052
"3399",52,0,0.440263675274766,0.440263675274766,0.755661883610371
"2919",60,1,0.635523664775068,-0.26780711231231,0.635523664775068
"311.1",52,0,1.06825126551029,1.06825126551029,0.793860547965787
"5791",54,0,1.18869760653338,1.18869760653338,0.954106390015081
"6023",56,0,0.334257283539296,0.334257283539296,0.292382196670825
"5557.1",60,0,-0.0806873938880529,-0.0806873938880529,0.440805610200109
"3510",58,1,0.707136850236562,-0.0711282123295663,0.707136850236562
"2352",58,0,-0.0986746130801144,-0.0986746130801144,0.0817340070978748
"560",58,0,0.151482199581444,0.151482199581444,0.656321024372559
"1542",50,0,1.10359480538819,1.10359480538819,0.858545927248214
"3761",52,0,0.796702213427321,0.796702213427321,0.57100928003445
"657.1",52,0,0.699798645217325,0.699798645217325,1.2499085433489
"1413",50,1,1.42098543915998,0.737426191588637,1.42098543915998
"5042",56,0,0.244852931146379,0.244852931146379,0.3894718899961
"3720",54,0,0.345651980941255,0.345651980941255,0.700566983066721
"1582",60,1,0.395643923881155,-0.235740921297557,0.395643923881155
"402",52,0,0.702613962939476,0.702613962939476,0.925270426515972
"6057",50,0,0.919536524215382,0.919536524215382,0.83070034156134
"7985",52,0,0.457843673837214,0.457843673837214,0.532228878738414
"9475",56,0,0.0640407804697202,0.0640407804697202,0.266258520336221
"6023.1",56,0,0.334257283539296,0.334257283539296,0.292382196670825
"328",58,1,0.130771546426096,-0.00327056702991754,0.130771546426096
"6148",50,0,0.635745938284077,0.635745938284077,1.29698243596625
"7532",60,0,0.0726871139047245,0.0726871139047245,0.343684632304887
"5524",60,1,0.380641734984391,0.187311845207034,0.380641734984391
"22",52,0,0.482486347994399,0.482486347994399,1.01734571480203
"1549",54,0,0.652454723043084,0.652454723043084,0.617188592151237
"1781",56,1,0.255533080747,0.37815679553277,0.255533080747
"3472",56,1,0.705113987302326,0.684867482220794,0.705113987302326
"1090",54,0,0.68760359133641,0.68760359133641,0.749319458251681
"5695",56,1,0.871672120709744,0.193574112010417,0.871672120709744
"7147",56,0,0.0242649709984843,0.0242649709984843,0.299293126118284
"5284",56,0,0.182783769287963,0.182783769287963,0.689296366547756
"1244",52,0,0.800723035906058,0.800723035906058,0.935550344613878
"9932.1",52,0,0.664357713700403,0.664357713700403,1.25769246479077
"8635",54,0,0.87673922612667,0.87673922612667,0.85518955213082
"8479",54,1,0.237219093522202,0.296847419362785,0.237219093522202
"1296",56,0,0.618208694775737,0.618208694775737,0.807159706919852
"6975",54,1,0.435324218887449,0.239353955575033,0.435324218887449
"4171",52,0,1.03469621557885,1.03469621557885,0.912900895751278
"3136",52,0,0.485398495432751,0.485398495432751,0.656190433440276
"4115",50,0,0.877728425368203,0.877728425368203,1.02288736566182
"9934",52,0,0.974765098523037,0.974765098523037,1.04417440016006
"8235",52,0,0.489755703211286,0.489755703211286,1.27316823860422
"6068",58,0,0.221453530773974,0.221453530773974,0.0164436609938459
"660",58,0,0.223360100484725,0.223360100484725,0.42400499056568
"7689",54,0,0.931105806705289,0.931105806705289,0.751634947462892
"814",60,0,0.16033594592523,0.16033594592523,0.298195717737023
"4813",60,1,0.371067708965259,-0.095953129527669,0.371067708965259
"358",50,0,0.948147712683389,0.948147712683389,1.23238708868517
"3387",60,0,-0.291963165648483,-0.291963165648483,0.341594744703976
"1004",60,0,0.073688634991148,0.073688634991148,1.0654717866262
"8765",60,1,0.535965362187036,-0.0133527555202835,0.535965362187036
"3587",60,0,0.159471932815669,0.159471932815669,0.611782760198466
"9033",54,1,0.686662843905433,0.395780721684624,0.686662843905433
"5282",54,1,0.251458597512669,0.426361820766651,0.251458597512669
"8441",58,0,0.404162530794035,0.404162530794035,0.547469030725839
"8851",58,1,0.54007460442293,0.159280429705023,0.54007460442293
"6865",54,1,0.396677147564332,0.741798240338717,0.396677147564332
"3461",60,1,0.661613935544187,-0.263033775062752,0.661613935544187
"5314",52,0,0.870088739656119,0.870088739656119,1.06115718785901
"3309",56,0,0.493892132282061,0.493892132282061,0.180084906423082
"3318",58,1,0.266977492818268,0.515288304872781,0.266977492818268
"7118",58,0,0.301964650877264,0.301964650877264,0.319253090489468
"1037",54,1,0.309878367876752,0.095991528944085,0.309878367876752
"1421",60,0,0.282136665933669,0.282136665933669,0.732426609827269
"6649",52,0,0.670451239875104,0.670451239875104,1.00307626100491
"4468",52,0,0.936402427246602,0.936402427246602,0.723243096452172
"3977",58,1,0.127099148159665,0.153277614067553,0.127099148159665
"8231",58,1,0.386295002456489,0.183655707225194,0.386295002456489
"311.2",52,0,1.06825126551029,1.06825126551029,0.793860547965787
"665",54,0,0.543799513637061,0.543799513637061,0.60384896856078
"307",52,1,0.824161359281207,0.622329680136437,0.824161359281207
"2020.1",54,0,0.61397553197441,0.61397553197441,0.622995561352174
"1304",60,0,-0.285915621662997,-0.285915621662997,0.239946409883425
"9235",50,1,0.99711748744588,1.11566238805982,0.99711748744588
"2831.1",54,0,0.561962966167705,0.561962966167705,1.0589454372585
"5416",52,1,0.664781053902747,1.0713956188393,0.664781053902747
"175",54,1,0.691664064709616,0.668630116455064,0.691664064709616
"9215",56,0,0.491946282443811,0.491946282443811,0.600410477405305
"3100",58,0,0.309228645345774,0.309228645345774,0.196078790679835
"2222",56,1,1.1817283423893,0.16219825889399,1.1817283423893
"6301",52,1,0.595228304538268,1.20634652016801,0.595228304538268
"292",52,1,0.710471867849483,0.927999438655618,0.710471867849483
"3262",50,0,1.23228601544383,1.23228601544383,1.48303007712947
"7780",56,0,0.191115639310369,0.191115639310369,0.524181741670935
"8140",54,1,1.04099841059075,0.439417465171075,1.04099841059075
"3730",50,0,0.618771904374215,0.618771904374215,1.15777729862332
"9408",58,1,0.153955295772627,0.555750811421513,0.153955295772627
"8015.1",60,0,-0.01406858845893,-0.01406858845893,0.377303667758513
"1588",54,0,0.877801019245765,0.877801019245765,0.779294200957516
"8965.1",56,0,-0.156251406436394,-0.156251406436394,0.656516861792239
"3782",52,0,1.21782239622912,1.21782239622912,1.03531464398189
"3079",58,0,-0.154216265879606,-0.154216265879606,0.611519469261488
"113",54,1,0.778962765345938,0.481203821922269,0.778962765345938
"5947",58,0,0.403921238378327,0.403921238378327,0.532083034517181
"6375",52,0,0.647956351878479,0.647956351878479,1.08936285374102
"606",60,1,0.44060613696809,0.00418754766353205,0.44060613696809
"7102",56,0,0.193422027549531,0.193422027549531,0.962675755008478
"8372",50,0,0.907829447904488,0.907829447904488,1.00854957340433
"447",54,0,0.344156186456265,0.344156186456265,0.43268084735485
"1037.1",54,1,0.309878367876752,0.095991528944085,0.309878367876752
"6686",54,0,0.525243073422816,0.525243073422816,0.468632954960238
"5812",52,0,0.589070105595519,0.589070105595519,0.396495041181691
"2626",52,0,0.818559558982717,0.818559558982717,0.728958386121231
"8795",50,1,0.725423549049133,0.697049193859136,0.725423549049133
"3499",54,0,0.885433225025945,0.885433225025945,0.590772496026208
"4627",56,0,0.566863624446227,0.566863624446227,0.370266229267527
"5526",56,0,0.269222074454079,0.269222074454079,1.16090579165766
"3221",58,0,0.099035846568848,0.099035846568848,0.526677100302991
"2625",56,0,0.630203648693135,0.630203648693135,0.678647139686056
"3108",54,1,0.583187994584492,0.602073471070178,0.583187994584492
"102",54,0,0.923746476589632,0.923746476589632,0.885493185876587
"3687",58,0,0.610518387605636,0.610518387605636,0.916299521203213
"7972",54,1,0.70650795320285,0.183475120905113,0.70650795320285
"6937",50,0,0.833955509960745,0.833955509960745,1.11097366967962
"5172",58,0,0.0894594692388117,0.0894594692388117,0.0548589537266638
"2902.1",52,0,1.25707332690132,1.25707332690132,0.989980935999182
"8838",56,0,0.441156605740557,0.441156605740557,0.579055477828644
"5724",54,0,0.776154955185819,0.776154955185819,0.781613860250329
"9741",56,0,0.413811814393342,0.413811814393342,0.0665957513447069
"5783",58,1,0.038230090234348,0.194026306974106,0.038230090234348
"8322",50,0,1.27030759412682,1.27030759412682,0.859369442803932
"3272",50,1,0.763156360802994,0.618105105091654,0.763156360802994
"1042",52,0,0.339440798274092,0.339440798274092,0.801201126043737
"7958",56,1,0.477380808357625,0.671525545784223,0.477380808357625
"1644",54,0,0.438339658228583,0.438339658228583,0.860385100950275
"5088",58,0,-0.261593747328738,-0.261593747328738,0.838739841502595
"7334",58,1,0.395215823648003,-0.0282780554336968,0.395215823648003
"1158",52,1,0.782146976385124,0.895094808668177,0.782146976385124
"1506",54,0,0.689099432230719,0.689099432230719,0.453835906487211
"8881",52,0,0.506365130066186,0.506365130066186,0.383127951322836
"5115",56,0,0.28211492764718,0.28211492764718,0.756734764219173
"470",56,1,0.292771945977319,0.240503291097315,0.292771945977319
"7154",54,0,0.033600689890261,0.033600689890261,0.484782673833978
"4072",60,0,-0.0148970300026732,-0.0148970300026732,0.435881489290709
"9093",52,0,0.811459586044143,0.811459586044143,0.518258600482494
"2652",54,0,0.597210479056607,0.597210479056607,1.20881029406976
"935",58,0,-0.00587997298166942,-0.00587997298166942,0.997383971957191
"4002",56,0,0.648388433733919,0.648388433733919,0.417714433448774
"3477",54,1,0.930895394226333,0.916278330649875,0.930895394226333
"4943",52,0,0.939203835298814,0.939203835298814,0.981532308878704
"5882",54,0,0.462706976322185,0.462706976322185,1.06984006318259
"2895",50,1,1.02741809527516,0.650633917154466,1.02741809527516
"290",52,0,0.966980125402708,0.966980125402708,0.848850830223433
"1395",58,0,0.354666612793806,0.354666612793806,0.419090168537137
"8986.1",50,1,0.817387715617002,1.17531199114028,0.817387715617002
"9977",52,1,1.01156987706586,1.01185665071932,1.01156987706586
"8084",52,1,0.745015237554876,0.882138912723156,0.745015237554876
"1613",54,0,0.85935011921754,0.85935011921754,0.871175738065247
"8979",56,1,0.232338780067127,0.572241002278242,0.232338780067127
"5414",52,0,0.680465825036991,0.680465825036991,1.05463582199845
"1256",52,1,0.858151939424964,0.629322541990638,0.858151939424964
"5539.1",52,0,0.549686593185654,0.549686593185654,0.802700200813589
"6519.1",58,1,0.44327488215722,0.447799013863961,0.44327488215722
"4864",56,1,0.988975603329142,0.32929902883508,0.988975603329142
"5569",54,1,0.878283029189199,0.718297989292694,0.878283029189199
"7372",56,0,0.315662403942294,0.315662403942294,0.799351977840514
"1195",54,0,0.336336212620867,0.336336212620867,0.96032690111836
"578",54,0,0.584364988532779,0.584364988532779,1.0072726599514
"7393",56,1,0.604139840490363,0.273481613307678,0.604139840490363
"9343",54,0,0.4062510323227,0.4062510323227,0.589128409392985
"9963",58,0,0.13610881331894,0.13610881331894,0.333561985598117
"6782",52,0,0.71401681690874,0.71401681690874,0.941997415455405
"3076",58,1,0.198897320570832,0.237052503162494,0.198897320570832
"7538",56,0,0.433292166590342,0.433292166590342,1.10000808091154
"4812",52,1,0.710856637724748,0.224100156187477,0.710856637724748
"6430",52,0,0.607821964695505,0.607821964695505,0.514422947268092
"1629",54,0,0.831441466420216,0.831441466420216,0.72138477634282
"3891",54,0,0.520561243567163,0.520561243567163,1.28429001347426
"3367",58,1,0.83893819467243,0.254310983962812,0.83893819467243
"4787",50,0,1.22485528464723,1.22485528464723,1.07478471914043
"432",50,0,0.692650275550656,0.692650275550656,1.33031436655971
"2397",50,0,0.984854543024727,0.984854543024727,0.605265770412978
"411",60,0,0.226052006379352,0.226052006379352,0.345677981273444
"165",58,0,0.0528007040396719,0.0528007040396719,0.673212001844438
"36.1",56,0,0.524817658296228,0.524817658296228,0.541918646036149
"4420",52,0,0.745957627755553,0.745957627755553,1.10964029357462
"4497",54,0,0.917971019617303,0.917971019617303,0.682159836721407
"8698",58,0,-0.0793312156253099,-0.0793312156253099,0.439560295572594
"6004",50,1,0.66350321785505,0.741836387402134,0.66350321785505
"2940",56,1,0.245838292776752,0.86062268519912,0.245838292776752
"4138",60,1,0.0689484658225539,-0.166039963376092,0.0689484658225539
"7450",52,0,0.977871258217731,0.977871258217731,0.48682909425352
"9235.1",50,1,0.99711748744588,1.11566238805982,0.99711748744588
"6134",56,0,1.07598383719578,1.07598383719578,0.38882310054967
"5229",52,1,0.796648418457063,1.2930555461675,0.796648418457063
"2522",54,0,0.403210900104716,0.403210900104716,0.79087124443596
"9357",52,0,0.426581817405882,0.426581817405882,0.51068832835908
"1057",58,0,0.378969653211286,0.378969653211286,0.58087632281866
"7851",54,0,0.393609408575041,0.393609408575041,0.094621838166569
"6226",58,0,0.179947015043079,0.179947015043079,0.786590283479854
"2048",54,0,0.59746035802112,0.59746035802112,0.543635733338849
"1959",56,1,0.434968514540924,0.34071727655532,0.434968514540924
"3582",56,1,0.456643091202437,0.867716969536674,0.456643091202437
"9756",58,0,0.286510320403074,0.286510320403074,0.370538837261006
"9778",58,0,0.0836952096855754,0.0836952096855754,0.361034384927121
"9265",50,0,1.26208974133943,1.26208974133943,1.31633537521335
"6354",50,0,0.781912590916352,0.781912590916352,1.01730068910587
"269",56,0,0.347675761080785,0.347675761080785,0.0870106236992231
"8103",54,1,0.460336997364234,0.588706388934287,0.460336997364234
"4424",50,0,0.618390708665435,0.618390708665435,1.00659323616108
"2188",50,0,0.766835262560739,0.766835262560739,0.489409162545245
"8477",58,0,0.227458217850998,0.227458217850998,0.563454762182512
"799",58,0,0.319708006139664,0.319708006139664,0.0662107607994257
"6295.1",56,1,0.405439151145886,0.537202536627066,0.405439151145886
"857",52,0,0.666073866330545,0.666073866330545,0.743370176860783
"3849",54,1,0.767666363519363,1.13550991837293,0.767666363519363
"5316",56,0,0.148355570250556,0.148355570250556,0.629570462708652
"118",52,1,0.816622757613311,0.894168197629701,0.816622757613311
"5055",60,1,0.7995529983433,0.200699796102936,0.7995529983433
"4593",58,0,0.428434124380826,0.428434124380826,0.809395918422805
"9694",52,0,0.987111622227675,0.987111622227675,0.720586181657547
"3895",56,0,0.730466119071495,0.730466119071495,0.447847554032778
"5985",50,0,0.829418207880181,0.829418207880181,0.775686918303285
"9691",58,0,0.043557749074192,0.043557749074192,0.64699661365353
"7228.1",56,1,0.892379515993034,0.513812473577586,0.892379515993034
"5120",54,0,0.766948389626554,0.766948389626554,0.855480184874895
"2499",50,0,1.10732833965361,1.10732833965361,0.872637216084843
"9381",60,0,0.251297288488003,0.251297288488003,0.795245455908777
"1707",50,1,0.987252838692083,0.633767363838935,0.987252838692083
"9803",52,0,0.491009069129043,0.491009069129043,0.944259203896807
"4923",56,0,0.467403936741541,0.467403936741541,0.496172831060323
"6199",54,0,0.764672599525797,0.764672599525797,0.919417341286197
"7834",50,0,1.27222725397002,1.27222725397002,0.561396709855983
"4756",56,0,0.530538780670464,0.530538780670464,0.522763260814951
"1359",52,0,1.01793119780565,1.01793119780565,0.909976212015465
"9395",56,0,0.667879086317257,0.667879086317257,0.735373389497661
"7335",60,0,0.061147754798761,0.061147754798761,-0.0992908006238055
"7809",56,1,0.683284227642437,0.528575836447281,0.683284227642437
"2631",54,0,0.838255186223353,0.838255186223353,0.848243691546506
"5386",56,1,0.48743311072046,0.371848709441147,0.48743311072046
"1117",54,0,1.07225475600824,1.07225475600824,0.728387336144391
"8724",54,0,0.890075246580968,0.890075246580968,1.17650712131327
"8062",56,0,0.539798090680978,0.539798090680978,0.78006494446663
"9524",54,0,0.5709628583681,0.5709628583681,0.942876961626812
"2280",60,1,0.507319995605273,0.387552827186078,0.507319995605273
"9688.1",58,0,0.261282873981008,0.261282873981008,0.383518206642067
"4796",56,1,0.892999289736641,0.320042619742557,0.892999289736641
"6512",58,1,0.603785749376877,0.320608795052769,0.603785749376877
"5310",50,0,0.707034473738094,0.707034473738094,0.890945682459293
"3141",56,0,0.593167766472165,0.593167766472165,0.308580307958663
"3257",50,0,1.32651330161516,1.32651330161516,0.683067410287122
"1517",58,1,0.301883054376923,0.0956693921970466,0.301883054376923
"9377",58,1,0.5461049681254,0.150900777467857,0.5461049681254
"8403",58,0,-0.0964852125839756,-0.0964852125839756,0.553647119418715
"6158",58,1,0.378325539565881,-0.226462704076709,0.378325539565881
"196",56,0,0.219213015777827,0.219213015777827,0.748559270844442
"2428",56,0,0.508021832945099,0.508021832945099,0.77013788085504
"9365",58,0,-0.0121453729054124,-0.0121453729054124,0.495138433394596
"9009",50,0,0.796426089104026,0.796426089104026,0.551206404806426
"5764",54,1,0.52667388062811,1.36622843237994,0.52667388062811
"254",56,0,0.33861676610675,0.33861676610675,0.251109506160951
"1268",60,1,0.614500044924726,-0.321842183350174,0.614500044924726
"8843",58,0,0.241196195476041,0.241196195476041,0.288006727021729
"9654.1",58,0,0.144309685331511,0.144309685331511,0.689303626606647
"2189",54,1,0.535812030714188,0.419385286454241,0.535812030714188
"8009.1",50,0,0.62982676589898,0.62982676589898,0.665642113629667
"7633",58,0,0.0639526613289921,0.0639526613289921,0.373350404428051
"8784",52,0,0.993672260481199,0.993672260481199,0.485049519965279
"1272",54,1,0.316371514853534,0.631879857542654,0.316371514853534
"4913",52,0,0.91658020884789,0.91658020884789,0.795634797998306
"4525",60,1,0.203971692304839,-0.439232844136492,0.203971692304839
"6078",58,1,0.359331030817586,0.358461327567878,0.359331030817586
"9378",54,1,0.674449121540804,0.47537794929536,0.674449121540804
"2370",58,0,0.157086463951977,0.157086463951977,0.681239547130682
"7653",60,0,0.0370207126368139,0.0370207126368139,0.540640966169211
"1343",58,1,0.653083276778759,0.290890944929351,0.653083276778759
"8522",52,0,0.746462340672969,0.746462340672969,0.659091642261946
"7825",56,0,0.567305451581322,0.567305451581322,0.613517303778599
"7078",54,0,0.490456281296055,0.490456281296055,0.597194017274175
"4796.1",56,1,0.892999289736641,0.320042619742557,0.892999289736641
"6462.1",60,1,0.507645684198065,-0.429399956922132,0.507645684198065
"4563",58,0,0.252768197811464,0.252768197811464,0.385963191661936
"7110",52,1,0.984444918045802,1.12581949804697,0.984444918045802
"8777",58,0,0.414516776538446,0.414516776538446,0.732201249977799
"2081",56,0,0.18202695392413,0.18202695392413,0.545637333326846
"5138",58,1,0.677323417157481,-0.328126101761747,0.677323417157481
"9159",58,1,0.642059384238958,0.16504921609496,0.642059384238958
"341",60,0,0.234882907428381,0.234882907428381,0.68366826822591
"9742.1",54,0,0.855574688161072,0.855574688161072,0.40777445963047
"4973",58,0,-0.153846342001568,-0.153846342001568,0.746528075236238
"6973",50,0,1.19987389977445,1.19987389977445,1.35809738094441
"8871",56,0,-0.100987724074031,-0.100987724074031,0.574492107048334
"1783",54,1,0.881022311950929,0.488390339384753,0.881022311950929
"2039",60,0,-0.0483337724342686,-0.0483337724342686,0.302213273852199
"6342",56,0,0.057482349591526,0.057482349591526,0.851886080625599
"2027",50,0,1.24078822007973,1.24078822007973,1.28936992111681
"4832.1",56,1,0.666864649152204,0.530632382993924,0.666864649152204
"9029",52,1,1.10148098324755,0.745818739372317,1.10148098324755
"6322",56,0,0.168114877791166,0.168114877791166,0.944351377844404
"7134",52,0,0.80892678898791,0.80892678898791,0.872844097813162
"8721",52,0,0.882942894196745,0.882942894196745,-0.089761255603207
"6593",58,0,0.23123022719941,0.23123022719941,0.666420687225045
"6958",60,0,-0.027821861315944,-0.027821861315944,0.473934157304653
"2894",54,0,0.484676983964721,0.484676983964721,0.40705527062086
"8415",58,0,0.11274152633372,0.11274152633372,1.15201227042205
"4983",52,0,0.946030493805548,0.946030493805548,0.849683165773125
"4740",60,1,0.515348515906066,0.0423067535156625,0.515348515906066
"7967",56,1,0.368060742730255,-0.0127047296996579,0.368060742730255
"7732.1",56,0,-0.0573201169023556,-0.0573201169023556,1.03909197288919
"8696",52,0,0.557671589747424,0.557671589747424,1.2925116104721
"785",58,1,0.74210547261722,0.616087613658066,0.74210547261722
"2909",56,1,0.494889461536875,0.474662908281632,0.494889461536875
"3898",52,0,0.926147159838328,0.926147159838328,1.22448726898009
"3914",56,1,0.559055682928649,0.156402862737015,0.559055682928649
"9913",50,0,0.913204344169042,0.913204344169042,1.0887605368459
"7721",54,1,0.509708353115514,0.293058537660092,0.509708353115514
"9618",52,1,0.6600700245532,0.877912393046289,0.6600700245532
"3959",54,0,0.568837124262727,0.568837124262727,0.325830822137897
"6230",60,1,-0.224011216365272,-0.368827989451783,-0.224011216365272
"3488",60,1,0.211179407242451,-0.0223975175491574,0.211179407242451
"4000",56,0,0.309103603923329,0.309103603923329,0.684971839381708
"4689.1",54,0,0.332036865306134,0.332036865306134,0.884949561836993
"9387",58,1,0.230084501551383,-0.0429717820758179,0.230084501551383
"8054",58,0,0.328501965197001,0.328501965197001,0.452017805576799
"4071",58,0,0.583386384035191,0.583386384035191,0.757995876461304
"206",56,0,0.696475434884347,0.696475434884347,0.626917434108509
"1134.1",54,0,0.686886204592989,0.686886204592989,0.548931653312644
"4138.1",60,1,0.0689484658225539,-0.166039963376092,0.0689484658225539
"8171",52,0,0.820292279855854,0.820292279855854,0.752858437223354
"8856",54,1,0.461532287308536,0.533172124241176,0.461532287308536
"9186",52,1,0.795817052993007,0.673426784826443,0.795817052993007
"7605",52,0,0.876986051837823,0.876986051837823,1.3859363985265
"9874",52,1,0.842737014038715,0.835194729562699,0.842737014038715
"8302",58,1,0.686917145941518,-0.00256593376055333,0.686917145941518
"6577",60,0,0.417787734234107,0.417787734234107,0.992237965686492
"2249",58,1,0.555806954335876,0.14270953391711,0.555806954335876
"4197",56,0,0.222585305369532,0.222585305369532,0.636902343238988
"9466",56,0,0.975673458635339,0.975673458635339,0.298698624917169
"3048",52,0,1.04961077993603,1.04961077993603,0.718168976591407
"2116",52,0,0.998523766799111,0.998523766799111,1.16987477569148
"2918",54,0,0.671786179854017,0.671786179854017,0.524933690950643
"6259",56,0,0.575533343507192,0.575533343507192,0.708144930203762
"2838",60,1,0.10793099913772,-0.066440545756498,0.10793099913772
"1159",52,0,1.2986162478102,1.2986162478102,0.843449690672215
"2740.1",52,0,0.931458982499609,0.931458982499609,0.557222937461764
"3320",58,0,0.340778661725834,0.340778661725834,0.395528563057656
"861",50,0,0.87044380960665,0.87044380960665,0.976060040309873
"9667",50,0,1.00326495444277,1.00326495444277,0.902145708153756
"2805",54,0,0.620184459830302,0.620184459830302,0.12914904385535
"3867",52,0,0.661267761565728,0.661267761565728,0.862729413678706
"994",52,0,1.23784537553443,1.23784537553443,0.640472890912919
"1291",50,0,1.15581796922379,1.15581796922379,1.06367666977053
"3921.1",54,0,0.603036642438345,0.603036642438345,0.730904105420261
"7928.1",52,0,1.18478210945192,1.18478210945192,1.02381370981916
"5706",58,0,0.253703303015963,0.253703303015963,0.717222109623032
"3460.1",50,1,1.17672683465478,0.723663416700598,1.17672683465478
"4830",56,1,0.272159685374168,0.511025467325184,0.272159685374168
"5440",52,0,0.723527496575346,0.723527496575346,0.711527854393942
"120",56,0,0.696206698625117,0.696206698625117,0.631458264237583
"7133.1",58,0,0.226857938165603,0.226857938165603,0.357980305228899
"2864",52,0,0.926172799944181,0.926172799944181,1.03709642380857
"7588",54,0,0.780155008094326,0.780155008094326,1.04312080132971
"6075.1",54,1,1.00232182987371,0.735027378114287,1.00232182987371
"9946",52,1,0.82730711371872,1.0040835496405,0.82730711371872
"1514",58,1,0.625552502842394,0.270181309600223,0.625552502842394
"173",58,1,0.611464024978163,-0.0115321689836715,0.611464024978163
"1555",56,1,0.134462902140098,0.330925006885748,0.134462902140098
"1545",58,1,0.40571554873695,-0.00847918496780328,0.40571554873695
"6949",52,1,1.01034779832855,0.601507661651644,1.01034779832855
"4950",52,0,0.679989518455514,0.679989518455514,0.901985253563438
"2414",56,0,-0.069299428848335,-0.069299428848335,0.457072197502491
"8002",52,1,0.814819159033268,0.914274664616228,0.814819159033268
"2164",52,1,0.870666686819918,0.771278202134912,0.870666686819918
"4762",58,1,0.402319591505411,0.0887838594155946,0.402319591505411
"3735",54,1,0.979013697868479,0.454340475080671,0.979013697868479
"1764",56,1,0.756917840811547,0.0813868757569448,0.756917840811547
"7324",54,0,0.278245754651152,0.278245754651152,0.768520650801074
"7809.1",56,1,0.683284227642437,0.528575836447281,0.683284227642437
"3472.1",56,1,0.705113987302326,0.684867482220794,0.705113987302326
"4676",54,1,0.76275640025241,0.298619457234841,0.76275640025241
"6842",54,0,0.621206228455337,0.621206228455337,0.907112880198256
"6228",52,1,1.11286812028799,0.837255252467422,1.11286812028799
"6704",54,0,0.868003296188569,0.868003296188569,0.550865092648821
"8357",60,1,0.663956539317909,-0.109920726894558,0.663956539317909
"8370",58,0,0.402659296712914,0.402659296712914,-0.0169844466503661
"9917.1",54,1,1.02550126824523,0.349575845056582,1.02550126824523
"5014",52,0,1.07188385935863,1.07188385935863,0.781726433069182
"7529",50,0,0.972877818903807,0.972877818903807,0.936245416734069
"9774",56,1,0.0458557241157961,0.240349960090249,0.0458557241157961
"6331.1",56,0,0.17057622685285,0.17057622685285,0.758947004606793
"8901",58,0,-0.032227273215971,-0.032227273215971,0.839375912569387
"3996",56,0,0.347260561677675,0.347260561677675,0.472031435294157
"6165",52,0,0.937020217625064,0.937020217625064,0.387604281082992
"7031",50,0,1.55658843929253,1.55658843929253,0.996818151686925
"2061",52,1,0.676691089080034,0.691400490715813,0.676691089080034
"5786",58,1,0.0650251726496966,0.333478704454102,0.0650251726496966
"4599",56,0,0.165930726605906,0.165930726605906,0.180769240929823
"3497",54,0,0.73314643290726,0.73314643290726,0.948870122816862
"8189",60,1,0.211606832069642,-0.0246996125300513,0.211606832069642
"241",54,1,0.744331962092897,0.392396351267675,0.744331962092897
"1379",52,1,0.845057481391892,0.951021749643901,0.845057481391892
"2341",54,0,0.315678128819565,0.315678128819565,0.736569012106188
"6196",52,1,0.403053614691051,0.782561744696153,0.403053614691051
"8312",54,0,0.919564310544154,0.919564310544154,0.415950364303685
"5408",54,1,0.879255749492258,0.694904358177168,0.879255749492258
"4537",52,0,0.674919123677491,0.674919123677491,0.567550399021297
"715",54,0,0.536450894989834,0.536450894989834,1.0784854929583
"338",52,0,0.924437461335985,0.924437461335985,1.02033692430396
"7944",52,0,1.31799708351236,1.31799708351236,0.771273771084011
"7416",52,0,1.06239414899585,1.06239414899585,0.249134148602113
"5350",52,0,0.731138716509353,0.731138716509353,0.863889892445868
"1189",50,0,1.26225404114891,1.26225404114891,1.47394927074681
"8580",60,0,-0.374325800614275,-0.374325800614275,0.298682044015316
"4856.1",54,0,0.221009396503097,0.221009396503097,0.802550989464422
"7443",58,1,0.265709806826782,0.176200481524865,0.265709806826782
"7864",52,0,1.15216252580854,1.15216252580854,0.941139900953236
"5814",52,1,0.99484200256986,0.88068319876132,0.99484200256986
"4365.1",52,0,0.885747935385832,0.885747935385832,1.01591126576444
"1765",54,1,0.707630416279511,0.639146220239467,0.707630416279511
"4229",50,0,1.38720546176001,1.38720546176001,1.31708902552244
"5833",52,1,0.464207546230508,1.11997815031714,0.464207546230508
"8484",52,0,0.773002781540895,0.773002781540895,1.31280264037805
"8869",54,1,0.563847607925334,0.847192639307736,0.563847607925334
"5630",56,0,0.419226532690685,0.419226532690685,0.403789421208938
"3310",60,0,-0.084340469297012,-0.084340469297012,0.515108920355453
"1501",50,0,0.900796422045711,0.900796422045711,0.857925023818971
"7275",54,1,0.796282759158442,0.596863937170138,0.796282759158442
"1150",52,0,0.965549158777459,0.965549158777459,0.665096288843918
"5009",52,0,0.904731225437995,0.904731225437995,0.834549876449833
"2185",54,1,0.69631620224566,0.418462883972778,0.69631620224566
"6121",56,0,0.690912999194945,0.690912999194945,0.279562947156129
"1469",56,0,-0.143579030911586,-0.143579030911586,0.359390913573171
"7918",54,1,0.111036642041757,0.671598149617323,0.111036642041757
"9770.1",52,0,0.428621384394895,0.428621384394895,1.12237746435028
"361",52,0,0.607861116858699,0.607861116858699,0.559476959107834
"9300",58,0,0.0936579861600183,0.0936579861600183,0.546385244435077
"4339",56,1,0.105545406789572,0.00124319534217177,0.105545406789572
"6862",50,0,0.920565324706532,0.920565324706532,1.57825959153857
"145",58,0,-0.0449435056810676,-0.0449435056810676,0.454675877177815
"8145",56,1,0.626126456097134,-0.0114855737941813,0.626126456097134
"6746",56,1,0.53109612325001,0.45618772419502,0.53109612325001
"4787.1",50,0,1.22485528464723,1.22485528464723,1.07478471914043
"7111",58,1,0.4965456253702,0.839193686142709,0.4965456253702
"9991.1",56,0,0.106885899392575,0.106885899392575,0.973455307709304
"7673",52,1,0.622277681845835,0.93953480303894,0.622277681845835
"8717",54,0,0.768903650181939,0.768903650181939,0.954649563634203
"3198",56,1,0.178849475651923,0.376957464021064,0.178849475651923
"9238",52,1,0.860291384737271,1.18546800138054,0.860291384737271
"4656",56,1,0.642397629448758,0.579829442562577,0.642397629448758
"513",50,1,0.935681289054423,0.699967311218614,0.935681289054423
"3795",58,1,0.956413830468283,0.362698105882387,0.956413830468283
"6367",60,1,0.636199925062689,-0.339817531469321,0.636199925062689
"1570",54,0,0.781186212221365,0.781186212221365,0.529086914238128
"1528",58,1,0.498356184437863,0.106769606434374,0.498356184437863
"9320",56,0,0.394435366776828,0.394435366776828,1.11775811933233
"1014",60,0,-0.214063500014084,-0.214063500014084,0.506492842889117
"8185",54,0,0.77885886732568,0.77885886732568,0.717464380168169
"735",58,0,0.173531865316925,0.173531865316925,0.568488718133628
"7625",52,1,0.865346052284305,1.05995091416707,0.865346052284305
"9739",52,0,0.654733596901107,0.654733596901107,1.02083352164183
"5717",50,0,1.03515726485129,1.03515726485129,1.11892998322835
"2386",58,0,0.339065190695474,0.339065190695474,0.282522398181189
"3638",54,1,0.267520151414314,0.397968956319845,0.267520151414314
"4874",60,1,-0.188452153096639,-0.278433082936119,-0.188452153096639
"5355",56,1,0.649192485123792,0.360804460672338,0.649192485123792
"1365.1",56,0,0.596580490578391,0.596580490578391,0.705115940488916
"7598",54,0,0.7181975836571,0.7181975836571,0.492388879474064
"7117",56,1,0.447413976316271,0.793299101719585,0.447413976316271
"8644",58,0,0.520586807475939,0.520586807475939,0.14290904827817
"5799",56,0,0.764152888987285,0.764152888987285,0.55887553455439
"6930",58,0,0.226092654104916,0.226092654104916,0.76102768551031
"5489",54,0,0.809186380940612,0.809186380940612,0.509187550415457
"5244",52,0,1.21516052830762,1.21516052830762,0.775868830134317
"5679",54,0,1.26590811022042,1.26590811022042,0.570537603228953
"9028",54,1,0.966062249512324,0.554164917856156,0.966062249512324
"7704",56,0,0.467740023875977,0.467740023875977,0.480950212876616
"4669",54,0,0.352542487824021,0.352542487824021,1.09159352135093
"9219",58,0,0.634689419679838,0.634689419679838,0.423468598229907
"1113",50,0,0.503218708062729,0.503218708062729,0.872693299236187
"6775",58,0,0.250659802979715,0.250659802979715,0.463669116630181
"6317",58,0,0.151344413583538,0.151344413583538,0.616282610490534
"8249",50,0,1.12879271096297,1.12879271096297,0.451464452916126
"5920",56,1,0.788400457787532,0.48389658651338,0.788400457787532
"8685",54,0,0.803382452368086,0.803382452368086,0.723949015359887
"7795",56,0,0.358955786830168,0.358955786830168,0.749335668734321
"2370.1",58,0,0.157086463951977,0.157086463951977,0.681239547130682
"7040",52,1,0.855775406355651,0.948897220477606,0.855775406355651
"269.1",56,0,0.347675761080785,0.347675761080785,0.0870106236992231
"9546",52,0,0.686494725911399,0.686494725911399,0.9191536420534
"7687",50,1,0.692451301257406,0.817727711449375,0.692451301257406
"9175",58,1,0.706038798127202,0.565927957707829,0.706038798127202
"4016",56,0,0.247211579287448,0.247211579287448,0.606631848768
"7918.1",54,1,0.111036642041757,0.671598149617323,0.111036642041757
"8881.1",52,0,0.506365130066186,0.506365130066186,0.383127951322836
"7206",60,1,0.424636227265651,-0.145271796273298,0.424636227265651
"767",56,1,0.0427641131706086,0.418179964071106,0.0427641131706086
"1182",54,0,0.793911258786802,0.793911258786802,0.37702369005395
"2834",50,0,0.905258481931944,0.905258481931944,0.902171718250819
"1209",54,1,0.388103543936663,0.901691420342927,0.388103543936663
"7811",58,1,0.319619613332034,0.20714364428237,0.319619613332034
"8075",56,0,0.4439713357465,0.4439713357465,0.621350045120561
"3103",56,1,1.05578273645024,0.444396258790648,1.05578273645024
"5302",56,1,1.07230116026738,0.806476382463242,1.07230116026738
"2713",52,0,0.911628398818715,0.911628398818715,0.433388827561071
"5557.2",60,0,-0.0806873938880529,-0.0806873938880529,0.440805610200109
"7246",54,0,0.573006862917385,0.573006862917385,0.550050793184229
"9096",58,1,0.379233523565823,-0.0832486908051208,0.379233523565823
"8001",52,1,1.0625695791277,1.03785247319639,1.0625695791277
"5809",58,1,0.43222429129595,0.0713910242845318,0.43222429129595
"8413",54,1,0.56721710658376,0.462609872815458,0.56721710658376
"3792",56,0,0.553298525321744,0.553298525321744,0.0177637861481421
"2062",56,0,0.512074314224554,0.512074314224554,0.813433761171295
"5079",58,0,0.0726151876926653,0.0726151876926653,0.0158653619214473
"5559",50,0,0.564182372648012,0.564182372648012,0.721591612914775
"438",50,0,0.456272405159142,0.456272405159142,1.34145941503556
"2546",56,0,0.599508986185964,0.599508986185964,0.469171031891851
"5310.1",50,0,0.707034473738094,0.707034473738094,0.890945682459293
"4288",52,0,0.656246189045928,0.656246189045928,0.681441988459461
"7897",58,1,0.554132514369385,0.172512767854724,0.554132514369385
"496",54,1,1.1001743883017,0.462575672781883,1.1001743883017
"4336",50,1,0.893494811116166,1.03340086663246,0.893494811116166
"8889",58,0,-0.0245501276691547,-0.0245501276691547,0.485212497450173
"9839",58,1,0.685934556654594,0.134618680969556,0.685934556654594
"6984",58,0,0.402033949110036,0.402033949110036,0.305701161805522
"3674.1",60,0,-0.199001179768737,-0.199001179768737,0.985258675805361
"5626.1",54,1,0.403492243369009,0.847743702011602,0.403492243369009
"148",58,0,0.0349472200238396,0.0349472200238396,0.915197945223249
"5287",52,0,0.920688823136437,0.920688823136437,1.12397865469241
"5072",54,0,0.415993657993688,0.415993657993688,0.98670808288717
"874",52,0,0.895450342610264,0.895450342610264,1.04080645275948
"5226",60,0,-0.22802749328996,-0.22802749328996,1.0085784379806
"3507",54,0,0.378350168007088,0.378350168007088,0.822984275669976
"5910.1",58,1,0.562269785791651,0.204197056799393,0.562269785791651
"4459",56,0,0.371037189449805,0.371037189449805,0.480525811890863
"8415.1",58,0,0.11274152633372,0.11274152633372,1.15201227042205
"9179.1",56,0,0.395138291010983,0.395138291010983,0.462877394476078
"7664",56,1,1.08854808454553,0.429330162345895,1.08854808454553
"4895",58,1,1.04791910955579,0.617341789042918,1.04791910955579
"1232",54,1,0.949714051836805,1.10964401601078,0.949714051836805
"3615",60,1,0.559890324023719,-0.0869512484318797,0.559890324023719
"7067",60,1,0.423035926191411,-0.244692211683533,0.423035926191411
"2587",58,0,0.42577413826567,0.42577413826567,0.739636417248667
"4203",54,1,0.973530790147089,0.65310625759485,0.973530790147089
"6344",60,0,0.224563803532277,0.224563803532277,0.509605347174853
"2114",58,0,0.045230847093193,0.045230847093193,0.704436594811229
"6826",52,0,1.4305739209811,1.4305739209811,0.727846735882329
"5533.2",52,1,1.04753175218558,0.581760199838426,1.04753175218558
"9299",54,0,0.799187897263448,0.799187897263448,0.524732076140728
"3348",60,0,0.0379708035609632,0.0379708035609632,0.0924854144601414
"6474",60,1,0.423547325720651,0.173862404497153,0.423547325720651
"3470",58,0,0.0300071455615943,0.0300071455615943,0.0578205842420428
"3965",50,0,0.86194406794652,0.86194406794652,0.791405541303213
"2156",54,0,0.300311928310098,0.300311928310098,0.878069482961101
"4421",52,0,0.787931445807365,0.787931445807365,0.856918427516144
"886",58,0,0.601570224709652,0.601570224709652,0.191159373784875
"4286",58,1,0.982426263829502,0.506984551859659,0.982426263829502
"6184",56,0,0.686973723996939,0.686973723996939,0.59142457471426
"1119",54,0,0.868363156940297,0.868363156940297,0.795327843438378
"9022",54,0,0.593177649672661,0.593177649672661,0.0860585496930539
"463",50,0,1.33534021051456,1.33534021051456,1.17492152133742
"3248",56,0,0.634527169630616,0.634527169630616,0.676614034018878
"9561",52,1,0.941564467621582,0.741366329214413,0.941564467621582
"5244.1",52,0,1.21516052830762,1.21516052830762,0.775868830134317
"8826",58,1,0.605615659363974,0.142910686199476,0.605615659363974
"8167",52,0,0.816044886560942,0.816044886560942,0.646421727473321
"3640",50,0,1.00207696890292,1.00207696890292,1.14997841880009
"3785",54,0,0.420850664140647,0.420850664140647,1.1258340239765
"490",52,0,0.846001582561156,0.846001582561156,0.785510654993663
"4133",52,1,1.19207692916148,1.05559645720577,1.19207692916148
"334",58,1,0.526457165442048,0.483605228637855,0.526457165442048
"654",54,0,1.00646644693424,1.00646644693424,0.599329077062289
"8141",56,0,0.116680885283043,0.116680885283043,0.642626680823484
"1889",52,0,1.06083075302139,1.06083075302139,0.488157554298349
"4500",54,0,0.517569778375062,0.517569778375062,0.794996611936792
"2020.2",54,0,0.61397553197441,0.61397553197441,0.622995561352174
"4896",58,0,-0.00888516757082891,-0.00888516757082891,0.404307211764864
"32",56,0,0.452085712257409,0.452085712257409,0.269988156322579
"6081",56,1,-0.0809584154048294,0.0267805504445824,-0.0809584154048294
"7052.1",58,1,0.320706268966755,0.230728744337131,0.320706268966755
"7764",54,0,0.476532631412761,0.476532631412761,0.629958015394401
"8301",50,1,0.956597275716367,1.20167592375362,0.956597275716367
"4197.1",56,0,0.222585305369532,0.222585305369532,0.636902343238988
"1136",52,0,0.636322840436626,0.636322840436626,0.774520152434643
"9475.1",56,0,0.0640407804697202,0.0640407804697202,0.266258520336221
"5286",56,0,0.288274420370841,0.288274420370841,0.751240433991001
"5515",52,0,0.880774458768659,0.880774458768659,0.820430497723538
"6343",54,0,0.442730213705601,0.442730213705601,0.33272165579628
"324",60,0,-0.159869321584561,-0.159869321584561,0.421874461710568
"6860",54,0,0.455612527078758,0.455612527078758,0.908568834756953
"8596",54,0,1.25112925789792,1.25112925789792,0.879715798652283
"951",50,0,1.07879543586342,1.07879543586342,0.789897244097493
"1948",60,1,0.50499278270284,0.0246802691482676,0.50499278270284
"4362",52,0,0.790378749768563,0.790378749768563,0.983965947001785
"7970",58,0,0.330956633253841,0.330956633253841,0.240096495086909
"9919.1",52,1,0.739716866034985,0.923529930109561,0.739716866034985
"450",50,0,1.33897092222893,1.33897092222893,0.952806995911985
"1473",58,1,0.648950497611627,0.292869420893264,0.648950497611627
"6239",58,1,1.07911349242861,0.448622872828502,1.07911349242861
"9712",58,1,0.392202387465401,-0.185624239931233,0.392202387465401
"1011",60,0,-0.190748877910895,-0.190748877910895,0.624815910324022
"511",58,1,0.605551658112962,0.56981627749051,0.605551658112962
"231",54,0,0.214105226100838,0.214105226100838,0.237132073165452
"4459.1",56,0,0.371037189449805,0.371037189449805,0.480525811890863
"3686",52,0,0.745161772977414,0.745161772977414,1.03547461818294
"7409",56,0,0.094467723426046,0.094467723426046,0.772388952978819
"628",56,1,0.197371986979849,0.450186958204591,0.197371986979849
"4596",52,0,0.974041868045991,0.974041868045991,0.817619163742432
"63",54,1,0.794814907653742,0.511588679104778,0.794814907653742
"4835",54,0,0.906265405549279,0.906265405549279,0.779638759240952
"1582.1",60,1,0.395643923881155,-0.235740921297557,0.395643923881155
"1420",54,1,0.476875402258221,0.52996038948634,0.476875402258221
"3246",54,0,0.43159308818571,0.43159308818571,0.514651009466057
"4682",60,1,0.265536633450014,0.0832441473602254,0.265536633450014
"8587",54,1,0.772450261053258,0.374753918148618,0.772450261053258
"2975",56,0,-0.152416251487416,-0.152416251487416,0.795547227337758
"6998",54,1,0.944459710697268,0.929620458922516,0.944459710697268
"2592",50,0,0.838651678263553,0.838651678263553,1.24210200483009
"3422",60,1,0.334885968387505,0.061857037070352,0.334885968387505
"4725",60,0,-0.24516352024554,-0.24516352024554,0.495065870563194
"2699",52,1,0.930505331599466,1.08430357650152,0.930505331599466
"3931",58,1,0.334439057594916,0.11128065642263,0.334439057594916
"4258",54,0,0.339728278036908,0.339728278036908,0.619002254335841
"6168",58,0,-0.246864965299728,-0.246864965299728,0.43441779473586
"7168",50,0,1.0808180865853,1.0808180865853,0.778035608115395
"5637",56,1,0.296015280764741,0.394396604258203,0.296015280764741
"3641",56,0,0.574991977308053,0.574991977308053,0.699357007305567
"6794",52,1,0.844140966614515,0.879925958604092,0.844140966614515
"7022",56,0,0.197864014514269,0.197864014514269,0.44049933040681
"4753",54,0,0.39295571393591,0.39295571393591,0.557473508012978
"8396",56,0,0.952813665489609,0.952813665489609,0.530981573172946
"5876",56,0,0.57308920470804,0.57308920470804,0.716315576603606
"8925",50,0,1.1821644945168,1.1821644945168,0.85819914084039
"9655",52,1,0.878106298795335,1.22296842950344,0.878106298795335
"7574",58,1,0.612132020106053,0.0134257878454287,0.612132020106053
"1170",52,1,1.00808507689254,0.881699006568994,1.00808507689254
"3807",56,0,0.595247657982458,0.595247657982458,0.560979314486573
"2921",54,0,0.558941488051813,0.558941488051813,0.708803440056077
"2708.1",58,0,-0.094669898209278,-0.094669898209278,0.467800306562169
"4977",50,0,0.932082197422738,0.932082197422738,0.747111531650122
"6083",54,0,0.681704868379076,0.681704868379076,0.71288177070132
"4386",58,0,0.571789371726548,0.571789371726548,0.089445324481334
"8634",58,0,0.333201058698555,0.333201058698555,1.06054926917846
"8310",54,0,0.925471635021572,0.925471635021572,0.902801282735017
"7343.2",56,0,0.111348151264825,0.111348151264825,0.82681769776141
"3673",60,1,0.665004273761504,-0.374276883011402,0.665004273761504
"1702",56,0,0.239844503346049,0.239844503346049,0.793417478595985
"7729",58,1,0.78594858108644,0.261780689713946,0.78594858108644
"94",58,1,0.473871272955929,-0.0805399831990217,0.473871272955929
"9198",58,0,0.504640391552688,0.504640391552688,0.490001462744306
"9876",50,0,1.12596571249036,1.12596571249036,0.638290494301451
"5651",56,0,-0.168239577215075,-0.168239577215075,0.292948282381817
"4928",58,0,0.658221488974026,0.658221488974026,0.536586581652423
"2718",60,1,0.913571486729383,0.456937436387109,0.913571486729383
"4306",56,0,0.568562031093686,0.568562031093686,1.00885632333061
"6327",50,0,1.15735786524645,1.15735786524645,0.816252276602981
"1093",52,0,0.81586556928088,0.81586556928088,0.934559780202171
"388",58,1,0.80029853370749,0.331044571373461,0.80029853370749
"4153",54,0,0.873132978300763,0.873132978300763,0.259566106036776
"7166",58,0,0.3297707435131,0.3297707435131,0.624972295005457
"7557",56,0,0.110790368560216,0.110790368560216,0.744093206324209
"2986",50,0,0.942799126423547,0.942799126423547,0.678297756093918
"7786",60,0,-0.299604125362417,-0.299604125362417,0.593904981395546
"8849",60,0,0.633366819593655,0.633366819593655,0.2349193129073
"398",54,1,0.327056405072176,0.134225276456239,0.327056405072176
"5248.1",54,0,0.417726056569453,0.417726056569453,0.603723526673738
"1759",54,1,0.192372182805257,0.707408747196801,0.192372182805257
"5975",52,0,0.661696132187335,0.661696132187335,0.639960691738849
"3870",58,0,0.518103020316774,0.518103020316774,1.00484129642476
"1957",60,0,0.0716722024755663,0.0716722024755663,0.285900542918954
"5044",50,1,1.11881122202922,0.969500535423536,1.11881122202922
"6397",60,1,0.486327488220127,0.291810979731594,0.486327488220127
"5942.1",54,0,0.57306245129736,0.57306245129736,0.257553746735589
"8641",58,1,0.363877833440147,0.046200915311363,0.363877833440147
"636",54,0,0.506788985296017,0.506788985296017,0.907916983225265
"654.1",54,0,1.00646644693424,1.00646644693424,0.599329077062289
"2888",56,0,0.44805239956557,0.44805239956557,0.689677471704629
"9768",58,1,0.578539387038051,0.187414102526258,0.578539387038051
"5500",58,0,0.344134940171502,0.344134940171502,0.653045755610253
"4501",58,1,0.288696774462835,0.0580994163584943,0.288696774462835
"5826",54,1,1.0700765712744,0.392807628683553,1.0700765712744
"2282",60,0,0.165421896784208,0.165421896784208,0.856713957074837
"682",58,0,0.520939365420399,0.520939365420399,0.373334931722519
"1219",56,1,0.407748689447986,0.635867104070465,0.407748689447986
"2208",54,0,0.463882102669885,0.463882102669885,0.585060623795608
"192",54,0,0.477090383303512,0.477090383303512,0.477881250755251
"1100",60,0,0.0771092990281273,0.0771092990281273,0.245764197993592
"3414",60,0,-0.127839477390537,-0.127839477390537,0.137892828916758
"9379",54,0,0.681395818869732,0.681395818869732,0.767521920378847
"4349",50,0,1.50786637420927,1.50786637420927,1.31235979704604
"1192",60,1,0.512316269640619,0.192800873217357,0.512316269640619
"7211",52,0,0.767136689865165,0.767136689865165,0.663750918287192
"961",54,0,0.661941912579183,0.661941912579183,1.08259077992684
"4436",52,0,0.492746921821112,0.492746921821112,1.017643442751
"9321.1",58,1,0.257775528101245,0.181194923067445,0.257775528101245
"9450",50,1,0.766020679022745,0.998635314742771,0.766020679022745
"3206",54,1,0.930080198854469,0.76669791081356,0.930080198854469
"775",56,1,0.710334309250741,0.514531352803587,0.710334309250741
"2586",56,0,0.41546562649862,0.41546562649862,0.645826333033251
"7259",52,0,1.5538457033127,1.5538457033127,0.675382974865233
"7976",56,1,0.527137837505402,0.496340667106493,0.527137837505402
"286",52,0,0.973651847699468,0.973651847699468,0.774791856942304
"6908",54,0,0.396060950557005,0.396060950557005,0.814688758150603
"2306",52,1,1.08973219942479,0.757824995075602,1.08973219942479
"4048",58,1,0.704975179268502,0.330243125177486,0.704975179268502
"7133.2",58,0,0.226857938165603,0.226857938165603,0.357980305228899
"4006.1",54,0,0.574502623186995,0.574502623186995,0.731978111883106
"3438",52,1,0.460465719044211,0.869119975306564,0.460465719044211
"3957",58,0,0.30299808232252,0.30299808232252,0.0918863325144292
"2637",50,0,0.541191660115127,0.541191660115127,1.25898148714016
"784",54,0,0.167964130701942,0.167964130701942,0.862174075347078
"3985",56,0,0.462168274385543,0.462168274385543,0.85369782523957
"7866",50,0,1.08522782965811,1.08522782965811,0.843916130382285
"6469",54,0,0.829470264734651,0.829470264734651,0.965571678417099
"9576",56,1,0.238223980325706,0.0756010283238947,0.238223980325706
"9882.1",52,0,1.15301580710539,1.15301580710539,0.853021757206785
"7414",52,0,0.873453920437968,0.873453920437968,0.646852026174183
"3614",58,1,0.270750381341756,0.367428746386359,0.270750381341756
"2993",54,1,1.071499220566,0.389735754449105,1.071499220566
"9801",50,0,1.01067058343692,1.01067058343692,1.15000456124639
"449",52,1,0.836238667939347,0.69245756175959,0.836238667939347
"1911",56,0,0.403702427064972,0.403702427064972,0.99568918862605
"7546",60,0,0.2100550295196,0.2100550295196,0.651025400906145
"823",58,0,0.28543056398679,0.28543056398679,0.47717745648422
"8035",60,0,-0.357158115072979,-0.357158115072979,0.542264676798469
"2526",56,1,0.590350598765883,0.275460883109021,0.590350598765883
"2132",58,0,0.267863123796128,0.267863123796128,0.269691918867702
"537",54,0,0.951377099693912,0.951377099693912,0.996184055483603
"7677",54,1,0.942378436061787,0.992556998996411,0.942378436061787
"7853",60,0,0.287535258540428,0.287535258540428,0.228141397451074
"3444",50,1,0.807546277085555,0.579548915356256,0.807546277085555
"9251",58,1,0.892298769399599,0.527861503102931,0.892298769399599
"5714.1",50,1,1.2773137214744,1.30311449401974,1.2773137214744
"5638",54,0,0.409462525781722,0.409462525781722,0.809620655093759
"8777.1",58,0,0.414516776538446,0.414516776538446,0.732201249977799
"6156",58,0,0.153293109593475,0.153293109593475,0.39414449467836
"6588",56,0,0.187644834919851,0.187644834919851,0.635565369639914
"4712",54,0,0.92045674188737,0.92045674188737,0.447666699867178
"3082",54,1,0.831892735342306,0.987156080849905,0.831892735342306
"7986",52,0,1.17170169070239,1.17170169070239,1.02086809011939
"4059",58,1,0.593613745464906,0.341366320981606,0.593613745464906
"3447",56,0,0.649970518390321,0.649970518390321,1.31871662884603
"5635",50,0,0.685891898067696,0.685891898067696,1.18549441352426
"8536",56,1,0.478839176106178,0.0876832039943567,0.478839176106178
"8857.1",54,0,0.310510378219349,0.310510378219349,-0.00951543747086159
"2876",54,0,0.13720417606268,0.13720417606268,0.511087414506954
"6031",54,0,0.601210459297502,0.601210459297502,0.399096937360026
"3935",58,0,0.0217796649215355,0.0217796649215355,0.772219909694841
"7646.1",58,1,-0.0569223493129453,-0.113677983858021,-0.0569223493129453
"8898",60,0,0.0955399722121574,0.0955399722121574,0.502464459067379
"319",60,1,0.644037750845591,0.0717479014525951,0.644037750845591
"4740.1",60,1,0.515348515906066,0.0423067535156625,0.515348515906066
"4171.1",52,0,1.03469621557885,1.03469621557885,0.912900895751278
"5010",60,1,0.694549132468567,0.803796340590179,0.694549132468567
"910",50,1,1.02095078028708,1.15391954613649,1.02095078028708
"808",60,1,0.802323668549845,0.0596768372292301,0.802323668549845
"8754",54,1,0.519715482546715,0.717853667795549,0.519715482546715
"2980",54,0,0.572126066289429,0.572126066289429,0.667786895341263
"5894",50,1,0.917172779149286,0.749178280362052,0.917172779149286
"8462",60,1,0.573362397942666,-0.13588361577031,0.573362397942666
"3398",56,0,0.409288978360587,0.409288978360587,0.549824712202291
"6213",56,1,0.745356216650973,0.216278033188134,0.745356216650973
"6717",58,1,0.246263116070193,0.449740686272237,0.246263116070193
"7079",60,0,-0.382934598271395,-0.382934598271395,0.253179302659608
"3582.1",56,1,0.456643091202437,0.867716969536674,0.456643091202437
"3399.1",52,0,0.440263675274766,0.440263675274766,0.755661883610371
"5761",60,1,0.256204065851495,-0.159966970058822,0.256204065851495
"3789",56,1,0.434974567752581,0.488563311201627,0.434974567752581
"3654",56,0,0.424541317918736,0.424541317918736,-0.205191799388526
"3044",52,1,1.21539638247358,0.443313615148637,1.21539638247358
"9056",52,1,1.00545590358484,0.774997866947523,1.00545590358484
"8205",52,1,0.875228311771105,0.8935795650607,0.875228311771105
"3669",52,1,0.446490684776363,0.777101007483403,0.446490684776363
"7107",56,0,0.106425012662956,0.106425012662956,0.620484174608747
"6345",60,1,0.466345045394784,0.186666078431989,0.466345045394784
"4953",56,1,0.0255227260018036,0.276072664733496,0.0255227260018036
"9663",58,0,0.364787435668336,0.364787435668336,0.435416826591545
"6623.2",60,0,-0.163565751810912,-0.163565751810912,1.1250490976049
"7951",50,0,0.596010030821332,0.596010030821332,0.918996238394658
"7462",52,0,0.551067735565916,0.551067735565916,0.6646538760547
"4084",54,0,0.711751206080725,0.711751206080725,0.828514284919451
"4056",58,0,0.294718650527194,0.294718650527194,0.721002366744087
"9577",52,0,1.10245849362813,1.10245849362813,0.487333395008747
"3485",56,1,0.898079892085804,0.229044739794829,0.898079892085804
"351",54,0,0.54092227953912,0.54092227953912,1.06762033975906
"3705",58,0,0.409186676184526,0.409186676184526,0.410130328685774
"3086",56,0,0.441446665504801,0.441446665504801,0.732013209822131
"4407",50,0,0.849584901919129,0.849584901919129,1.00707410301977
"114",54,0,1.04715818489213,1.04715818489213,0.569479897711726
"2951",52,0,0.802342321036765,0.802342321036765,1.10754545401053
"3932",60,0,0.170083779443039,0.170083779443039,0.491715675121974
"8006",52,0,1.29859689300859,1.29859689300859,0.708449649746757
"1015",54,0,0.742767181129934,0.742767181129934,1.01563109831857
"5438",52,1,0.559054184024674,1.41993198078749,0.559054184024674
"4189",54,0,0.909694781052293,0.909694781052293,0.182450353567744
"7352",60,1,0.345153796918078,-0.2244680643107,0.345153796918078
"3728",58,1,0.146327835900598,0.290484642620039,0.146327835900598
"914",50,0,1.27483404589432,1.27483404589432,0.942000659718297
"4071.1",58,0,0.583386384035191,0.583386384035191,0.757995876461304
"3931.1",58,1,0.334439057594916,0.11128065642263,0.334439057594916
"9620",54,1,0.66204410722437,0.768096722302228,0.66204410722437
"4129",52,1,1.11834391893022,0.198057046249713,1.11834391893022
"4464",52,0,0.512829637272977,0.512829637272977,0.586066852443059
"2632",60,1,0.505885981761638,0.0940192094079997,0.505885981761638
"3280",54,0,0.418491314002237,0.418491314002237,-0.047963545955534
"2121",50,0,1.26674830018433,1.26674830018433,1.03365408892524
"549",56,1,0.378697901498825,0.441611265291897,0.378697901498825
"9531",54,0,0.603325259809618,0.603325259809618,1.23750363041062
"3715",52,1,0.921736580215896,0.434225436009471,0.921736580215896
"2573.1",56,0,0.356377776355334,0.356377776355334,0.907996661837012
"7559",56,0,0.218524826387908,0.218524826387908,0.668909141237604
"7086",56,0,0.27756077815005,0.27756077815005,0.464601682991105
"4052",50,0,0.658202248157499,0.658202248157499,0.959211602855744
"1862",50,1,1.23387844361358,1.20207932023986,1.23387844361358
"9492",50,0,0.817277443791001,0.817277443791001,0.671714045471139
"5828",54,0,0.875902141907535,0.875902141907535,0.805015425649501
"6327.1",50,0,1.15735786524645,1.15735786524645,0.816252276602981
"1253",58,1,0.287636113109678,-0.0886041060027459,0.287636113109678
"2893",58,0,0.333126648288189,0.333126648288189,0.559913116483187
"9613",58,0,-0.031000954540473,-0.031000954540473,0.499107160878194
"7112",52,0,0.554917452408436,0.554917452408436,1.00519952928479
"2193",60,0,-0.551968261344545,-0.551968261344545,0.40499746388269
"8560",58,1,0.81756420665695,0.246578412398536,0.81756420665695
"9946.1",52,1,0.82730711371872,1.0040835496405,0.82730711371872
"5146",56,0,0.74606402217115,0.74606402217115,0.816780657596743
"4876",56,0,0.73158908852767,0.73158908852767,0.206489794101365
"7273",52,0,0.882547573936586,0.882547573936586,1.26314473995925
"501",56,1,0.730719964407225,0.576277664712296,0.730719964407225
"561",56,0,0.20909244983508,0.20909244983508,0.526740866406906
"1833",54,0,0.876068500284457,0.876068500284457,0.662871595841183
"2596",58,0,0.339457576738731,0.339457576738731,0.368954767562835
"725",52,1,0.951772183762843,0.83256216779736,0.951772183762843
"8729.1",60,0,0.318312054143895,0.318312054143895,0.228144036416297
"9623",60,1,0.637128842166998,0.132968777258016,0.637128842166998
"4388",54,0,0.590661004511013,0.590661004511013,0.451907961663944
"7586",56,1,0.397403623366254,0.260528182750852,0.397403623366254
"3162",52,0,0.912355025040823,0.912355025040823,0.707292819729584
"3215",58,1,0.0494751778012406,0.210252142007705,0.0494751778012406
"8256",56,1,0.691874243787547,0.450706440721574,0.691874243787547
"6859",56,1,0.490447458451598,-0.31488091063621,0.490447458451598
"7723",56,1,0.85568132274035,-0.14057048519753,0.85568132274035
"4064",58,1,0.658132684918787,0.370453591291723,0.658132684918787
"3327",56,0,0.727474125139939,0.727474125139939,0.534587119233295
"4001",52,1,0.988901378374839,0.93081667249034,0.988901378374839
"5866",52,0,0.843682204800521,0.843682204800521,0.575488706505893
"158",50,0,1.22325674055476,1.22325674055476,0.72175489738404
"8009.2",50,0,0.62982676589898,0.62982676589898,0.665642113629667
"2160",54,1,0.751705586198638,0.83780842928057,0.751705586198638
"2559",54,1,0.932233685359572,0.520242058153107,0.932233685359572
"2608",56,0,0.245120858279225,0.245120858279225,0.782052156215214
"8972",56,0,0.682782439973885,0.682782439973885,0.334647675096226
"8101",56,1,0.732831938273943,0.240269737146788,0.732831938273943
"8862",54,1,0.807791928080691,0.343522044934567,0.807791928080691
"7569",58,0,-0.0394681615204154,-0.0394681615204154,0.315351696510234
"2719",52,1,0.798891032998467,0.594607889418162,0.798891032998467
"9573",52,1,0.780273935577757,0.580322931070595,0.780273935577757
"4677",52,0,0.859004417797535,0.859004417797535,0.492166781901429
"5169",50,1,0.848866029867963,0.684692174373883,0.848866029867963
"5673",54,1,0.460631094951268,0.771659979496975,0.460631094951268
"8926",58,1,0.076814387056427,0.149486048708586,0.076814387056427
"9498",56,0,0.120203048200915,0.120203048200915,0.882781498701053
"856",50,0,0.930028726607233,0.930028726607233,0.840777905786574
"3809",56,0,0.484206759059704,0.484206759059704,0.723188559866692
"6443",52,0,0.543649127319244,0.543649127319244,1.22788104073037
"2053.1",52,0,1.28271389392962,1.28271389392962,0.935284792963447
"3972",50,0,1.17202311006293,1.17202311006293,1.16412707149449
"5821",58,1,0.235472411712134,-0.0505704280650695,0.235472411712134
"9997",54,0,0.39670927936689,0.39670927936689,0.651622848413881
"7442",52,0,0.390788202765112,0.390788202765112,0.604445712383321
"3852",56,0,0.61904477013191,0.61904477013191,0.790220105435966
"6898",52,1,0.739373178580911,1.20033067308127,0.739373178580911
"6339",58,0,0.309675620953245,0.309675620953245,0.568134074856624
"3347",54,1,0.858977635752087,1.02237625697674,0.858977635752087
"812",54,1,0.495190662106364,0.583760810705529,0.495190662106364
"199",54,0,0.832742370868367,0.832742370868367,0.436060734074884
"985",52,1,0.873681651208155,0.568395060312447,0.873681651208155
"7573",58,0,0.326799536032539,0.326799536032539,0.807310178546471
"7288",56,0,0.989009992679351,0.989009992679351,0.433344010026568
"6126",54,0,0.29550384465556,0.29550384465556,0.691550646913985
"6724",52,0,0.633127585871141,0.633127585871141,0.939412944874754
"5425",60,1,0.860208862425845,0.136822563033489,0.860208862425845
"9486",50,0,1.71212329485751,1.71212329485751,0.944945904033196
"3197",50,0,1.35516442480251,1.35516442480251,1.14904996178069
"1709",54,1,0.660348466505715,0.811655645939095,0.660348466505715
"2847",60,1,0.00590039000786607,-0.188921078271855,0.00590039000786607
"1418",54,0,0.848077200522814,0.848077200522814,0.839535007257771
"6680",52,0,0.725107939398106,0.725107939398106,0.664755060159377
"9920",56,0,0.136515886423495,0.136515886423495,0.546033355555928
"9513",52,0,0.718574504505959,0.718574504505959,0.911353837402916
"8541",56,0,0.187453066262946,0.187453066262946,0.449223160852095
"8302.1",58,1,0.686917145941518,-0.00256593376055333,0.686917145941518
"6498",52,0,1.06998291735636,1.06998291735636,0.590926354466042
"9418",60,0,0.427943055248376,0.427943055248376,0.579324186425821
"3502",58,1,0.366987135718517,0.32743429258662,0.366987135718517
"9962",52,0,0.892736282779003,0.892736282779003,0.540189758777966
"9639",52,1,0.521642023155044,0.779233358483655,0.521642023155044
"9261.1",54,0,0.18154533649688,0.18154533649688,0.932564400261228
"8134",56,1,0.870736135254432,0.325863183838151,0.870736135254432
"5506",50,0,0.690274939155165,0.690274939155165,1.40821586177114
"8201",56,0,0.174100678964532,0.174100678964532,0.912710638769911
"5684",58,1,0.687694123628409,0.146670794401167,0.687694123628409
"4038",54,0,0.436858588456887,0.436858588456887,0.478747655731563
"4915",50,0,1.2884240248721,1.2884240248721,0.559495066612056
"5201",58,0,0.24275560720966,0.24275560720966,0.802080005930138
"5678.1",58,0,0.410668303410997,0.410668303410997,0.770946071406095
"8787",58,0,0.153338748856705,0.153338748856705,0.943949576375723
"1966",56,1,0.849748733252967,0.447950612872093,0.849748733252967
"3537",50,0,1.08937955886905,1.08937955886905,1.08351615952179
"3136.1",52,0,0.485398495432751,0.485398495432751,0.656190433440276
"7445",58,0,0.217422627249152,0.217422627249152,0.93927781680964
"9924",54,0,0.539513708889225,0.539513708889225,0.950456407074685
"4613",56,1,0.789675517193977,0.106833218452102,0.789675517193977
"841",60,0,-0.200085272399498,-0.200085272399498,0.768473871272343
"9422",60,0,0.605798813579006,0.605798813579006,0.42762510881223
"5665",56,0,0.0506807618159877,0.0506807618159877,0.541604844319701
"610",52,0,0.953849838509211,0.953849838509211,1.47160241783465
"9476",58,0,0.247096442866515,0.247096442866515,-0.234723363023396
"4321",54,0,0.631617781615007,0.631617781615007,0.662926232419927
"8152",58,1,0.698731867738731,0.657468119285145,0.698731867738731
"9362",54,0,0.462528885553882,0.462528885553882,0.50252455721977
"3809.1",56,0,0.484206759059704,0.484206759059704,0.723188559866692
"6490",58,0,0.216961447005806,0.216961447005806,0.565930896310812
"6915",56,1,0.248341178232776,0.656794639505032,0.248341178232776
"5188",58,0,0.379957122144338,0.379957122144338,0.577152071691689
"4364",58,0,0.113796587706694,0.113796587706694,0.584531975773072
"2378",60,1,0.556163869275236,-0.0918695700700696,0.556163869275236
"4422",52,0,1.28177985773861,1.28177985773861,0.678246521206746
"1246",60,0,0.177913755213803,0.177913755213803,0.43299092597518
"6977",58,0,0.200772739844336,0.200772739844336,0.913305512785529
"8642",56,0,0.585246380560386,0.585246380560386,0.632724213932586
"4306.1",56,0,0.568562031093686,0.568562031093686,1.00885632333061
"965.1",54,0,0.277208640513217,0.277208640513217,0.458590944601074
"176",58,1,1.01360182587657,0.646897007261397,1.01360182587657
"1667",52,0,0.817254804723308,0.817254804723308,1.36777424710239
"1418.1",54,0,0.848077200522814,0.848077200522814,0.839535007257771
"8914",52,0,0.479546132212589,0.479546132212589,0.815642359825676
"1300",50,1,0.944471008728443,0.955248059672816,0.944471008728443
"577",56,1,0.947420793815822,0.420578103491306,0.947420793815822
"3006",60,0,0.365417682792565,0.365417682792565,0.786472247805549
"595",58,1,0.821115952935591,0.291260873042446,0.821115952935591
"7484",52,0,0.683390252491737,0.683390252491737,0.85647519715621
"9034",56,1,0.761637458736191,0.0141043859042898,0.761637458736191
"1376",58,0,-0.24207945122981,-0.24207945122981,0.879040006049924
"3127",58,0,0.188710479069559,0.188710479069559,1.2758442623439
"2691.1",58,1,0.657452217264268,0.667527419595813,0.657452217264268
"9045",56,0,0.0256820556528205,0.0256820556528205,0.642778015898698
"5236",54,0,0.668973442578668,0.668973442578668,0.856253821681187
"2085",52,1,0.789104076237785,0.721736585532843,0.789104076237785
"6763",56,1,0.213302020193602,0.724010588495738,0.213302020193602
"9650",56,0,0.447939487698045,0.447939487698045,0.848182446209033
"4556",50,0,1.25057555090478,1.25057555090478,0.907658357168148
"9716",56,0,0.571969567089656,0.571969567089656,0.458866441955095
"971",60,1,0.568185728878934,0.0178792377828675,0.568185728878934
"1362",60,0,-0.254635989210416,-0.254635989210416,0.456005852284195
"5461",56,1,0.308869481087259,-0.154876101810701,0.308869481087259
"6528.1",50,0,0.714500218757796,0.714500218757796,1.0109006599622
"3016",58,0,0.173686271914701,0.173686271914701,0.558465787525557
"818",60,0,-0.28522750702483,-0.28522750702483,0.299639431527402
"4213",60,1,0.657616909913968,-0.656597489701574,0.657616909913968
"1980",58,0,0.222359079919356,0.222359079919356,0.597340234508541
"4014.1",56,0,0.318879267242714,0.318879267242714,0.554081349775684
"4983.1",52,0,0.946030493805548,0.946030493805548,0.849683165773125
"2346",58,0,0.752757437708497,0.752757437708497,0.409715886789575
"4282",52,0,0.80722633864733,0.80722633864733,0.976348006285342
"5160",60,1,0.482117653386335,0.237139183483361,0.482117653386335
"6427",54,0,0.350892121678604,0.350892121678604,0.917694172609634
"7765",54,0,0.512107879441678,0.512107879441678,0.784746761513014
"717",50,0,1.01801862280928,1.01801862280928,1.12115769633129
"8176",54,0,0.14749906551452,0.14749906551452,0.637621882909893
"1014.1",60,0,-0.214063500014084,-0.214063500014084,0.506492842889117
"359",58,0,-0.0343574995398322,-0.0343574995398322,0.675042830073559
"6258",56,0,0.455714868922201,0.455714868922201,0.785469876457111
"3608",50,0,0.922102560743784,0.922102560743784,1.15242912192603
"8179",52,0,1.09861260244949,1.09861260244949,0.74091509449291
"6027",60,1,0.314243091845217,-0.0103984527211982,0.314243091845217
"5614",58,0,0.119791973330545,0.119791973330545,0.468850259238997
"3185",56,1,0.567250983160041,0.613357163743277,0.567250983160041
"3832",58,1,0.644300543842234,0.0288196800624013,0.644300543842234
"5090.1",58,0,0.0570116272148186,0.0570116272148186,0.00932153501454769
"5556",54,0,0.550470515109021,0.550470515109021,0.471014945887589
"2948",58,0,0.632606198676217,0.632606198676217,0.56032401462588
"3463",54,0,0.663286892607963,0.663286892607963,0.429550063893159
"7328.1",50,0,1.03254004360973,1.03254004360973,0.725255212651331
"1230",56,1,0.555829132531477,0.724144340785878,0.555829132531477
"6089",54,0,0.58681797407853,0.58681797407853,0.502751248025987
"5889",58,1,0.282914249732755,-0.105424339394896,0.282914249732755
"7926",58,1,0.697495507635882,-0.184096873946984,0.697495507635882
"5786.1",58,1,0.0650251726496966,0.333478704454102,0.0650251726496966
"6389",50,0,0.809084846327274,0.809084846327274,1.33264513008256
"2623",60,1,0.24647822504063,0.103568556277544,0.24647822504063
"2223",58,1,0.209599057326896,0.622990198014211,0.209599057326896
"7723.1",56,1,0.85568132274035,-0.14057048519753,0.85568132274035
"4806",56,0,-0.0472103310464245,-0.0472103310464245,0.409318740971115
"1040.1",52,0,0.569871855455252,0.569871855455252,1.18243158816729
"1492",52,1,0.814833450146988,0.918432371298661,0.814833450146988
"6565",56,0,0.18180094292627,0.18180094292627,0.757947912057746
"2314",54,0,0.585726612987027,0.585726612987027,0.65992176497765
"4023",52,0,0.985887217404405,0.985887217404405,0.732481899551947
"6621",56,0,0.161650056393989,0.161650056393989,0.457881049826792
"2484",50,0,0.736291455026917,0.736291455026917,0.797195635728661
"2914",52,0,1.27141743416837,1.27141743416837,1.44225825601806
"7407",52,0,0.676973192200045,0.676973192200045,0.983387351797838
"6000",52,0,0.909412669693834,0.909412669693834,0.712154674083085
"6870",58,1,0.404991680826513,0.342982340689622,0.404991680826513
"7907",54,0,0.516699988691347,0.516699988691347,0.827789984136764
"7252",52,0,1.27590122026059,1.27590122026059,0.769454721924361
"1970.1",60,0,0.209151936297929,0.209151936297929,-0.0196075750698381
"7878",52,0,0.643457543030188,0.643457543030188,0.800786695204768
"1652",50,1,1.39713594858613,1.1138571950417,1.39713594858613
"7823",52,0,1.0365274148005,1.0365274148005,0.883872092908
"8071.1",60,0,0.113041795078531,0.113041795078531,0.3281009676033
"9774.1",56,1,0.0458557241157961,0.240349960090249,0.0458557241157961
"5811",50,0,1.00643994733265,1.00643994733265,1.11216958685691
"7684",56,0,0.435866883049638,0.435866883049638,0.364349465150021
"2668",58,0,0.391758508766061,0.391758508766061,0.910343975637948
"1440",52,0,0.523873949419364,0.523873949419364,0.35833876569056
"4690",58,1,0.396807830615341,0.164207289802197,0.396807830615341
"7301",60,0,0.331710971275499,0.331710971275499,0.197551966690982
"2689",60,0,0.302217609849051,0.302217609849051,0.25308796001296
"71",54,1,0.60964656241509,0.870511060569481,0.60964656241509
"7915",58,0,0.76835041096497,0.76835041096497,0.660193691410247
"7260",58,0,0.399248195116105,0.399248195116105,0.211377857245992
"6382.1",54,0,0.164832917817263,0.164832917817263,1.02209354688694
"2536",58,1,0.31513846578234,0.193405530712595,0.31513846578234
"8801",52,0,1.06989190570557,1.06989190570557,0.734016958439967
"6133",56,0,-0.0808193013106767,-0.0808193013106767,0.739025670568173
"9258",50,1,0.750132859959738,1.35273366006971,0.750132859959738
"8045",52,0,0.790224022191825,0.790224022191825,0.727169061880873
"2985",54,1,0.724079919557184,0.656361854966576,0.724079919557184
"4225",58,0,-0.292168057146749,-0.292168057146749,0.335293432391142
"7892",58,1,0.554969838201254,0.622935224922325,0.554969838201254
"1161",50,0,1.1819994034333,1.1819994034333,1.15579446340804
"641",60,1,0.489703477265519,-0.155737140489969,0.489703477265519
"9373",52,1,1.01632407525742,0.379894792289282,1.01632407525742
"4221.2",52,0,1.25627780135786,1.25627780135786,0.514471092856629
"2266",56,1,1.00961617603221,0.206332084583602,1.00961617603221
"9486.1",50,0,1.71212329485751,1.71212329485751,0.944945904033196
"2337",52,0,0.705066860295562,0.705066860295562,0.951660447287243
"5910.2",58,1,0.562269785791651,0.204197056799393,0.562269785791651
"2335.1",54,0,0.866098332837841,0.866098332837841,0.831639167568983
"7153",54,0,0.550441157629872,0.550441157629872,1.39287910716586
"6571",58,0,0.606804521824264,0.606804521824264,0.813970178677132
"7533",60,1,0.24881000478829,-0.159509786190003,0.24881000478829
"4903",60,0,-0.00891931608295669,-0.00891931608295669,0.316292664569465
"9345",60,1,0.967255977227586,0.037194544724667,0.967255977227586
"5327",50,0,0.740421250593466,0.740421250593466,0.764703767531883
"7268",58,0,-0.206899740467748,-0.206899740467748,0.475620442225002
"7300",58,1,0.89735157788002,0.521300124574006,0.89735157788002
"820.1",58,0,0.435482072080889,0.435482072080889,0.335460663129041
"3269",50,0,0.98989115953797,0.98989115953797,0.958221843443593
"1010",56,0,0.498509917060408,0.498509917060408,0.133912489833483
"3452",58,0,0.237477404383264,0.237477404383264,0.553135031534946
"7727.1",58,0,0.39888109842008,0.39888109842008,0.447665074285438
"1587",58,1,0.309679174273517,0.148423130750644,0.309679174273517
"2037",52,0,0.733139191079194,0.733139191079194,1.03065975809645
"2801",60,0,-0.154579115102106,-0.154579115102106,0.699349918167646
"9714",54,1,0.546386735442277,0.706909647225764,0.546386735442277
"1252",52,1,0.768799837830546,0.952065034322195,0.768799837830546
"6479",60,1,-0.003114753762817,0.0316071780116524,-0.003114753762817
"765",52,0,1.0330624155923,1.0330624155923,0.858109684205075
"6453",52,0,0.978341519682089,0.978341519682089,0.430838891518508
"4243",54,0,-0.0540086607001059,-0.0540086607001059,0.670159985922471
"8262",54,1,0.910224491631546,0.757603079128502,0.910224491631546
"3352",58,0,0.0295235370168653,0.0295235370168653,0.586219700565624
"4063",54,0,0.349514864238864,0.349514864238864,0.381013970025641
"762",52,0,0.642311230925178,0.642311230925178,1.07991643005016
"1208",58,1,0.602632709893211,0.299417199995721,0.602632709893211
"3363.1",58,0,0.403622076407344,0.403622076407344,0.511987997313292
"3996.1",56,0,0.347260561677675,0.347260561677675,0.472031435294157
"9356",52,0,0.810537800342532,0.810537800342532,0.722942875268324
"1103",54,1,0.756493566976041,0.537229292379027,0.756493566976041
"3465.1",52,0,0.467918206195112,0.467918206195112,1.08316451722289
"2800",54,1,0.559889371685973,0.134096578705758,0.559889371685973
"4207",60,1,0.490540664369123,0.0179861961781365,0.490540664369123
"3066",54,0,0.588400116951341,0.588400116951341,0.8872454851625
"7655",56,1,0.273183358076878,0.63455284643525,0.273183358076878
"7617",52,0,0.826130964852787,0.826130964852787,0.547352270312431
"2623.1",60,1,0.24647822504063,0.103568556277544,0.24647822504063
"9326",54,0,0.754202914217177,0.754202914217177,0.968802424137383
"8209",56,0,0.201951448976564,0.201951448976564,0.447540806642267
"9371",52,0,0.751804017633052,0.751804017633052,0.677893674122751
"2180",56,1,1.01023085385585,0.372931823472174,1.01023085385585
"3373",50,1,0.864510336196948,1.00039614762672,0.864510336196948
"2832",56,1,0.607144056004021,0.180535859547386,0.607144056004021
"863",56,0,0.28989437739252,0.28989437739252,1.24984828634916
"4331",50,0,0.853905257968727,0.853905257968727,0.565583833644828
"6990",54,0,0.508221684860693,0.508221684860693,0.93533917117557
"3605",54,1,0.756277695149212,0.564420952924558,0.756277695149212
"525",54,0,0.531702411562471,0.531702411562471,0.656942359848315
"956",52,0,0.707362091526943,0.707362091526943,1.20319660188738
"5387",58,0,0.66985412262698,0.66985412262698,0.094796614402052
"1334",54,0,0.581782750806504,0.581782750806504,0.393831500614629
"4674",52,1,0.860832758622531,0.856890994299907,0.860832758622531
"596",56,0,0.252377579181616,0.252377579181616,0.795644600440303
"1766",56,0,-0.065040430091122,-0.065040430091122,0.710566823373991
"4157",56,0,0.370911530813832,0.370911530813832,0.793031390847631
"9472",58,1,0.170511492325835,0.662552270289137,0.170511492325835
"1883",58,0,0.470784495559411,0.470784495559411,0.595136730130926
"9907",50,0,1.77452673049196,1.77452673049196,0.955099104669529
"4241.1",52,1,0.97438488652508,0.521732586306775,0.97438488652508
"2366",58,0,0.00211830253176393,0.00211830253176393,0.0661855154655165
"1151",58,0,0.275015476595958,0.275015476595958,0.660841225210002
"7068",56,0,0.415457242424272,0.415457242424272,0.828158191247489
"9498.1",56,0,0.120203048200915,0.120203048200915,0.882781498701053
"4519",60,1,-0.160965784153315,0.0916036836998645,-0.160965784153315
"5255",56,0,0.36021019082829,0.36021019082829,0.831673666093365
"336",54,0,0.983065242680663,0.983065242680663,0.656760404789029
"7592",54,0,1.07657432242462,1.07657432242462,0.28491660357332
"6928",58,1,0.600546220004922,0.847808603852552,0.600546220004922
"6001",58,0,0.414408525595449,0.414408525595449,0.230110642937121
"3794",50,0,1.07879855904289,1.07879855904289,1.60571813986187
"2503",58,0,0.288266687208457,0.288266687208457,-0.103729358818013
"6474.1",60,1,0.423547325720651,0.173862404497153,0.423547325720651
"8072",60,0,-0.139115715573862,-0.139115715573862,0.571541288128008
"9085",52,0,1.34559653523995,1.34559653523995,1.09956283697769
"9638",54,1,0.388334081978571,1.04292336106243,0.388334081978571
"8207",54,0,0.51314129532265,0.51314129532265,0.7010271413281
"9473",60,0,0.386357223775476,0.386357223775476,0.390684514278905
"3105.1",60,1,0.0775479710576623,-0.146881658257731,0.0775479710576623
"4252",56,1,0.469613824533526,0.605599726774976,0.469613824533526
"3160",52,0,0.739807473579505,0.739807473579505,1.02852220631551
"3808",60,1,0.835899323523285,0.202726583792297,0.835899323523285
"7158",52,0,0.331979467598434,0.331979467598434,0.770624021002261
"7928.2",52,0,1.18478210945192,1.18478210945192,1.02381370981916
"3594",54,0,0.485078052167658,0.485078052167658,0.569917561005003
"7275.1",54,1,0.796282759158442,0.596863937170138,0.796282759158442
"3009",58,0,0.0799159036511608,0.0799159036511608,0.799076907958963
"5402",56,0,0.405183931802402,0.405183931802402,0.73479376167168
"3035",58,1,0.559986940076883,0.541083562144434,0.559986940076883
"1109",60,1,0.395702688355509,-0.671995025127118,0.395702688355509
"6",58,1,0.449112469920909,0.0687528232311621,0.449112469920909
"2070",50,0,0.775843064089985,0.775843064089985,1.2913588998847
"9368",54,0,0.828407945643619,0.828407945643619,0.312935816540379
"3719",58,0,0.185927496926987,0.185927496926987,0.415764922358283
"2364",54,1,0.445221772044321,0.236591303759415,0.445221772044321
"8811",54,0,0.670461188254699,0.670461188254699,0.637396570438077
"1126",60,1,0.482047915954328,-0.0477706366405815,0.482047915954328
"9770.2",52,0,0.428621384394895,0.428621384394895,1.12237746435028
"1213",50,0,1.58289697921109,1.58289697921109,0.704881984697549
"8911",58,1,-0.00209409850593711,0.38781149470905,-0.00209409850593711
"5189.1",50,0,1.13048922721454,1.13048922721454,1.17564370318724
"1916",50,1,1.17143866320016,0.806033659748807,1.17143866320016
"6522",56,1,0.729379059207436,0.693241112836593,0.729379059207436
"4517",58,0,0.484811984886573,0.484811984886573,0.935324890471811
"8846.1",54,0,0.58518265667167,0.58518265667167,0.970547961328334
"2064",60,1,0.757537304959634,-0.282272157741597,0.757537304959634
"86",52,0,1.06095578934008,1.06095578934008,0.456490060534302
"1204",56,0,0.268675412322417,0.268675412322417,0.67067879699698
"5304",56,1,0.474209975589156,0.190767862388446,0.474209975589156
"6089.1",54,0,0.58681797407853,0.58681797407853,0.502751248025987
"9381.1",60,0,0.251297288488003,0.251297288488003,0.795245455908777
"126.1",54,0,0.792058837535136,0.792058837535136,0.248607885971553
"2675",58,0,0.543999732708114,0.543999732708114,0.0345738795633017
"3780",50,0,0.601340482500143,0.601340482500143,0.868395325919806
"1794",56,0,0.606856217799994,0.606856217799994,1.12153249576032
"7564",50,0,0.96047702316162,0.96047702316162,1.31121682323805
"67",54,0,0.359741131214587,0.359741131214587,0.70677928512175
"4930",54,0,0.834896533363933,0.834896533363933,0.774584715604526
"9367",56,0,0.415042242724733,0.415042242724733,0.514096994670368
"3439",54,0,0.859622593959075,0.859622593959075,0.89666042459257
"8785",60,0,0.0675421282634436,0.0675421282634436,0.388412422721705
"1919",50,0,0.737031105748094,0.737031105748094,0.987307223507156
"2934",54,0,0.691027548257216,0.691027548257216,0.780095218512634
"3515",52,0,0.829807507754155,0.829807507754155,0.927441649240956
"5359",52,1,1.10245997228688,1.18489817078359,1.10245997228688
"3830",60,0,-0.677533488408125,-0.677533488408125,0.638514533891503
"782",58,1,0.375192401001646,0.336669508010261,0.375192401001646
"3216",56,0,0.210048008449331,0.210048008449331,0.89373269179498
"9276",60,1,0.646693298705144,0.601017897486503,0.646693298705144
"8310.1",54,0,0.925471635021572,0.925471635021572,0.902801282735017
"2566",58,1,0.0644955851765701,0.345650325413133,0.0644955851765701
"5071",54,0,0.626147885182399,0.626147885182399,0.682932032955651
"2349",58,1,0.669888510947874,0.628239764651762,0.669888510947874
"9903.1",56,1,0.694421601863471,0.220015448605939,0.694421601863471
"9608",54,0,0.687447583597307,0.687447583597307,0.453658574790698
"1691",56,0,0.169623692408328,0.169623692408328,0.0865544734100271
"1842",58,0,0.0181638741554742,0.0181638741554742,0.679176060190421
"2387",58,0,0.588916307849672,0.588916307849672,0.881674662186575
"4482",56,1,0.581250650966188,0.317006929402974,0.581250650966188
"3294",54,0,0.552349782236391,0.552349782236391,0.217822679915847
"5906",52,0,0.0535331899794373,0.0535331899794373,1.1207151304158
"4309",58,0,0.0554236561178409,0.0554236561178409,0.682748438873997
"5048",58,0,0.346959492480257,0.346959492480257,0.705981519004468
"3159",56,0,0.229970671875894,0.229970671875894,0.371874241113803
"1318",52,0,0.832383029108546,0.832383029108546,0.899822051588177
"7106",54,1,0.868562871246218,0.910286164701183,0.868562871246218
"5966",52,1,0.329084515364502,0.835684843416526,0.329084515364502
"8273",54,0,0.6513994603313,0.6513994603313,0.587565989287826
"9530",58,0,0.195198832290324,0.195198832290324,0.736249669887317
"7755",54,0,0.252017396868998,0.252017396868998,0.878521378890307
"9236",52,0,1.0091197256314,1.0091197256314,0.789248303171282
"1574",58,0,0.0985430643311791,0.0985430643311791,0.483405205102877
"4164",56,0,0.325287148083301,0.325287148083301,0.559043881017182
"3678",52,0,0.822345222551882,0.822345222551882,0.953257403282107
"6412",56,1,0.633626430488022,0.498159804280099,0.633626430488022
"3672",58,0,-0.102934951854907,-0.102934951854907,0.407563457509592
"1849",56,0,0.370242843160889,0.370242843160889,-0.176124485751855
"6041",56,0,0.385737018300288,0.385737018300288,0.960609815760217
"3692",58,1,0.521740777941334,0.221244621226741,0.521740777941334
"9932.2",52,0,0.664357713700403,0.664357713700403,1.25769246479077
"9501",60,0,-0.238855412976333,-0.238855412976333,0.156590177789092
"9838",52,0,0.362536325867079,0.362536325867079,0.858756690214014
"4418",54,0,0.523447071138847,0.523447071138847,0.541583310089755
"3254",56,1,0.216666575068895,0.481000237562506,0.216666575068895
"2422",58,1,0.550656887340095,0.110574583173514,0.550656887340095
"6060",52,0,1.22741876713482,1.22741876713482,0.776648177360108
"6648",56,1,1.02842867858542,0.549214313751536,1.02842867858542
"1014.2",60,0,-0.214063500014084,-0.214063500014084,0.506492842889117
"2010",54,0,0.234953257320037,0.234953257320037,0.850528412331684
"8911.1",58,1,-0.00209409850593711,0.38781149470905,-0.00209409850593711
"9517",60,1,0.175080356440954,0.239838022579099,0.175080356440954
"4647",52,0,0.967635828828928,0.967635828828928,1.09780116894918
"536",50,0,0.993003212051432,0.993003212051432,0.378839947182094
"9352",58,0,-0.134681686324667,-0.134681686324667,0.485846093871366
"592",52,1,0.878676846492603,0.790258976876212,0.878676846492603
"7055",60,1,0.702525468729779,-0.602423606222667,0.702525468729779
"909",50,0,1.00483840805316,1.00483840805316,0.945716666289424
"7287",54,0,0.463151855833929,0.463151855833929,0.739550682391802
"9151",50,1,0.449372854064975,0.824461088211875,0.449372854064975
"3070",60,1,0.719910573050309,0.186361282330803,0.719910573050309
"9638.1",54,1,0.388334081978571,1.04292336106243,0.388334081978571
"8943",58,0,0.407672085897572,0.407672085897572,0.233520717040887
"9816",52,0,0.711718666101171,0.711718666101171,0.902576951681495
"3209",54,0,0.888128408565624,0.888128408565624,0.636795079559806
"1769",58,1,0.693840264030342,-0.246019145116081,0.693840264030342
"6382.2",54,0,0.164832917817263,0.164832917817263,1.02209354688694
"6957.1",52,0,0.895720098796135,0.895720098796135,0.422062917072057
"8317",56,0,0.316195043074362,0.316195043074362,0.716365849071361
"3849.1",54,1,0.767666363519363,1.13550991837293,0.767666363519363
"759",60,0,0.368001961008562,0.368001961008562,0.635830847602618
"5758",56,1,0.955600198829388,0.837124518450858,0.955600198829388
"6799.1",58,1,0.826054894141799,-0.0116387109322891,0.826054894141799
"4873",54,0,0.886204941201274,0.886204941201274,0.205989733496854
"3150",54,1,0.861556988824805,0.65556532546726,0.861556988824805
"5909",54,0,0.481997431861944,0.481997431861944,0.43628762422581
"7946",56,0,0.333881406717758,0.333881406717758,0.32587474342201
"7453",54,0,0.969322351475727,0.969322351475727,0.86596395186222
"8410",54,0,0.85160860508962,0.85160860508962,0.910506819850796
"4891",58,1,1.04131416999948,-0.12779041835796,1.04131416999948
"5774",60,0,-0.0878194723176753,-0.0878194723176753,1.0489437086194
"7530",52,0,0.897490987600695,0.897490987600695,0.727021558415191
"8784.1",52,0,0.993672260481199,0.993672260481199,0.485049519965279
"9926",60,1,0.300649571220402,-0.019083645199901,0.300649571220402
"3619",56,0,0.246954466825415,0.246954466825415,0.634701216279215
"3687.1",58,0,0.610518387605636,0.610518387605636,0.916299521203213
"5750",54,0,0.846682353394168,0.846682353394168,0.559213550816917
"9521",56,0,0.157980296693925,0.157980296693925,0.467532414079609
"3951",52,0,0.548244222236877,0.548244222236877,0.472082741759578
"554.1",60,0,-0.00984533044431529,-0.00984533044431529,0.606105263706886
"1779",56,1,0.588238889243787,0.765956720237892,0.588238889243787
"604",58,1,0.34377574983702,-0.0440889807907388,0.34377574983702
"6143.1",52,0,0.968421879169913,0.968421879169913,0.951211916604054
"8199",54,0,0.518066494143779,0.518066494143779,0.893603791347682
"6613",56,0,-0.0187434962831245,-0.0187434962831245,0.666980502155727
"9710.1",54,1,0.825753619435034,0.318566981508314,0.825753619435034
"669",54,0,0.316705691550318,0.316705691550318,0.693492096288897
"1427.1",52,1,0.416384510627112,0.816380257652995,0.416384510627112
"6320",52,0,1.30048580763126,1.30048580763126,0.525086980104746
"6681",58,1,0.29490365091995,-0.206879167188092,0.29490365091995
"3468",54,0,0.618179268343555,0.618179268343555,0.477415652473538
"7009",56,1,0.480564303156199,0.598148961765447,0.480564303156199
"7818",50,0,1.6221660410102,1.6221660410102,1.28459287324292
"2103",56,0,0.419552128808029,0.419552128808029,0.524030540905945
"8305",58,0,0.0920835938371317,0.0920835938371317,0.396504926488761
"8451",52,1,0.508546789930367,0.852268310227018,0.508546789930367
"5564",58,0,0.454946108528977,0.454946108528977,0.446465599707021
"1930",58,0,0.0135785325527296,0.0135785325527296,0.539616412248268
"8719",56,1,0.623357378361143,0.651435672939386,0.623357378361143
"8029",54,0,0.76106210250397,0.76106210250397,0.626825794664708
"7757",50,0,0.817805591539288,0.817805591539288,0.84610403645324
"1205",58,0,0.0916060120236517,0.0916060120236517,0.759498641259677
"2075",58,1,-0.010715424700018,0.377421575224364,-0.010715424700018
"1996",58,1,0.39797260933683,-0.00472587131707344,0.39797260933683
"3492",52,1,0.827766109339348,0.596652051686077,0.827766109339348
"5483",52,0,0.813815025565567,0.813815025565567,0.849994677694937
"1503",52,0,0.784449423293553,0.784449423293553,0.756317568725834
"8923",54,0,0.684383749169102,0.684383749169102,0.860069427091713
"7764.1",54,0,0.476532631412761,0.476532631412761,0.629958015394401
"1209.1",54,1,0.388103543936663,0.901691420342927,0.388103543936663
"3244",50,0,0.9859378665493,0.9859378665493,0.894936046710919
"5679.1",54,0,1.26590811022042,1.26590811022042,0.570537603228953
"539",52,0,1.04576173681657,1.04576173681657,0.75645837658281
"1829",60,1,0.532804707422194,0.29086040976275,0.532804707422194
"5785",56,0,0.453717775294702,0.453717775294702,0.307432758829698
"5069",58,0,0.57114513091639,0.57114513091639,0.546506405399462
"7157",52,0,0.855366261610327,0.855366261610327,0.841644619352699
"800",54,0,0.738347209093138,0.738347209093138,0.409929219126009
"9037",56,0,0.363112770661301,0.363112770661301,0.884420245804211
"7452",54,1,0.675021416625435,0.774801035258874,0.675021416625435
"2303",54,0,0.472593006551158,0.472593006551158,0.814290523524307
"2487",52,1,1.44763120076402,0.630952520075357,1.44763120076402
"8583",56,1,0.997090846082354,0.600075689681158,0.997090846082354
"1963",56,0,1.02477490591899,1.02477490591899,0.712996357151934
"8188",54,1,0.72910317074942,0.0233745471268095,0.72910317074942
"2983",54,0,0.644451034478359,0.644451034478359,1.08483385096344
"8641.1",58,1,0.363877833440147,0.046200915311363,0.363877833440147
"7775",52,0,0.992051157533535,0.992051157533535,1.0051456655041
"5522",54,1,0.190216628938356,1.05044691037633,0.190216628938356
"271",50,0,1.36985504122849,1.36985504122849,0.810931602098843
"3951.1",52,0,0.548244222236877,0.548244222236877,0.472082741759578
"3971",58,0,0.341122039520057,0.341122039520057,0.315385616146186
"7153.1",54,0,0.550441157629872,0.550441157629872,1.39287910716586
"5080",60,1,0.693620389646493,0.408048395978804,0.693620389646493
"3527",56,1,0.929092719203604,0.0577309548639503,0.929092719203604
"6474.2",60,1,0.423547325720651,0.173862404497153,0.423547325720651
"5044.1",50,1,1.11881122202922,0.969500535423536,1.11881122202922
"4994",50,0,1.40489180765857,1.40489180765857,1.1958341223895
"1614",58,1,0.147626010449071,0.0669180655414322,0.147626010449071
"8978",58,1,0.427047036442585,0.13307503130337,0.427047036442585
"3475",50,0,1.12906153918179,1.12906153918179,1.29593427670282
"8304.1",54,0,0.335798108531693,0.335798108531693,0.413044050432617
"1754",52,0,0.940795194556494,0.940795194556494,1.05164988970116
"1748",58,1,0.355972640697277,0.246972705797271,0.355972640697277
"1690",60,1,-0.0720207990991021,0.198382817064427,-0.0720207990991021
"5349",52,1,0.492445896294396,1.1215458567898,0.492445896294396
"7869",50,0,0.712718127473851,0.712718127473851,1.08219954598787
"8889.1",58,0,-0.0245501276691547,-0.0245501276691547,0.485212497450173
"9684",52,0,0.720348422549169,0.720348422549169,0.914658589256928
"7303",56,0,0.65114664633548,0.65114664633548,0.843207357092756
"4259",60,1,0.382080069726234,-0.158210803807295,0.382080069726234
"1412",54,0,0.459300982986626,0.459300982986626,1.04969462524072
"8842",54,0,0.584064722175219,0.584064722175219,0.770393829750095
"8013",50,1,0.728950126899687,1.19069405618643,0.728950126899687
"4738.1",54,0,0.639409792483808,0.639409792483808,0.419981717561448
"4447",58,0,0.240377394982325,0.240377394982325,0.421169164881223
"2474",50,0,1.05050835693382,1.05050835693382,1.0528144808224
"9705",52,0,0.539662020955808,0.539662020955808,0.978038671646963
"9670",56,1,0.767668286793148,0.0912568180996984,0.767668286793148
"1189.1",50,0,1.26225404114891,1.26225404114891,1.47394927074681
"2919.1",60,1,0.635523664775068,-0.26780711231231,0.635523664775068
"941",52,0,0.905036613030814,0.905036613030814,0.573416504846074
"2236",56,0,0.0952650044446067,0.0952650044446067,0.660688577373502
"3777",58,0,-0.598733573374297,-0.598733573374297,0.410936414685935
"5050",56,0,0.22487057542809,0.22487057542809,0.2828319051738
"2589",60,0,-0.0557585774103446,-0.0557585774103446,-0.0156337832546838
"4735",56,0,0.791241750630024,0.791241750630024,0.684533901072653
"3122",50,1,0.843076200462845,1.17117515955659,0.843076200462845
"8897.1",56,0,0.615395649010474,0.615395649010474,0.573569388214888
"3002",54,0,0.395351439652039,0.395351439652039,0.711153094544925
"6344.1",60,0,0.224563803532277,0.224563803532277,0.509605347174853
"5714.2",50,1,1.2773137214744,1.30311449401974,1.2773137214744
"1697",50,0,1.30689615324591,1.30689615324591,1.07716828036358
"5313",60,0,-0.312009992154536,-0.312009992154536,0.672247116767296
"5878",50,0,0.780163710992649,0.780163710992649,0.987566271172103
"3953",60,1,0.30771431788525,0.10786631077156,0.30771431788525
"2083",56,0,0.282006836738627,0.282006836738627,0.507778198736912
"8148",50,0,0.67703965224999,0.67703965224999,0.939929118164211
"3414.1",60,0,-0.127839477390537,-0.127839477390537,0.137892828916758
"2897",56,0,0.212789963567595,0.212789963567595,0.465593023421933
"3486",58,1,1.01015028492813,0.0260016480449371,1.01015028492813
"9407",58,1,0.667744736378239,0.128314138361797,0.667744736378239
"4809",58,0,0.0897946702214095,0.0897946702214095,0.576666293107213
"6235",58,0,0.0826536286017082,0.0826536286017082,0.317645044940282
"8522.1",52,0,0.746462340672969,0.746462340672969,0.659091642261946
"5314.1",52,0,0.870088739656119,0.870088739656119,1.06115718785901
"1158.1",52,1,0.782146976385124,0.895094808668177,0.782146976385124
"2696",58,0,-0.0938330993750301,-0.0938330993750301,0.343137474617693
"3808.1",60,1,0.835899323523285,0.202726583792297,0.835899323523285
"7136",58,1,0.774430683122555,0.645722281984908,0.774430683122555
"4659",50,0,1.28954507401415,1.28954507401415,1.15494740916197
"4949",56,0,0.293884394386085,0.293884394386085,0.575848022551659
"2150",56,0,0.600791574248788,0.600791574248788,0.512403062595725
"7973",54,0,0.337201624367985,0.337201624367985,0.478711754392325
"7246.1",54,0,0.573006862917385,0.573006862917385,0.550050793184229
"2584",56,0,0.50280924105394,0.50280924105394,0.554001363852846
"2689.1",60,0,0.302217609849051,0.302217609849051,0.25308796001296
"4797",52,0,0.685263766009949,0.685263766009949,0.835008524755503
"4040",56,0,0.714709601676671,0.714709601676671,0.333816822428674
"6222",52,0,0.437040357038872,0.437040357038872,0.907587895775728
"4523",52,0,0.995878354745777,0.995878354745777,0.719785474099409
"5995.1",60,1,0.900825393065987,0.461672222675186,0.900825393065987
"1135",54,0,0.756596088061395,0.756596088061395,1.0455108210936
"2053.2",52,0,1.28271389392962,1.28271389392962,0.935284792963447
"6246",50,0,1.11434838191755,1.11434838191755,1.17668823696044
"4041",50,0,1.11587992135371,1.11587992135371,1.2659765953593
"376.1",54,0,0.305556501939216,0.305556501939216,1.44801383434799
"8984",50,0,1.36218307121237,1.36218307121237,1.28754885853007
"8417",52,0,0.883742556705208,0.883742556705208,0.541730393163326
"4117",58,0,-0.156134092730331,-0.156134092730331,0.561431629389572
"5742",54,1,0.597329024014082,0.766763791510822,0.597329024014082
"4897.1",58,0,0.134808260025342,0.134808260025342,0.214281952780971
"7498",54,0,0.32157375343471,0.32157375343471,0.711351017051194
"1786.1",52,0,0.679269803502096,0.679269803502096,0.749030874976309
"1989",56,0,0.245373865808412,0.245373865808412,0.362489580676622
"1485",60,1,0.51660983748733,0.151422287988936,0.51660983748733
"3744",52,0,0.893177417497563,0.893177417497563,0.853376957933143
"9029.1",52,1,1.10148098324755,0.745818739372317,1.10148098324755
"7688",56,0,0.431735094037175,0.431735094037175,0.43564217690759
"2587.1",58,0,0.42577413826567,0.42577413826567,0.739636417248667
"7693",52,0,0.613390257332611,0.613390257332611,1.03282406167116
"669.1",54,0,0.316705691550318,0.316705691550318,0.693492096288897
"2878",54,1,0.501557782599057,0.409744532529316,0.501557782599057
"2063",54,1,1.02467301034552,0.252226546828943,1.02467301034552
"5374",58,1,0.699295751178546,-0.0782943214953175,0.699295751178546
"8916",54,1,1.06578558798906,0.381657357044608,1.06578558798906
"8250",56,0,0.420551219320905,0.420551219320905,0.319657287781803
"8682",54,0,0.402555191124129,0.402555191124129,0.948463310594665
"9656",56,1,0.628921798198357,0.585789331096225,0.628921798198357
"2593",52,0,1.07549678399894,1.07549678399894,1.05847407732309
"3753",52,1,0.703106502497772,0.956907902812543,0.703106502497772
"885",54,1,0.611249204229508,0.836624464141424,0.611249204229508
"9221",54,0,0.129746146926707,0.129746146926707,0.709290969980904
"455.1",50,0,0.631726026095497,0.631726026095497,1.23360390194002
"3802",58,1,0.430602993253028,0.0798015216403574,0.430602993253028
"9845",56,0,0.345481181799895,0.345481181799895,0.411178370928103
"2830",54,0,0.161911463597752,0.161911463597752,0.854426810399591
"265",58,1,0.373694246552884,0.356330201990856,0.373694246552884
"3708.1",52,0,0.817840264810551,0.817840264810551,0.744425545911938
"1274",58,0,0.107392831917985,0.107392831917985,0.129764432159458
"6355",50,1,0.913392112686629,1.06855686192223,0.913392112686629
"357",58,0,0.231769826319404,0.231769826319404,0.956740280689314
"8975",56,1,0.717763395863657,-0.053146910870855,0.717763395863657
"5473",54,1,0.263655410070725,0.708974315505755,0.263655410070725
"2108",52,0,0.69099514119368,0.69099514119368,0.935031060897227
"9840",60,0,0.424760908115615,0.424760908115615,0.51722375347008
"2313",56,1,0.881407948503739,-0.0398436213855756,0.881407948503739
"3797",50,0,0.864669933182807,0.864669933182807,1.08786639844045
"7107.1",56,0,0.106425012662956,0.106425012662956,0.620484174608747
"3614.1",58,1,0.270750381341756,0.367428746386359,0.270750381341756
"7832",52,0,0.931276117019079,0.931276117019079,1.07279699764305
"1302",52,0,0.937593950213079,0.937593950213079,0.976670322052901
"7595",52,1,0.626759281029543,1.31211820041295,0.626759281029543
"7250",54,0,0.592193873797497,0.592193873797497,0.59108948262135
"7867",58,0,-0.158805487984328,-0.158805487984328,0.405350322348837
"1274.1",58,0,0.107392831917985,0.107392831917985,0.129764432159458
"8634.1",58,0,0.333201058698555,0.333201058698555,1.06054926917846
"2468",60,0,0.454776866004614,0.454776866004614,0.54065334306806
"5939",56,0,0.0954500045494178,0.0954500045494178,0.503363401097829
"831",56,1,0.926493617380774,0.231416110551126,0.926493617380774
"5274",52,0,1.24735352898205,1.24735352898205,0.742335973126576
"7261",50,0,1.24486644852929,1.24486644852929,1.113248526751
"9766",54,1,0.555904158213103,0.792125212348668,0.555904158213103
"5874",58,0,0.703444893186193,0.703444893186193,0.542018033343505
"5643",54,1,0.838128047154026,0.26654867045944,0.838128047154026
"7782",58,1,0.541193704027028,0.269940484084701,0.541193704027028
"2305",58,0,-0.0156452737800412,-0.0156452737800412,0.254657701529658
"8935",56,1,0.73865567528565,-0.090010119795767,0.73865567528565
"947",56,0,0.206123690842329,0.206123690842329,0.486507402486093
"3056",54,0,0.692705035145346,0.692705035145346,0.486694162024124
"7621",52,0,0.62137042427055,0.62137042427055,0.97301956080318
"7196",54,0,0.00666369396599631,0.00666369396599631,0.606596673727336
"2160.1",54,1,0.751705586198638,0.83780842928057,0.751705586198638
"1187",52,0,0.470444108179259,0.470444108179259,0.546733626636468
"1024.1",58,0,0.100985911834957,0.100985911834957,0.712305606197482
"7020",58,0,-0.259617318676596,-0.259617318676596,0.774535489112609
"7443.1",58,1,0.265709806826782,0.176200481524865,0.265709806826782
"4929",60,0,0.140860404209942,0.140860404209942,0.613734605179721
"9489",58,1,0.573137238420426,0.237824040874312,0.573137238420426
"6253",52,0,0.660978226629023,0.660978226629023,0.832698788820477
"6250",52,0,0.34757496423481,0.34757496423481,0.69647090079018
"1931",52,0,0.944565371931668,0.944565371931668,0.821587996724293
"6214",56,1,0.680695397624408,0.451102007834317,0.680695397624408
"7156",50,0,0.762719157821488,0.762719157821488,0.755827904691284
"3171",58,0,0.297430360010798,0.297430360010798,0.621981217046203
"3501",56,0,0.575798261815169,0.575798261815169,0.385524076524461
"741",54,0,0.591296617007921,0.591296617007921,0.313280835065137
"4904",52,1,1.00306803600809,0.91139035763377,1.00306803600809
"3813",52,0,0.6317584938694,0.6317584938694,0.517881028561815
"1431",50,0,0.537258200569627,0.537258200569627,0.639987704906009
"209",52,0,0.639641136306601,0.639641136306601,0.924132932300463
"4989",58,1,0.286437629525353,0.139287165545372,0.286437629525353
"2063.1",54,1,1.02467301034552,0.252226546828943,1.02467301034552
"8970",54,1,0.540280854719522,0.672683927326943,0.540280854719522
"3368",54,0,0.229025769504892,0.229025769504892,0.898646822375812
"6671",58,0,0.11361678442131,0.11361678442131,0.447976069231238
"9130",58,0,0.545415501808503,0.545415501808503,0.440882628032678
"6531",52,0,0.984409846286304,0.984409846286304,1.23884887154212
"5465",60,0,0.053292732052591,0.053292732052591,0.526264962440597
"4264",58,1,0.250329111206887,0.173159896900429,0.250329111206887
"1360",60,1,0.237744373412627,-0.193587250884645,0.237744373412627
"2612",58,1,0.617123832728078,0.384418532928633,0.617123832728078
"7025",52,0,1.05507296646478,1.05507296646478,0.59328406372459
"1667.1",52,0,0.817254804723308,0.817254804723308,1.36777424710239
"4478",52,0,0.744350132706306,0.744350132706306,1.00837121536182
"2063.2",54,1,1.02467301034552,0.252226546828943,1.02467301034552
"9085.1",52,0,1.34559653523995,1.34559653523995,1.09956283697769
"3989",58,0,0.132172420787269,0.132172420787269,0.486961053698237
"7833",52,0,0.713883647058856,0.713883647058856,0.642344244489092
"2262",54,0,0.283948538833483,0.283948538833483,0.776307995455739
"1809",58,0,0.0537442826930918,0.0537442826930918,0.579058497718804
"6992",60,0,-0.125101182111557,-0.125101182111557,0.384071146713564
"2858",52,0,0.683840260668239,0.683840260668239,0.775015318296751
"896",52,0,1.10303349272029,1.10303349272029,0.650357127767697
"3755",50,0,0.83024225604074,0.83024225604074,1.22546270653616
"2385",52,1,1.18453764079666,0.916683816990644,1.18453764079666
"8642.1",56,0,0.585246380560386,0.585246380560386,0.632724213932586
"5659",50,0,0.960353518416822,0.960353518416822,0.663312983826139
"3953.1",60,1,0.30771431788525,0.10786631077156,0.30771431788525
"7749",50,0,1.27594039481658,1.27594039481658,0.632149941475946
"7820",54,1,0.69881020038256,0.575400118105653,0.69881020038256
"8426",58,1,0.417133351812893,-0.148169346410006,0.417133351812893
"1375",58,1,0.306306666963242,0.060754845803192,0.306306666963242
"8607",58,1,0.22692710644052,-0.188797019743213,0.22692710644052
"1029.1",54,0,0.521591812345644,0.521591812345644,0.470152045888869
"7078.1",54,0,0.490456281296055,0.490456281296055,0.597194017274175
"4738.2",54,0,0.639409792483808,0.639409792483808,0.419981717561448
"9926.1",60,1,0.300649571220402,-0.019083645199901,0.300649571220402
"5896",56,1,0.132340997316024,0.302491720107043,0.132340997316024
"4456",54,1,0.815213403094898,0.611162535081584,0.815213403094898
"1593",54,1,0.66230382589776,0.801291381706432,0.66230382589776
"5821.1",58,1,0.235472411712134,-0.0505704280650695,0.235472411712134
"9473.1",60,0,0.386357223775476,0.386357223775476,0.390684514278905
"504",56,0,0.489912283788732,0.489912283788732,0.345006237479027
"1097",50,0,0.699581865777753,0.699581865777753,1.74601989700418
"7753",52,1,1.18540561891913,0.758428676506487,1.18540561891913
"1467",52,1,0.667867795595542,0.807345834179966,0.667867795595542
"132",50,0,0.950836632378115,0.950836632378115,0.660287723678066
"4633",52,0,0.528479563494547,0.528479563494547,0.91859930581643
"7113",50,1,0.940252998711817,1.11947196358645,0.940252998711817
"5088.1",58,0,-0.261593747328738,-0.261593747328738,0.838739841502595
"2126",56,1,0.648781932042594,0.538030448968321,0.648781932042594
"6126.1",54,0,0.29550384465556,0.29550384465556,0.691550646913985
"1037.2",54,1,0.309878367876752,0.095991528944085,0.309878367876752
"4917",56,1,-0.149666021899927,0.53535817456495,-0.149666021899927
"9073",52,1,0.525298360280407,0.786657522801355,0.525298360280407
"9790",52,0,0.469826443716906,0.469826443716906,0.754960692941976
"1551.1",52,0,1.29046579611966,1.29046579611966,0.717214102887012
"6597",56,0,0.162953176033541,0.162953176033541,0.31061644743821
"4134",56,1,0.0655347035569537,0.173934861117265,0.0655347035569537
"3009.1",58,0,0.0799159036511608,0.0799159036511608,0.799076907958963
"4847",58,0,0.483891498422917,0.483891498422917,0.696903934450463
"2124",50,1,1.09529122918518,1.14190507627732,1.09529122918518
"9273",60,0,0.251544517019113,0.251544517019113,0.363903343444689
"7102.1",56,0,0.193422027549531,0.193422027549531,0.962675755008478
"9639.1",52,1,0.521642023155044,0.779233358483655,0.521642023155044
"7985.1",52,0,0.457843673837214,0.457843673837214,0.532228878738414
"3159.1",56,0,0.229970671875894,0.229970671875894,0.371874241113803
"1592",58,0,0.0354160197354914,0.0354160197354914,0.358138777375532
"5820",50,1,0.904402359536703,0.9447418397981,0.904402359536703
"6588.1",56,0,0.187644834919851,0.187644834919851,0.635565369639914
"5735",54,0,0.192729608907769,0.192729608907769,0.68479155110492
"2643",58,1,0.652535743386375,-0.104626117708933,0.652535743386375
"311.3",52,0,1.06825126551029,1.06825126551029,0.793860547965787
"3665",50,0,1.32360825123327,1.32360825123327,0.991827378091212
"9438",56,0,0.677710741545682,0.677710741545682,0.329051601867794
"1556",58,1,0.487170472941909,0.590606974061805,0.487170472941909
"1536",52,0,0.922750865466936,0.922750865466936,0.996034680981405
"6378",52,0,0.659390252290774,0.659390252290774,0.579208141909193
"3803",56,0,0.313298670924105,0.313298670924105,0.459000653012752
"7895",58,0,-0.163582787327918,-0.163582787327918,0.285145933135622
"7906",58,1,0.57464095026229,0.180387849102997,0.57464095026229
"3663",52,0,0.752986201868072,0.752986201868072,0.954291516587932
"2830.1",54,0,0.161911463597752,0.161911463597752,0.854426810399591
"1368",54,0,0.4218933335345,0.4218933335345,0.239788503557329
"9856",56,0,0.0375270140875167,0.0375270140875167,0.180052975483706
"9122",58,0,-0.0355053640866764,-0.0355053640866764,0.571203912135862
"7795.1",56,0,0.358955786830168,0.358955786830168,0.749335668734321
"7286",54,1,0.686627907996851,0.751639188498977,0.686627907996851
"9753",58,0,-0.0745196354987575,-0.0745196354987575,0.391752996575631
"7380",60,1,0.750991590000874,-0.215850879269422,0.750991590000874
"5874.1",58,0,0.703444893186193,0.703444893186193,0.542018033343505
"8038.1",60,0,-0.404603252061733,-0.404603252061733,0.22975714089899
"8432",58,0,-0.123291696534694,-0.123291696534694,0.46699445853667
"4620",52,0,1.1664904479278,1.1664904479278,0.878982082951134
"69",50,0,1.10270909445333,1.10270909445333,1.19291381870332
"9918.1",58,0,0.326215871014635,0.326215871014635,1.10483432413304
"3212",54,0,0.869784239893416,0.869784239893416,0.722244472481553
"2115",52,0,1.047519537011,1.047519537011,0.730044359785767
"8280",60,0,-0.23363069802893,-0.23363069802893,0.537739080756934
"451.1",60,1,0.949573790571342,0.265843830713034,0.949573790571342
"5415.1",56,0,0.203322049414114,0.203322049414114,0.585614210710928
"8117.1",52,0,0.636720720932535,0.636720720932535,0.903376755000132
"7788",52,0,0.774707758251937,0.774707758251937,0.857537639809999
"9053",60,0,-0.0848586789355159,-0.0848586789355159,0.681531638733074
"2096",52,0,1.15129294495286,1.15129294495286,0.831977936756607
"5953",58,1,0.508321100074299,0.120934041562428,0.508321100074299
"9414",58,1,0.811755562363283,0.0958716993917433,0.811755562363283
"2392.1",56,0,0.126974659029752,0.126974659029752,0.448778945553108
"9354",52,0,1.07497749410525,1.07497749410525,0.834051033989012
"281",50,0,0.827027475336366,0.827027475336366,0.591537142698926
"1106",56,0,0.0491759335209898,0.0491759335209898,0.636376793655558
"9679",56,1,0.424019352366228,0.213265546952879,0.424019352366228
"3888",58,1,0.480518486494363,0.574850073751526,0.480518486494363
"6318",54,0,0.675318542001507,0.675318542001507,0.7302901975018
"1970.2",60,0,0.209151936297929,0.209151936297929,-0.0196075750698381
"9307",60,1,0.665836679930384,-0.150866495681351,0.665836679930384
"2812",52,1,1.2065168200973,0.798695453446153,1.2065168200973
"4760",54,0,0.530405955961794,0.530405955961794,0.99452356064859
"1812",52,0,1.59398292016164,1.59398292016164,0.592952420186638
"8425",58,0,0.490106503358562,0.490106503358562,1.16764577418589
"9913.1",50,0,0.913204344169042,0.913204344169042,1.0887605368459
"467",58,0,0.505255744250035,0.505255744250035,0.449872280440646
"5316.1",56,0,0.148355570250556,0.148355570250556,0.629570462708652
"2804",52,1,0.740071899710231,0.68654125835499,0.740071899710231
"667",60,1,0.480096493120212,0.0578835097194272,0.480096493120212
"5814.1",52,1,0.99484200256986,0.88068319876132,0.99484200256986
"5079.1",58,0,0.0726151876926653,0.0726151876926653,0.0158653619214473
"9104",56,1,0.399169600560278,0.254456276864314,0.399169600560278
"3663.1",52,0,0.752986201868072,0.752986201868072,0.954291516587932
"1643",58,0,-0.347666870922591,-0.347666870922591,0.419555530842691
"2265.1",52,0,0.835464416039441,0.835464416039441,0.739604968642595
"8330",54,1,0.650198845368688,0.666522109851424,0.650198845368688
"2883",50,0,1.04837355001138,1.04837355001138,0.842269975961398
"6434",54,0,0.862501689136475,0.862501689136475,0.434407863140756
"1127",52,0,0.901224354300107,0.901224354300107,1.04964133292289
"3183",52,1,0.776384424278011,0.611576943830826,0.776384424278011
"8526",60,1,0.63100659416296,-0.0956414384457867,0.63100659416296
"9028.1",54,1,0.966062249512324,0.554164917856156,0.966062249512324
"4699",58,0,-0.0769194180163119,-0.0769194180163119,0.390982364787361
"1598",52,0,0.821306448001822,0.821306448001822,0.997826815528062
"8476",54,0,0.606805950808465,0.606805950808465,0.456262914849408
"1892",54,0,0.65015899942156,0.65015899942156,0.33917362808982
"3162.1",52,0,0.912355025040823,0.912355025040823,0.707292819729584
"9413",60,0,-0.335374095061531,-0.335374095061531,0.252513902933994
"8472.1",56,0,0.357895037645882,0.357895037645882,0.6319583277136
"3066.1",54,0,0.588400116951341,0.588400116951341,0.8872454851625
"7120",50,1,0.835795394300686,1.02731983855283,0.835795394300686
"8971",58,0,0.300235091194799,0.300235091194799,0.656153250739755
"7828",56,1,0.538005150983718,0.203997994827967,0.538005150983718
"857.1",52,0,0.666073866330545,0.666073866330545,0.743370176860783
"574",50,0,1.01652845765663,1.01652845765663,1.12815891378314
"2225",56,0,0.432718615828429,0.432718615828429,0.312423469512509
"5321",54,0,0.693023103649363,0.693023103649363,0.706082923899159
"1373",52,0,0.70319858221499,0.70319858221499,1.0453565490362
"1417",60,1,0.22850530844252,-0.0299235633507682,0.22850530844252
"2528",58,0,0.417756448993058,0.417756448993058,0.513846312570558
"6203",56,0,0.302650018072499,0.302650018072499,0.393235834165746
"4825.1",50,1,1.08967592600648,0.969821371802082,1.08967592600648
"9309",56,0,0.342427724587969,0.342427724587969,1.0235564480512
"3170",58,1,0.534953529047885,0.51692704157641,0.534953529047885
"8924",58,0,0.0477646881138125,0.0477646881138125,0.593919900853318
"1424",52,0,0.142394146964038,0.142394146964038,0.397107287034967
"8104",58,1,0.537974372169411,0.263950994949725,0.537974372169411
"9913.2",50,0,0.913204344169042,0.913204344169042,1.0887605368459
"4625",58,0,0.347282771227518,0.347282771227518,0.392402444494898
"5851",58,0,0.0170699531590051,0.0170699531590051,0.0413796378547721
"175.1",54,1,0.691664064709616,0.668630116455064,0.691664064709616
"9269",54,0,0.436867017186501,0.436867017186501,1.2014995884207
"7896",54,0,0.341927549711097,0.341927549711097,0.777715505842569
"445",52,0,1.0261137038396,1.0261137038396,0.567817537786585
"8459",56,0,0.0789601403773231,0.0789601403773231,0.901422988587406
"7262",54,0,0.850923945384364,0.850923945384364,0.301674123994784
"7558.1",54,0,0.640214316414265,0.640214316414265,0.363754455643681
"6728.1",58,1,0.846389710919676,0.136599913687652,0.846389710919676
"7040.1",52,1,0.855775406355651,0.948897220477606,0.855775406355651
"347",54,0,0.615718821635573,0.615718821635573,0.767905509003436
"2677",54,1,0.903928404676186,0.697382209229399,0.903928404676186
"613",56,0,0.506887547459473,0.506887547459473,0.603833618433458
"3696",56,1,0.630451205610895,0.279117616647092,0.630451205610895
"7907.1",54,0,0.516699988691347,0.516699988691347,0.827789984136764
"8034",58,0,0.236844989293065,0.236844989293065,0.57099683853002
"281.1",50,0,0.827027475336366,0.827027475336366,0.591537142698926
"2980.1",54,0,0.572126066289429,0.572126066289429,0.667786895341263
"3981",56,1,0.544483213621681,0.269724657282197,0.544483213621681
"7393.1",56,1,0.604139840490363,0.273481613307678,0.604139840490363
"4225.1",58,0,-0.292168057146749,-0.292168057146749,0.335293432391142
"2167",56,1,0.51737141986021,0.729157352663919,0.51737141986021
"3155",56,0,0.622327419797884,0.622327419797884,0.526565952806458
"7310",54,0,0.560985789373988,0.560985789373988,0.158284566217968
"9822",58,0,-0.106561096915286,-0.106561096915286,0.796786047398341
"7484.1",52,0,0.683390252491737,0.683390252491737,0.85647519715621
"2472",54,0,0.766715535752788,0.766715535752788,1.02279524175907
"3374",50,1,1.02617396213213,1.03517266981794,1.02617396213213
"5945",54,1,0.342389002426916,0.505246592170255,0.342389002426916
"1055",58,0,0.447759196002505,0.447759196002505,0.324901966954911
"2000",54,0,0.510740174476087,0.510740174476087,1.05435871742126
"944",54,1,0.914330708044071,0.630044059171428,0.914330708044071
"4773",58,0,0.606544107433842,0.606544107433842,0.952241948638757
"4044",54,0,0.683576320786087,0.683576320786087,1.21306023562105
"5884",52,1,0.468673330133696,0.658100018635292,0.468673330133696
"2952",56,0,0.382785993783852,0.382785993783852,1.34974699248551
"454",52,0,0.242484721503156,0.242484721503156,0.723025122109423
"4427",54,0,0.484983376480761,0.484983376480761,0.418700156010967
"3185.1",56,1,0.567250983160041,0.613357163743277,0.567250983160041
"8351.1",58,1,0.280154504965107,0.0717323793756474,0.280154504965107
"9509",56,0,0.214501236032588,0.214501236032588,0.504373041853247
"4221.3",52,0,1.25627780135786,1.25627780135786,0.514471092856629
"9526",52,1,0.40887310677104,1.0006023671062,0.40887310677104
"6080",50,0,0.82069024486004,0.82069024486004,0.593363037609055
"2753",58,1,0.385737372111154,0.396269861009437,0.385737372111154
"1599",58,0,-0.0582045777641605,-0.0582045777641605,0.0606840179310475
"1285",58,0,0.0739079371255413,0.0739079371255413,0.680777328512024
"1619",50,0,0.873374600475837,0.873374600475837,1.2877051387778
"2004",54,0,0.702250266246023,0.702250266246023,0.648146558392845
"2886",50,1,1.05856401167806,1.25757256765629,1.05856401167806
"7164",60,0,0.125548149171641,0.125548149171641,0.379895868993627
"7757.1",50,0,0.817805591539288,0.817805591539288,0.84610403645324
"1990",58,0,0.215903269316229,0.215903269316229,0.86469496228712
"7350",58,1,0.336674630228072,0.184878997028482,0.336674630228072
"5264",52,0,0.492471703874362,0.492471703874362,0.636697424200119
"2063.3",54,1,1.02467301034552,0.252226546828943,1.02467301034552
"6505",52,0,1.01376719113256,1.01376719113256,0.962277567403943
"6244",50,0,0.826693470323905,0.826693470323905,0.651630986177865
"3958",60,0,-0.0473805863965635,-0.0473805863965635,0.209109386233443
"4769",52,0,0.811785442617901,0.811785442617901,0.628677930345334
"5575",60,0,-0.0912680668556846,-0.0912680668556846,0.789941955724608
"7764.2",54,0,0.476532631412761,0.476532631412761,0.629958015394401
"6022",52,0,0.542340127344479,0.542340127344479,0.782232475501992
"1143.2",58,1,0.335560458796506,0.495650971029215,0.335560458796506
"2002",60,1,0.495521843537958,0.348416231949095,0.495521843537958
"3427",60,0,0.0843962958369132,0.0843962958369132,0.567894542713341
"932",60,1,0.376992083724047,0.086009255980952,0.376992083724047
"8045.1",52,0,0.790224022191825,0.790224022191825,0.727169061880873
"4293",60,0,0.179186360676904,0.179186360676904,0.145623733768495
"4538",60,1,0.637293319658403,-0.174099209272789,0.637293319658403
"7144",58,0,-0.147559327437843,-0.147559327437843,0.44695545526562
"4915.1",50,0,1.2884240248721,1.2884240248721,0.559495066612056
"5417",54,0,0.766655373242508,0.766655373242508,0.651142072081453
"1013",50,0,1.28863490646313,1.28863490646313,1.06973837185059
"9426",60,1,0.561608430904479,-0.292502506162798,0.561608430904479
"3618.1",52,0,0.770784753526102,0.770784753526102,1.15509808951436
"6790",58,1,0.595373413641301,0.233533430219911,0.595373413641301
"3603.1",58,0,0.200810546591438,0.200810546591438,0.338956458524745
"4469",58,0,0.207606972971877,0.207606972971877,0.381865005093788
"8249.1",50,0,1.12879271096297,1.12879271096297,0.451464452916126
"6038",60,0,0.322023012220393,0.322023012220393,0.556822047894663
"3246.1",54,0,0.43159308818571,0.43159308818571,0.514651009466057
"3071",54,1,0.289679765737202,0.529405472630746,0.289679765737202
"240.1",54,0,0.755593642526932,0.755593642526932,0.407183649292129
"817",60,0,-0.01305646182348,-0.01305646182348,0.469514309947695
"2453",52,0,0.879566337525672,0.879566337525672,0.874573182751523
"6734",60,0,-0.285360935617109,-0.285360935617109,0.192029423856857
"5114",56,1,0.439527062760343,0.412868737757337,0.439527062760343
"6490.1",58,0,0.216961447005806,0.216961447005806,0.565930896310812
"7641",50,0,0.313150379618241,0.313150379618241,0.892784373316262
"2813",56,0,0.743263051531883,0.743263051531883,0.614978407821356
"1694",52,0,1.2758821420612,1.2758821420612,0.735863764553332
"5461.1",56,1,0.308869481087259,-0.154876101810701,0.308869481087259
"4436.1",52,0,0.492746921821112,0.492746921821112,1.017643442751
"2540.1",52,0,0.230334469778787,0.230334469778787,0.902052811605453
"3858",52,0,0.424686180811264,0.424686180811264,0.940072615884031
"4137.1",54,0,0.301621533732331,0.301621533732331,1.17972740461025
"1343.1",58,1,0.653083276778759,0.290890944929351,0.653083276778759
"297",50,1,0.748950554334603,1.0484417651906,0.748950554334603
"8359",52,0,0.768166972884867,0.768166972884867,0.862095566235332
"9228",50,0,1.06870144953176,1.06870144953176,0.937118360006141
"8046.1",58,1,0.23523412527428,0.618039692178154,0.23523412527428
"5363",52,0,0.590818724847213,0.590818724847213,0.718654820002969
"5043",52,0,0.931084750832947,0.931084750832947,1.11105631201038
"5292",56,0,0.2029789488748,0.2029789488748,0.267671505320365
"2388",52,0,0.486850904508614,0.486850904508614,0.882278356355843
"8640",54,0,0.409419507820889,0.409419507820889,0.454199994211615
"8301.1",50,1,0.956597275716367,1.20167592375362,0.956597275716367
"5876.1",56,0,0.57308920470804,0.57308920470804,0.716315576603606
"6826.1",52,0,1.4305739209811,1.4305739209811,0.727846735882329
"8923.1",54,0,0.684383749169102,0.684383749169102,0.860069427091713
"9015",58,1,0.402841684709482,0.0256791908125333,0.402841684709482
"4304",56,0,0.27201750333457,0.27201750333457,0.575019893851693
"5945.1",54,1,0.342389002426916,0.505246592170255,0.342389002426916
"9954",58,0,0.534059773457901,0.534059773457901,0.47539448889481
"7192",52,0,0.854292716740015,0.854292716740015,0.5970935545988
"7917.1",56,1,0.827465217585375,0.624566096422317,0.827465217585375
"4984",52,0,0.956154460679025,0.956154460679025,0.515568696895392
"823.1",58,0,0.28543056398679,0.28543056398679,0.47717745648422
"2654",50,0,0.739354790779558,0.739354790779558,1.16228047176289
"379",52,1,1.44128998074147,1.00868177067531,1.44128998074147
"640",56,0,0.822447665578247,0.822447665578247,0.801995908831105
"5997",50,1,1.03309609951945,0.828907223459234,1.03309609951945
"1598.1",52,0,0.821306448001822,0.821306448001822,0.997826815528062
"9454",54,0,0.121315340728818,0.121315340728818,1.15732764148662
"9310",52,0,0.793184230863006,0.793184230863006,0.592887125320986
"2471",58,0,-0.411430925781494,-0.411430925781494,0.301887664882366
"279",54,0,0.567956630687056,0.567956630687056,1.02718387470293
"9845.1",56,0,0.345481181799895,0.345481181799895,0.411178370928103
"8944",58,0,0.42045862861769,0.42045862861769,0.423623693167352
"4156",58,0,0.0762386730755727,0.0762386730755727,0.87116240463759
"5951",56,1,0.547827954611456,0.0672915715228785,0.547827954611456
"6132",50,1,1.12685725257255,1.22278105957849,1.12685725257255
"1865",54,1,1.07519052655422,0.961374718381478,1.07519052655422
"3795.1",58,1,0.956413830468283,0.362698105882387,0.956413830468283
"7797",54,0,0.713291013248758,0.713291013248758,0.586338981916687
"4890",52,0,1.1554622739987,1.1554622739987,1.30260701779574
"9887",56,0,0.33859781214888,0.33859781214888,0.597321325796983
"3019",58,1,0.636697971111731,0.0711530254249342,0.636697971111731
"2531",54,0,0.688042199518626,0.688042199518626,0.470885020168813
"8897.2",56,0,0.615395649010474,0.615395649010474,0.573569388214888
"7639",56,0,0.883396576629822,0.883396576629822,0.488361951169175
"8913",52,0,0.947892996542862,0.947892996542862,0.931954150964758
"9281",54,1,0.585049984510159,0.474334570666664,0.585049984510159
"757",54,0,0.905425118168457,0.905425118168457,0.796169126337918
"1614.1",58,1,0.147626010449071,0.0669180655414322,0.147626010449071
"8827",56,1,1.12486760604059,0.384750187120305,1.12486760604059
"106",52,0,0.942464613892177,0.942464613892177,1.14555614250474
"1094",52,0,1.117052752959,1.117052752959,0.589879407703013
"4736",58,0,0.586498651568921,0.586498651568921,0.721954590852298
"8897.3",56,0,0.615395649010474,0.615395649010474,0.573569388214888
"7781",50,0,0.930390295554404,0.930390295554404,1.36253440765567
"9881",58,0,-0.0459915943596111,-0.0459915943596111,0.564107425595354
"4671",52,0,1.00598473915296,1.00598473915296,0.693560368856456
"5591",56,0,0.372804260643372,0.372804260643372,0.585339224166868
"6592",56,0,0.655401443126773,0.655401443126773,0.521857341778108
"3723",54,0,0.621054055030397,0.621054055030397,0.926520070677672
"356",52,0,0.543578813304015,0.543578813304015,1.01218871005685
"9702",56,0,0.393445974149652,0.393445974149652,0.896914850322092
"9061",50,0,0.742043002973948,0.742043002973948,1.01440945344341
"3763",52,0,1.07708913652921,1.07708913652921,1.53743655664444
"4454",54,1,1.41473491154621,0.683718335018398,1.41473491154621
"1502",58,0,-0.0525097346873638,-0.0525097346873638,0.548281558126739
"3367.1",58,1,0.83893819467243,0.254310983962812,0.83893819467243
"1200",50,0,0.919428392711055,0.919428392711055,0.872135737136948
"3150.1",54,1,0.861556988824805,0.65556532546726,0.861556988824805
"6391",56,1,0.0164799327347795,0.508712421290963,0.0164799327347795
"2382",56,0,0.175473498438482,0.175473498438482,0.623045795612527
"4724",56,0,0.275916022923398,0.275916022923398,0.848069717779915
"6195",58,1,0.196392397178726,0.407890657780644,0.196392397178726
"3726",54,1,0.488163254721037,0.683371093363765,0.488163254721037
"5249",56,0,0.761755106140011,0.761755106140011,0.366695252876889
"7658",58,0,-0.0900047500194552,-0.0900047500194552,0.636581411657653
"5409",52,1,0.586088859240314,0.803002635853179,0.586088859240314
"6838",58,0,0.0281459092532832,0.0281459092532832,0.800749859717953
"8459.1",56,0,0.0789601403773231,0.0789601403773231,0.901422988587406
"3066.2",54,0,0.588400116951341,0.588400116951341,0.8872454851625
"6295.2",56,1,0.405439151145886,0.537202536627066,0.405439151145886
"3249",54,0,0.912683744751555,0.912683744751555,0.79085575470476
"4150",54,0,0.512659671337553,0.512659671337553,1.13351171127909
"7390",56,0,0.475603556089871,0.475603556089871,0.196080447153577
"4279",50,0,0.7022536158311,0.7022536158311,1.20776274707657
"976",50,0,0.820177298778975,0.820177298778975,1.00022581048453
"9715",60,0,-0.297227405673683,-0.297227405673683,0.0714093861553429
"3512",54,1,0.88663362864587,0.196279017871998,0.88663362864587
"7018.1",58,0,0.0848633122688614,0.0848633122688614,0.492793008614437
"1409",52,1,1.2325846878791,0.83658278310316,1.2325846878791
"4292",58,0,0.13174885106842,0.13174885106842,0.584592973308783
"4759",56,0,0.790616300159231,0.790616300159231,0.261770351054818
"9400",52,0,1.21273664521915,1.21273664521915,0.742577895077045
"624.1",52,0,1.38762800406667,1.38762800406667,0.77532435043698
"8162",58,0,0.130783767158587,0.130783767158587,0.7206840535536
"4225.2",58,0,-0.292168057146749,-0.292168057146749,0.335293432391142
"17",58,0,0.169191078620962,0.169191078620962,0.598241159745932
"1448",54,1,0.829317894991479,0.338845602694253,0.829317894991479
"6364",54,0,0.507306924356892,0.507306924356892,0.674845790975093
"4435",52,1,0.776957999793265,0.554060448161239,0.776957999793265
"6567",50,0,1.22591135163976,1.22591135163976,0.402382909712873
"7552",56,1,0.1441997267712,0.472604078744652,0.1441997267712
"4476",56,1,0.318064498206378,0.494488310321176,0.318064498206378
"1713.1",52,0,0.752801616089707,0.752801616089707,0.812060837775093
"7310.1",54,0,0.560985789373988,0.560985789373988,0.158284566217968
"9726",56,0,0.329101862875392,0.329101862875392,0.617776512335087
"7022.1",56,0,0.197864014514269,0.197864014514269,0.44049933040681
"4166",54,0,0.685773856380164,0.685773856380164,0.674200967873285
"8127",52,1,1.03398189752251,1.41324935295419,1.03398189752251
"9754",50,0,0.937566021601977,0.937566021601977,1.42419769690474
"5222",60,1,0.683945736380327,-0.31455484979312,0.683945736380327
"2722",58,1,0.554123670425373,0.487114252872422,0.554123670425373
"1941",56,0,0.399499846500654,0.399499846500654,0.631259540027779
"5187",54,0,0.662397608949235,0.662397608949235,0.79458324744948
"9922",52,0,0.495924634344683,0.495924634344683,1.08150262747058
"5319",50,0,0.989026535615714,0.989026535615714,1.15998865522824
"8262.1",54,1,0.910224491631546,0.757603079128502,0.910224491631546
"5451",50,0,1.05790864776103,1.05790864776103,1.34617594098556
"3699",56,0,-0.233850405257165,-0.233850405257165,0.76277185130575
"9434",56,0,0.531943140415893,0.531943140415893,0.735610074392139
"8463",58,1,0.417463893661065,-0.467490000601295,0.417463893661065
"1521",54,0,0.630395138595957,0.630395138595957,0.241076413396609
"8014.1",50,0,0.442072811232604,0.442072811232604,0.992217496922666
"5966.1",52,1,0.329084515364502,0.835684843416526,0.329084515364502
"8696.1",52,0,0.557671589747424,0.557671589747424,1.2925116104721
"2637.1",50,0,0.541191660115127,0.541191660115127,1.25898148714016
"1799",52,1,0.836499277233914,0.501186425188037,0.836499277233914
"4131",56,1,0.557460462671027,0.125996588930883,0.557460462671027
"6750",50,1,1.59947798349212,1.20848863673205,1.59947798349212
"1615",58,0,0.151113586378767,0.151113586378767,0.483867185286761
"1659",54,0,0.836541052080814,0.836541052080814,0.813099812236334
"8329",54,1,0.918975857196809,0.74057322554114,0.918975857196809
"3583",50,0,0.55142707659683,0.55142707659683,0.750623823103985
"7887",60,1,0.869201714737362,-0.151536495296653,0.869201714737362
"7145",58,0,0.185043116764706,0.185043116764706,0.473134428306817
"2526.1",56,1,0.590350598765883,0.275460883109021,0.590350598765883
"197",52,0,0.958619386074727,0.958619386074727,0.881247170171746
"6899",56,0,0.631859119414868,0.631859119414868,0.52596865695755
"9934.1",52,0,0.974765098523037,0.974765098523037,1.04417440016006
"107",52,0,0.677636080543353,0.677636080543353,0.939272707563105
"3635",56,0,0.777618119617946,0.777618119617946,0.468673090538782
"9916",58,0,-0.188139851679316,-0.188139851679316,0.193003828981495
"732",56,1,0.109193231137018,0.449545979960499,0.109193231137018
"2902.2",52,0,1.25707332690132,1.25707332690132,0.989980935999182
"554.2",60,0,-0.00984533044431529,-0.00984533044431529,0.606105263706886
"8615",54,0,1.28916447146463,1.28916447146463,0.456269239423976
"6442",54,1,0.409481826402049,0.448705810952073,0.409481826402049
"9934.2",52,0,0.974765098523037,0.974765098523037,1.04417440016006
"6451",54,0,0.648053400688303,0.648053400688303,0.637134134091433
"8825.1",52,0,0.939712268115766,0.939712268115766,0.846385157123969
"2591",54,0,0.730423778069602,0.730423778069602,0.346127674213423
"2498",60,0,-0.361772546131765,-0.361772546131765,-0.0844446882551254
"9353",58,0,0.0570217483654697,0.0570217483654697,0.93637093023708
"1249",58,0,-0.13842288981941,-0.13842288981941,0.680323548631213
"7657",54,1,0.636577152406552,0.624899030492563,0.636577152406552
"4797.1",52,0,0.685263766009949,0.685263766009949,0.835008524755503
"9603",58,1,0.702489171856328,0.476767379436231,0.702489171856328
"4462",56,0,0.265791946946714,0.265791946946714,0.619736406609372
"7257",54,1,0.878725407842806,0.552677723437952,0.878725407842806
"710",58,0,-0.0467989271970393,-0.0467989271970393,0.495605383117695
"6869",56,1,0.771736482391677,0.570028485329952,0.771736482391677
"2939",52,1,0.8998343248646,0.63107867646101,0.8998343248646
"7280",56,0,0.549750660412179,0.549750660412179,0.702075231033797
"1179",52,0,0.974521668209281,0.974521668209281,0.994578508608169
"9596",58,1,0.409509193591061,-0.388528071520415,0.409509193591061
"1880",56,0,0.606348452591526,0.606348452591526,0.485537396737871
"6814",58,0,0.0951669534000502,0.0951669534000502,0.669450603448189
"5231",58,0,0.649210194843528,0.649210194843528,0.77220925723311
"8021.1",52,0,0.918972838460911,0.918972838460911,0.945850026672622
"8792",50,0,1.15760015736546,1.15760015736546,0.510127782378909
"8029.1",54,0,0.76106210250397,0.76106210250397,0.626825794664708
"1308",56,0,0.158305352580399,0.158305352580399,0.806370585508902
"4009",54,0,0.66368705613232,0.66368705613232,0.980573638006251
"9865",60,1,0.644989499272176,-0.110017686123305,0.644989499272176
"1331",54,0,0.358265711229073,0.358265711229073,0.746701315745191
"4763",50,0,0.80821046400676,0.80821046400676,1.03778480026837
"6336",54,0,0.80577983334908,0.80577983334908,0.675196535073655
"978",56,0,0.153735777326715,0.153735777326715,0.642439948202004
"9757",50,0,0.962773102851327,0.962773102851327,0.725134027749298
"2064.1",60,1,0.757537304959634,-0.282272157741597,0.757537304959634
"9349",56,1,0.388716575418705,0.870977473825296,0.388716575418705
"9419",54,0,0.444138414892018,0.444138414892018,1.05230817183739
"381",54,0,0.207212014992266,0.207212014992266,1.15038230173771
"8088",56,0,0.151909834175496,0.151909834175496,0.271517710562811
"306",60,1,0.354820035442886,0.103217685121679,0.354820035442886
"4980",54,0,0.277169420832998,0.277169420832998,0.727225328812961
"2281",58,0,-0.0269353398813565,-0.0269353398813565,0.437480705013909
"5199",54,0,0.546256730604326,0.546256730604326,0.703013157143758
"8465",58,0,0.83139280529034,0.83139280529034,0.356348841502905
"1760",58,0,0.475258583118166,0.475258583118166,0.812019763707169
"531",56,1,0.251425840272076,0.860684869849288,0.251425840272076
"8912",56,1,0.244169497300261,0.384975193336794,0.244169497300261
"1038",56,0,0.413253523484965,0.413253523484965,1.26192323075852
"6228.1",52,1,1.11286812028799,0.837255252467422,1.11286812028799
"2515",54,1,0.564872836512647,0.306462890551239,0.564872836512647
"771",54,0,0.448357767860821,0.448357767860821,0.567980110874308
"2425",56,1,0.318929704043505,0.680051517381251,0.318929704043505
"9043.1",52,1,0.859210105146023,0.829822106134762,0.859210105146023
"6682",52,0,0.596711996222206,0.596711996222206,0.877028262305353
"3023",54,0,0.415565227496498,0.415565227496498,0.755666683209408
"8594",56,0,-0.0189693778010559,-0.0189693778010559,0.352089398292113
"927",58,0,-0.104720532710721,-0.104720532710721,0.31292370951552
"7072",60,1,0.185215673414066,-0.0359325160437115,0.185215673414066
"4380",56,1,0.28477947043637,0.297095513019159,0.28477947043637
"4474.1",54,0,0.511276256295979,0.511276256295979,0.875318920606228
"549.1",56,1,0.378697901498825,0.441611265291897,0.378697901498825
"237",56,0,0.390765360482593,0.390765360482593,0.37844121640041
"2684",50,0,1.33313010477486,1.33313010477486,1.00089109309521
"4704",58,0,0.120771767098591,0.120771767098591,0.708124314702358
"3948",58,1,0.758016830446046,0.375666070931931,0.758016830446046
"8436",58,1,0.51755537472755,0.216890605278326,0.51755537472755
"3673.1",60,1,0.665004273761504,-0.374276883011402,0.665004273761504
"9292",58,1,0.368145024322733,0.340403315190798,0.368145024322733
"4102",60,1,0.568353661493638,0.237541959372098,0.568353661493638
"2511",54,0,1.23521649868025,1.23521649868025,0.364106730596836
"2891",50,1,1.29392854362089,0.851262740752791,1.29392854362089
"3766",58,1,0.443858256361601,-0.0530683678068999,0.443858256361601
"1669",56,1,0.469342039320993,0.521313854030679,0.469342039320993
"4294",50,1,0.640225830075194,1.1133446581855,0.640225830075194
"1056",52,1,1.06192230544207,0.653381117182597,1.06192230544207
"4146",58,0,0.334261333433752,0.334261333433752,0.797138051822259
"4608.1",56,0,0.367557149091822,0.367557149091822,0.173566820110059
"8181",58,1,0.730294962786741,0.150628671353889,0.730294962786741
"2167.1",56,1,0.51737141986021,0.729157352663919,0.51737141986021
"1493",58,0,0.574714009956355,0.574714009956355,0.718127736939355
"2666",58,0,0.287071479306274,0.287071479306274,0.480408650809801
"3082.1",54,1,0.831892735342306,0.987156080849905,0.831892735342306
"7709",60,1,0.505872196801214,0.0111040215872038,0.505872196801214
"353",58,1,1.14912605918768,0.15565214221343,1.14912605918768
"3360",56,1,0.488438819137818,0.50389362145189,0.488438819137818
"4858.1",54,0,0.403104929178107,0.403104929178107,0.996965436704848
"4180",58,0,0.464747983263356,0.464747983263356,0.683062247112081
"5430",54,0,0.267974507773918,0.267974507773918,0.529238346397321
"6642",52,0,1.0638891445585,1.0638891445585,1.16446742209508
"6090",56,1,0.91333802492527,0.355567122005877,0.91333802492527
"686.1",56,1,0.664826433047838,0.395063468753378,0.664826433047838
"8235.1",52,0,0.489755703211286,0.489755703211286,1.27316823860422
"4317",54,0,0.316465818566207,0.316465818566207,0.441960721242684
"4883",56,0,0.472293342986775,0.472293342986775,0.569068746273931
"3760",54,0,0.375553735028298,0.375553735028298,0.873181761984701
"6145",60,1,0.304468498108905,0.0785916394484831,0.304468498108905
"4137.2",54,0,0.301621533732331,0.301621533732331,1.17972740461025
"7512",50,1,0.778594973026309,1.00866342927892,0.778594973026309
"5098",54,1,0.956796119342253,0.661497136744768,0.956796119342253
"6302",60,1,0.363554894472077,0.0881229562671536,0.363554894472077
"5013",50,0,1.23468157451554,1.23468157451554,1.05881321798937
"6029",56,1,0.85749922477619,0.316015186222319,0.85749922477619
"4264.1",58,1,0.250329111206887,0.173159896900429,0.250329111206887
"1342",52,0,0.951737694771204,0.951737694771204,0.749209226537608
"2187",54,1,0.856178204311455,0.719141523363659,0.856178204311455
"1399.1",54,0,0.670214295934066,0.670214295934066,0.726122103487046
"2447",54,1,0.298759563788105,0.73551490748393,0.298759563788105
"8765.1",60,1,0.535965362187036,-0.0133527555202835,0.535965362187036
"9815",58,0,-0.110359644786685,-0.110359644786685,0.493423311289429
"3904.1",52,0,0.907070569442402,0.907070569442402,0.751778631903678
"756",52,0,1.18715423186217,1.18715423186217,0.636656530652768
"9749",54,1,0.672821040352911,0.399181462813304,0.672821040352911
"5136",54,1,0.793463776261075,0.435380138175647,0.793463776261075
"6017",60,0,-0.118501509874587,-0.118501509874587,0.406034065151018
"3743.1",54,0,0.554636395951444,0.554636395951444,0.752561081137613
"611",60,0,-0.189896554007917,-0.189896554007917,0.230664273305108
"6315",52,0,1.06526728905867,1.06526728905867,0.698206821879386
"175.2",54,1,0.691664064709616,0.668630116455064,0.691664064709616
"2033",52,0,1.40307698534225,1.40307698534225,0.755448929708107
"2321",52,0,1.11027507227337,1.11027507227337,1.00803967031195
"2989",60,0,0.340010250613692,0.340010250613692,0.234960246012701
"3740.1",52,1,0.805382029435894,0.69588668554159,0.805382029435894
"9615",58,0,0.574898786646297,0.574898786646297,0.29631380556865
"992",54,0,0.412684950910168,0.412684950910168,1.13308313536195
"4105",52,0,0.835798693268439,0.835798693268439,0.718880559775296
"9551.1",52,0,1.10795412142978,1.10795412142978,1.09497876546775
"69.1",50,0,1.10270909445333,1.10270909445333,1.19291381870332
"199.1",54,0,0.832742370868367,0.832742370868367,0.436060734074884
"4152",56,0,0.289799215450557,0.289799215450557,0.303431037766934
"8891.1",54,0,0.484470482336423,0.484470482336423,0.556514915076605
"128",52,0,0.703642509004602,0.703642509004602,0.959721607668206
"8157",54,0,0.378060426741793,0.378060426741793,0.3002992079517
"6711",54,0,0.68222976066039,0.68222976066039,0.467675607976462
"3680",50,0,0.756756201398772,0.756756201398772,0.950645278036567
"3143",50,1,0.867385183844574,0.93300585268057,0.867385183844574
"7508",50,0,0.705551260431486,0.705551260431486,0.879630258027903
"8119.1",50,1,0.707007021121797,1.17401255367314,0.707007021121797
"4398",56,1,0.423093531445873,0.269326692679163,0.423093531445873
"7135",54,1,0.512590489347887,0.616966428072209,0.512590489347887
"666",56,0,0.297496421497072,0.297496421497072,0.721788614149818
"1354",54,1,0.76765558631304,0.363371273000594,0.76765558631304
"5855",56,1,0.309951769039622,0.506175599899382,0.309951769039622
"8847",58,0,0.228292910022367,0.228292910022367,0.107070610921141
"6455",54,0,0.490029829746765,0.490029829746765,0.631332274389038
"4244",60,1,0.334434405445178,0.0770345275656184,0.334434405445178
"7676",56,1,0.53665200632561,0.415350959734976,0.53665200632561
"8266",58,1,0.332168608630017,-0.0309574558892442,0.332168608630017
"3309.1",56,0,0.493892132282061,0.493892132282061,0.180084906423082
"8529",58,0,-0.100021807357063,-0.100021807357063,0.698469461075023
"9287",60,1,0.109427102672788,0.00560054415706191,0.109427102672788
"7285",58,0,0.371248409122028,0.371248409122028,0.239818897791295
"6591",58,0,-0.19044565193389,-0.19044565193389,0.973303759418899
"9296",50,0,0.567031497895047,0.567031497895047,1.41802820273188
"7364",56,0,0.0337424484367203,0.0337424484367203,0.541343129813048
"596.1",56,0,0.252377579181616,0.252377579181616,0.795644600440303
"8091",60,0,0.376096162353779,0.376096162353779,0.369760965677494
"8774",58,1,0.634106682222842,0.408267312853577,0.634106682222842
"1583",60,1,0.426307036385374,0.360732531698097,0.426307036385374
"246",52,0,0.783672356463886,0.783672356463886,1.00434405800453
"967",54,0,0.603569488030051,0.603569488030051,0.523637514165479
"6807",58,0,0.305770870729981,0.305770870729981,0.60859228995288
"6726",50,0,0.746820039494675,0.746820039494675,0.892021774513263
"7032",52,0,0.725059898405644,0.725059898405644,0.505157278586984
"4890.1",52,0,1.1554622739987,1.1554622739987,1.30260701779574
"3323",54,0,0.997215677707814,0.997215677707814,0.533185595723038
"2418",58,1,0.513626617720267,0.32051876457653,0.513626617720267
"1227",50,0,0.802585639118282,0.802585639118282,1.66155097928057
"4494",50,1,1.53561442223266,0.92716060876637,1.53561442223266
"1621",56,1,1.19738315653615,0.811740896847216,1.19738315653615
"2082.1",56,0,0.143416721371275,0.143416721371275,0.820552040633939
"3276",58,0,0.374278123464439,0.374278123464439,0.501510864862702
"728",56,0,0.472152739219082,0.472152739219082,0.490552065695133
"8394",54,0,0.415685334192294,0.415685334192294,0.429567791986803
"5119",54,1,0.898279360445853,0.684655352799795,0.898279360445853
"1008.2",56,0,0.397715390614971,0.397715390614971,0.305214734261506
"818.1",60,0,-0.28522750702483,-0.28522750702483,0.299639431527402
"7213",52,0,0.568006127494225,0.568006127494225,1.31433373019033
"8441.1",58,0,0.404162530794035,0.404162530794035,0.547469030725839
"8892",52,1,1.15726565916062,0.737006461375602,1.15726565916062
"5451.1",50,0,1.05790864776103,1.05790864776103,1.34617594098556
"6795",52,1,0.655450698925689,1.1623984062869,0.655450698925689
"2932",58,0,0.0131971487279174,0.0131971487279174,0.279805386753551
"574.1",50,0,1.01652845765663,1.01652845765663,1.12815891378314
"3737",54,0,0.62281961833453,0.62281961833453,0.751144184230815
"5844",52,0,0.44499900767884,0.44499900767884,0.611167392691866
"2844",54,1,0.918437795930046,0.743076246399447,0.918437795930046
"1048",54,0,0.477841303789887,0.477841303789887,0.721919886094514
"7356",52,0,1.07979915787506,1.07979915787506,1.20521712152225
"4106",60,1,0.873233171232698,-0.129968351738297,0.873233171232698
"5046",54,1,1.0987540125971,0.659387040159936,1.0987540125971
"7624",58,1,0.402715498266561,0.400583087544935,0.402715498266561
"1112",56,1,0.832159073495332,0.513839884254308,0.832159073495332
"3587.1",60,0,0.159471932815669,0.159471932815669,0.611782760198466
"3197.1",50,0,1.35516442480251,1.35516442480251,1.14904996178069
"1945",52,1,0.450595016570785,0.855430189350834,0.450595016570785
"281.2",50,0,0.827027475336366,0.827027475336366,0.591537142698926
"5960",52,1,0.217320743640062,0.858026951780979,0.217320743640062
"3921.2",54,0,0.603036642438345,0.603036642438345,0.730904105420261
"6850",52,1,1.06401483564303,0.910720863279563,1.06401483564303
"3380",56,0,0.202844211818638,0.202844211818638,0.196834821629777
"4520",52,1,0.236150542126573,0.791072923232553,0.236150542126573
"6965",56,1,0.486243821212507,0.60373982965826,0.486243821212507
"5004",58,1,0.41856100720309,0.0289318818052073,0.41856100720309
"5366",58,0,-0.0170511683853124,-0.0170511683853124,0.387759223663549
"1579",52,0,0.74691885506834,0.74691885506834,0.639789070632651
"2048.1",54,0,0.59746035802112,0.59746035802112,0.543635733338849
"7918.2",54,1,0.111036642041757,0.671598149617323,0.111036642041757
"7183",54,0,0.9367316953467,0.9367316953467,0.56674514312055
"9473.2",60,0,0.386357223775476,0.386357223775476,0.390684514278905
"5578.1",60,1,0.174583745216872,0.244925165492341,0.174583745216872
"9185",52,0,0.645211815762099,0.645211815762099,0.960835224828201
"1521.1",54,0,0.630395138595957,0.630395138595957,0.241076413396609
"2302",58,0,0.281354465552361,0.281354465552361,0.817435810084375
"6157",60,1,0.786115202069193,0.0673960527947568,0.786115202069193
"2226",52,1,0.584997985211134,0.938414834790939,0.584997985211134
"4826",52,0,0.450008363735631,0.450008363735631,0.9371170683306
"5861",52,1,0.371888477798638,0.76441188943295,0.371888477798638
"8791",56,0,0.491581280788036,0.491581280788036,0.371497690918244
"7511",54,0,0.848996963752844,0.848996963752844,0.471442690972144
"2627",56,0,0.0905460900291354,0.0905460900291354,0.354062299260222
"2966",58,1,0.325187731855542,0.586660622273419,0.325187731855542
"9146",58,0,0.00138993531749654,0.00138993531749654,0.405918493597774
"8697",52,1,0.85128778777175,0.643321587581411,0.85128778777175
"1019",52,1,0.610680506972909,1.01539028363673,0.610680506972909
"1118",58,1,1.00287624152409,0.245799581961608,1.00287624152409
"9436",60,1,0.393332783738275,0.0527121726779295,0.393332783738275
"5664",52,1,0.883774260207918,1.20095318938067,0.883774260207918
"7691",58,1,0.517116815845745,0.0234410944145236,0.517116815845745
"29",58,0,0.400452802929207,0.400452802929207,0.457496037795301
"5664.1",52,1,0.883774260207918,1.20095318938067,0.883774260207918
"1141",52,1,0.638374562198965,1.17584503569654,0.638374562198965
"4559",58,1,0.66932261752174,-0.16125684867215,0.66932261752174
"9095",56,1,0.829982769571705,0.750589025774941,0.829982769571705
"4279.1",50,0,0.7022536158311,0.7022536158311,1.20776274707657
"9062",54,0,0.603173207800908,0.603173207800908,0.828584410076027
"1063",58,1,0.564550558312403,-0.254244812065993,0.564550558312403
"9544",56,0,0.486378812253082,0.486378812253082,0.569719920835043
"6179",54,1,1.0278752552644,0.547767661899468,1.0278752552644
"3529",58,1,0.232225841999543,0.378812742328215,0.232225841999543
"1881",54,0,0.44622133093947,0.44622133093947,0.653921758883242
"2309",54,0,0.422812271510241,0.422812271510241,0.646445879320767
"629.1",54,0,0.575490564940213,0.575490564940213,0.78445934849864
"4492",58,0,0.0847435838397512,0.0847435838397512,0.109604535219465
"7171",58,0,0.21518380153335,0.21518380153335,0.642644130811937
"8495",60,1,0.392651313241602,-0.0684693638869618,0.392651313241602
"1215",54,0,0.41556014948463,0.41556014948463,0.514795053883461
"9958",52,0,0.462476687827075,0.462476687827075,0.886782451272066
"7245",54,0,0.746929091604678,0.746929091604678,0.712128209756809
"6435",50,1,1.17699772820002,0.888002571024843,1.17699772820002
"574.2",50,0,1.01652845765663,1.01652845765663,1.12815891378314
"419",56,1,0.478449642210306,0.307481448546496,0.478449642210306
"1817",58,0,-0.203793791375622,-0.203793791375622,0.514909035045489
"454.1",52,0,0.242484721503156,0.242484721503156,0.723025122109423
"3420",52,0,0.5163445694646,0.5163445694646,0.533329943824461
"4947",60,1,0.373995181887295,0.117852820780631,0.373995181887295
"234",56,1,0.639305491649833,0.514791488760943,0.639305491649833
"8745",52,1,0.679741293680909,0.511045281130637,0.679741293680909
"671",58,1,0.464635077690636,0.587729230321035,0.464635077690636
"8478",52,0,1.11683336509413,1.11683336509413,1.25573508316481
"8506",60,0,0.536720275601231,0.536720275601231,0.974348267274142
"7071",58,1,0.248145396720408,0.227567314745534,0.248145396720408
"4490",56,1,0.792304284817093,-0.017389906987469,0.792304284817093
"6158.1",58,1,0.378325539565881,-0.226462704076709,0.378325539565881
"730",50,0,0.88267653149587,0.88267653149587,1.25749892087924
"4277",52,0,1.15567450375194,1.15567450375194,0.981459200480714
"5126",58,0,0.734179441639723,0.734179441639723,0.264077635313137
"1449.1",52,0,1.20973275878778,1.20973275878778,0.909175393601001
"7998",60,0,-0.0840439101380269,-0.0840439101380269,0.809478832119836
"2550.1",52,1,0.683240390549541,1.04409022794552,0.683240390549541
"8359.1",52,0,0.768166972884867,0.768166972884867,0.862095566235332
"7151.1",56,0,0.226706220278004,0.226706220278004,0.286821822975082
"1230.1",56,1,0.555829132531477,0.724144340785878,0.555829132531477
"1249.1",58,0,-0.13842288981941,-0.13842288981941,0.680323548631213
"347.1",54,0,0.615718821635573,0.615718821635573,0.767905509003436
"2872",58,1,-0.270367372371778,0.684989598956445,-0.270367372371778
"1346",52,0,1.32857129128886,1.32857129128886,0.841366828966277
"8483",52,1,1.38690193635174,0.870554448962218,1.38690193635174
"2274",52,0,0.615711761110402,0.615711761110402,0.796459761743493
"4785.1",56,0,0.376186424067929,0.376186424067929,1.04803500141114
"6400",60,0,0.114267814613201,0.114267814613201,0.715938101603278
"9800",58,0,0.591664330950037,0.591664330950037,0.0593524611520501
"6275",50,1,0.965898106623732,0.738796146863759,0.965898106623732
"349",54,0,0.689977880607441,0.689977880607441,0.497822242126993
"3793",54,0,0.346918523283485,0.346918523283485,0.780854986260172
"1355",52,0,0.775363606864423,0.775363606864423,0.736771159087423
"2517.1",56,1,0.627318875711818,0.627261425833057,0.627318875711818
"6286",56,0,0.548778142360595,0.548778142360595,1.03948916945612
"9119",60,1,0.53039891179103,-0.0206784668711644,0.53039891179103
"1572",56,0,0.178380996511659,0.178380996511659,0.654704134223323
"2365",54,0,1.1574101767225,1.1574101767225,0.491446045408567
"8383",56,0,0.275928837842581,0.275928837842581,0.259873641081274
"674",56,0,0.617010083608368,0.617010083608368,0.304607240302726
"3650",50,0,1.5600713233083,1.5600713233083,1.02432757237047
"3309.2",56,0,0.493892132282061,0.493892132282061,0.180084906423082
"6178",56,0,0.641961490090896,0.641961490090896,0.286846479455147
"9054",50,0,1.28978522494696,1.28978522494696,0.774680527214657
"5477",54,0,0.632279793207292,0.632279793207292,0.921943671542
"7882",60,0,-0.0349616287489924,-0.0349616287489924,0.724561203894155
"2854",50,0,0.896663738368226,0.896663738368226,1.2558162124003
"5579",50,1,0.844095675197965,1.29788676191011,0.844095675197965
"6640",58,0,-0.115609983371701,-0.115609983371701,0.764014896122137
"4556.1",50,0,1.25057555090478,1.25057555090478,0.907658357168148
"3094.1",58,1,0.448113668281318,-0.00116437917387857,0.448113668281318
"6988",52,0,0.754878325760454,0.754878325760454,0.626948935918325
"9275.1",56,0,0.502593915308037,0.502593915308037,0.0602239201682372
"8551",58,0,0.231116520999333,0.231116520999333,0.0169107353209007
"5285",58,1,0.545889494673843,-0.273173351578959,0.545889494673843
"6985",52,0,0.627961026238562,0.627961026238562,0.685259326122503
"2946",50,0,1.34264773901287,1.34264773901287,1.19699203328526
"2905",56,0,0.201791933573125,0.201791933573125,0.0575557606789923
"4478.1",52,0,0.744350132706306,0.744350132706306,1.00837121536182
"7439",52,1,0.797561987695397,0.691956045219386,0.797561987695397
"5448",60,0,-0.297348842016075,-0.297348842016075,0.394911115763526
"6902",56,1,0.820642574329038,0.523913620534772,0.820642574329038
"6499",56,0,0.892798137304856,0.892798137304856,0.381226843546713
"4727",54,0,0.706606670055352,0.706606670055352,0.774991377845729
"1028",52,1,1.18562468064741,0.163227350165944,1.18562468064741
"2790",54,0,0.813946832277978,0.813946832277978,0.593716647045858
"4409",52,0,0.705278424253405,0.705278424253405,0.979701249328827
"4980.1",54,0,0.277169420832998,0.277169420832998,0.727225328812961
"6603",52,1,0.556516528651506,0.640365495396853,0.556516528651506
"3359",58,0,0.134714927576163,0.134714927576163,0.573140233359397
"8699",54,0,0.703795704710071,0.703795704710071,0.870826344416986
"8268",54,0,0.69620620062094,0.69620620062094,0.81254132274508
"6810",56,1,0.95272419588705,0.207277202071508,0.95272419588705
"3610",52,0,1.11074925643283,1.11074925643283,0.964392459363937
"1621.1",56,1,1.19738315653615,0.811740896847216,1.19738315653615
"5879",52,0,0.535472155371169,0.535472155371169,0.806051023500669
"2409",58,0,0.106310334215689,0.106310334215689,0.82126079892458
"9854",60,0,-0.138924576398604,-0.138924576398604,0.960050040725554
"1392",52,0,0.575311193371561,0.575311193371561,0.926178216486536
"5040",56,1,0.360949780264269,0.323330446625042,0.360949780264269
"6330",56,0,0.57961129096327,0.57961129096327,0.434026654251279
"7694",56,0,0.472663975508246,0.472663975508246,0.24020903724401
"8919",52,0,1.03119458598191,1.03119458598191,0.747942265889846
"574.3",50,0,1.01652845765663,1.01652845765663,1.12815891378314
"3807.1",56,0,0.595247657982458,0.595247657982458,0.560979314486573
"7901",60,0,0.332490818749381,0.332490818749381,0.263264586106861
"1925",50,0,1.22560061576257,1.22560061576257,0.921720450904292
"6190",58,1,0.364009850077777,0.170156926928262,0.364009850077777
"850",54,0,0.504097672442636,0.504097672442636,0.827645139130231
"5584",54,0,0.526494740981119,0.526494740981119,0.712207213073119
"4113",50,1,1.22662708851471,0.86366958286767,1.22662708851471
"8370.1",58,0,0.402659296712914,0.402659296712914,-0.0169844466503661
"3445",60,1,0.30096850698394,-0.111612341047806,0.30096850698394
"374.1",52,0,0.849907605275288,0.849907605275288,0.956403611151609
"9025",54,0,0.766022263895437,0.766022263895437,0.583551151289835
"4757",58,0,0.51931992580096,0.51931992580096,0.908346966109571
"6723",60,1,-0.164330270932858,0.0956556501561135,-0.164330270932858
"5900",58,1,0.365237991045352,0.190035222957571,0.365237991045352
"2984",58,0,0.482007659400812,0.482007659400812,0.768027780242359
"7026",58,0,0.0674307131902406,0.0674307131902406,0.784758144408053
"1295",50,0,0.684537386995534,0.684537386995534,1.2221717474876
"8302.2",58,1,0.686917145941518,-0.00256593376055333,0.686917145941518
"4428",56,0,0.305921807717071,0.305921807717071,0.751048552360237
"5569.1",54,1,0.878283029189199,0.718297989292694,0.878283029189199
"8253",54,1,1.19066214609528,0.662281566591513,1.19066214609528
"8179.1",52,0,1.09861260244949,1.09861260244949,0.74091509449291
"1593.1",54,1,0.66230382589776,0.801291381706432,0.66230382589776
"9757.1",50,0,0.962773102851327,0.962773102851327,0.725134027749298
"857.2",52,0,0.666073866330545,0.666073866330545,0.743370176860783
"9273.1",60,0,0.251544517019113,0.251544517019113,0.363903343444689
"6304",58,0,0.0984261057618833,0.0984261057618833,0.336137699108477
"6763.1",56,1,0.213302020193602,0.724010588495738,0.213302020193602
"4091",60,1,0.841530671561414,-0.213194573216316,0.841530671561414
"7997",54,0,0.491902128958132,0.491902128958132,0.312313511366744
"5718",60,0,0.416839952482914,0.416839952482914,0.137515583002476
"5734",58,0,-0.293494753960138,-0.293494753960138,0.401955347807722
"2687",58,0,0.151721284597141,0.151721284597141,0.307075703540246
"183.1",58,1,1.05250917801495,0.387488354717724,1.05250917801495
"2248",52,1,0.783486430779617,0.419480517730387,0.783486430779617
"4072.1",60,0,-0.0148970300026732,-0.0148970300026732,0.435881489290709
"1615.1",58,0,0.151113586378767,0.151113586378767,0.483867185286761
"5783.1",58,1,0.038230090234348,0.194026306974106,0.038230090234348
"521",58,1,0.290387872088124,0.149479647788203,0.290387872088124
"7871",52,0,0.954763495759985,0.954763495759985,1.18485335262818
"3600",54,0,0.3685158823958,0.3685158823958,1.0088239914866
"532",50,0,1.21163440321833,1.21163440321833,0.914903139768686
"5907",58,1,0.703092835725064,0.369917669441244,0.703092835725064
"7462.1",52,0,0.551067735565916,0.551067735565916,0.6646538760547
"7818.1",50,0,1.6221660410102,1.6221660410102,1.28459287324292
"8381",58,0,0.140712746274435,0.140712746274435,0.473231457966143
"6826.2",52,0,1.4305739209811,1.4305739209811,0.727846735882329
"4881",52,1,0.580936940272439,0.795570276646966,0.580936940272439
"6075.2",54,1,1.00232182987371,0.735027378114287,1.00232182987371
"2356.1",52,0,1.06450907132862,1.06450907132862,0.75001275995233
"8054.1",58,0,0.328501965197001,0.328501965197001,0.452017805576799
"7441",54,1,0.594627005361949,0.887661423188581,0.594627005361949
"7895.1",58,0,-0.163582787327918,-0.163582787327918,0.285145933135622
"9366.1",54,0,0.706070312908842,0.706070312908842,0.2318145900106
"4548",52,0,0.929082343285638,0.929082343285638,1.19291685787879
"3049",52,0,0.814148163735707,0.814148163735707,0.766359978261296
"7415",58,0,-0.0680016893557151,-0.0680016893557151,1.0561062942556
"7999.1",52,0,0.526112067933503,0.526112067933503,0.509637671019503
"2797",56,0,0.241233547829158,0.241233547829158,0.486025333335633
"7982",50,0,1.09029879977896,1.09029879977896,0.862203513489406
"7975",52,0,0.987046331522871,0.987046331522871,1.36167852598902
"9173",52,0,1.29702261083222,1.29702261083222,0.726038530024415
"1061",52,0,0.731109104157677,0.731109104157677,1.10294795034397
"2999.1",52,0,0.703414615773508,0.703414615773508,0.553116548548604
"8064",56,0,0.3735133167104,0.3735133167104,0.734156683257436
"3709",50,1,0.718520036357186,0.516025578684284,0.718520036357186
"7136.1",58,1,0.774430683122555,0.645722281984908,0.774430683122555
"962",54,0,1.06311053517252,1.06311053517252,0.81590378550083
"8087",54,0,0.67259667780436,0.67259667780436,0.382692846688074
"8931",50,0,0.958483246924252,0.958483246924252,1.4468971030149
"4214",56,1,0.37590218619754,0.25815818337832,0.37590218619754
"8356",54,1,0.893675694548182,1.07847806660031,0.893675694548182
"4505",52,0,1.00339140213559,1.00339140213559,0.772305740922757
"8588",58,1,0.635147199305705,0.296147903345593,0.635147199305705
"2806",60,0,-0.285123359456508,-0.285123359456508,0.598571590140445
"3922",52,1,1.29705580321414,0.767291586544139,1.29705580321414
"510",56,0,0.437377256602512,0.437377256602512,0.134207131424751
"8516.1",52,0,1.0318119110085,1.0318119110085,1.28857826772647
"6928.1",58,1,0.600546220004922,0.847808603852552,0.600546220004922
"6099.1",52,1,0.663212556292445,0.821885728268716,0.663212556292445
"7892.1",58,1,0.554969838201254,0.622935224922325,0.554969838201254
"8017",60,1,0.359800740664459,0.0521596735294238,0.359800740664459
"1159.1",52,0,1.2986162478102,1.2986162478102,0.843449690672215
"1098",56,0,0.511299038152685,0.511299038152685,0.732065480187444
"4430",54,1,0.471670055321155,0.496134510064896,0.471670055321155
"4098",56,1,0.457007859068492,0.29274369049967,0.457007859068492
"3837",52,0,0.609181545871054,0.609181545871054,0.797912718142895
"5088.2",58,0,-0.261593747328738,-0.261593747328738,0.838739841502595
"7610",54,1,0.79863322394818,0.757595241077224,0.79863322394818
"3989.1",58,0,0.132172420787269,0.132172420787269,0.486961053698237
"8299",54,1,0.431794555507087,0.898650292543619,0.431794555507087
"9891",60,1,0.375343441609544,0.166827670611493,0.375343441609544
"3376",52,0,0.803477373423974,0.803477373423974,0.378101531399666
"37",58,1,0.575777430101437,0.291903523869643,0.575777430101437
"8672",58,0,-0.133023172513293,-0.133023172513293,0.205875619680757
"7043",52,1,0.659799939678132,0.501972108976285,0.659799939678132
"6070",56,0,0.83114069066449,0.83114069066449,1.16788171766404
"9678",54,1,0.870537905469997,0.804340002717965,0.870537905469997
"9387.1",58,1,0.230084501551383,-0.0429717820758179,0.230084501551383
"4477.1",52,0,0.622065875881297,0.622065875881297,0.515576192047698
"2718.1",60,1,0.913571486729383,0.456937436387109,0.913571486729383
"953",56,0,0.0549973921769364,0.0549973921769364,0.89427448762679
"8694",52,1,1.04153705083963,0.513870574124565,1.04153705083963
"270",52,1,0.647703590154343,0.973348941262664,0.647703590154343
"5603",54,0,0.710182573939582,0.710182573939582,0.351750583332584
"5552",58,0,0.0584791903422435,0.0584791903422435,0.556073218779493
"1113.1",50,0,0.503218708062729,0.503218708062729,0.872693299236187
"1919.1",50,0,0.737031105748094,0.737031105748094,0.987307223507156
"3948.1",58,1,0.758016830446046,0.375666070931931,0.758016830446046
"5051",50,0,1.16265305726209,1.16265305726209,1.08808936080494
"4198",60,0,-0.042261077457597,-0.042261077457597,0.352854811876206
"9750.1",52,0,0.660575112131391,0.660575112131391,0.943169529195034
"2861",52,0,0.800416466062974,0.800416466062974,1.08993585178652
"9113",56,1,0.716870477838854,0.0464437364226478,0.716870477838854
"2009",56,0,0.541873569328463,0.541873569328463,0.226762431877858
"7030",60,0,0.450224711440851,0.450224711440851,0.226967286050984
"6938",52,0,0.689627656844718,0.689627656844718,1.2067853781741
"8280.1",60,0,-0.23363069802893,-0.23363069802893,0.537739080756934
"1544.1",58,1,0.370853638864632,0.533535291830797,0.370853638864632
"8479.1",54,1,0.237219093522202,0.296847419362785,0.237219093522202
"9459",56,0,0.163847253745468,0.163847253745468,0.578924228736004
"5426",52,0,0.871670828472098,0.871670828472098,0.670011498463423
"6556",60,0,-0.150424144293059,-0.150424144293059,0.509911714242791
"8717.1",54,0,0.768903650181939,0.768903650181939,0.954649563634203
"5143",54,0,0.544640372985939,0.544640372985939,0.932875627462658
"4164.1",56,0,0.325287148083301,0.325287148083301,0.559043881017182
"5288",54,0,0.918554608717208,0.918554608717208,0.85698646731867
"4367",52,0,0.642990732211822,0.642990732211822,0.489222364016215
"1068",52,0,0.883089907172263,0.883089907172263,0.701255300795858
"1536.1",52,0,0.922750865466936,0.922750865466936,0.996034680981405
"2627.1",56,0,0.0905460900291354,0.0905460900291354,0.354062299260222
"4198.1",60,0,-0.042261077457597,-0.042261077457597,0.352854811876206
"760.1",54,0,0.716517111674743,0.716517111674743,0.513538754202434
"9553",50,1,1.07401027631509,0.662906566195283,1.07401027631509
"2863",58,0,-0.0552515686985624,-0.0552515686985624,0.160936931428026
"6863",56,1,0.38660760277691,0.092201722897663,0.38660760277691
"2742",58,1,0.429072209729089,0.4556445206132,0.429072209729089
"2254",52,0,0.782417512513182,0.782417512513182,0.678619751742612
"1695",56,1,0.59747129022794,0.258840214418906,0.59747129022794
"4005",60,0,-0.179512541542,-0.179512541542,0.628751501417643
"8757",56,0,0.451329813884557,0.451329813884557,0.361419890061294
"3397",58,1,0.959602489408627,0.0377081201929708,0.959602489408627
"9610",54,0,0.861999125237537,0.861999125237537,0.975930489210508
"4967",60,0,-0.0402403638548195,-0.0402403638548195,0.305836081801378
"3699.1",56,0,-0.233850405257165,-0.233850405257165,0.76277185130575
"8124",50,0,0.471705832165038,0.471705832165038,1.2884714414246
"7197",58,1,0.244459507658559,0.90047040955209,0.244459507658559
"7992",54,0,0.329689191140217,0.329689191140217,0.628117100975382
"7251",54,1,0.31998041482697,0.516033588913204,0.31998041482697
"1121",52,1,0.881871614885388,0.935231925067663,0.881871614885388
"1496",56,0,0.78148811176438,0.78148811176438,0.421394207354987
"7294",58,1,1.08337975805969,-0.0543541093829351,1.08337975805969
"6487",52,0,0.468606311866744,0.468606311866744,0.179540320037195
"6161",54,1,0.734837912860204,0.726465251601409,0.734837912860204
"2995",60,0,-0.026657578374027,-0.026657578374027,0.0835623928862517
"952",52,1,1.10857847329379,0.64807830856949,1.10857847329379
"9349.1",56,1,0.388716575418705,0.870977473825296,0.388716575418705
"41",58,0,0.380538071574149,0.380538071574149,0.988771554303352
"7774",54,0,1.12356421406038,1.12356421406038,0.442370915709823
"9608.1",54,0,0.687447583597307,0.687447583597307,0.453658574790698
"5197",58,0,0.388514560312403,0.388514560312403,0.44257544119656
"8166",60,0,0.160202676233781,0.160202676233781,0.291013409415747
"4463",52,0,0.774693098707202,0.774693098707202,1.38044715823083
"6652",58,0,0.30860878768124,0.30860878768124,0.274397613221607
"6752",54,1,0.784533744160439,0.817013159776317,0.784533744160439
"5030",58,0,-0.267483292858544,-0.267483292858544,0.499820904374516
"2240.1",58,1,0.647988896875219,0.325048293106504,0.647988896875219
"666.1",56,0,0.297496421497072,0.297496421497072,0.721788614149818
"6022.1",52,0,0.542340127344479,0.542340127344479,0.782232475501992
"4273.1",50,1,0.908271101605762,0.8847199767253,0.908271101605762
"1594",52,1,0.596880332323254,1.02539684786177,0.596880332323254
"1980.1",58,0,0.222359079919356,0.222359079919356,0.597340234508541
"9330",60,1,0.381669534591784,0.061409792800505,0.381669534591784
"6234",58,1,0.698276894897675,0.0395660753890435,0.698276894897675
"3924",54,0,0.053105178442746,0.053105178442746,0.523250567090879
"321",56,0,0.12499767950441,0.12499767950441,0.229695880852722
"4781",56,0,0.390493316006374,0.390493316006374,0.313223267308618
"5748",54,0,0.208247916937475,0.208247916937475,1.10558284554209
"7632",52,0,0.91709486797035,0.91709486797035,0.786688014632314
"2564",52,0,1.03207511529889,1.03207511529889,0.496758925829509
"8463.1",58,1,0.417463893661065,-0.467490000601295,0.417463893661065
"3125",54,1,0.660923345796828,0.247714781482536,0.660923345796828
"2895.1",50,1,1.02741809527516,0.650633917154466,1.02741809527516
"6030",60,0,0.22994117199473,0.22994117199473,0.786111788998361
"3780.1",50,0,0.601340482500143,0.601340482500143,0.868395325919806
"4952",54,0,0.428925811916172,0.428925811916172,0.493773495868134
"5295",54,1,0.916296895333213,0.514206133475248,0.916296895333213
"5243",58,1,0.141431337491734,-0.110046212139664,0.141431337491734
"7929",58,0,0.353969308607975,0.353969308607975,0.575501889922073
"6145.1",60,1,0.304468498108905,0.0785916394484831,0.304468498108905
"133",50,0,0.979516840868223,0.979516840868223,1.0713051120374
"7205",50,0,1.13480957036509,1.13480957036509,1.17466378937237
"9221.1",54,0,0.129746146926707,0.129746146926707,0.709290969980904
"1457",56,0,0.0133872978497889,0.0133872978497889,0.586883035592047
"9056.1",52,1,1.00545590358484,0.774997866947523,1.00545590358484
"241.1",54,1,0.744331962092897,0.392396351267675,0.744331962092897
"835",54,0,0.797862116162585,0.797862116162585,0.874739106967475
"1943",58,1,0.611610514948728,-0.0896068420982583,0.611610514948728
"7633.1",58,0,0.0639526613289921,0.0639526613289921,0.373350404428051
"4545",52,1,0.791666252483155,0.63337530354475,0.791666252483155
"4002.1",56,0,0.648388433733919,0.648388433733919,0.417714433448774
"5053",52,1,0.732423795858255,0.61791289591739,0.732423795858255
"8889.2",58,0,-0.0245501276691547,-0.0245501276691547,0.485212497450173
"9258.1",50,1,0.750132859959738,1.35273366006971,0.750132859959738
"3799",58,0,-0.172619760417379,-0.172619760417379,0.595823322442144
"3395",50,0,1.31120217190526,1.31120217190526,1.02700330030921
"2895.2",50,1,1.02741809527516,0.650633917154466,1.02741809527516
"5317",56,0,0.133487503041034,0.133487503041034,-0.0777649456084623
"9259",56,0,0.560256462080704,0.560256462080704,0.192179778533223
"6949.1",52,1,1.01034779832855,0.601507661651644,1.01034779832855
"5719",54,0,0.264456332480308,0.264456332480308,0.678775251640774
"6015",54,0,0.534442174439782,0.534442174439782,0.12625450596187
"505",54,0,0.366084158267314,0.366084158267314,0.515420499114348
"1326.1",56,0,0.672089396876604,0.672089396876604,0.750341571797002
"9837",50,1,0.752613381577418,1.08349177092671,0.752613381577418
"3562",56,1,0.33565191464443,0.292193556416696,0.33565191464443
"6152",54,0,1.02373113001517,1.02373113001517,0.633119780730546
"8466.1",56,0,0.189583294171441,0.189583294171441,0.665161568721178
"6785",58,0,0.118468185389564,0.118468185389564,0.310796963154275
"7382",60,1,0.755136277479811,-0.156393412817046,0.755136277479811
"304",54,0,1.15072410504784,1.15072410504784,0.564980538789524
"8011",58,0,-0.000122138858935084,-0.000122138858935084,0.634454993017274
"7903.1",56,1,0.90695173712078,0.471089334443074,0.90695173712078
"736",52,0,0.98644164862234,0.98644164862234,0.70256501559966
"4684",52,1,0.606400387000233,0.931231485231143,0.606400387000233
"4232",56,0,0.529490599377194,0.529490599377194,0.391536174665763
"4770",58,1,0.572230584725812,0.106845621292313,0.572230584725812
"6659.1",52,1,0.922248912814794,0.455778446841091,0.922248912814794
"7090",58,1,0.398289264955711,-0.150520531924109,0.398289264955711
"9771",54,0,0.919186418758051,0.919186418758051,0.50616316779633
"4962",56,1,0.927001656843269,0.493586684082721,0.927001656843269
"4052.1",50,0,0.658202248157499,0.658202248157499,0.959211602855744
"5581",52,0,1.15208741006054,1.15208741006054,0.895838056741084
"6829",52,1,0.950086441132362,0.466198747011615,0.950086441132362
"1446",52,1,0.854788746588777,1.14096397222597,0.854788746588777
"7838",50,0,0.985713996730818,0.985713996730818,0.783079959790927
"2359",54,0,0.457960344571086,0.457960344571086,0.437560729838896
"1674.1",52,1,0.67046030928732,0.318390114640887,0.67046030928732
"8481",58,0,0.352226366932372,0.352226366932372,0.803499579711225
"5624",54,1,0.841820699920826,0.222944757446763,0.841820699920826
"9418.1",60,0,0.427943055248376,0.427943055248376,0.579324186425821
"5465.1",60,0,0.053292732052591,0.053292732052591,0.526264962440597
"928",52,0,1.07784000154137,1.07784000154137,0.76874721163522
"7503",50,0,1.41156766319193,1.41156766319193,1.01227783306622
"7138",58,1,0.504488530255198,-0.381078900500026,0.504488530255198
"7350.1",58,1,0.336674630228072,0.184878997028482,0.336674630228072
"5298",58,0,0.402581339611328,0.402581339611328,0.86549024577429
"1373.1",52,0,0.70319858221499,0.70319858221499,1.0453565490362
"6860.1",54,0,0.455612527078758,0.455612527078758,0.908568834756953
"7058",54,0,0.695638266404169,0.695638266404169,0.724277038758148
"2638",52,0,0.6189585918868,0.6189585918868,0.652281063521902
"8321",52,0,0.502082029590906,0.502082029590906,0.498730730778405
"6655",56,1,0.626718886954222,0.722967265729415,0.626718886954222
"6204",52,0,0.965590537794403,0.965590537794403,0.64060883088035
"3420.1",52,0,0.5163445694646,0.5163445694646,0.533329943824461
"2356.2",52,0,1.06450907132862,1.06450907132862,0.75001275995233
"1038.1",56,0,0.413253523484965,0.413253523484965,1.26192323075852
"6692",56,0,0.132773478128398,0.132773478128398,0.754990501113903
"1099",56,0,0.279775405940571,0.279775405940571,0.847298237289385
"6079",60,1,0.702486908230307,-0.00344943639739026,0.702486908230307
"8544.1",52,0,0.791371507526504,0.791371507526504,0.841887647498288
"6633",58,0,0.685279881730162,0.685279881730162,0.729876553572917
"5117",52,0,0.603868330792247,0.603868330792247,0.878724137163406
"4237",52,0,0.902281018708933,0.902281018708933,1.02542783252207
"8418",56,0,0.432341075932563,0.432341075932563,0.392956609820922
"1056.1",52,1,1.06192230544207,0.653381117182597,1.06192230544207
"5364",56,0,0.846607163282185,0.846607163282185,0.633415771181934
"1279",58,0,0.350466608010458,0.350466608010458,0.786550728913899
"1245",60,1,0.536399462610962,0.35425441679739,0.536399462610962
"762.1",52,0,0.642311230925178,0.642311230925178,1.07991643005016
"3562.1",56,1,0.33565191464443,0.292193556416696,0.33565191464443
"5659.1",50,0,0.960353518416822,0.960353518416822,0.663312983826139
"2960",50,1,0.725444140767635,1.48892987810652,0.725444140767635
"3181",52,1,1.02553992974481,0.74535803221308,1.02553992974481
"4045",52,1,1.10077042769092,0.9511576398928,1.10077042769092
"6255.1",58,1,0.799053646043743,0.332939458590211,0.799053646043743
"601",58,1,0.0759332962719607,0.419677871269496,0.0759332962719607
"274.1",52,0,1.20995817740653,1.20995817740653,0.650225880883096
"713",52,0,0.634456802604227,0.634456802604227,0.823845585924436
"525.1",54,0,0.531702411562471,0.531702411562471,0.656942359848315
"9879",54,1,0.478480963645147,0.684130468617874,0.478480963645147
"2821",58,0,0.233349453598296,0.233349453598296,0.4757411299043
"3915",58,1,0.646043929224977,-0.103972504899269,0.646043929224977
"2122",52,0,0.665559719389002,0.665559719389002,0.82892474094928
"7749.1",50,0,1.27594039481658,1.27594039481658,0.632149941475946
"6817",54,0,0.200022410798261,0.200022410798261,0.405087409002636
"2310",58,0,0.258895348423738,0.258895348423738,0.360259248142237
"3649",60,1,0.427610726702078,0.069316741471821,0.427610726702078
"4910",56,0,-0.121915151838131,-0.121915151838131,-0.181353269731336
"5581.1",52,0,1.15208741006054,1.15208741006054,0.895838056741084
"3124",54,0,0.555788632667798,0.555788632667798,0.999151635368816
"6194",54,1,0.522042780530809,0.232519879596219,0.522042780530809
"2476",56,0,0.576674848489768,0.576674848489768,1.14168821984289
"788",52,0,0.993856212044982,0.993856212044982,1.01532951153194
"9394",58,0,0.0869051449484052,0.0869051449484052,0.415403393847166
"1832",60,0,-0.293789993144504,-0.293789993144504,0.183495451805683
"2095",56,0,0.638382917411237,0.638382917411237,0.822803115576145
"7637",58,1,0.580537650407371,0.302145025008494,0.580537650407371
"6866",56,0,0.375387121614973,0.375387121614973,0.210890692763471
"9310.1",52,0,0.793184230863006,0.793184230863006,0.592887125320986
"8471",54,0,1.04517289598732,1.04517289598732,0.712750824505672
"4744",52,0,0.329934588188319,0.329934588188319,0.637468161715757
"6161.1",54,1,0.734837912860204,0.726465251601409,0.734837912860204
"5364.1",56,0,0.846607163282185,0.846607163282185,0.633415771181934
"7236",54,0,0.505681235027475,0.505681235027475,0.65218209015646
"1740",50,1,0.876895756559072,0.875219563506745,0.876895756559072
"993",56,1,0.979476502648773,0.124012364496184,0.979476502648773
"4196",52,0,0.199604370654451,0.199604370654451,0.862468587010317
"4607",52,0,0.820214884027311,0.820214884027311,0.886724027172779
"9730",56,1,0.187421880949054,0.893826128414034,0.187421880949054
"7565",58,0,0.652485204067251,0.652485204067251,0.627800826485914
"7586.1",56,1,0.397403623366254,0.260528182750852,0.397403623366254
"7689.1",54,0,0.931105806705289,0.931105806705289,0.751634947462892
"7379",56,0,0.450511383610183,0.450511383610183,0.897226976037364
"4081",54,0,1.13095553393404,1.13095553393404,0.889168955486561
"9254",50,0,1.29585774067298,1.29585774067298,1.03799100735689
"4001.1",52,1,0.988901378374839,0.93081667249034,0.988901378374839
"6341",54,1,0.453259165722506,0.999713022511909,0.453259165722506
"6155",60,0,-0.0855812050778942,-0.0855812050778942,0.788478490709672
"550",58,0,0.553857540221962,0.553857540221962,0.608483356367206
"833",58,1,0.217869233377771,0.502092502215036,0.217869233377771
"3802.1",58,1,0.430602993253028,0.0798015216403574,0.430602993253028
"847",50,0,1.26176391316278,1.26176391316278,1.17594515052498
"5220",58,0,0.193201296332834,0.193201296332834,0.360158680708635
"5695.1",56,1,0.871672120709744,0.193574112010417,0.871672120709744
"3415",54,0,0.511026246681874,0.511026246681874,1.05117718344218
"3048.1",52,0,1.04961077993603,1.04961077993603,0.718168976591407
"6382.3",54,0,0.164832917817263,0.164832917817263,1.02209354688694
"7049",56,1,0.437813666877684,0.505038781377022,0.437813666877684
"1137",52,0,1.02749381337359,1.02749381337359,0.767078479913719
"8736",54,1,0.37610444609896,0.601151082342062,0.37610444609896
"9918.2",58,0,0.326215871014635,0.326215871014635,1.10483432413304
"9139",54,0,0.414036206253022,0.414036206253022,0.97452452698241
"2048.2",54,0,0.59746035802112,0.59746035802112,0.543635733338849
"456",56,1,0.3098903353329,0.202982899941873,0.3098903353329
"9302",54,0,0.59610948600028,0.59610948600028,0.45141097268354
"4383",58,0,-0.0184148004560697,-0.0184148004560697,0.769432157894913
"8262.2",54,1,0.910224491631546,0.757603079128502,0.910224491631546
"8233.1",50,0,1.34323008993353,1.34323008993353,0.797423850364072
"147",52,0,0.951727257251888,0.951727257251888,0.86968111612535
"8730",56,0,0.223471324201152,0.223471324201152,0.762358646929317
"5828.1",54,0,0.875902141907535,0.875902141907535,0.805015425649501
"9733",58,0,0.18924251328487,0.18924251328487,0.900183881149844
"1075",60,1,0.544563119843749,-0.185575333424816,0.544563119843749
"1718",50,1,0.64023980187606,1.22561769941313,0.64023980187606
"74",54,0,0.605518014445143,0.605518014445143,0.691461272730408
"8938",54,1,0.28827929366225,0.927382312153471,0.28827929366225
"5690",58,1,0.304326042967419,0.114539623753282,0.304326042967419
"2066",56,1,0.373694502528607,0.95275416750585,0.373694502528607
"5324",56,1,0.546991620296777,0.423571581764073,0.546991620296777
"9683",56,0,0.177197360279419,0.177197360279419,0.477694933079879
"9753.1",58,0,-0.0745196354987575,-0.0745196354987575,0.391752996575631
"8610",50,1,0.585661594165043,1.31643456941197,0.585661594165043
"3944",54,1,1.13827486393792,0.129758350226081,1.13827486393792
"5039",54,0,0.440047496937244,0.440047496937244,0.677586812529737
"1370",56,0,0.0976371030758361,0.0976371030758361,0.705820642939231
"2018",50,0,1.2633764772008,1.2633764772008,0.805010607641227
"7868",56,1,0.386197466495381,0.466639158284175,0.386197466495381
"9431.1",58,1,0.571710809058418,-0.334169866409042,0.571710809058418
"9719",56,1,0.536510026359928,0.529910853302081,0.536510026359928
"1508.1",56,1,0.639845810667035,0.349539811448917,0.639845810667035
"3114",54,0,0.107622265236628,0.107622265236628,0.952222010982507
"9528",54,1,1.0100853646024,0.771946053861222,1.0100853646024
"7446",58,0,-0.065447835220453,-0.065447835220453,0.119496141826516
"9167",54,0,0.701147200674254,0.701147200674254,0.800694600901803
"5866.1",52,0,0.843682204800521,0.843682204800521,0.575488706505893
"2659",52,1,0.692517005147083,1.35302220247955,0.692517005147083
"5663",60,1,0.452117353357587,-0.0255985282198112,0.452117353357587
"1429",54,0,0.201271383575779,0.201271383575779,1.30005502316522
"495",54,1,0.914529486479462,0.919737844559711,0.914529486479462
"2756",54,0,0.408771910501751,0.408771910501751,0.812118450380621
"514",58,0,0.0869617558129758,0.0869617558129758,0.432150520677735
"6954",58,1,0.89602561556254,0.259818388519332,0.89602561556254
"6109",52,0,0.978384477703636,0.978384477703636,0.558365857756881
"2496",60,1,0.727802652858362,0.268740185939843,0.727802652858362
"8955",54,0,0.470504301108661,0.470504301108661,0.907965768115465
"4692",56,0,0.613840863460611,0.613840863460611,0.74348454996471
"7170",58,1,0.766771530581131,0.481143988074901,0.766771530581131
"1614.2",58,1,0.147626010449071,0.0669180655414322,0.147626010449071
"6462.2",60,1,0.507645684198065,-0.429399956922132,0.507645684198065
"3634",54,0,0.61251349973688,0.61251349973688,0.860240110347836
"3846",52,0,0.63580037894579,0.63580037894579,0.708756019719463
"1827",56,0,0.721827884768443,0.721827884768443,0.431386668937153
"9273.2",60,0,0.251544517019113,0.251544517019113,0.363903343444689
"9523",58,1,0.627976786190501,0.506586494221707,0.627976786190501
"9755",58,1,0.0884762553637804,0.422606625130107,0.0884762553637804
"3276.1",58,0,0.374278123464439,0.374278123464439,0.501510864862702
"9323.1",54,0,0.648583559781234,0.648583559781234,1.11130428980199
"4496",58,0,0.428588369023764,0.428588369023764,0.855502249149764
"7510",54,0,0.368898054913793,0.368898054913793,0.130015981455623
"4364.1",58,0,0.113796587706694,0.113796587706694,0.584531975773072
"6652.1",58,0,0.30860878768124,0.30860878768124,0.274397613221607
"9345.1",60,1,0.967255977227586,0.037194544724667,0.967255977227586
"465",52,1,0.797686572958063,1.15113111346862,0.797686572958063
"6830",58,0,0.236531821586394,0.236531821586394,0.587873151329817
"192.1",54,0,0.477090383303512,0.477090383303512,0.477881250755251
"8660.1",52,0,1.0099677685935,1.0099677685935,0.877306307960477
"8691",52,0,1.15766767511248,1.15766767511248,1.2909368653513
"7880",50,0,0.560274843326388,0.560274843326388,0.785866745241192
"7614",54,1,0.346331246712255,0.74560338833649,0.346331246712255
"9160",50,1,1.26829011153773,0.917312104838268,1.26829011153773
"4658",58,0,0.373430015302661,0.373430015302661,0.814164596951621
"8207.1",54,0,0.51314129532265,0.51314129532265,0.7010271413281
"693.1",58,0,0.320097011893458,0.320097011893458,0.872678747594312
"4994.1",50,0,1.40489180765857,1.40489180765857,1.1958341223895
"9717",56,1,0.467470018030042,0.0215235603653322,0.467470018030042
"5230",58,0,-0.160698574296593,-0.160698574296593,0.62441683764402
"7350.2",58,1,0.336674630228072,0.184878997028482,0.336674630228072
"2554.1",58,0,0.420739450882164,0.420739450882164,0.515554151344299
"5016.1",54,0,0.41157188112357,0.41157188112357,0.756423704387756
"2869",58,0,0.0512129993062102,0.0512129993062102,0.303174817698383
"5951.1",56,1,0.547827954611456,0.0672915715228785,0.547827954611456
"6323",56,0,0.340311630172383,0.340311630172383,0.699338995672987
"514.1",58,0,0.0869617558129758,0.0869617558129758,0.432150520677735
"3730.1",50,0,0.618771904374215,0.618771904374215,1.15777729862332
"1210",56,0,0.333443543163956,0.333443543163956,0.902229869225674
"8464",60,0,-0.142791056615283,-0.142791056615283,0.135262591599062
"9582",52,0,0.516780645312252,0.516780645312252,0.723067800598811
"2000.1",54,0,0.510740174476087,0.510740174476087,1.05435871742126
"1077",58,0,0.0189754122886096,0.0189754122886096,0.85003502987617
"7688.1",56,0,0.431735094037175,0.431735094037175,0.43564217690759
"3943",52,1,1.23007139832227,0.561957931105594,1.23007139832227
"3277",56,0,0.335891725102666,0.335891725102666,0.891471743614557
"2523",52,0,0.828939316409559,0.828939316409559,1.02897679970267
"4922",58,0,0.254061501542521,0.254061501542521,0.484264752338032
"9493",58,1,0.786048012995517,0.290873450204096,0.786048012995517
"8616",54,0,0.584499068657149,0.584499068657149,1.03348505838594
"3097.1",58,1,0.7298311960232,0.139923094582319,0.7298311960232
"839",60,0,-0.113465033607181,-0.113465033607181,0.488937272006228
"9725",52,0,0.727870140359169,0.727870140359169,1.30775814391627
"7155",60,1,0.42515209484908,0.0738930087549472,0.42515209484908
"9849",54,0,0.0898134995055418,0.0898134995055418,1.1725853550346
"6433",58,1,0.610119562459263,0.161198434197827,0.610119562459263
"4035",52,1,0.874696357173665,0.729148770678455,0.874696357173665
"9073.1",52,1,0.525298360280407,0.786657522801355,0.525298360280407
"8779",58,0,-0.0930416584026697,-0.0930416584026697,0.436559061405955
"4709",56,1,-0.0157553900530623,0.147998874391062,-0.0157553900530623
"1318.1",52,0,0.832383029108546,0.832383029108546,0.899822051588177
"7572.1",50,0,1.07391022840039,1.07391022840039,1.28237343072258
"2062.1",56,0,0.512074314224554,0.512074314224554,0.813433761171295
"4699.1",58,0,-0.0769194180163119,-0.0769194180163119,0.390982364787361
"1038.2",56,0,0.413253523484965,0.413253523484965,1.26192323075852
"5970",60,1,0.680458173294271,-0.457292717091291,0.680458173294271
"8348",50,0,0.866162442627333,0.866162442627333,1.05580412829339
"3280.1",54,0,0.418491314002237,0.418491314002237,-0.047963545955534
"3138",58,1,0.450732875724163,0.119126648606276,0.450732875724163
"830",58,0,0.30895219383667,0.30895219383667,0.394752144298924
"8239",54,0,0.560362513653926,0.560362513653926,1.07314998379138
"1544.2",58,1,0.370853638864632,0.533535291830797,0.370853638864632
"592.1",52,1,0.878676846492603,0.790258976876212,0.878676846492603
"4215",54,1,1.18722558666007,0.508072854342452,1.18722558666007
"2126.1",56,1,0.648781932042594,0.538030448968321,0.648781932042594
"4202",52,1,0.845370433681574,0.791699460080166,0.845370433681574
"2364.1",54,1,0.445221772044321,0.236591303759415,0.445221772044321
"852",58,0,0.336203038903519,0.336203038903519,0.593327573311655
"5269",52,0,0.16804978380292,0.16804978380292,1.27623828621458
"8904",58,1,0.324074135277699,-0.0823076007598023,0.324074135277699
"5829",60,1,0.432931506240072,0.164696456710644,0.432931506240072
"1036",52,1,0.814134832337599,0.844268411244903,0.814134832337599
"8376",56,0,0.201441308620542,0.201441308620542,0.676385961016677
"4482.1",56,1,0.581250650966188,0.317006929402974,0.581250650966188
"8076",54,1,0.8258015016162,0.765496320418332,0.8258015016162
"2689.2",60,0,0.302217609849051,0.302217609849051,0.25308796001296
"8554",54,0,0.347967248324457,0.347967248324457,0.774363686602768
"9331",52,0,0.541094457857738,0.541094457857738,1.22914318963338
"4284",58,1,0.685604809737886,-0.00807343814364217,0.685604809737886
"1929",50,0,1.27507550977844,1.27507550977844,0.963726320002867
"6534",52,0,0.910680678628286,0.910680678628286,0.600528310857219
"8624",52,0,0.904718503710953,0.904718503710953,0.877302985000142
"5542",56,1,0.817940690682516,0.624774053766158,0.817940690682516
"2262.1",54,0,0.283948538833483,0.283948538833483,0.776307995455739
"7774.1",54,0,1.12356421406038,1.12356421406038,0.442370915709823
"6848",58,0,0.115063952049337,0.115063952049337,0.827488848623966
"3563",50,0,0.79565049859567,0.79565049859567,1.37139219257272
"5318",58,1,0.555197679333227,0.0112513998829827,0.555197679333227
"8183",54,1,0.980490871669721,0.359374525699875,0.980490871669721
"4498",58,0,-0.0128335940608903,-0.0128335940608903,0.246422534833916
"6029.1",56,1,0.85749922477619,0.316015186222319,0.85749922477619
"6574.1",54,1,0.6876701371364,0.302220503222431,0.6876701371364
"6471",54,0,0.732249954499944,0.732249954499944,0.638416098938764
"4418.1",54,0,0.523447071138847,0.523447071138847,0.541583310089755
"8092.1",58,0,0.144616674094038,0.144616674094038,0.352747865476279
"3460.2",50,1,1.17672683465478,0.723663416700598,1.17672683465478
"9435",50,0,0.910729647541137,0.910729647541137,0.979205936862887
"5411",54,1,0.19007495157621,0.366785532196423,0.19007495157621
"1386",54,1,0.915423922033889,0.171213263383051,0.915423922033889
"9716.1",56,0,0.571969567089656,0.571969567089656,0.458866441955095
"3757",54,0,0.687712452898549,0.687712452898549,0.847071567076758
"8413.1",54,1,0.56721710658376,0.462609872815458,0.56721710658376
"750",56,0,0.8264176237961,0.8264176237961,0.822384458098673
"4494.1",50,1,1.53561442223266,0.92716060876637,1.53561442223266
"5582",56,0,0.30114282476685,0.30114282476685,0.17518902516988
"1201",54,0,0.306264764728745,0.306264764728745,0.0991437931270995
"7073",58,1,0.201259419058933,0.303948727295061,0.201259419058933
"2591.1",54,0,0.730423778069602,0.730423778069602,0.346127674213423
"693.2",58,0,0.320097011893458,0.320097011893458,0.872678747594312
"7235.1",54,0,0.412136766437853,0.412136766437853,0.530504424115893
"8009.3",50,0,0.62982676589898,0.62982676589898,0.665642113629667
"5847",54,0,0.596831190914839,0.596831190914839,0.725057368129363
"7290",54,0,0.73419143002315,0.73419143002315,1.38162479736431
"7841",50,0,1.09663829408599,1.09663829408599,1.16183247156374
"3905",50,0,0.871132973010169,0.871132973010169,0.859289522152774
"8613.1",58,1,0.590252637569881,0.0289249824804884,0.590252637569881
"5323",58,1,0.967693776888499,0.742589076272215,0.967693776888499
"4549",56,1,0.642079996249556,0.109444154116697,0.642079996249556
"1315",56,0,0.481324726044752,0.481324726044752,0.352592076946482
"868",56,1,0.869116339074356,0.222051505668176,0.869116339074356
"9857",58,0,0.450224853081347,0.450224853081347,0.370912538886129
"820.2",58,0,0.435482072080889,0.435482072080889,0.335460663129041
"2536.1",58,1,0.31513846578234,0.193405530712595,0.31513846578234
"8430",52,1,0.65564254282025,0.54078618395176,0.65564254282025
"520",56,1,0.288014614605436,0.344354540603876,0.288014614605436
"2594",54,0,0.396377320981794,0.396377320981794,0.439268237064844
"6932",56,0,0.951864876904193,0.951864876904193,0.331850327941948
"3893",50,0,0.862795303870322,0.862795303870322,0.928294722868534
"4655",60,0,-0.17434373630686,-0.17434373630686,0.700722717148442
"4559.1",58,1,0.66932261752174,-0.16125684867215,0.66932261752174
"9875",58,1,0.584021859922756,0.0938311059083811,0.584021859922756
"9246",60,0,-0.0597523379330466,-0.0597523379330466,0.329710769612297
"4043",52,0,0.769220913896561,0.769220913896561,1.15842931626857
"2181",60,1,0.60856052842815,-0.553036509051828,0.60856052842815
"2139",56,0,0.420563769446073,0.420563769446073,0.458137638304267
"945",54,1,0.671737324920257,0.211834798249354,0.671737324920257
"6992.1",60,0,-0.125101182111557,-0.125101182111557,0.384071146713564
"1490",58,0,0.329370613903047,0.329370613903047,0.627387612033316
"4447.1",58,0,0.240377394982325,0.240377394982325,0.421169164881223
"2403",60,0,-0.00141614837660371,-0.00141614837660371,0.346993985713476
"38",52,0,0.697367459549915,0.697367459549915,1.04070971257269
"4063.1",54,0,0.349514864238864,0.349514864238864,0.381013970025641
"5217",50,0,0.939514193268958,0.939514193268958,1.07521898400462
"7310.2",54,0,0.560985789373988,0.560985789373988,0.158284566217968
"9049",56,1,0.825374086306787,0.435115387507601,0.825374086306787
"1700",50,1,1.27387812157388,0.924006728577765,1.27387812157388
"7149",54,0,0.542820267342534,0.542820267342534,0.466640025641242
"2129",50,1,0.86580688139637,0.888250736276424,0.86580688139637
"344",54,0,0.841817320182115,0.841817320182115,0.735986103942119
"8941",52,1,0.268550375651927,0.804399634074703,0.268550375651927
"2097",56,1,0.657211491085251,0.671324626625629,0.657211491085251
"3889",52,0,0.946162618989873,0.946162618989873,0.544784555881562
"615",58,1,0.429472411222341,0.186029821653442,0.429472411222341
"4939",50,1,0.852988643978392,0.954760792814761,0.852988643978392
"4350",60,0,-0.0563136111682283,-0.0563136111682283,0.386361878839152
"6868",58,0,0.382375921759325,0.382375921759325,0.491167657467826
"1284",58,1,0.759359887760249,0.133882733733857,0.759359887760249
"9897",52,0,0.639659823283263,0.639659823283263,0.988854584180417
"9307.1",60,1,0.665836679930384,-0.150866495681351,0.665836679930384
"3832.1",58,1,0.644300543842234,0.0288196800624013,0.644300543842234
"5.1",52,1,1.07967391293352,0.674890122064522,1.07967391293352
"2844.1",54,1,0.918437795930046,0.743076246399447,0.918437795930046
"7862",52,0,0.86475508890359,0.86475508890359,1.41821976584651
"8528",56,1,0.951579518627288,0.589508266920886,0.951579518627288
"7228.2",56,1,0.892379515993034,0.513812473577586,0.892379515993034
"5567",60,1,1.16258135192875,0.40653429632644,1.16258135192875
"7146",58,1,0.227662961375541,0.132120614368052,0.227662961375541
"2994",56,1,1.0923716534906,0.203395583829636,1.0923716534906
"9646.1",52,0,0.939055100452743,0.939055100452743,0.785393620324871
"9465",54,1,0.366673697796606,1.03775221456039,0.366673697796606
"1153",58,1,0.480863413895798,0.45424102461841,0.480863413895798
"3497.1",54,0,0.73314643290726,0.73314643290726,0.948870122816862
"2216.1",56,1,0.24235753680165,0.351255446350094,0.24235753680165
"3021",50,0,0.762671485787428,0.762671485787428,0.739131019553663
"5804",56,0,0.726163931045091,0.726163931045091,0.88296011933564
"6554",56,0,0.565881298117467,0.565881298117467,0.633763828466955
"3092",56,0,0.258441379980593,0.258441379980593,0.0504972871149387
"3287",58,0,0.256599616099203,0.256599616099203,1.1017026396639
"1745",52,0,0.868682718726046,0.868682718726046,0.896869231360959
"9942",56,1,0.461277451074639,0.156632069173648,0.461277451074639
"9992",60,0,0.116516538441674,0.116516538441674,1.08498131501646
"462",54,0,0.826981969126685,0.826981969126685,0.361102901986278
"8988",50,0,0.95168773164767,0.95168773164767,0.653533726552476
"926",58,1,0.641487320655085,0.284741042396827,0.641487320655085
"6912.1",56,0,0.233201825626501,0.233201825626501,0.0470163014021833
"1669.1",56,1,0.469342039320993,0.521313854030679,0.469342039320993
"9805",56,1,0.460747674386906,0.255432273620678,0.460747674386906
"1973",52,0,0.529025036764973,0.529025036764973,0.962642865649774
"4785.2",56,0,0.376186424067929,0.376186424067929,1.04803500141114
"4524",58,1,0.803686501296534,0.319859303915998,0.803686501296534
"1702.1",56,0,0.239844503346049,0.239844503346049,0.793417478595985
"8143",58,1,0.623998838669341,0.750097036466242,0.623998838669341
"2101",56,1,0.860222730256852,0.427874844784092,0.860222730256852
"2270",60,1,0.367838063558285,-0.253906979435897,0.367838063558285
"2405",50,0,1.21787567846359,1.21787567846359,0.866545979985534
"5121",56,1,0.471650925348957,0.0971147198891883,0.471650925348957
"2743",54,1,0.671341418068847,0.362654575004027,0.671341418068847
"896.1",52,0,1.10303349272029,1.10303349272029,0.650357127767697
"9429",50,0,1.04900586570507,1.04900586570507,0.990919325218069
"2057.1",50,0,0.660024001015471,0.660024001015471,0.970656129249296
"2252.1",58,0,0.246042456825852,0.246042456825852,0.583011245522628
"7276",54,1,0.883069064091116,0.796681590052853,0.883069064091116
"4086",60,1,0.922186946027282,-0.3202907778325,0.922186946027282
"7842.1",56,0,0.374195114855872,0.374195114855872,0.617763938492779
"6436",60,0,0.015006080755616,0.015006080755616,0.267316416875328
"7864.1",52,0,1.15216252580854,1.15216252580854,0.941139900953236
"2443",60,1,-0.0784706435868925,-0.450782691907303,-0.0784706435868925
"4712.1",54,0,0.92045674188737,0.92045674188737,0.447666699867178
"6006",52,0,0.419515774586886,0.419515774586886,0.85050345502051
"6614",56,0,0.191309942839348,0.191309942839348,0.494710502550454
"6625",60,1,0.22909258582876,-0.39013071596947,0.22909258582876
"7783.1",50,0,1.25331334521738,1.25331334521738,1.06226874938783
"6929",50,0,1.20441338537449,1.20441338537449,0.920606329626155
"4117.1",58,0,-0.156134092730331,-0.156134092730331,0.561431629389572
"1539",52,0,0.333091373276363,0.333091373276363,0.818802535026653
"1932",54,0,0.507381169517703,0.507381169517703,0.937061159849845
"2236.1",56,0,0.0952650044446067,0.0952650044446067,0.660688577373502
"7605.1",52,0,0.876986051837823,0.876986051837823,1.3859363985265
"3986",54,0,1.09664718916926,1.09664718916926,0.211918547267724
"4274",58,0,-0.122496512628334,-0.122496512628334,0.216326152388571
"7906.1",58,1,0.57464095026229,0.180387849102997,0.57464095026229
"8073",54,0,0.897284634696184,0.897284634696184,1.0235482914334
"4970.1",58,1,1.05968413439693,0.17568757634785,1.05968413439693
"2265.2",52,0,0.835464416039441,0.835464416039441,0.739604968642595
"2466",52,0,1.68730582755384,1.68730582755384,0.928250919277758
"3377",58,0,0.079193615311131,0.079193615311131,0.421515927587307
"1865.1",54,1,1.07519052655422,0.961374718381478,1.07519052655422
"440",60,0,-0.0237724611090702,-0.0237724611090702,0.757346863272803
"9178",52,0,1.01315101841274,1.01315101841274,0.462916963304858
"9053.1",60,0,-0.0848586789355159,-0.0848586789355159,0.681531638733074
"5273",58,0,0.0818646623081845,0.0818646623081845,1.07170771245175
"8231.1",58,1,0.386295002456489,0.183655707225194,0.386295002456489
"9494",50,0,0.974121800106291,0.974121800106291,0.795732741528127
"9434.1",56,0,0.531943140415893,0.531943140415893,0.735610074392139
"2407",50,0,0.92246955447504,0.92246955447504,0.901589577723736
"3446",54,1,0.741384601746117,0.916184120725316,0.741384601746117
"6030.1",60,0,0.22994117199473,0.22994117199473,0.786111788998361
"8057",50,0,1.15943101559836,1.15943101559836,1.22528531995634
"2068",56,0,0.105186595230318,0.105186595230318,0.304097792125848
"6144",58,1,0.393488144378424,-0.0349609039153892,0.393488144378424
"3001",58,0,0.256613429105832,0.256613429105832,0.899673336905787
"1662",54,1,0.130872317365247,1.04901171062361,0.130872317365247
"7995",54,0,0.361687649381807,0.361687649381807,0.803732683894768
"1384",52,0,0.962755472868383,0.962755472868383,0.851988566192947
"9035",54,0,0.648672241124365,0.648672241124365,0.838070351849714
"7261.1",50,0,1.24486644852929,1.24486644852929,1.113248526751
"504.1",56,0,0.489912283788732,0.489912283788732,0.345006237479027
"5257",52,1,1.09029003656931,0.91602649041071,1.09029003656931
"8432.1",58,0,-0.123291696534694,-0.123291696534694,0.46699445853667
"4017",50,0,1.42312328484872,1.42312328484872,0.99048532169237
"9733.1",58,0,0.18924251328487,0.18924251328487,0.900183881149844
"651",56,1,0.96789381916095,0.299697853111331,0.96789381916095
"8501",56,0,0.0788056716420532,0.0788056716420532,0.711577177085088
"7831.1",52,0,0.690277598409956,0.690277598409956,0.672636731065653
"2577",60,0,0.38748989270407,0.38748989270407,0.28730138701922
"1750",54,0,1.22900304094907,1.22900304094907,0.796912462489603
"7395",58,0,0.249451238542447,0.249451238542447,0.289460188352032
"8758",56,1,0.82392365952419,0.514925543578936,0.82392365952419
"1702.2",56,0,0.239844503346049,0.239844503346049,0.793417478595985
"3294.1",54,0,0.552349782236391,0.552349782236391,0.217822679915847
"7556",52,0,0.880022030136655,0.880022030136655,1.11008528049527
"5302.1",56,1,1.07230116026738,0.806476382463242,1.07230116026738
"933",52,0,1.09117024607185,1.09117024607185,0.938952121554308
"9004",52,0,1.0244130219102,1.0244130219102,0.964329809293346
"645",58,1,0.501433508080312,0.492341487708898,0.501433508080312
"792",50,1,0.780556937076867,0.651406747971298,0.780556937076867
"8199.1",54,0,0.518066494143779,0.518066494143779,0.893603791347682
"5421",54,1,0.487589148716085,0.395372016442666,0.487589148716085
"1543",50,0,1.15555581104516,1.15555581104516,1.05922990192002
"8255",58,0,0.579068293229555,0.579068293229555,0.704441339202684
"3205",52,1,0.546025104470574,1.05749740063199,0.546025104470574
"3473",60,1,0.849388961594618,-0.227282867117449,0.849388961594618
"6859.1",56,1,0.490447458451598,-0.31488091063621,0.490447458451598
"2756.1",54,0,0.408771910501751,0.408771910501751,0.812118450380621
"9700",54,0,0.423149683260034,0.423149683260034,0.421328169950101
"3507.1",54,0,0.378350168007088,0.378350168007088,0.822984275669976
"3274",56,0,0.735442996253968,0.735442996253968,0.748302771105223
"6108",54,1,0.506099097546818,0.587118489574459,0.506099097546818
"8288",52,1,0.225408093092742,1.02840140499336,0.225408093092742
"6767",56,1,0.918448533250408,0.325679327604532,0.918448533250408
"9887.1",56,0,0.33859781214888,0.33859781214888,0.597321325796983
"8530",52,0,0.78468169499932,0.78468169499932,0.742210651944144
"4469.1",58,0,0.207606972971877,0.207606972971877,0.381865005093788
"1745.1",52,0,0.868682718726046,0.868682718726046,0.896869231360959
"8902",52,0,0.585708164754607,0.585708164754607,0.977213582742582
"4185.1",52,1,1.04607087826668,0.388569478858775,1.04607087826668
"562",52,1,0.887975905003448,0.83862775861412,0.887975905003448
"5421.1",54,1,0.487589148716085,0.395372016442666,0.487589148716085
"5817",60,0,-0.191637620808623,-0.191637620808623,0.446614968916772
"8266.1",58,1,0.332168608630017,-0.0309574558892442,0.332168608630017
"7117.1",56,1,0.447413976316271,0.793299101719585,0.447413976316271
"1617",58,1,0.792879185350936,0.242243529598722,0.792879185350936
"60",54,1,0.259210269134205,0.684555341498538,0.259210269134205
"5233",58,1,0.281778101835157,0.523812874246755,0.281778101835157
"7320",54,1,1.03520691992894,0.745300859545276,1.03520691992894
"8123",58,1,0.0859124261380809,-0.0594444389957562,0.0859124261380809
"9881.1",58,0,-0.0459915943596111,-0.0459915943596111,0.564107425595354
"4930.1",54,0,0.834896533363933,0.834896533363933,0.774584715604526
"7423",54,0,0.425198410785068,0.425198410785068,0.380812506916126
"5102.1",58,0,0.390506764298273,0.390506764298273,0.442058981126907
"9951",56,1,0.357707876007632,0.463507858286361,0.357707876007632
"5555",58,1,0.362860569349746,0.241591939183399,0.362860569349746
"5330",54,0,0.80241367304657,0.80241367304657,0.202973800348091
"4755",52,0,1.36390528163749,1.36390528163749,1.43821024911577
"2398.1",54,1,0.979006254096509,0.505456792429572,0.979006254096509
"2781",52,0,0.52170216486764,0.52170216486764,1.46522408299931
"3075",60,0,0.165525983142868,0.165525983142868,0.586153636921787
"3522",54,1,0.806180480951183,0.709478643183614,0.806180480951183
"5315",58,0,-0.228940534138384,-0.228940534138384,0.517795244418522
"6746.1",56,1,0.53109612325001,0.45618772419502,0.53109612325001
"942",60,1,0.594155549023483,-0.20910581835501,0.594155549023483
"7329",54,1,0.698075642522825,1.01072719813522,0.698075642522825
"1702.3",56,0,0.239844503346049,0.239844503346049,0.793417478595985
"3250",58,1,0.238071984086448,0.292760148979001,0.238071984086448
"2790.1",54,0,0.813946832277978,0.813946832277978,0.593716647045858
"6066",56,0,0.767138352543784,0.767138352543784,0.242875780807285
"202",52,0,0.643503238751224,0.643503238751224,1.03717808477459
"9052",56,1,0.588877405556654,0.115117039543719,0.588877405556654
"6623.3",60,0,-0.163565751810912,-0.163565751810912,1.1250490976049
"7368",56,1,0.100374301766522,0.614810880051777,0.100374301766522
"8383.1",56,0,0.275928837842581,0.275928837842581,0.259873641081274
"6757",54,1,0.533143371152227,0.746999699471439,0.533143371152227
"2262.2",54,0,0.283948538833483,0.283948538833483,0.776307995455739
"2507",60,1,0.472217590408949,-0.343393038716452,0.472217590408949
"1539.1",52,0,0.333091373276363,0.333091373276363,0.818802535026653
"2367",52,0,0.813078871267287,0.813078871267287,0.811726763043327
"2064.2",60,1,0.757537304959634,-0.282272157741597,0.757537304959634
"7300.1",58,1,0.89735157788002,0.521300124574006,0.89735157788002
"6397.1",60,1,0.486327488220127,0.291810979731594,0.486327488220127
"566",56,0,0.138154092891218,0.138154092891218,0.469399444660011
"3295.1",52,1,1.12420619295835,0.858882779540749,1.12420619295835
"3440.1",54,1,0.509962133439701,0.341130921992296,0.509962133439701
"7977",52,0,0.322246630956582,0.322246630956582,0.468269623300529
"3054",52,0,0.690447098931805,0.690447098931805,0.384073330127789
"3483",58,0,0.16216967860027,0.16216967860027,0.645500401949099
"3237",54,1,0.68448742940422,0.573265520562849,0.68448742940422
"5553.1",56,0,0.141991790084499,0.141991790084499,0.43629464747358
"2792",60,0,0.134163667648201,0.134163667648201,0.875327900508496
"303",54,0,0.816155964973658,0.816155964973658,0.627749567062666
"8584",58,0,-0.0196914532769596,-0.0196914532769596,0.669645406796527
"2644",54,0,0.958803659231891,0.958803659231891,0.753290204418325
"1361",58,0,0.381017002755799,0.381017002755799,0.399843932879816
"6703",52,1,0.791605585166752,1.20739863863801,0.791605585166752
"4066",52,1,0.849636146603691,0.916375736174547,0.849636146603691
"7042",52,0,0.576611930768596,0.576611930768596,0.742148282259661
"875",54,0,0.700041250386967,0.700041250386967,0.60671452811567
"6982",60,1,0.370621761992555,-0.16178500772033,0.370621761992555
"8681.1",54,0,1.01420378531596,1.01420378531596,0.721581057796395
"2183",58,0,-0.0460067674776379,-0.0460067674776379,1.02987960898646
"8681.2",54,0,1.01420378531596,1.01420378531596,0.721581057796395
"4527",58,1,0.609160493745138,0.486677950542241,0.609160493745138
"8059",52,1,1.04101606038753,0.35353266573611,1.04101606038753
"1360.1",60,1,0.237744373412627,-0.193587250884645,0.237744373412627
"4509",50,0,1.45058971622904,1.45058971622904,1.40067922382169
"9490",50,1,1.23635096489549,1.35025844856826,1.23635096489549
"8804",58,1,0.553924693931581,0.40300209924248,0.553924693931581
"8481.1",58,0,0.352226366932372,0.352226366932372,0.803499579711225
"6246.1",50,0,1.11434838191755,1.11434838191755,1.17668823696044
"4991",54,0,0.0811617794158408,0.0811617794158408,0.791418055974328
"7875",58,1,0.677399401327978,-0.00957628228875157,0.677399401327978
"3864",60,0,0.467249043098581,0.467249043098581,0.466134520542068
"5627",54,0,-0.0390865532598872,-0.0390865532598872,0.482143411736724
"4671.1",52,0,1.00598473915296,1.00598473915296,0.693560368856456
"5179",56,0,0.436768962865206,0.436768962865206,0.564177470293794
"6670",56,0,0.527906821201141,0.527906821201141,0.684427906975353
"8355",52,0,1.4124526580713,1.4124526580713,0.927344713778051
"6414",56,1,0.330096525081748,0.55756801745144,0.330096525081748
"5199.1",54,0,0.546256730604326,0.546256730604326,0.703013157143758
"2082.2",56,0,0.143416721371275,0.143416721371275,0.820552040633939
"2378.1",60,1,0.556163869275236,-0.0918695700700696,0.556163869275236
"7971",52,0,0.717319183528254,0.717319183528254,0.921520781032723
"3928",56,0,0.175546614310951,0.175546614310951,0.733648448250398
"4892.1",56,0,0.366355805680943,0.366355805680943,0.360490070162821
"7615",52,0,0.924147812981736,0.924147812981736,0.628310133956309
"7175",54,0,0.556764557222396,0.556764557222396,0.796165486286044
"5316.2",56,0,0.148355570250556,0.148355570250556,0.629570462708652
"9826",50,0,0.583877198528824,0.583877198528824,0.386389233837803
"2281.1",58,0,-0.0269353398813565,-0.0269353398813565,0.437480705013909
"8563",58,1,0.622964848516747,0.343949461829638,0.622964848516747
"5444",50,0,0.905688595671621,0.905688595671621,0.895298432378705
"8367",54,1,0.513279133822864,0.306408833526627,0.513279133822864
"214",60,0,0.0384192851715588,0.0384192851715588,-0.101837837960188
"5642",58,0,-0.0198678885237589,-0.0198678885237589,0.502219636145242
"7426",58,0,0.220868431017827,0.220868431017827,0.569123469201893
"8200",54,0,0.452198910052558,0.452198910052558,1.00424871763762
"3517",50,0,1.27972283815075,1.27972283815075,1.15305699795843
"115",52,1,0.573001334749027,0.787222515760205,0.573001334749027
"3489",58,1,0.380532696655048,-0.191171834971809,0.380532696655048
"7621.1",52,0,0.62137042427055,0.62137042427055,0.97301956080318
"6433.1",58,1,0.610119562459263,0.161198434197827,0.610119562459263
"4945",50,0,0.838305511116272,0.838305511116272,0.952058789819819
"3974",54,0,0.38633084882799,0.38633084882799,0.875999772518809
"4972",54,0,0.514691170470947,0.514691170470947,0.238182150499072
"4654.1",56,1,0.580043138992058,0.553312326570906,0.580043138992058
"2300",60,0,-0.362809924412094,-0.362809924412094,0.512937944673772
"179",56,1,0.504846901765701,0.47185498020301,0.504846901765701
"2643.1",58,1,0.652535743386375,-0.104626117708933,0.652535743386375
"1467.1",52,1,0.667867795595542,0.807345834179966,0.667867795595542
"7471",54,0,0.552726221593041,0.552726221593041,0.550308020131121
"6853",50,1,1.32839448100196,1.24953591540324,1.32839448100196
"1456",52,0,0.450255736397785,0.450255736397785,0.528800152923695
"6508",50,0,0.74044336721667,0.74044336721667,1.28568528028696
"1364",50,0,1.20601766623845,1.20601766623845,1.09326369657303
"2370.2",58,0,0.157086463951977,0.157086463951977,0.681239547130682
"4615",54,0,0.87758361329975,0.87758361329975,0.836725205252455
"8235.2",52,0,0.489755703211286,0.489755703211286,1.27316823860422
"1404",54,0,0.431917748433453,0.431917748433453,0.65036518239508
"2910",56,1,0.936945877799686,0.479725916579212,0.936945877799686
"5949",54,0,0.734365049750611,0.734365049750611,0.672208510215797
"9776",58,1,0.63150471600445,-0.101424109440957,0.63150471600445
"9165",56,1,0.205834529059317,0.82814768344639,0.205834529059317
"5525",50,0,0.875343708657325,0.875343708657325,0.554122148236127
"9886",56,0,0.236223602675551,0.236223602675551,0.5543197555881
"3574",52,1,0.708630082262604,0.829176766371665,0.708630082262604
"6501",58,1,0.842934176327085,0.0197662624381314,0.842934176327085
"8956",60,0,-0.401727510346887,-0.401727510346887,0.845771448795255
"2590",52,1,1.16911770770866,0.745080047495157,1.16911770770866
"1540",56,1,0.747898909893413,0.119882575697378,0.747898909893413
"8659",54,0,0.30097199239323,0.30097199239323,0.763675049844145
"1593.2",54,1,0.66230382589776,0.801291381706432,0.66230382589776
"899",50,0,1.43247859980628,1.43247859980628,0.885738893801663
"4721",52,1,0.819209148652895,0.611487466204257,0.819209148652895
"1675",56,1,0.832386877996657,0.634584355101655,0.832386877996657
"6803",54,0,0.706973490700393,0.706973490700393,0.49579879723683
"1909",54,1,0.492452899172201,0.647342145746354,0.492452899172201
"5582.1",56,0,0.30114282476685,0.30114282476685,0.17518902516988
"9874.1",52,1,0.842737014038715,0.835194729562699,0.842737014038715
"4408",58,0,0.188114042367212,0.188114042367212,0.395332124047365
"9007",52,0,0.497809582005446,0.497809582005446,0.787284922142324
"7896.1",54,0,0.341927549711097,0.341927549711097,0.777715505842569
"8710",54,1,0.345061270264315,0.0623618615814987,0.345061270264315
"6344.2",60,0,0.224563803532277,0.224563803532277,0.509605347174853
"76",58,0,0.11044876992123,0.11044876992123,0.179273406865422
"4636",54,1,0.936630269020995,0.708800030162146,0.936630269020995
"7398",56,1,0.563280672923511,0.0484774981478745,0.563280672923511
"5237",54,0,1.0371053074923,1.0371053074923,0.839945372544465
"6098",58,0,0.219139038457171,0.219139038457171,0.933336225257817
"8189.1",60,1,0.211606832069642,-0.0246996125300513,0.211606832069642
"2930",56,1,0.507476959383971,0.00296025326591054,0.507476959383971
"7239",56,0,0.349860315736147,0.349860315736147,0.839097484593699
"245.1",54,0,0.35617053829799,0.35617053829799,0.597467665902752
"3864.1",60,0,0.467249043098581,0.467249043098581,0.466134520542068
"2609",60,0,-0.0750404122791604,-0.0750404122791604,0.285145086016706
"2226.1",52,1,0.584997985211134,0.938414834790939,0.584997985211134
"4929.1",60,0,0.140860404209942,0.140860404209942,0.613734605179721
"5148",54,1,0.659052207336636,0.856585684771871,0.659052207336636
"950",58,0,0.309629913076834,0.309629913076834,0.612493731833327
"6985.1",52,0,0.627961026238562,0.627961026238562,0.685259326122503
"2394",54,0,0.638051247866586,0.638051247866586,0.599418908402773
"1035.1",56,0,-0.184506473220507,-0.184506473220507,0.528192139797141
"5553.2",56,0,0.141991790084499,0.141991790084499,0.43629464747358
"5548",52,0,0.819175855609555,0.819175855609555,0.695459795041663
"9592",52,0,0.791351937150793,0.791351937150793,1.32328613418713
"7878.1",52,0,0.643457543030188,0.643457543030188,0.800786695204768
"9474",52,1,1.01483682167565,1.03850510407597,1.01483682167565
"6742.1",58,0,0.068344779696433,0.068344779696433,0.249781575984539
"109",60,1,0.237143029814527,-0.0653032155459397,0.237143029814527
"3034",54,0,0.231991542088778,0.231991542088778,0.989888965551889
"2537",52,1,0.954423632947839,0.509647321039978,0.954423632947839
"2812.1",52,1,1.2065168200973,0.798695453446153,1.2065168200973
"4107",54,0,0.56443736401629,0.56443736401629,0.942381008862744
"9837.1",50,1,0.752613381577418,1.08349177092671,0.752613381577418
"9521.1",56,0,0.157980296693925,0.157980296693925,0.467532414079609
"2967",56,0,0.0513573582520567,0.0513573582520567,0.702584443699321
"5631",52,0,0.764430755431063,0.764430755431063,1.23741776435179
"835.1",54,0,0.797862116162585,0.797862116162585,0.874739106967475
"6976",56,1,0.528513591341324,0.209246924546244,0.528513591341324
"7607",56,1,0.614722706864413,0.568783040114973,0.614722706864413
"941.1",52,0,0.905036613030814,0.905036613030814,0.573416504846074
"3512.1",54,1,0.88663362864587,0.196279017871998,0.88663362864587
"2407.1",50,0,0.92246955447504,0.92246955447504,0.901589577723736
"9788",54,0,0.462667977552738,0.462667977552738,0.554362453146788
"8124.1",50,0,0.471705832165038,0.471705832165038,1.2884714414246
"4241.2",52,1,0.97438488652508,0.521732586306775,0.97438488652508
"2579",56,0,0.0819707012870725,0.0819707012870725,0.397931806467204
"9159.1",58,1,0.642059384238958,0.16504921609496,0.642059384238958
"1117.1",54,0,1.07225475600824,1.07225475600824,0.728387336144391
"8880.1",52,0,1.13953638922311,1.13953638922311,0.552668169170252
"9106.1",58,1,0.501258662128138,0.671499100444794,0.501258662128138
"6538",56,0,0.305873740477975,0.305873740477975,0.343635263098527
"5349.1",52,1,0.492445896294396,1.1215458567898,0.492445896294396
"4084.1",54,0,0.711751206080725,0.711751206080725,0.828514284919451
"1519",52,0,0.4665423401239,0.4665423401239,0.784145505801577
"9675",52,0,0.752447432083948,0.752447432083948,0.759195259476508
"9611",56,0,0.126960899227552,0.126960899227552,0.595829452473577
"8542",52,0,1.07097737375264,1.07097737375264,0.616605519262352
"9557",52,0,0.745242723260612,0.745242723260612,0.986913437525324
"798",56,1,0.243287013655738,0.419745033722953,0.243287013655738
"7100",58,1,0.0029207305449569,0.333920196530559,0.0029207305449569
"8564",60,1,0.279513539772626,0.228910588968532,0.279513539772626
"2895.3",50,1,1.02741809527516,0.650633917154466,1.02741809527516
"2736",52,0,0.902259173250207,0.902259173250207,1.06077298262965
"3290",60,0,-0.0592122138264645,-0.0592122138264645,0.465892174409686
"9586.1",56,1,0.59297620484073,0.526168734729052,0.59297620484073
"1550.1",56,0,0.32928315478938,0.32928315478938,0.798557600228694
"1860",56,1,0.292601882831768,0.273242673719048,0.292601882831768
"4086.1",60,1,0.922186946027282,-0.3202907778325,0.922186946027282
"9800.1",58,0,0.591664330950037,0.591664330950037,0.0593524611520501
"3532",60,1,0.498633587045806,0.154182471309012,0.498633587045806
"2843",56,1,0.526655766564179,0.298991237185529,0.526655766564179
"2934.1",54,0,0.691027548257216,0.691027548257216,0.780095218512634
"7833.1",52,0,0.713883647058856,0.713883647058856,0.642344244489092
"8206",58,0,0.685534245610074,0.685534245610074,0.430735420050768
"4263",50,0,1.18387098128389,1.18387098128389,1.45794699238388
"9239",54,1,0.836340557504414,0.855627021390352,0.836340557504414
"1582.2",60,1,0.395643923881155,-0.235740921297557,0.395643923881155
"8382",52,0,0.78420539140352,0.78420539140352,0.315273173358475
"5369",52,0,0.855577502728102,0.855577502728102,0.899193221724046
"8657",50,1,1.41225629822026,0.750781005548795,1.41225629822026
"6661",60,0,0.278184743423173,0.278184743423173,0.908247013949926
"852.1",58,0,0.336203038903519,0.336203038903519,0.593327573311655
"5204",56,0,0.842407146418075,0.842407146418075,0.498710273962205
"4095.1",60,0,0.0409540892085055,0.0409540892085055,0.608534321521273
"9328",52,0,0.777266616338039,0.777266616338039,1.02932327261549
"6895",58,0,0.59593979301637,0.59593979301637,0.243097518454264
"5990.1",50,1,0.745433326404661,1.17028755204023,0.745433326404661
"7424",54,1,0.900191898164754,0.764229257381126,0.900191898164754
"8115",58,0,0.541301074059469,0.541301074059469,0.694509450773695
"4112",52,0,0.742767708420133,0.742767708420133,0.665664438534516
"5769",52,1,1.17315108351053,0.82044483770365,1.17315108351053
"8060",52,0,0.978823995851287,0.978823995851287,1.08783469370063
"8749",56,1,0.740081637696144,0.2031962325975,0.740081637696144
"7135.1",54,1,0.512590489347887,0.616966428072209,0.512590489347887
"3263",50,1,0.769953815846177,0.528177030807004,0.769953815846177
"7466",56,0,0.467300906662222,0.467300906662222,0.744265400400452
"6419",58,0,0.325453911632225,0.325453911632225,0.311949015453021
"3040",54,0,0.910337694474647,0.910337694474647,0.625729885022642
"2957",52,0,0.72278449078362,0.72278449078362,0.437553421461606
"7508.1",50,0,0.705551260431486,0.705551260431486,0.879630258027903
"4978",58,0,-0.140976073645147,-0.140976073645147,0.607644273217147
"5024",56,1,0.640183772694987,0.174772995729023,0.640183772694987
"5040.1",56,1,0.360949780264269,0.323330446625042,0.360949780264269
"7814",52,1,0.59104824941095,0.653466825284852,0.59104824941095
"6866.1",56,0,0.375387121614973,0.375387121614973,0.210890692763471
"1385",50,1,1.17981201444019,1.39323949788196,1.17981201444019
"3698",54,1,0.700961076947776,0.591642204727124,0.700961076947776
"1670",52,0,0.64236039630831,0.64236039630831,0.78544888134208
"7239.1",56,0,0.349860315736147,0.349860315736147,0.839097484593699
"2854.1",50,0,0.896663738368226,0.896663738368226,1.2558162124003
"1351",50,0,1.04255413135636,1.04255413135636,0.971063634487113
"1097.1",50,0,0.699581865777753,0.699581865777753,1.74601989700418
"3671",58,1,0.642860247423612,0.0938018312399894,0.642860247423612
"9138",58,1,0.468389049604913,0.276983499129449,0.468389049604913
"1529",56,1,0.817002093475718,0.149609138433399,0.817002093475718
"4809.1",58,0,0.0897946702214095,0.0897946702214095,0.576666293107213
"7689.2",54,0,0.931105806705289,0.931105806705289,0.751634947462892
"755",54,0,0.419241990982881,0.419241990982881,0.288090273715005
"9307.2",60,1,0.665836679930384,-0.150866495681351,0.665836679930384
"3546",58,0,0.176256501723704,0.176256501723704,0.751782269741303
"9449",56,0,0.75289749782376,0.75289749782376,0.321661518377619
"8044",54,0,0.694741707760613,0.694741707760613,0.793884648935566
"8827.1",56,1,1.12486760604059,0.384750187120305,1.12486760604059
"9698",60,1,0.514224841970611,0.295151800445068,0.514224841970611
"5276",54,0,0.821430255406824,0.821430255406824,0.461172362521849
"3460.3",50,1,1.17672683465478,0.723663416700598,1.17672683465478
"8122",52,1,0.796322174680137,0.76909410230041,0.796322174680137
"669.2",54,0,0.316705691550318,0.316705691550318,0.693492096288897
"8444",52,0,0.377713122185498,0.377713122185498,0.613370404710002
"5491",54,1,0.677336024362434,0.533299839030688,0.677336024362434
"9333",58,0,0.106720675084207,0.106720675084207,0.389384258016214
"3785.1",54,0,0.420850664140647,0.420850664140647,1.1258340239765
"588",56,1,0.850159815289283,0.0412764273612896,0.850159815289283
"1791",54,1,0.519262342054346,0.300352274737487,0.519262342054346
"8727",56,0,0.505590379863673,0.505590379863673,0.921241802820357
"4535",54,1,0.884356589848217,1.04249622535914,0.884356589848217
"9243",56,1,0.839055423575753,0.367787412927064,0.839055423575753
"6598",58,0,0.406291333716083,0.406291333716083,0.641107844708056
"4768",56,1,0.36008561038512,0.0618892313658649,0.36008561038512
"5456",56,1,0.94444075099872,0.516258329933218,0.94444075099872
"7825.1",56,0,0.567305451581322,0.567305451581322,0.613517303778599
"5055.1",60,1,0.7995529983433,0.200699796102936,0.7995529983433
"3648",54,0,0.888689223543434,0.888689223543434,1.03347973721067
"532.1",50,0,1.21163440321833,1.21163440321833,0.914903139768686
"4760.1",54,0,0.530405955961794,0.530405955961794,0.99452356064859
"286.1",52,0,0.973651847699468,0.973651847699468,0.774791856942304
"3604",52,0,0.506065302428647,0.506065302428647,0.911538849176643
"906",50,0,0.916678602393322,0.916678602393322,0.865903865286326
"7194",50,1,1.07200670157989,1.10980739003702,1.07200670157989
"9544.1",56,0,0.486378812253082,0.486378812253082,0.569719920835043
"8331",50,0,1.17766344685334,1.17766344685334,0.915388232529446
"2894.1",54,0,0.484676983964721,0.484676983964721,0.40705527062086
"4275",54,0,0.610681994605061,0.610681994605061,0.749956009379569
"9486.2",50,0,1.71212329485751,1.71212329485751,0.944945904033196
"4243.1",54,0,-0.0540086607001059,-0.0540086607001059,0.670159985922471
"1647",56,0,-0.0781718494472261,-0.0781718494472261,0.363837221341472
"5432",52,0,1.01918922568023,1.01918922568023,0.928720581108397
"8880.2",52,0,1.13953638922311,1.13953638922311,0.552668169170252
"4954",60,0,0.190232789591826,0.190232789591826,0.362342594953732
"4839",52,1,0.688735625994412,0.850713050728501,0.688735625994412
"8989",56,0,0.801828689324978,0.801828689324978,0.650342934689155
"9854.1",60,0,-0.138924576398604,-0.138924576398604,0.960050040725554
"4303",60,0,0.0734726161505955,0.0734726161505955,0.482118126888259
"9991.2",56,0,0.106885899392575,0.106885899392575,0.973455307709304
"7733",56,1,0.453005681405805,-0.0304741650795001,0.453005681405805
"9398",52,0,0.959836440665646,0.959836440665646,1.081230550996
"5183",52,0,0.572514487461724,0.572514487461724,1.20604307330086
"3700",58,0,0.521807969794119,0.521807969794119,0.760443099232148
"4001.2",52,1,0.988901378374839,0.93081667249034,0.988901378374839
"122",54,0,0.761157395553711,0.761157395553711,0.47682292736955
"9610.1",54,0,0.861999125237537,0.861999125237537,0.975930489210508
"8123.1",58,1,0.0859124261380809,-0.0594444389957562,0.0859124261380809
"8242",54,0,0.786580418541794,0.786580418541794,0.632274486389659
"3006.1",60,0,0.365417682792565,0.365417682792565,0.786472247805549
"5249.1",56,0,0.761755106140011,0.761755106140011,0.366695252876889
"4897.2",58,0,0.134808260025342,0.134808260025342,0.214281952780971
"79",58,1,0.324841599654356,0.408007556250123,0.324841599654356
"6894",54,1,0.75879505355791,0.59309910955122,0.75879505355791
"9255",52,0,1.33266689560899,1.33266689560899,0.797501377550435
"4087",50,0,0.702876783177332,0.702876783177332,1.02021163328373
"4941",54,0,0.225377485661548,0.225377485661548,0.380388097336862
"6581",54,1,0.588067378747406,0.612050851453045,0.588067378747406
"8687",54,0,0.71886224326014,0.71886224326014,0.802134613619878
"777",50,0,1.291695979446,1.291695979446,0.826382866491738
"5515.1",52,0,0.880774458768659,0.880774458768659,0.820430497723538
"3408",52,0,0.520574415296624,0.520574415296624,0.812424536093777
"5998",52,0,0.819958436015334,0.819958436015334,0.704734680849669
"3858.1",52,0,0.424686180811264,0.424686180811264,0.940072615884031
"6952",52,0,0.804408676161927,0.804408676161927,0.377721376494127
"3750.1",54,0,0.561367935172355,0.561367935172355,0.525742542994265
"6580",56,0,0.314143309888745,0.314143309888745,0.623311127523507
"7402",56,1,0.120793250872933,0.108221658430814,0.120793250872933
"2944",56,0,0.2759713204404,0.2759713204404,0.598519722041847
"6739",56,0,0.84480265970118,0.84480265970118,0.602599963139081
"5415.2",56,0,0.203322049414114,0.203322049414114,0.585614210710928
"2715",52,1,0.85532725321739,1.03503847680951,0.85532725321739
"5436",56,0,0.588747259145961,0.588747259145961,0.315069062459373
"7466.1",56,0,0.467300906662222,0.467300906662222,0.744265400400452
"4885",56,1,0.958825983008465,0.327168520776382,0.958825983008465
"1615.2",58,0,0.151113586378767,0.151113586378767,0.483867185286761
"18",60,0,-0.0248599514266454,-0.0248599514266454,0.917451697430722
"2399",52,0,0.855326470165094,0.855326470165094,0.844489995032696
"3218",54,0,0.04625602905852,0.04625602905852,0.899064197143491
"889",56,1,0.800946348256678,0.658898362104806,0.800946348256678
"7398.1",56,1,0.563280672923511,0.0484774981478745,0.563280672923511
"2041",54,0,0.994613401730166,0.994613401730166,0.985867212403083
"5868",58,0,-0.0450356587685469,-0.0450356587685469,0.860198427968998
"2596.1",58,0,0.339457576738731,0.339457576738731,0.368954767562835
"4042",56,0,0.263764872709381,0.263764872709381,0.00824661751762257
"9801.1",50,0,1.01067058343692,1.01067058343692,1.15000456124639
"5894.1",50,1,0.917172779149286,0.749178280362052,0.917172779149286
"9542",50,1,1.13988249730155,1.15461727354081,1.13988249730155
"7465.1",54,0,0.255360087353708,0.255360087353708,0.391244362371012
"1215.1",54,0,0.41556014948463,0.41556014948463,0.514795053883461
"8890",56,0,0.0313625783580733,0.0313625783580733,0.484727520103159
"7815",56,1,0.665535787292243,0.258885289781823,0.665535787292243
"8882",58,1,0.339230807671387,0.675181510095705,0.339230807671387
"2376",56,1,1.24577060065728,0.902076278680492,1.24577060065728
"3643",58,0,0.466611257827912,0.466611257827912,0.313711809364703
"8345",60,1,0.886408440757598,0.212135337314803,0.886408440757598
"1240",58,1,0.703399126329046,-0.339822605555222,0.703399126329046
"7260.1",58,0,0.399248195116105,0.399248195116105,0.211377857245992
"3328",50,0,0.494006788269422,0.494006788269422,0.676775247743657
"3775",58,0,0.333129717497445,0.333129717497445,0.754891577276817
"9637.2",56,0,0.47848803731086,0.47848803731086,0.9031516849848
"9426.1",60,1,0.561608430904479,-0.292502506162798,0.561608430904479
"6661.1",60,0,0.278184743423173,0.278184743423173,0.908247013949926
"6488",52,1,1.19646566451167,0.812440674960422,1.19646566451167
"2121.1",50,0,1.26674830018433,1.26674830018433,1.03365408892524
"9800.2",58,0,0.591664330950037,0.591664330950037,0.0593524611520501
"1144",52,0,0.691299804528215,0.691299804528215,0.734954969019752
"162",58,1,0.597902264858286,0.0754744809198099,0.597902264858286
"6357",56,0,0.588620195526342,0.588620195526342,0.790054054804553
"2468.1",60,0,0.454776866004614,0.454776866004614,0.54065334306806
"2051",52,1,0.441748516844904,0.51346453658854,0.441748516844904
"5652",60,0,0.166190482682443,0.166190482682443,0.704098472239866
"3853",50,1,0.789833644404428,1.07074860654105,0.789833644404428
"2698",54,0,0.647646045294206,0.647646045294206,0.604197954743409
"7914",54,1,0.450963161826561,0.378988194603125,0.450963161826561
"2453.1",52,0,0.879566337525672,0.879566337525672,0.874573182751523
"3064",56,1,0.744830503209119,0.291234869445163,0.744830503209119
"7852",56,0,0.122433190769015,0.122433190769015,0.540586478072664
"657.2",52,0,0.699798645217325,0.699798645217325,1.2499085433489
"3052",54,0,0.689383789244655,0.689383789244655,0.503544832946208
"8838.1",56,0,0.441156605740557,0.441156605740557,0.579055477828644
"5610.1",60,1,0.0811497503544853,-0.233772137395466,0.0811497503544853
"4795",60,0,-0.0655441115747608,-0.0655441115747608,0.522293936015576
"7845.1",56,0,0.0239842358008291,0.0239842358008291,0.965359881149167
"5334.1",54,0,0.607904925184977,0.607904925184977,0.438527652905063
"3766.1",58,1,0.443858256361601,-0.0530683678068999,0.443858256361601
"8381.1",58,0,0.140712746274435,0.140712746274435,0.473231457966143
"3860",54,0,0.671126176230488,0.671126176230488,1.0588514591569
"9677",54,1,0.439579531578576,0.787873822312924,0.439579531578576
"8568",52,0,0.669797090021644,0.669797090021644,0.644129285905397
"9921",54,1,0.472033120814031,0.580206578259863,0.472033120814031
"9230",60,0,-0.545392576738654,-0.545392576738654,0.232555453716838
"2259",54,0,0.568873138733366,0.568873138733366,0.859985607147503
"1911.1",56,0,0.403702427064972,0.403702427064972,0.99568918862605
"7935",58,0,0.0699925837706398,0.0699925837706398,0.417284748560297
"2541",58,1,0.662172971895688,0.275089402209381,0.662172971895688
"2799",58,0,0.442507181917882,0.442507181917882,0.439103083843841
"5539.2",52,0,0.549686593185654,0.549686593185654,0.802700200813589
"8347",56,0,0.792687105984641,0.792687105984641,0.22611155719119
"2096.1",52,0,1.15129294495286,1.15129294495286,0.831977936756607
"1728",60,0,-0.0387050265454514,-0.0387050265454514,0.274890726923557
"1796",54,0,0.562423053161466,0.562423053161466,1.04998629085951
"1206",58,1,0.322915317525648,0.569983340009605,0.322915317525648
"9543",54,0,0.766572147287343,0.766572147287343,0.519193194223344
"2720",52,0,0.806286628399427,0.806286628399427,0.867159106705801
"4133.1",52,1,1.19207692916148,1.05559645720577,1.19207692916148
"6972",52,0,1.18983225602805,1.18983225602805,1.11943273418371
"5022",50,0,1.35041946426674,1.35041946426674,1.23760492713427
"1393",50,0,1.0113562643258,1.0113562643258,1.33574699116673
"2003",58,1,0.579157048198211,0.606453715616406,0.579157048198211
"6528.2",50,0,0.714500218757796,0.714500218757796,1.0109006599622
"2850.1",56,0,0.174580425870426,0.174580425870426,0.869700872270407
"5448.1",60,0,-0.297348842016075,-0.297348842016075,0.394911115763526
"681",58,0,0.420490252256818,0.420490252256818,0.541439367960731
"985.1",52,1,0.873681651208155,0.568395060312447,0.873681651208155
"4951",56,0,0.392660467473676,0.392660467473676,0.639248599713088
"1803",56,0,0.160222711204284,0.160222711204284,0.567944269489578
"5196",52,0,0.945882924931784,0.945882924931784,0.458175385320279
"5032",54,0,0.730003140366453,0.730003140366453,0.716553346798111
"6161.2",54,1,0.734837912860204,0.726465251601409,0.734837912860204
"7191",52,0,0.665996404291727,0.665996404291727,0.935678664725521
"6690",58,0,0.705038547408455,0.705038547408455,0.525556329077017
"3186",54,0,0.583494682857088,0.583494682857088,0.67391320360911
"5575.1",60,0,-0.0912680668556846,-0.0912680668556846,0.789941955724608
"9553.1",50,1,1.07401027631509,0.662906566195283,1.07401027631509
"4745",60,1,0.687148936604355,-0.320783353886583,0.687148936604355
"5379",54,0,0.686987488219733,0.686987488219733,0.906421797399491
"5525.1",50,0,0.875343708657325,0.875343708657325,0.554122148236127
"4140",56,0,0.566529036792803,0.566529036792803,0.47975518348614
"9694.1",52,0,0.987111622227675,0.987111622227675,0.720586181657547
"2455",54,0,0.520528428412143,0.520528428412143,0.784702551544592
"2471.1",58,0,-0.411430925781494,-0.411430925781494,0.301887664882366
"4330",58,0,0.227169432104197,0.227169432104197,0.297248803215671
"2396",56,0,0.0238740692874768,0.0238740692874768,0.0573354579586403
"1825",50,0,1.00983285193643,1.00983285193643,0.864699960262184
"2687.1",58,0,0.151721284597141,0.151721284597141,0.307075703540246
"5005.1",54,1,0.866024675150576,0.40229981323219,0.866024675150576
"5573",58,0,-0.474440536127067,-0.474440536127067,0.64886244843879
"1919.2",50,0,0.737031105748094,0.737031105748094,0.987307223507156
"3033",54,0,0.279954231141987,0.279954231141987,0.807413091011145
"9564",52,0,0.340116183355224,0.340116183355224,0.680265726772212
"7331",58,1,0.744562648382722,-0.0316993873716337,0.744562648382722
"1678",58,0,0.178277980686176,0.178277980686176,0.618754225926995
"124",52,0,1.03383354397602,1.03383354397602,0.933542580652704
"1426",50,1,1.08136849855935,0.959325190453466,1.08136849855935
"5066",52,0,0.609996748613792,0.609996748613792,0.618809960709362
"9047",52,0,0.893259500546314,0.893259500546314,0.695748843051743
"3568",56,1,0.0888455009212797,0.4015783631045,0.0888455009212797
"3560",58,1,0.412942311460286,0.0511436078636855,0.412942311460286
"7648",56,1,0.354970811128817,0.377120979298235,0.354970811128817
"1861",58,0,0.0929240207613881,0.0929240207613881,0.443996994726885
"6933.1",54,1,0.69485404426658,0.305594940614055,0.69485404426658
"4834",56,0,0.274421840222493,0.274421840222493,0.671724976149912
"7359",50,1,1.15900577725606,1.00320280314132,1.15900577725606
"6716",52,1,0.742900034246015,0.721714406898163,0.742900034246015
"5615",54,1,0.471671274870924,0.358798307028176,0.471671274870924
"7401",58,0,0.173749645209468,0.173749645209468,1.00539140246796
"8721.1",52,0,0.882942894196745,0.882942894196745,-0.089761255603207
"6984.1",58,0,0.402033949110036,0.402033949110036,0.305701161805522
"9723",58,1,0.750096447411896,0.159713405271368,0.750096447411896
"2877",60,1,0.747562415187083,-0.376248278287376,0.747562415187083
"7218",52,1,0.928280795965222,0.574396389400594,0.928280795965222
"8017.1",60,1,0.359800740664459,0.0521596735294238,0.359800740664459
"2978",52,0,0.589699759857158,0.589699759857158,1.10008667415394
"4259.1",60,1,0.382080069726234,-0.158210803807295,0.382080069726234
"1705",52,0,0.636220125854389,0.636220125854389,1.04996556425756
"4956",54,0,0.407224313814517,0.407224313814517,0.600000346394318
"4395",56,1,0.639996885187971,0.649732668140051,0.639996885187971
"5087",58,0,0.148736123696384,0.148736123696384,0.805325650925723
"2430",52,1,0.661194294881793,0.708631070923035,0.661194294881793
"2510",54,1,0.801219095016493,0.602758674025663,0.801219095016493
"8978.1",58,1,0.427047036442585,0.13307503130337,0.427047036442585
"2624",50,1,1.16403891744926,0.488649459725338,1.16403891744926
"4991.1",54,0,0.0811617794158408,0.0811617794158408,0.791418055974328
"4132",52,1,0.896764380623767,0.816130262699954,0.896764380623767
"6911",60,0,0.0559773166082289,0.0559773166082289,0.408600071278563
"8630",60,0,0.63048203088957,0.63048203088957,0.384484079163616
"3871",56,0,0.580381977923789,0.580381977923789,0.967388808862885
"2457",60,0,-0.122199971248362,-0.122199971248362,0.28522268602693
"1836",54,0,0.499560311564068,0.499560311564068,0.397973467391494
"1629.1",54,0,0.831441466420216,0.831441466420216,0.72138477634282
"4843",56,1,1.03854961744626,0.467100229548994,1.03854961744626
"7499",52,1,0.762058246092566,0.439825048531001,0.762058246092566
"576",56,0,0.148510294407702,0.148510294407702,1.36687552203237
"7624.1",58,1,0.402715498266561,0.400583087544935,0.402715498266561
"4650",54,1,0.391526673537896,0.309090200758625,0.391526673537896
"3298",58,0,-0.14907268817684,-0.14907268817684,0.547999622054279
"3717.1",52,0,0.674161167442156,0.674161167442156,0.527732457059694
"3007",52,1,0.328343328900314,0.953323051776845,0.328343328900314
"6319",52,0,0.740129292277073,0.740129292277073,0.912436363415816
"4933",52,0,1.17242028621115,1.17242028621115,1.12986423812536
"7621.2",52,0,0.62137042427055,0.62137042427055,0.97301956080318
"3563.1",50,0,0.79565049859567,0.79565049859567,1.37139219257272
"306.1",60,1,0.354820035442886,0.103217685121679,0.354820035442886
"9171",50,0,0.625517620980108,0.625517620980108,1.20622941951439
"7813",58,0,0.322730513213222,0.322730513213222,1.06759175458231
"9855",52,0,0.723742175477525,0.723742175477525,0.871573109954874
"598",54,0,0.345783556887207,0.345783556887207,0.940616494849519
"1980.2",58,0,0.222359079919356,0.222359079919356,0.597340234508541
"2514",60,0,0.0618694377141258,0.0618694377141258,0.481541217450794
"2120",58,0,0.428679497493782,0.428679497493782,0.433842647332885
"7241",54,0,0.995410880358681,0.995410880358681,0.889034709220435
"1832.1",60,0,-0.293789993144504,-0.293789993144504,0.183495451805683
"2221",56,1,0.864513973373602,0.51265830399954,0.864513973373602
"8849.1",60,0,0.633366819593655,0.633366819593655,0.2349193129073
"8950",50,0,1.39087254267088,1.39087254267088,0.970185349153958
"6888",58,0,0.207976001468081,0.207976001468081,0.361285213165258
"6706",54,0,0.0598948014237372,0.0598948014237372,0.432005742256598
"9036",58,0,0.0695385649366237,0.0695385649366237,0.77604203389728
"6444",52,0,0.71672982099668,0.71672982099668,0.65795371810775
"8011.1",58,0,-0.000122138858935084,-0.000122138858935084,0.634454993017274
"324.1",60,0,-0.159869321584561,-0.159869321584561,0.421874461710568
"2948.1",58,0,0.632606198676217,0.632606198676217,0.56032401462588
"5146.1",56,0,0.74606402217115,0.74606402217115,0.816780657596743
"9462",58,0,0.280376580408895,0.280376580408895,0.383992005528754
"541",54,0,0.982899286883385,0.982899286883385,0.73108215141123
"1715",52,0,0.861554522652851,0.861554522652851,1.11971603196476
"8656",58,0,0.526326513700193,0.526326513700193,0.618457785646091
"7118.1",58,0,0.301964650877264,0.301964650877264,0.319253090489468
"8049",54,0,0.745628201375746,0.745628201375746,0.392664858467638
"1562",58,1,0.516295121066509,0.191080863086899,0.516295121066509
"3400",58,0,0.10766524691824,0.10766524691824,0.0355693445474481
"6170",52,0,0.670152106499976,0.670152106499976,0.608091109807177
"8874",56,0,1.00658747916061,1.00658747916061,0.311801787967465
"3171.1",58,0,0.297430360010798,0.297430360010798,0.621981217046203
"125",58,1,0.85485854245636,0.22449570314582,0.85485854245636
"1437",56,0,0.445214837882104,0.445214837882104,0.306967868262711
"210",58,0,0.220703180019537,0.220703180019537,0.197634005266302
"3404",56,0,0.33923853169828,0.33923853169828,0.523480502838475
"2021",52,1,0.95331143089136,0.829143378237218,0.95331143089136
"5960.1",52,1,0.217320743640062,0.858026951780979,0.217320743640062
"1515",58,1,0.566052447862247,0.0896567668646289,0.566052447862247
"7024",54,1,0.770717537516059,0.920742428028823,0.770717537516059
"9619",56,0,0.584971966977246,0.584971966977246,0.763704503771297
"9792",56,0,0.698471137703936,0.698471137703936,0.00479436494791863
"1482",50,0,0.97074136668598,0.97074136668598,0.933853676303309
"3987",54,1,0.898339580788391,0.564199476857364,0.898339580788391
"8651",52,0,0.401487601076424,0.401487601076424,1.05467217900597
"7856",50,0,1.23823097459863,1.23823097459863,1.0817488016574
"7014",56,0,0.267424638856633,0.267424638856633,-0.190907327966949
"5705",58,0,0.225507384804988,0.225507384804988,0.698670381943945
"4143",54,0,0.531901695149285,0.531901695149285,0.702212041130088
"1840",50,0,0.91294816069132,0.91294816069132,0.996141554012627
"5482",56,0,0.639689160446177,0.639689160446177,0.712630346511991
"2163",54,0,0.993009470181427,0.993009470181427,1.09521415984548
"8507",60,1,0.133222644253944,-0.00424010948688034,0.133222644253944
"984",54,0,0.19834074344196,0.19834074344196,0.95369505811535
"7720",56,1,0.517190990751043,0.421994222533144,0.517190990751043
"9565",50,0,0.595369861543631,0.595369861543631,0.885440971011543
"1700.1",50,1,1.27387812157388,0.924006728577765,1.27387812157388
"8679",58,0,0.181802159247323,0.181802159247323,1.09155048182932
"1895",60,1,0.700195982598534,0.0544408318819207,0.700195982598534
"8367.1",54,1,0.513279133822864,0.306408833526627,0.513279133822864
"1002",56,1,-0.111778944376516,0.670967414213689,-0.111778944376516
"1352",52,0,0.512174389700163,0.512174389700163,0.806726086236112
"8403.1",58,0,-0.0964852125839756,-0.0964852125839756,0.553647119418715
"726",58,0,0.314323087513736,0.314323087513736,0.669474427733647
"4764.1",60,0,-0.439827979110462,-0.439827979110462,0.587530081726541
"2146",52,1,0.707876328920063,0.623515944258328,0.707876328920063
"1931.1",52,0,0.944565371931668,0.944565371931668,0.821587996724293
"9446",52,0,0.876003581444098,0.876003581444098,1.03735179145856
"4583",50,0,1.28707062157252,1.28707062157252,1.30109403038673
"1110",54,0,0.453501558017657,0.453501558017657,0.869764289893603
"1513",60,0,-0.252334271804745,-0.252334271804745,0.0195200535147138
"181",52,0,0.636834075235803,0.636834075235803,0.840054196902933
"8631",52,0,0.927252492566358,0.927252492566358,0.717872391942759
"9211",58,1,0.434983453098913,0.297637655085539,0.434983453098913
"5164",56,0,0.323432168577802,0.323432168577802,0.484508498131957
"6374",50,1,1.18568631821842,1.10451484078185,1.18568631821842
"9508",60,0,0.342710779154989,0.342710779154989,0.685656078476138
"3302",54,0,0.284077115026298,0.284077115026298,0.990453961593394
"212",52,0,0.730153235100399,0.730153235100399,1.02745646909669
"471",54,0,0.363042810688943,0.363042810688943,1.0570219159407
"219",60,1,0.802801146721439,0.173496143130267,0.802801146721439
"5511",50,1,1.26291883241189,1.00536923284593,1.26291883241189
"9481",56,0,0.265200944909966,0.265200944909966,0.716973108657685
"1615.3",58,0,0.151113586378767,0.151113586378767,0.483867185286761
"6861",52,1,0.59778978757987,1.5754250542703,0.59778978757987
"3503",56,0,-0.135428313336416,-0.135428313336416,1.0212342509446
"2325",56,0,0.396704457706143,0.396704457706143,0.597135870181341
"7716",50,0,1.13960279366534,1.13960279366534,1.02745988348191
"1650",60,1,0.717863876376052,-0.219706283596201,0.717863876376052
"9785",50,0,0.988800797160185,0.988800797160185,0.901642800185398
"588.1",56,1,0.850159815289283,0.0412764273612896,0.850159815289283
"7785",58,0,0.238074166734321,0.238074166734321,0.310739510654083
"1641",54,0,0.77055175712459,0.77055175712459,0.777467117027547
"8524",58,0,-0.285972672687453,-0.285972672687453,0.486818244207927
"9737",58,1,0.74325638066263,0.550756601314322,0.74325638066263
"873",58,1,0.526426880994916,0.411945095140637,0.526426880994916
"6713.1",52,0,0.838746817432402,0.838746817432402,1.05945186573201
"7418",56,0,0.204787130625994,0.204787130625994,0.853187223139946
"8508",56,0,0.425770234631053,0.425770234631053,0.231939450259476
"6463",52,0,0.882050332330802,0.882050332330802,0.882416916932504
"5786.2",58,1,0.0650251726496966,0.333478704454102,0.0650251726496966
"5038",60,1,0.58870456943365,0.0949887402680702,0.58870456943365
"1374",54,1,0.811222249323729,0.357329467558843,0.811222249323729
"3844",52,1,0.963475488888338,0.362026736291791,0.963475488888338
"24",52,0,0.933359810618979,0.933359810618979,1.47223632170779
"9773",52,1,0.753317743666508,0.505936152714755,0.753317743666508
"6075.3",54,1,1.00232182987371,0.735027378114287,1.00232182987371
"4085",52,1,0.558606917688085,0.98427591412468,0.558606917688085
"2173",58,0,0.364645761989941,0.364645761989941,0.507859802508866
"978.1",56,0,0.153735777326715,0.153735777326715,0.642439948202004
"3294.2",54,0,0.552349782236391,0.552349782236391,0.217822679915847
"6969",54,1,0.851499077477868,0.623605160762435,0.851499077477868
"7117.2",56,1,0.447413976316271,0.793299101719585,0.447413976316271
"260",60,1,0.847594688168175,-0.0639179529869248,0.847594688168175
"5779",50,0,1.01189100056655,1.01189100056655,0.850097100091778
"322",54,1,1.05272796809754,0.433345014835604,1.05272796809754
"7019",54,1,0.306021116953965,0.421340702758232,0.306021116953965
"5378.1",56,1,0.275325729667788,0.284839872279908,0.275325729667788
"8364",58,1,0.927307109976882,0.216605814304469,0.927307109976882
"8055",60,1,0.814016246863549,0.311572954702102,0.814016246863549
"1408",50,0,1.13477241152981,1.13477241152981,0.679077835873803
"3160.1",52,0,0.739807473579505,0.739807473579505,1.02852220631551
"600",54,1,0.509433149770406,0.801125142270616,0.509433149770406
"8499",56,1,0.654043880378276,0.478219559813344,0.654043880378276
"8911.2",58,1,-0.00209409850593711,0.38781149470905,-0.00209409850593711
"8335",58,0,0.7049876292862,0.7049876292862,0.361486341856075
"2986.1",50,0,0.942799126423547,0.942799126423547,0.678297756093918
"2014",56,1,0.289647336512416,0.268253315044625,0.289647336512416
"9128",60,1,0.636854067106262,0.179354646881737,0.636854067106262
"8570",54,0,0.764755610874209,0.764755610874209,0.47896666668428
"9962.1",52,0,0.892736282779003,0.892736282779003,0.540189758777966
"4847.1",58,0,0.483891498422917,0.483891498422917,0.696903934450463
"6935",54,0,0.950628073502531,0.950628073502531,0.716730546977595
"8014.2",50,0,0.442072811232604,0.442072811232604,0.992217496922666
"9483",58,0,0.263193059793038,0.263193059793038,0.659082708311851
"8450",58,0,0.320636068688253,0.320636068688253,0.546952170317224
"3757.1",54,0,0.687712452898549,0.687712452898549,0.847071567076758
"6767.1",56,1,0.918448533250408,0.325679327604532,0.918448533250408
"9459.1",56,0,0.163847253745468,0.163847253745468,0.578924228736004
"1339",60,1,1.03544846599541,0.269127430497091,1.03544846599541
"4995",56,0,-0.0739293757913532,-0.0739293757913532,0.969623775397305
"1330",58,1,0.773676055095454,0.0749670011649384,0.773676055095454
"3387.1",60,0,-0.291963165648483,-0.291963165648483,0.341594744703976
"7788.1",52,0,0.774707758251937,0.774707758251937,0.857537639809999
"6316",56,0,0.489773071242912,0.489773071242912,0.447615972331935
"7977.1",52,0,0.322246630956582,0.322246630956582,0.468269623300529
"7428",56,0,0.57813171891248,0.57813171891248,0.358418834724801
"664",56,0,0.442554812577867,0.442554812577867,0.689205104415428
"4287",56,0,0.17841799965545,0.17841799965545,0.675084018169092
"76.1",58,0,0.11044876992123,0.11044876992123,0.179273406865422
"326",60,1,1.00390837658377,0.717771019598076,1.00390837658377
"2707",58,0,0.330654439607998,0.330654439607998,0.912287921620526
"5113",54,1,0.737048400309157,0.354956781562183,0.737048400309157
"9045.1",56,0,0.0256820556528205,0.0256820556528205,0.642778015898698
"6740",52,0,0.522795677623987,0.522795677623987,0.65216340709622
"294",54,1,0.573474549926586,0.54503401948876,0.573474549926586
"3167",52,0,0.820619496028364,0.820619496028364,0.676450158742696
"94.1",58,1,0.473871272955929,-0.0805399831990217,0.473871272955929
"9447",58,0,0.200866806983498,0.200866806983498,0.2342967575802
"732.1",56,1,0.109193231137018,0.449545979960499,0.109193231137018
"5774.1",60,0,-0.0878194723176753,-0.0878194723176753,1.0489437086194
"4030",58,1,0.556886237812021,0.508989381305387,0.556886237812021
"8130",56,1,0.742187867914644,0.318569707132889,0.742187867914644
"2087",52,1,0.890686821346252,1.16357694351654,0.890686821346252
"3137",58,1,0.584496398340321,-0.189033029169447,0.584496398340321
"4759.1",56,0,0.790616300159231,0.790616300159231,0.261770351054818
"382",56,0,0.495886198789371,0.495886198789371,0.971959200719072
"2160.2",54,1,0.751705586198638,0.83780842928057,0.751705586198638
"5824",58,1,0.424048595170387,0.0392799898907336,0.424048595170387
"5468",54,0,0.479539876258756,0.479539876258756,0.486651224109606
"2848",56,1,0.585096083644333,0.466775295287248,0.585096083644333
"8501.1",56,0,0.0788056716420532,0.0788056716420532,0.711577177085088
"2084",54,1,0.230267529219198,0.781006948511508,0.230267529219198
"5967",56,0,0.396727282962842,0.396727282962842,0.63674720731266
"7529.1",50,0,0.972877818903807,0.972877818903807,0.936245416734069
"8000.1",58,1,0.774887390727568,0.286688372902533,0.774887390727568
"6282",58,0,0.291851535594983,0.291851535594983,1.1107546385049
"9551.2",52,0,1.10795412142978,1.10795412142978,1.09497876546775
"2690",52,1,1.00968259046928,0.91534980459869,1.00968259046928
"6269.1",58,0,-0.319596311530976,-0.319596311530976,0.699667445453356
"4468.1",52,0,0.936402427246602,0.936402427246602,0.723243096452172
"2872.1",58,1,-0.270367372371778,0.684989598956445,-0.270367372371778
"2940.1",56,1,0.245838292776752,0.86062268519912,0.245838292776752
"8284",60,1,0.621416364215294,0.0401455450555982,0.621416364215294
"7786.1",60,0,-0.299604125362417,-0.299604125362417,0.593904981395546
"479.2",54,0,0.683827960812545,0.683827960812545,0.75258738033416
"728.1",56,0,0.472152739219082,0.472152739219082,0.490552065695133
"4467",54,0,1.11926871897164,1.11926871897164,0.912433261237492
"8695",54,0,0.605634107084681,0.605634107084681,0.451230976975692
"8800",58,0,0.180524142104935,0.180524142104935,0.807157887520154
"4650.1",54,1,0.391526673537896,0.309090200758625,0.391526673537896
"2488",56,0,0.740154251799173,0.740154251799173,0.513019893602764
"9435.1",50,0,0.910729647541137,0.910729647541137,0.979205936862887
"8120",60,1,0.477258466748911,-0.256984823106814,0.477258466748911
"4697",60,0,-0.168285396241846,-0.168285396241846,0.603516623617388
"9348",56,0,0.28131797201146,0.28131797201146,0.735104281179434
"8026.1",56,0,0.591060696157552,0.591060696157552,0.445061628539756
"3693",58,1,0.598660350775655,0.407004999666937,0.598660350775655
"8262.3",54,1,0.910224491631546,0.757603079128502,0.910224491631546
"2319",52,1,0.858651255281582,0.495203137668269,0.858651255281582
"3611",60,1,0.385999796420618,0.303479697939302,0.385999796420618
"1189.2",50,0,1.26225404114891,1.26225404114891,1.47394927074681
"3206.1",54,1,0.930080198854469,0.76669791081356,0.930080198854469
"2330.1",58,0,0.0335637852872496,0.0335637852872496,0.352871955964408
"2094",50,0,1.17730963657281,1.17730963657281,0.94938476330185
"4357",56,1,0.552194537358974,0.178988285226124,0.552194537358974
"6089.2",54,0,0.58681797407853,0.58681797407853,0.502751248025987
"9708",52,0,0.731096242847057,0.731096242847057,0.801877539241934
"2062.2",56,0,0.512074314224554,0.512074314224554,0.813433761171295
"4274.1",58,0,-0.122496512628334,-0.122496512628334,0.216326152388571
"725.1",52,1,0.951772183762843,0.83256216779736,0.951772183762843
"179.1",56,1,0.504846901765701,0.47185498020301,0.504846901765701
"1812.1",52,0,1.59398292016164,1.59398292016164,0.592952420186638
"269.2",56,0,0.347675761080785,0.347675761080785,0.0870106236992231
"696",56,0,0.957233903772752,0.957233903772752,0.413763011592227
"5472",60,0,0.0270723395896144,0.0270723395896144,0.599254788417619
"6458",54,0,0.725226367450919,0.725226367450919,0.84882491689296
"2638.1",52,0,0.6189585918868,0.6189585918868,0.652281063521902
"8858",52,0,0.77348680943033,0.77348680943033,0.668526606054282
"3497.2",54,0,0.73314643290726,0.73314643290726,0.948870122816862
"7189",52,0,0.59632227513914,0.59632227513914,1.00906908562898
"5306",54,1,0.496095541558901,0.319387402562841,0.496095541558901
"4899",52,0,1.02455515385812,1.02455515385812,0.706447008339141
"6396",60,0,-0.317900286477641,-0.317900286477641,0.0207680337197277
"8680",58,0,0.38673055865173,0.38673055865173,0.287387658586313
"7344",60,0,-0.245730173988187,-0.245730173988187,0.656759833876073
"2844.2",54,1,0.918437795930046,0.743076246399447,0.918437795930046
"5019",50,1,1.03729431389971,0.80236068537538,1.03729431389971
"4336.1",50,1,0.893494811116166,1.03340086663246,0.893494811116166
"4456.1",54,1,0.815213403094898,0.611162535081584,0.815213403094898
"5105",58,0,0.493185830867473,0.493185830867473,0.54589007080495
"8377",50,0,0.88529440552195,0.88529440552195,0.78915676343996
"2561",50,0,0.599984573530639,0.599984573530639,1.20708981014802
"7252.1",52,0,1.27590122026059,1.27590122026059,0.769454721924361
"5438.1",52,1,0.559054184024674,1.41993198078749,0.559054184024674
"7329.1",54,1,0.698075642522825,1.01072719813522,0.698075642522825
"441",50,0,1.05032261014306,1.05032261014306,1.18550866970909
"7040.2",52,1,0.855775406355651,0.948897220477606,0.855775406355651
"168",54,0,0.877925298478025,0.877925298478025,0.821549804521441
"426",54,0,0.558840277820319,0.558840277820319,0.501674574092118
"452",54,0,1.01674222896269,1.01674222896269,1.30672761848077
"8702",58,0,0.274349784981022,0.274349784981022,0.164337814277622
"5864",50,0,0.872543971041756,0.872543971041756,1.36193394571908
"1308.1",56,0,0.158305352580399,0.158305352580399,0.806370585508902
"2281.2",58,0,-0.0269353398813565,-0.0269353398813565,0.437480705013909
"6823",56,0,0.13403850612064,0.13403850612064,0.713913479379122
"4763.1",50,0,0.80821046400676,0.80821046400676,1.03778480026837
"9501.1",60,0,-0.238855412976333,-0.238855412976333,0.156590177789092
"1554",52,0,0.816573097146607,0.816573097146607,1.04959534904998
"3598.1",56,0,0.235902438658385,0.235902438658385,0.597473566436396
"4053.1",54,1,0.570003838122078,0.47473018293464,0.570003838122078
"4008",56,0,0.807921787853487,0.807921787853487,1.19113389235902
"1616.1",58,0,0.346606167368048,0.346606167368048,0.499211254636246
"9017",60,1,0.3660503036257,0.105772981182093,0.3660503036257
"9451",56,0,0.327219980465864,0.327219980465864,0.51686808951186
"1232.1",54,1,0.949714051836805,1.10964401601078,0.949714051836805
"6034",54,0,0.544873786088945,0.544873786088945,0.38516740360863
"2571",54,0,0.905380067614165,0.905380067614165,0.479674626296564
"5617",52,0,0.488272081611031,0.488272081611031,0.692426274370774
"65",56,0,0.5993258070275,0.5993258070275,0.910529898049691
"387",58,1,0.665687907058442,0.423362408435779,0.665687907058442
"3579.1",54,0,0.613513185476819,0.613513185476819,0.821187171643415
"7833.2",52,0,0.713883647058856,0.713883647058856,0.642344244489092
"8897.4",56,0,0.615395649010474,0.615395649010474,0.573569388214888
"7949",52,1,0.974923688034625,0.969560311122195,0.974923688034625
"993.1",56,1,0.979476502648773,0.124012364496184,0.979476502648773
"63.1",54,1,0.794814907653742,0.511588679104778,0.794814907653742
"5255.1",56,0,0.36021019082829,0.36021019082829,0.831673666093365
"3730.2",50,0,0.618771904374215,0.618771904374215,1.15777729862332
"1340.1",52,0,0.595981084687768,0.595981084687768,0.662532591708884
"6186",54,0,0.539030281200263,0.539030281200263,1.0142062096126
"1248.1",58,0,0.154509162662184,0.154509162662184,0.497496990042918
"2909.1",56,1,0.494889461536875,0.474662908281632,0.494889461536875
"8110",56,1,0.174532853094127,0.427164254892836,0.174532853094127
"144",52,1,1.27007867360027,0.651778398763737,1.27007867360027
"7101",52,0,0.9638178335816,0.9638178335816,0.757768814219992
"2303.1",54,0,0.472593006551158,0.472593006551158,0.814290523524307
"4184",58,1,0.677363174017826,-0.145288257695814,0.677363174017826
"6279",52,0,1.08234190650956,1.08234190650956,1.0509390868648
"4647.1",52,0,0.967635828828928,0.967635828828928,1.09780116894918
"9062.1",54,0,0.603173207800908,0.603173207800908,0.828584410076027
"3401",60,0,0.0300520960682583,0.0300520960682583,0.185686277735436
"117",58,1,0.586858889705141,0.71984131468285,0.586858889705141
"9002",60,0,-0.113615228635392,-0.113615228635392,1.06984306533886
"386",52,0,0.925606027192526,0.925606027192526,0.781743080632331
"4598",56,0,0.508839237028327,0.508839237028327,0.482468154152124
"1434",54,0,0.902152475041551,0.902152475041551,0.917487862519063
"1447",54,0,0.273529221336717,0.273529221336717,0.582581007362332
"5342",56,1,0.686460347341208,0.339162451335536,0.686460347341208
"6498.1",52,0,1.06998291735636,1.06998291735636,0.590926354466042
"1281",50,1,1.0476189038143,0.598689943393504,1.0476189038143
"9002.1",60,0,-0.113615228635392,-0.113615228635392,1.06984306533886
"3253",58,1,0.772944353086436,0.0349695062912143,0.772944353086436
"4837",58,0,0.736775810285262,0.736775810285262,1.00545425638444
"9602",56,0,0.52846709505081,0.52846709505081,0.843598539546132
"4747",56,1,0.947500013102893,0.522598529331647,0.947500013102893
"1175",56,0,0.366523572554411,0.366523572554411,0.662261130412356
"303.1",54,0,0.816155964973658,0.816155964973658,0.627749567062666
"7920",54,0,-0.0285205904529136,-0.0285205904529136,0.529523943434826
"9580",52,0,0.863793027054503,0.863793027054503,0.903935578111927
"5398.1",52,0,0.824879488932797,0.824879488932797,0.547542804741961
"2686",58,0,-0.107693573421461,-0.107693573421461,0.397352013745911
"2991",56,0,0.463407284688182,0.463407284688182,-0.139642428035148
"2335.2",54,0,0.866098332837841,0.866098332837841,0.831639167568983
"7398.2",56,1,0.563280672923511,0.0484774981478745,0.563280672923511
"4805",56,0,0.343519428914515,0.343519428914515,0.230725300854375
"1689",54,0,1.03292541590588,1.03292541590588,0.809445230301851
"8823",52,0,1.18312964425581,1.18312964425581,0.84809806948855
"698",52,0,0.551089386293588,0.551089386293588,0.735102202199862
"2467",52,0,0.562709126424988,0.562709126424988,0.88574597837788
"453.1",54,0,0.425884426731243,0.425884426731243,0.528164576759279
"5765",58,1,0.847690563074977,0.379352786225118,0.847690563074977
"8787.1",58,0,0.153338748856705,0.153338748856705,0.943949576375723
"756.1",52,0,1.18715423186217,1.18715423186217,0.636656530652768
"2045",58,1,0.27551076163509,0.490943133749773,0.27551076163509
"6984.2",58,0,0.402033949110036,0.402033949110036,0.305701161805522
"8710.1",54,1,0.345061270264315,0.0623618615814987,0.345061270264315
"1547",60,0,0.395662543524256,0.395662543524256,0.708605906122401
"3823",54,0,0.650924871257952,0.650924871257952,0.816805638092641
"5374.1",58,1,0.699295751178546,-0.0782943214953175,0.699295751178546
"8864",54,0,0.318856459189809,0.318856459189809,0.456723064552317
"5328",52,0,0.95420164927616,0.95420164927616,0.912150313586482
"7190",52,1,0.983941696402022,0.904875146587992,0.983941696402022
"8033",52,0,0.687853089804188,0.687853089804188,0.584739871374475
"6691",58,1,0.728885331841484,0.476857624954914,0.728885331841484
"8951",54,0,0.594599721924132,0.594599721924132,1.12395115420654
"3423",52,0,0.598328664770483,0.598328664770483,0.861202560212271
"1657",50,0,1.37506356072596,1.37506356072596,1.11576507253443
"2713.1",52,0,0.911628398818715,0.911628398818715,0.433388827561071
"7043.1",52,1,0.659799939678132,0.501972108976285,0.659799939678132
"1806",54,0,0.769268153022834,0.769268153022834,0.885870048328718
"6864",60,1,0.674839164072955,0.192281502443043,0.674839164072955
"718",52,1,1.27759372398483,0.411554303258637,1.27759372398483
"6647",50,1,1.04850360507927,0.547977244577368,1.04850360507927
"6966.1",60,0,0.074243143413903,0.074243143413903,-0.00086686776687972
"1005",52,0,0.661393084358496,0.661393084358496,0.997992826225927
"8001.1",52,1,1.0625695791277,1.03785247319639,1.0625695791277
"5344.1",50,0,0.680725715405317,0.680725715405317,1.14293754457895
"5718.1",60,0,0.416839952482914,0.416839952482914,0.137515583002476
"199.2",54,0,0.832742370868367,0.832742370868367,0.436060734074884
"3152",54,0,-0.0291701685413788,-0.0291701685413788,0.551469631408312
"1094.1",52,0,1.117052752959,1.117052752959,0.589879407703013
"7589",54,0,0.684722913515374,0.684722913515374,0.750580729228629
"7861",54,0,0.765119262893003,0.765119262893003,0.528983034991163
"3982",52,0,0.435277193349572,0.435277193349572,0.857994985628711
"4752",56,0,0.38795800741921,0.38795800741921,0.982821599084573
"9852",60,0,0.0933780771768868,0.0933780771768868,0.542505120119539
"7466.2",56,0,0.467300906662222,0.467300906662222,0.744265400400452
"5940",52,0,0.88135693934627,0.88135693934627,0.624907262179897
"7064",56,0,0.502272795974793,0.502272795974793,0.0821378520474291
"7325",54,0,1.1743302813823,1.1743302813823,0.705955246669268
"5110",52,0,0.805536096315706,0.805536096315706,0.654898541726297
"717.1",50,0,1.01801862280928,1.01801862280928,1.12115769633129
"5955",54,1,1.00731495588266,0.424002834972926,1.00731495588266
"8323.1",56,1,0.75563144009262,0.32096346564322,0.75563144009262
"857.3",52,0,0.666073866330545,0.666073866330545,0.743370176860783
"7293",58,0,0.437103669069618,0.437103669069618,0.302256746607358
"3539",56,0,0.258346561507104,0.258346561507104,0.315229104758563
"6556.1",60,0,-0.150424144293059,-0.150424144293059,0.509911714242791
"8676",58,0,0.545368414742248,0.545368414742248,0.669972945998958
"7908",50,0,1.45409052337387,1.45409052337387,0.673867711448936
"9144",56,1,0.195653939586875,0.279496816365484,0.195653939586875
"6169",58,0,0.0660242730641561,0.0660242730641561,0.528066408343232
"4074",50,0,0.963013383261968,0.963013383261968,1.37104575396994
"5993",54,0,0.49226258407901,0.49226258407901,0.432951047757882
"9873",52,0,0.643077463362784,0.643077463362784,0.890343717869754
"839.1",60,0,-0.113465033607181,-0.113465033607181,0.488937272006228
"1934",56,0,0.335269388563064,0.335269388563064,0.00500001997326649
"6384",50,0,0.84657767299828,0.84657767299828,0.895638898118305
"517",56,1,0.685962225804413,0.0383552644791559,0.685962225804413
"8114",50,0,1.43452137715613,1.43452137715613,0.240211465612356
"7257.1",54,1,0.878725407842806,0.552677723437952,0.878725407842806
"6266",56,1,0.805932755172665,0.361377707750937,0.805932755172665
"6388",54,0,0.713901267046397,0.713901267046397,0.868375483124566
"7494",56,1,0.734072867079221,0.690169097483301,0.734072867079221
"1264",58,1,0.79606639004318,-0.366662571609016,0.79606639004318
"7525",50,0,0.861026400012652,0.861026400012652,1.44538606512343
"5069.1",58,0,0.57114513091639,0.57114513091639,0.546506405399462
"6451.1",54,0,0.648053400688303,0.648053400688303,0.637134134091433
"5082",58,0,0.292916587362474,0.292916587362474,0.361441053387857
"2832.1",56,1,0.607144056004021,0.180535859547386,0.607144056004021
"6085",58,0,0.119160811478318,0.119160811478318,0.421166292643609
"2612.1",58,1,0.617123832728078,0.384418532928633,0.617123832728078
"1947",52,0,0.800233219909351,0.800233219909351,0.55805801148375
"4884",58,1,0.623744572858507,0.327969478757015,0.623744572858507
"7252.2",52,0,1.27590122026059,1.27590122026059,0.769454721924361
"4807",60,1,0.594143383001841,-0.0671759997617269,0.594143383001841
"2137",52,0,0.777223729044213,0.777223729044213,0.757602164022046
"8918",54,0,0.557751415253251,0.557751415253251,0.260454505990513
"5679.2",54,0,1.26590811022042,1.26590811022042,0.570537603228953
"213",58,0,-0.492645740994267,-0.492645740994267,0.420656371731392
"9608.2",54,0,0.687447583597307,0.687447583597307,0.453658574790698
"5511.1",50,1,1.26291883241189,1.00536923284593,1.26291883241189
"1691.1",56,0,0.169623692408328,0.169623692408328,0.0865544734100271
"998",52,0,0.672998458876839,0.672998458876839,0.570161402740283
"8201.1",56,0,0.174100678964532,0.174100678964532,0.912710638769911
"3324",60,0,0.00591201366192797,0.00591201366192797,0.610364383871244
"368",58,0,-0.133560959796793,-0.133560959796793,0.432796369996608
"3264",52,1,0.830125311228764,0.879374948465482,0.830125311228764
"2020.3",54,0,0.61397553197441,0.61397553197441,0.622995561352174
"3792.1",56,0,0.553298525321744,0.553298525321744,0.0177637861481421
"4455",58,0,-0.0573509550019553,-0.0573509550019553,0.535064042641213
"4807.1",60,1,0.594143383001841,-0.0671759997617269,0.594143383001841
"7596",56,0,0.546401551352208,0.546401551352208,0.933195824963003
"7673.1",52,1,0.622277681845835,0.93953480303894,0.622277681845835
"5467",54,0,0.4506944854766,0.4506944854766,0.663055511544571
"4987",52,0,1.05642530259093,1.05642530259093,1.0643000650218
"5470",60,0,-0.236947744801472,-0.236947744801472,0.43256931372739
"2223.1",58,1,0.209599057326896,0.622990198014211,0.209599057326896
"3603.2",58,0,0.200810546591438,0.200810546591438,0.338956458524745
"8897.5",56,0,0.615395649010474,0.615395649010474,0.573569388214888
"9990",60,0,-0.321248073157145,-0.321248073157145,0.187851129461877
"7785.1",58,0,0.238074166734321,0.238074166734321,0.310739510654083
"6585",50,1,1.00271324574474,0.830566255615091,1.00271324574474
"9702.1",56,0,0.393445974149652,0.393445974149652,0.896914850322092
"7415.1",58,0,-0.0680016893557151,-0.0680016893557151,1.0561062942556
"5105.1",58,0,0.493185830867473,0.493185830867473,0.54589007080495
"9254.1",50,0,1.29585774067298,1.29585774067298,1.03799100735689
"5336",54,0,0.27122378375972,0.27122378375972,1.09616501883993
"5928.1",56,0,0.484395431028519,0.484395431028519,0.771148845424687
"9149",54,0,1.01395625700761,1.01395625700761,0.0174072441868176
"9857.1",58,0,0.450224853081347,0.450224853081347,0.370912538886129
"6496",56,0,0.27879965761523,0.27879965761523,0.263809409793844
"9788.1",54,0,0.462667977552738,0.462667977552738,0.554362453146788
"5610.2",60,1,0.0811497503544853,-0.233772137395466,0.0811497503544853
"8514",58,1,0.259685443512428,0.451314267142388,0.259685443512428
"4148",54,0,0.413842301707127,0.413842301707127,0.786754813831844
"3861",58,0,0.216565891293729,0.216565891293729,0.402753466864115
"2298",54,1,0.328514119598208,0.852309268380553,0.328514119598208
"6269.2",58,0,-0.319596311530976,-0.319596311530976,0.699667445453356
"627",52,1,0.576058292778,1.08165946638217,0.576058292778
"5233.1",58,1,0.281778101835157,0.523812874246755,0.281778101835157
"9939",52,0,0.923315273542973,0.923315273542973,0.97979139111367
"1363",52,0,0.741920283147226,0.741920283147226,0.953842849335681
"763",58,0,0.121329278457702,0.121329278457702,0.200837243289994
"2903",56,0,1.08670518541821,1.08670518541821,0.798967475356154
"5524.1",60,1,0.380641734984391,0.187311845207034,0.380641734984391
"1650.1",60,1,0.717863876376052,-0.219706283596201,0.717863876376052
"9523.1",58,1,0.627976786190501,0.506586494221707,0.627976786190501
"1861.1",58,0,0.0929240207613881,0.0929240207613881,0.443996994726885
"349.1",54,0,0.689977880607441,0.689977880607441,0.497822242126993
"6794.1",52,1,0.844140966614515,0.879925958604092,0.844140966614515
"2687.2",58,0,0.151721284597141,0.151721284597141,0.307075703540246
"481",58,0,0.364241010241077,0.364241010241077,0.634917003835493
"6805",54,0,0.468351458218518,0.468351458218518,0.859524007602136
"1444",56,1,0.550813649741405,0.176141725838831,0.550813649741405
"1290",54,0,0.695039736793133,0.695039736793133,0.505951274542823
"5239",60,1,0.711309860433736,0.540104881592245,0.711309860433736
"6634",52,1,0.974328571736721,0.676434385029565,0.974328571736721
"9606",50,1,1.14566210169169,0.693429624144471,1.14566210169169
"2090",56,0,0.468786154107608,0.468786154107608,0.225384155328143
"1326.2",56,0,0.672089396876604,0.672089396876604,0.750341571797002
"4697.1",60,0,-0.168285396241846,-0.168285396241846,0.603516623617388
"9840.1",60,0,0.424760908115615,0.424760908115615,0.51722375347008
"1813",58,0,0.0866003485909799,0.0866003485909799,0.882457947854092
"15",58,0,0.132858406644523,0.132858406644523,0.341127784875361
"1737.1",56,0,0.0946166444587075,0.0946166444587075,0.704385192545654
"1318.2",52,0,0.832383029108546,0.832383029108546,0.899822051588177
"936",58,1,0.490254738649897,0.198598271341232,0.490254738649897
"3190",52,0,0.644213865061467,0.644213865061467,0.810535095818886
"2457.1",60,0,-0.122199971248362,-0.122199971248362,0.28522268602693
"427",50,0,1.64939943081674,1.64939943081674,0.988730876087526
"7451",50,0,1.33835151940911,1.33835151940911,0.92126015767971
"528",58,1,0.920709962581147,0.215801096390413,0.920709962581147
"8191",54,1,0.424391249748255,0.254617727051885,0.424391249748255
"9377.1",58,1,0.5461049681254,0.150900777467857,0.5461049681254
"1106.1",56,0,0.0491759335209898,0.0491759335209898,0.636376793655558
"3609",54,1,0.466201866605029,0.590845296750361,0.466201866605029
"4468.2",52,0,0.936402427246602,0.936402427246602,0.723243096452172
"8937",54,0,0.670435726750665,0.670435726750665,0.735564314082749
"3115",56,1,0.275227286069216,0.80533093664934,0.275227286069216
"7882.1",60,0,-0.0349616287489924,-0.0349616287489924,0.724561203894155
"3258",56,1,0.347301365237258,0.0390129561396574,0.347301365237258
"2902.3",52,0,1.25707332690132,1.25707332690132,0.989980935999182
"3641.1",56,0,0.574991977308053,0.574991977308053,0.699357007305567
"866",54,1,0.744715345527398,0.383835673318991,0.744715345527398
"4606",56,0,0.415854791543726,0.415854791543726,0.775793128889369
"6267",54,0,0.280350893422558,0.280350893422558,0.570327407186053
"4721.1",52,1,0.819209148652895,0.611487466204257,0.819209148652895
"3799.1",58,0,-0.172619760417379,-0.172619760417379,0.595823322442144
"9259.1",56,0,0.560256462080704,0.560256462080704,0.192179778533223
"9228.1",50,0,1.06870144953176,1.06870144953176,0.937118360006141
"2535",54,1,0.568444395753613,0.790084561425686,0.568444395753613
"4735.1",56,0,0.791241750630024,0.791241750630024,0.684533901072653
"8899",58,0,0.273974423113391,0.273974423113391,0.150275712816683
"9851.1",50,0,1.47881454749767,1.47881454749767,0.593112375650062
"905.1",52,0,0.925130823861221,0.925130823861221,0.972861707427475
"2894.2",54,0,0.484676983964721,0.484676983964721,0.40705527062086
"3702",54,0,0.773538593936163,0.773538593936163,0.468975938336221
"7080",56,1,0.639303770687105,0.672900118151351,0.639303770687105
"9741.1",56,0,0.413811814393342,0.413811814393342,0.0665957513447069
"6244.1",50,0,0.826693470323905,0.826693470323905,0.651630986177865
"5173",58,0,-0.196810869921638,-0.196810869921638,0.875349727405998
"100",56,0,0.337765325827992,0.337765325827992,0.827000541829552
"1884",54,0,1.01425678501556,1.01425678501556,1.00770920722425
"939",58,0,-0.102414319345029,-0.102414319345029,0.602243145064955
"8838.2",56,0,0.441156605740557,0.441156605740557,0.579055477828644
"5193",58,1,0.190668609477481,0.127167599708623,0.190668609477481
"6251",54,0,1.04139039368883,1.04139039368883,0.431320118511192
"641.1",60,1,0.489703477265519,-0.155737140489969,0.489703477265519
"692",56,0,0.39020683799866,0.39020683799866,0.643676746434575
"1330.1",58,1,0.773676055095454,0.0749670011649384,0.773676055095454
"9359",60,0,0.271624565716295,0.271624565716295,0.99056482018076
"6630",52,0,0.82376689359184,0.82376689359184,0.777442592977905
"9812.1",56,1,0.53770285663939,0.0132349868488978,0.53770285663939
"7935.1",58,0,0.0699925837706398,0.0699925837706398,0.417284748560297
"1781.1",56,1,0.255533080747,0.37815679553277,0.255533080747
"9474.1",52,1,1.01483682167565,1.03850510407597,1.01483682167565
"1510",56,1,0.674216399399798,0.0437483339065095,0.674216399399798
"3036",54,1,1.00101890139196,-0.151765983313331,1.00101890139196
"4973.1",58,0,-0.153846342001568,-0.153846342001568,0.746528075236238
"7302",56,1,0.592671149926769,0.405222983246022,0.592671149926769
"3796",54,0,0.680214022883553,0.680214022883553,0.296001319565938
"1301",56,1,0.734671523298986,0.68778269260543,0.734671523298986
"8458",50,0,0.51975880467942,0.51975880467942,0.697748145416191
"2394.1",54,0,0.638051247866586,0.638051247866586,0.599418908402773
"1368.1",54,0,0.4218933335345,0.4218933335345,0.239788503557329
"5724.1",54,0,0.776154955185819,0.776154955185819,0.781613860250329
"3756",54,0,0.938448192129164,0.938448192129164,0.646340844759935
"2433",58,1,0.950461029585445,0.186056921097079,0.950461029585445
"4897.3",58,0,0.134808260025342,0.134808260025342,0.214281952780971
"2286",60,1,0.282096106186721,-0.0958947931975834,0.282096106186721
"2970",50,0,1.25390134978614,1.25390134978614,0.968815788273264
"7304",56,0,0.623135776184311,0.623135776184311,0.742396312305662
"5175",54,0,0.492182699495525,0.492182699495525,0.670000957518948
"4572",54,1,0.736850928554328,0.716632832907497,0.736850928554328
"3690",58,0,0.340957229517908,0.340957229517908,0.73856986246906
"2251",52,1,0.81275991643482,1.04119950792269,0.81275991643482
"1029.2",54,0,0.521591812345644,0.521591812345644,0.470152045888869
"2281.3",58,0,-0.0269353398813565,-0.0269353398813565,0.437480705013909
"22.1",52,0,0.482486347994399,0.482486347994399,1.01734571480203
"6031.1",54,0,0.601210459297502,0.601210459297502,0.399096937360026
"9163",56,0,0.519159460590294,0.519159460590294,0.919022687019435
"736.1",52,0,0.98644164862234,0.98644164862234,0.70256501559966
"5245",60,0,0.25251337786412,0.25251337786412,0.323363802088861
"2245",52,0,0.998549632619508,0.998549632619508,0.678308077142142
"8637",58,0,0.0861045495876061,0.0861045495876061,0.0511637823268353
"9407.1",58,1,0.667744736378239,0.128314138361797,0.667744736378239
"7290.1",54,0,0.73419143002315,0.73419143002315,1.38162479736431
"5056",58,1,0.48879148945532,0.535465670610877,0.48879148945532
"4071.2",58,0,0.583386384035191,0.583386384035191,0.757995876461304
"4089",52,1,0.806428216969833,0.828421539451283,0.806428216969833
"1590",56,1,0.596976539439947,0.153884864540922,0.596976539439947
"8210",56,0,-0.100386591256058,-0.100386591256058,0.420114405474246
"3729",54,0,0.606890628353616,0.606890628353616,0.949054525223992
"8908",54,0,0.69253468683484,0.69253468683484,0.839724907122011
"4420.1",52,0,0.745957627755553,0.745957627755553,1.10964029357462
"5074",58,0,0.310196528625852,0.310196528625852,0.201923086883632
"236",56,0,0.675344149849871,0.675344149849871,0.708395589367855
"8818",60,0,0.602823899751472,0.602823899751472,0.720348112363744
"5647",56,0,0.290264939681807,0.290264939681807,0.556080345050496
"4821",54,1,0.538616026720372,0.286916561956273,0.538616026720372
"6944",52,1,0.634979030636713,0.775397323186287,0.634979030636713
"1708",56,0,0.148646742595351,0.148646742595351,0.848985432486712
"6926",52,0,0.810703622538628,0.810703622538628,0.797107534738202
"1720",56,1,1.00142345712657,0.599060307199306,1.00142345712657
"7342",52,1,1.23235707971358,0.405068323100867,1.23235707971358
"7200.1",54,1,0.598279473636492,0.80426264071013,0.598279473636492
"975",52,1,0.87565119954065,0.972759432200302,0.87565119954065
"9444",54,1,0.759967294633541,0.516104139378065,0.759967294633541
"4834.1",56,0,0.274421840222493,0.274421840222493,0.671724976149912
"6783",56,1,0.643383257699983,0.808612923116603,0.643383257699983
"8222.1",54,1,0.559066753916787,0.398199572374758,0.559066753916787
"925",58,0,0.481878751089494,0.481878751089494,0.428886053147029
"21",60,1,0.587404243986785,-0.124599254890719,0.587404243986785
"1212",58,1,0.287593670039614,0.190076782352885,0.287593670039614
"5914",52,0,0.388817615744235,0.388817615744235,0.715736050197453
"9217",52,0,0.82345343780852,0.82345343780852,1.23186096166844
"8550",50,1,1.04029635607041,1.09932606005652,1.04029635607041
"8755",56,1,0.446065517642211,0.542863880482407,0.446065517642211
"2053.3",52,0,1.28271389392962,1.28271389392962,0.935284792963447
"879",58,0,0.228295433433242,0.228295433433242,0.829653235653796
"3955",52,0,1.16411802569039,1.16411802569039,1.06648346194327
"438.1",50,0,0.456272405159142,0.456272405159142,1.34145941503556
"7272",60,0,-0.14472243954782,-0.14472243954782,0.506296687061037
"8545",58,0,0.227252006692128,0.227252006692128,0.12148735344216
"885.1",54,1,0.611249204229508,0.836624464141424,0.611249204229508
"9340",54,0,0.360820988278981,0.360820988278981,0.950678996366304
"4219",50,0,0.816952780526802,0.816952780526802,0.926874934363447
"6300",58,0,0.0458231126744314,0.0458231126744314,0.457593572776866
"1146",56,1,0.569990984175516,0.320234776975413,0.569990984175516
"7482",56,1,0.531344365505637,0.751103702809101,0.531344365505637
"4497.1",54,0,0.917971019617303,0.917971019617303,0.682159836721407
"2728",58,1,0.448716468863881,0.11767399016745,0.448716468863881
"3570",54,0,0.691378370123213,0.691378370123213,0.432721931359291
"207",56,1,0.751654013242855,0.177580953341679,0.751654013242855
"2664.1",52,0,0.279527081349868,0.279527081349868,0.9026801760498
"8583.1",56,1,0.997090846082354,0.600075689681158,0.997090846082354
"326.1",60,1,1.00390837658377,0.717771019598076,1.00390837658377
"9959",54,0,0.48036762722104,0.48036762722104,0.842148496904149
"5740",56,1,0.790081748758559,0.101015260302845,0.790081748758559
"9617",58,1,0.747939965083,-0.123839947001483,0.747939965083
"561.1",56,0,0.20909244983508,0.20909244983508,0.526740866406906
"8358.2",54,0,0.75518259133555,0.75518259133555,0.645942768158848
"6401",54,0,0.401058544679556,0.401058544679556,0.842968956166567
"3664",52,0,0.638140755056078,0.638140755056078,0.523985720531552
"7077",52,0,0.60764975042483,0.60764975042483,0.891088527968479
"9733.2",58,0,0.18924251328487,0.18924251328487,0.900183881149844
"9045.2",56,0,0.0256820556528205,0.0256820556528205,0.642778015898698
"8031",54,0,0.594158489054269,0.594158489054269,0.547487643488691
"2666.1",58,0,0.287071479306274,0.287071479306274,0.480408650809801
"7636",58,0,0.478636751588917,0.478636751588917,0.260751165657001
"2154",52,0,0.312744036928975,0.312744036928975,0.742622346930594
"2589.1",60,0,-0.0557585774103446,-0.0557585774103446,-0.0156337832546838
"1024.2",58,0,0.100985911834957,0.100985911834957,0.712305606197482
"1055.1",58,0,0.447759196002505,0.447759196002505,0.324901966954911
"4980.2",54,0,0.277169420832998,0.277169420832998,0.727225328812961
"8805",54,1,0.663075463489944,0.387218648803413,0.663075463489944
"4147",54,0,0.205443411365508,0.205443411365508,0.495955480160657
"5388",60,1,0.835735614536251,-0.237215149037089,0.835735614536251
"4684.1",52,1,0.606400387000233,0.931231485231143,0.606400387000233
"2082.3",56,0,0.143416721371275,0.143416721371275,0.820552040633939
"2374",52,0,0.6430310728694,0.6430310728694,0.579674264816069
"4654.2",56,1,0.580043138992058,0.553312326570906,0.580043138992058
"3928.1",56,0,0.175546614310951,0.175546614310951,0.733648448250398
"5849",58,0,0.551966052874596,0.551966052874596,0.346431793025084
"4376",54,0,1.01112096009292,1.01112096009292,0.483567967103069
"6664",50,0,0.964876472120334,0.964876472120334,0.871180661077407
"8549",52,0,1.12055538762536,1.12055538762536,0.840146140509231
"2924",60,1,0.936709123323084,-0.0182779714066983,0.936709123323084
"5715",54,0,0.710309478069579,0.710309478069579,0.775010142192708
"4574",56,0,0.355239431962432,0.355239431962432,0.655095603417052
"4002.2",56,0,0.648388433733919,0.648388433733919,0.417714433448774
"5555.1",58,1,0.362860569349746,0.241591939183399,0.362860569349746
"2463.1",58,1,0.930234396126922,0.342464096551987,0.930234396126922
"1708.1",56,0,0.148646742595351,0.148646742595351,0.848985432486712
"4551.1",54,1,0.727272645622538,0.404281002006719,0.727272645622538
"2782.1",54,0,0.482783451542307,0.482783451542307,0.600414430890011
"9541",54,1,1.15928960558103,1.19068263365229,1.15928960558103
"8917",52,0,1.03387864474372,1.03387864474372,1.19121819480482
"9904",52,1,0.676364121133626,1.2524132931823,0.676364121133626
"5849.1",58,0,0.551966052874596,0.551966052874596,0.346431793025084
"636.1",54,0,0.506788985296017,0.506788985296017,0.907916983225265
"4542",60,0,-0.410629086237218,-0.410629086237218,-0.0503733753448771
"2092",56,1,0.645354454448125,0.262791688663309,0.645354454448125
"4652",52,0,0.710511514831143,0.710511514831143,0.557510320179474
"8644.1",58,0,0.520586807475939,0.520586807475939,0.14290904827817
"6105",58,0,0.230228265343526,0.230228265343526,0.704351695684557
"8262.4",54,1,0.910224491631546,0.757603079128502,0.910224491631546
"8999",52,0,1.15610847519594,1.15610847519594,0.754998235701013
"892",50,1,1.10123769475728,0.997268105911676,1.10123769475728
"3788",52,0,0.611034945120361,0.611034945120361,1.08562809193345
"7424.1",54,1,0.900191898164754,0.764229257381126,0.900191898164754
"5943",58,1,0.744291561769986,-0.191927927727518,0.744291561769986
"5778.1",56,0,0.148064805272332,0.148064805272332,-0.107874317617863
"3213",56,0,0.0468236192262064,0.0468236192262064,0.696811160920423
"8605",52,0,0.60650781198067,0.60650781198067,1.02586077613149
"5510",58,1,0.417026656751716,0.261780991354446,0.417026656751716
"857.4",52,0,0.666073866330545,0.666073866330545,0.743370176860783
"5254",60,1,0.57975781996705,0.0159749927568559,0.57975781996705
"135",60,0,-0.0915366596908022,-0.0915366596908022,0.87246130046852
"8116",56,1,0.77346512191603,0.459985256490986,0.77346512191603
"8794",54,0,0.535165512252405,0.535165512252405,0.640126657383197
"9565.1",50,0,0.595369861543631,0.595369861543631,0.885440971011543
"8921.1",60,1,0.505908464920808,0.139986970091599,0.505908464920808
"8549.1",52,0,1.12055538762536,1.12055538762536,0.840146140509231
"4811",56,0,0.203033576327701,0.203033576327701,0.0352700082992642
"5384",56,1,0.446833313737927,0.211949734024469,0.446833313737927
"4023.1",52,0,0.985887217404405,0.985887217404405,0.732481899551947
"6594",56,0,0.974637792652164,0.974637792652164,0.568182799482674
"2360",50,0,0.754921391306532,0.754921391306532,0.65643619589216
"2160.3",54,1,0.751705586198638,0.83780842928057,0.751705586198638
"853.1",50,0,1.12692094244909,1.12692094244909,1.0642778013245
"1552",50,0,0.98548855841035,0.98548855841035,1.21933057772958
"7853.1",60,0,0.287535258540428,0.287535258540428,0.228141397451074
"1320",54,0,0.738796837781913,0.738796837781913,0.682142844130755
"2214",54,1,0.761828617153149,0.609302113162269,0.761828617153149
"4694",52,0,0.357645764070765,0.357645764070765,0.97341980670677
"9561.1",52,1,0.941564467621582,0.741366329214413,0.941564467621582
"2179",56,0,0.525730010317731,0.525730010317731,0.457184773231245
"4772",56,0,0.063936167619166,0.063936167619166,0.794701187689653
"1608",54,0,0.343665529057456,0.343665529057456,0.715895551823371
"5152",54,1,0.638194294810372,0.135680956555634,0.638194294810372
"6213.1",56,1,0.745356216650973,0.216278033188134,0.745356216650973
"2123",60,1,0.669560938224304,-0.48053675191459,0.669560938224304
"9350",52,1,1.14949607519167,0.666885101690145,1.14949607519167
"4674.1",52,1,0.860832758622531,0.856890994299907,0.860832758622531
"6344.3",60,0,0.224563803532277,0.224563803532277,0.509605347174853
"4023.2",52,0,0.985887217404405,0.985887217404405,0.732481899551947
"8893",54,0,0.731392417371369,0.731392417371369,0.715856009340439
"8912.1",56,1,0.244169497300261,0.384975193336794,0.244169497300261
"9092.1",58,0,0.376419224620515,0.376419224620515,0.903266120141579
"9684.1",52,0,0.720348422549169,0.720348422549169,0.914658589256928
"4842",52,1,0.810655847960873,0.726080003440321,0.810655847960873
"105",56,1,0.388022178556389,0.132449897603483,0.388022178556389
"5836",52,0,0.916860260588954,0.916860260588954,1.02200493721108
"5980",56,1,0.08430823961727,0.0458884586437805,0.08430823961727
"459",56,1,0.865137035180254,0.807099166125171,0.865137035180254
"2100",56,1,0.568129091651733,-0.13558066644446,0.568129091651733
"9280",52,0,0.605787509885084,0.605787509885084,0.873552084050684
"1534",50,0,1.17235463415227,1.17235463415227,1.19404798245387
"8089",56,0,0.573939295007225,0.573939295007225,0.55102607807684
"8903",50,1,0.818612024661208,1.09914763992328,0.818612024661208
"1142.1",52,0,0.838902384154232,0.838902384154232,1.20359740078418
"1152",50,1,0.971658432978662,1.01167269145388,0.971658432978662
"4138.2",60,1,0.0689484658225539,-0.166039963376092,0.0689484658225539
"9714.1",54,1,0.546386735442277,0.706909647225764,0.546386735442277
"2851",54,0,0.754113508147471,0.754113508147471,0.218328698014513
"8971.1",58,0,0.300235091194799,0.300235091194799,0.656153250739755
"8288.1",52,1,0.225408093092742,1.02840140499336,0.225408093092742
"5575.2",60,0,-0.0912680668556846,-0.0912680668556846,0.789941955724608
"612.1",54,1,0.68426128831497,0.700572050819841,0.68426128831497
"2772",52,0,1.17648738907042,1.17648738907042,1.12191803717416
"7703",50,0,0.757699953111593,0.757699953111593,0.892245534719045
"7964",60,1,0.478279668729029,0.00229304259755919,0.478279668729029
"2721",52,0,1.10716458537325,1.10716458537325,0.915349241353449
"4195",50,0,1.0377025608828,1.0377025608828,1.0876443355506
"2934.2",54,0,0.691027548257216,0.691027548257216,0.780095218512634
"4346",56,1,0.787013272759955,0.216652303560642,0.787013272759955
"1169",56,0,0.345314568325727,0.345314568325727,0.672453709629178
"5643.1",54,1,0.838128047154026,0.26654867045944,0.838128047154026
"2425.1",56,1,0.318929704043505,0.680051517381251,0.318929704043505
"9387.2",58,1,0.230084501551383,-0.0429717820758179,0.230084501551383
"6644",54,0,0.824598066349099,0.824598066349099,0.388692460363899
"9349.2",56,1,0.388716575418705,0.870977473825296,0.388716575418705
"3302.1",54,0,0.284077115026298,0.284077115026298,0.990453961593394
"8629",56,1,0.410280721279433,0.195358889916997,0.410280721279433
"1671.1",58,1,0.264295465587878,0.42091163598956,0.264295465587878
"2711",54,1,0.931117604142388,0.82935261377362,0.931117604142388
"8296",50,0,0.875738886046317,0.875738886046317,0.976640622501134
"9330.1",60,1,0.381669534591784,0.061409792800505,0.381669534591784
"7689.3",54,0,0.931105806705289,0.931105806705289,0.751634947462892
"6210",54,0,0.59856800749501,0.59856800749501,0.751690162968537
"4049",60,0,-0.226631435775674,-0.226631435775674,0.248136954208898
"9236.1",52,0,1.0091197256314,1.0091197256314,0.789248303171282
"1758",54,0,0.463723929998871,0.463723929998871,1.05748279692214
"3922.1",52,1,1.29705580321414,0.767291586544139,1.29705580321414
"9640",60,1,0.44247381036524,-0.0573082221023239,0.44247381036524
"7794",58,0,0.152233503080132,0.152233503080132,0.35051671104987
"7025.1",52,0,1.05507296646478,1.05507296646478,0.59328406372459
"9314",56,0,0.597238650331442,0.597238650331442,0.389373663429711
"6298",56,0,0.610246531289319,0.610246531289319,0.578719979511393
"9767",54,0,0.810565589819012,0.810565589819012,0.810183116274891
"2754",50,1,1.31329244529473,0.709728963463225,1.31329244529473
"4036",50,0,1.39805996868407,1.39805996868407,0.942373640745352
"5045",52,1,0.970832156803654,0.815455010096039,0.970832156803654
"5690.1",58,1,0.304326042967419,0.114539623753282,0.304326042967419
"3377.1",58,0,0.079193615311131,0.079193615311131,0.421515927587307
"9053.2",60,0,-0.0848586789355159,-0.0848586789355159,0.681531638733074
"5723",56,0,0.482534503383093,0.482534503383093,0.79577440673086
"3402",50,0,0.907364560063694,0.907364560063694,0.872672779942555
"9692",50,1,1.00648843593119,0.709439125085556,1.00648843593119
"7474",52,1,1.03955646465654,0.419353898890081,1.03955646465654
"4507",54,0,0.825831516463183,0.825831516463183,0.606919821411966
"6089.3",54,0,0.58681797407853,0.58681797407853,0.502751248025987
"9349.3",56,1,0.388716575418705,0.870977473825296,0.388716575418705
"8514.1",58,1,0.259685443512428,0.451314267142388,0.259685443512428
"7438",50,0,1.07697667617614,1.07697667617614,0.818878130207832
"2865",60,1,0.483438834397743,-0.131352332637274,0.483438834397743
"7883",54,0,0.588438646675478,0.588438646675478,0.642563655357906
"2754.1",50,1,1.31329244529473,0.709728963463225,1.31329244529473
"2183.1",58,0,-0.0460067674776379,-0.0460067674776379,1.02987960898646
"7878.2",52,0,0.643457543030188,0.643457543030188,0.800786695204768
"2617",52,0,0.688990288700922,0.688990288700922,0.90181497597554
"7453.1",54,0,0.969322351475727,0.969322351475727,0.86596395186222
"2200",50,1,0.90047995366183,1.50902995683092,0.90047995366183
"9201",52,0,1.07621793537368,1.07621793537368,0.874956205021175
"5322",58,0,0.459639729998899,0.459639729998899,0.926063810158887
"2709",52,0,0.817434362001566,0.817434362001566,0.871001093573641
"3303",54,0,0.686286689055272,0.686286689055272,0.606591315729962
"6041.1",56,0,0.385737018300288,0.385737018300288,0.960609815760217
"6134.1",56,0,1.07598383719578,1.07598383719578,0.38882310054967
"259",54,0,0.665415588275168,0.665415588275168,0.743957600487963
"5447",54,0,0.43184778965928,0.43184778965928,0.432236875842178
"4589",54,1,0.216835516626524,1.0281771557915,0.216835516626524
"6650",54,1,0.696225471750403,0.60189085727576,0.696225471750403
"7657.1",54,1,0.636577152406552,0.624899030492563,0.636577152406552
"489",58,0,-0.0768144151230538,-0.0768144151230538,0.544458223782514
"1788",52,0,0.73790403417703,0.73790403417703,0.416306853436985
"4314",52,1,0.693312344649709,0.380851569907603,0.693312344649709
"3325",52,1,0.862042101275586,0.166335032310303,0.862042101275586
"1567",56,0,0.599946444025033,0.599946444025033,0.79904632569391
"9646.2",52,0,0.939055100452743,0.939055100452743,0.785393620324871
"8760",52,0,0.522479750246277,0.522479750246277,0.495758678217196
"2629",54,0,0.8082776217817,0.8082776217817,0.806050666137896
"4594",56,0,0.31513608125318,0.31513608125318,0.479368884516416
"7140",50,0,0.80122203873299,0.80122203873299,1.51699449011224
"2061.1",52,1,0.676691089080034,0.691400490715813,0.676691089080034
"8178",56,0,0.150369531274597,0.150369531274597,0.837900484095906
"9711",56,0,-0.19031821989261,-0.19031821989261,0.504925846632294
"8886",60,1,1.10437194679765,-0.39682089052692,1.10437194679765
"6740.1",52,0,0.522795677623987,0.522795677623987,0.65216340709622
"4631",56,1,0.158683446136357,0.207141187475575,0.158683446136357
"302",50,0,1.06604760964359,1.06604760964359,1.0361281519864
"2360.1",50,0,0.754921391306532,0.754921391306532,0.65643619589216
"972",56,0,0.539706590796236,0.539706590796236,0.867172854963704
"2187.1",54,1,0.856178204311455,0.719141523363659,0.856178204311455
"2432",56,0,0.396102652338823,0.396102652338823,0.651806911586673
"1237",54,1,0.730200926412799,0.42613686827473,0.730200926412799
"6456",52,1,0.392497575755936,1.09695102540576,0.392497575755936
"7542",54,1,0.644449941465471,0.866441058604407,0.644449941465471
"3128",60,1,0.538653395554585,0.683569768253184,0.538653395554585
"2815",50,0,1.18179464769266,1.18179464769266,1.24538351572365
"5728",52,1,1.1582573000589,0.874534582560821,1.1582573000589
"522",58,0,0.107009741037581,0.107009741037581,1.01830938647039
"1947.1",52,0,0.800233219909351,0.800233219909351,0.55805801148375
"4882.1",58,1,0.669341415053544,0.0497409692225505,0.669341415053544
"3719.1",58,0,0.185927496926987,0.185927496926987,0.415764922358283
"144.1",52,1,1.27007867360027,0.651778398763737,1.27007867360027
"420",58,0,0.541668261355579,0.541668261355579,0.706749642000342
"6139",58,0,0.368010767154868,0.368010767154868,0.48411912962489
"1792",56,0,0.393704908711885,0.393704908711885,0.6454501435541
"263",52,0,0.877636933722187,0.877636933722187,1.10015499737419
"6259.1",56,0,0.575533343507192,0.575533343507192,0.708144930203762
"1612",56,0,0.494079477723497,0.494079477723497,0.247293637822513
"9353.1",58,0,0.0570217483654697,0.0570217483654697,0.93637093023708
"1191",58,1,0.499982276756741,-0.0234583946510277,0.499982276756741
"7709.1",60,1,0.505872196801214,0.0111040215872038,0.505872196801214
"6619",52,0,1.07422949398003,1.07422949398003,0.469666187778143
