"","X","W","Y","Y0","Y1"
"1",52,1,0.878837130658721,0.598917100039719,0.878837130658721
"2",54,0,0.335868586462333,0.335868586462333,0.741206254367898
"3",56,0,0.14115105398065,0.14115105398065,0.419453277795902
"4",60,1,0.0162978740890837,-0.296390088402397,0.0162978740890837
"5",52,1,1.07967391293352,0.674890122064522,1.07967391293352
"6",58,1,0.449112469920909,0.0687528232311621,0.449112469920909
"7",60,0,-0.0756082391337961,-0.0756082391337961,0.147567726364081
"8",56,0,0.517992033092476,0.517992033092476,0.760795108759718
"9",56,0,0.337904012803577,0.337904012803577,1.08775888118757
"10",50,1,1.18262257352437,1.31482950736609,1.18262257352437
"11",52,1,1.03978834483069,0.887730241018697,1.03978834483069
"12",52,0,1.01582963645588,1.01582963645588,0.958639104078465
"13",56,1,0.508854736472526,0.280272172742875,0.508854736472526
"14",54,0,0.302880195424601,0.302880195424601,0.511335494041901
"15",58,0,0.132858406644523,0.132858406644523,0.341127784875361
"16",54,0,0.57994473610728,0.57994473610728,0.612368017471239
"17",58,0,0.169191078620962,0.169191078620962,0.598241159745932
"18",60,0,-0.0248599514266454,-0.0248599514266454,0.917451697430722
"19",54,0,0.39131150531837,0.39131150531837,0.903064818271235
"20",58,1,0.266127774832939,0.664444885768638,0.266127774832939
"21",60,1,0.587404243986785,-0.124599254890719,0.587404243986785
"22",52,0,0.482486347994399,0.482486347994399,1.01734571480203
"23",56,0,0.1657640718885,0.1657640718885,0.729547811232462
"24",52,0,0.933359810618979,0.933359810618979,1.47223632170779
"25",52,0,0.395809223644463,0.395809223644463,0.623577977760902
"26",54,0,0.520735840144904,0.520735840144904,0.77264918195744
"27",50,0,0.895059081162694,0.895059081162694,1.01983789063879
"28",54,0,0.554786043904389,0.554786043904389,0.399918912163997
"29",58,0,0.400452802929207,0.400452802929207,0.457496037795301
"30",54,0,0.411520523878453,0.411520523878453,0.817958999614557
"31",54,0,0.644443674734305,0.644443674734305,0.619798704927956
"32",56,0,0.452085712257409,0.452085712257409,0.269988156322579
"33",54,1,0.824581928326064,0.800784306237636,0.824581928326064
"34",52,0,0.401229628367648,0.401229628367648,0.722411224078261
"35",58,1,0.504234515078201,0.5998959142228,0.504234515078201
"36",56,0,0.524817658296228,0.524817658296228,0.541918646036149
"37",58,1,0.575777430101437,0.291903523869643,0.575777430101437
"38",52,0,0.697367459549915,0.697367459549915,1.04070971257269
"39",58,1,0.485606225211902,0.431837604787261,0.485606225211902
"40",54,0,0.816129019768148,0.816129019768148,0.152774068695615
"41",58,0,0.380538071574149,0.380538071574149,0.988771554303352
"42",56,1,0.539405126105804,0.467816388352144,0.539405126105804
"43",58,0,0.278527036375786,0.278527036375786,0.628797534707912
"44",56,0,0.588880937138705,0.588880937138705,1.0896398747048
"45",56,0,0.352710089834527,0.352710089834527,0.62032267975575
"46",58,0,0.29431067141774,0.29431067141774,0.355539785704978
"47",50,0,0.897941763734317,0.897941763734317,1.30182121072819
"48",54,0,0.533476972732856,0.533476972732856,0.876839480212301
"49",58,1,0.665206526948583,0.221566289281618,0.665206526948583
"50",56,0,0.35037182571827,0.35037182571827,0.282410108830515
"51",54,1,0.784978913313431,0.740271932606234,0.784978913313431
"52",58,1,0.231301243301884,0.311793115709044,0.231301243301884
"53",54,1,0.900915864465038,0.533114030246106,0.900915864465038
"54",52,0,0.721528994407009,0.721528994407009,0.462196197433147
"55",50,1,1.10832052118631,0.847300618935262,1.10832052118631
"56",50,1,0.910846794405615,1.02907964273475,0.910846794405615
"57",54,0,0.398971246606069,0.398971246606069,0.770432543734023
"58",56,1,0.414963098429407,0.349843582593881,0.414963098429407
"59",56,0,0.484749244088576,0.484749244088576,0.62130472046375
"60",54,1,0.259210269134205,0.684555341498538,0.259210269134205
"61",60,1,0.408328332469005,-0.177307354630206,0.408328332469005
"62",52,0,0.930742220095431,0.930742220095431,1.26263347944606
"63",54,1,0.794814907653742,0.511588679104778,0.794814907653742
"64",54,0,0.405480309678079,0.405480309678079,0.607949086813771
"65",56,0,0.5993258070275,0.5993258070275,0.910529898049691
"66",52,1,0.819079174335066,0.573637119250363,0.819079174335066
"67",54,0,0.359741131214587,0.359741131214587,0.70677928512175
"68",58,1,0.710514294687112,0.135666039297513,0.710514294687112
"69",50,0,1.10270909445333,1.10270909445333,1.19291381870332
"70",58,1,0.423223422845472,0.10123995090999,0.423223422845472
"71",54,1,0.60964656241509,0.870511060569481,0.60964656241509
"72",58,1,0.914875719911752,0.213089912625802,0.914875719911752
"73",54,0,0.913730088617589,0.913730088617589,0.326148698840458
"74",54,0,0.605518014445143,0.605518014445143,0.691461272730408
"75",54,0,0.878084714984746,0.878084714984746,0.421120373152991
"76",58,0,0.11044876992123,0.11044876992123,0.179273406865422
"77",58,1,0.7077387491143,0.683275989428916,0.7077387491143
"78",54,0,0.571851935903888,0.571851935903888,0.921805655857263
"79",58,1,0.324841599654356,0.408007556250123,0.324841599654356
"80",60,1,0.732095301161047,0.245390876937502,0.732095301161047
"81",54,0,0.860271619818983,0.860271619818983,1.06153228284269
"82",58,0,0.186038166722639,0.186038166722639,0.464032936851191
"83",54,0,0.643929274206757,0.643929274206757,0.541084296958058
"84",54,0,0.372268440772338,0.372268440772338,0.166052934201259
"85",58,1,0.666145209430283,-0.183158426259931,0.666145209430283
"86",52,0,1.06095578934008,1.06095578934008,0.456490060534302
"87",58,0,0.516784430901586,0.516784430901586,0.484141155050875
"88",52,0,0.613564396818566,0.613564396818566,0.812643472923924
"89",52,1,0.877699855604686,0.746344764941826,0.877699855604686
"90",52,1,0.339647369739625,0.439792065597361,0.339647369739625
"91",52,0,1.05911557293605,1.05911557293605,0.720779164175112
"92",50,1,1.09527055058871,1.04663557541429,1.09527055058871
"93",56,1,0.605247870326549,0.395911751570967,0.605247870326549
"94",58,1,0.473871272955929,-0.0805399831990217,0.473871272955929
"95",58,1,0.612479995982877,0.504579405831211,0.612479995982877
"96",58,1,0.504365946319709,0.147644971720803,0.504365946319709
"97",54,1,0.763200852535825,0.677723662147312,0.763200852535825
"98",54,1,0.711204851725472,0.573680237971275,0.711204851725472
"99",58,1,0.522571755784382,0.474062150054611,0.522571755784382
"100",56,0,0.337765325827992,0.337765325827992,0.827000541829552
"101",56,1,0.36807057678224,0.273872179853473,0.36807057678224
"102",54,0,0.923746476589632,0.923746476589632,0.885493185876587
"103",52,1,0.616186382393711,0.838146286936568,0.616186382393711
"104",60,1,0.766053581487025,-0.0778935934850353,0.766053581487025
"105",56,1,0.388022178556389,0.132449897603483,0.388022178556389
"106",52,0,0.942464613892177,0.942464613892177,1.14555614250474
"107",52,0,0.677636080543353,0.677636080543353,0.939272707563105
"108",54,0,0.662691152327437,0.662691152327437,0.513736769389584
"109",60,1,0.237143029814527,-0.0653032155459397,0.237143029814527
"110",56,0,0.46538307525946,0.46538307525946,0.341891187472052
"111",60,0,0.357769742643271,0.357769742643271,0.66477376016525
"112",58,0,0.299021208961887,0.299021208961887,0.491884097345154
"113",54,1,0.778962765345938,0.481203821922269,0.778962765345938
"114",54,0,1.04715818489213,1.04715818489213,0.569479897711726
"115",52,1,0.573001334749027,0.787222515760205,0.573001334749027
"116",50,0,0.815135374731601,0.815135374731601,1.16570123652876
"117",58,1,0.586858889705141,0.71984131468285,0.586858889705141
"118",52,1,0.816622757613311,0.894168197629701,0.816622757613311
"119",54,1,1.0036442608003,0.0276280616437529,1.0036442608003
"120",56,0,0.696206698625117,0.696206698625117,0.631458264237583
"121",60,1,0.223907807426523,0.0763567256291482,0.223907807426523
"122",54,0,0.761157395553711,0.761157395553711,0.47682292736955
"123",54,0,0.890931718091427,0.890931718091427,0.857189249247656
"124",52,0,1.03383354397602,1.03383354397602,0.933542580652704
"125",58,1,0.85485854245636,0.22449570314582,0.85485854245636
"126",54,0,0.792058837535136,0.792058837535136,0.248607885971553
"127",56,1,0.657402099834716,0.677067427058171,0.657402099834716
"128",52,0,0.703642509004602,0.703642509004602,0.959721607668206
"129",52,0,0.900764305051671,0.900764305051671,0.844210901218146
"130",56,0,0.330635302156252,0.330635302156252,0.389592991777181
"131",56,0,0.539328378722074,0.539328378722074,0.741016129950159
"132",50,0,0.950836632378115,0.950836632378115,0.660287723678066
"133",50,0,0.979516840868223,0.979516840868223,1.0713051120374
"134",56,1,0.519611433659048,0.565586590220724,0.519611433659048
"135",60,0,-0.0915366596908022,-0.0915366596908022,0.87246130046852
"136",56,1,0.573620613599697,0.548806107474912,0.573620613599697
"137",56,0,0.196098625725152,0.196098625725152,0.96219195944933
"138",56,0,0.173298491794481,0.173298491794481,0.595515572521411
"139",60,1,0.783545672400611,-0.355901711220863,0.783545672400611
"140",56,0,0.487575832283606,0.487575832283606,0.225873355948706
"141",56,0,0.439509393365716,0.439509393365716,0.744340612125443
"142",56,1,0.32742401754752,-0.118192565376657,0.32742401754752
"143",52,0,1.00540143702246,1.00540143702246,0.792391390641109
"144",52,1,1.27007867360027,0.651778398763737,1.27007867360027
"145",58,0,-0.0449435056810676,-0.0449435056810676,0.454675877177815
"146",54,0,0.640510309484674,0.640510309484674,0.481503020256641
"147",52,0,0.951727257251888,0.951727257251888,0.86968111612535
"148",58,0,0.0349472200238396,0.0349472200238396,0.915197945223249
"149",52,0,0.674994417228046,0.674994417228046,0.43934970513105
"150",58,0,0.0758903343146427,0.0758903343146427,0.480826049478489
"151",56,0,-0.0735657034114855,-0.0735657034114855,0.188017379115825
"152",56,0,0.272551924754048,0.272551924754048,1.22946539874363
"153",54,1,1.06840167961458,0.405592568136519,1.06840167961458
"154",54,0,0.784114748635167,0.784114748635167,0.830045608600643
"155",56,0,0.739350889815855,0.739350889815855,0.796927614440878
"156",52,0,0.803469883067065,0.803469883067065,1.21967217177822
"157",56,1,0.76083257248282,0.0238190203604476,0.76083257248282
"158",50,0,1.22325674055476,1.22325674055476,0.72175489738404
"159",52,0,0.692177064243047,0.692177064243047,0.510881043113576
"160",52,0,0.905555921990407,0.905555921990407,1.12195162328051
"161",52,0,0.715034090274698,0.715034090274698,1.06251760742208
"162",58,1,0.597902264858286,0.0754744809198099,0.597902264858286
"163",54,0,0.342467224784525,0.342467224784525,0.837291579768122
"164",58,0,0.387508984907393,0.387508984907393,0.576560486213265
"165",58,0,0.0528007040396719,0.0528007040396719,0.673212001844438
"166",54,1,0.754976438601607,0.939121497281105,0.754976438601607
"167",50,0,1.160362671313,1.160362671313,1.17107687625316
"168",54,0,0.877925298478025,0.877925298478025,0.821549804521441
"169",58,1,0.647380149251887,-0.0213513455409933,0.647380149251887
"170",54,0,0.340264670015294,0.340264670015294,0.506962652477924
"171",56,0,0.646539431498765,0.646539431498765,0.74969404741844
"172",58,0,0.0253292566787896,0.0253292566787896,1.22222058989478
"173",58,1,0.611464024978163,-0.0115321689836715,0.611464024978163
"174",54,0,0.495031640914948,0.495031640914948,0.936190387168213
"175",54,1,0.691664064709616,0.668630116455064,0.691664064709616
"176",58,1,1.01360182587657,0.646897007261397,1.01360182587657
"177",56,1,0.703414999841709,0.67150941437475,0.703414999841709
"178",58,1,0.562310616546105,-0.0631664222011242,0.562310616546105
"179",56,1,0.504846901765701,0.47185498020301,0.504846901765701
"180",60,0,0.276542962767545,0.276542962767545,0.414001910677043
"181",52,0,0.636834075235803,0.636834075235803,0.840054196902933
"182",52,0,1.00640195040301,1.00640195040301,1.03856952487415
"183",58,1,1.05250917801495,0.387488354717724,1.05250917801495
"184",56,0,0.457538082737114,0.457538082737114,0.28711817599272
"185",58,1,0.439318348327307,0.624604313932772,0.439318348327307
"186",52,0,0.878964092631303,0.878964092631303,0.730263056654728
"187",58,0,-0.26852764379689,-0.26852764379689,0.423189583948774
"188",58,1,0.423298893123061,0.351573682319238,0.423298893123061
"189",60,1,0.685694791089298,0.219754610913527,0.685694791089298
"190",56,1,0.572942683324068,0.126724510038518,0.572942683324068
"191",58,0,0.140636317469553,0.140636317469553,0.579326266864248
"192",54,0,0.477090383303512,0.477090383303512,0.477881250755251
"193",52,0,0.954071165547096,0.954071165547096,0.824236789458862
"194",60,0,-0.0616071960774923,-0.0616071960774923,0.448302865473944
"195",52,0,1.0309059741776,1.0309059741776,1.02837727861276
"196",56,0,0.219213015777827,0.219213015777827,0.748559270844442
"197",52,0,0.958619386074727,0.958619386074727,0.881247170171746
"198",58,0,0.532821204824014,0.532821204824014,0.207894321099622
"199",54,0,0.832742370868367,0.832742370868367,0.436060734074884
"200",58,0,0.602143023817585,0.602143023817585,0.510491777850285
"201",52,0,0.735658144252359,0.735658144252359,0.538058995199859
"202",52,0,0.643503238751224,0.643503238751224,1.03717808477459
"203",56,0,0.323711790219327,0.323711790219327,0.631745670742811
"204",52,0,0.758128283331971,0.758128283331971,0.457804868308433
"205",52,0,1.04902147556652,1.04902147556652,0.71932718787937
"206",56,0,0.696475434884347,0.696475434884347,0.626917434108509
"207",56,1,0.751654013242855,0.177580953341679,0.751654013242855
"208",52,1,1.03034809595987,0.81007747544379,1.03034809595987
"209",52,0,0.639641136306601,0.639641136306601,0.924132932300463
"210",58,0,0.220703180019537,0.220703180019537,0.197634005266302
"211",60,0,0.586657777113641,0.586657777113641,0.92207902895409
"212",52,0,0.730153235100399,0.730153235100399,1.02745646909669
"213",58,0,-0.492645740994267,-0.492645740994267,0.420656371731392
"214",60,0,0.0384192851715588,0.0384192851715588,-0.101837837960188
"215",58,1,0.595696257163273,0.12844972107754,0.595696257163273
"216",54,0,0.677688529599876,0.677688529599876,0.482745573380331
"217",56,0,0.29876481274518,0.29876481274518,0.73479418419918
"218",60,0,-0.0402799846077013,-0.0402799846077013,0.554060914944335
"219",60,1,0.802801146721439,0.173496143130267,0.802801146721439
"220",54,1,0.801295685047702,0.917536755881149,0.801295685047702
"221",52,1,0.342710952508018,0.991428541474564,0.342710952508018
"222",52,0,0.558637034337855,0.558637034337855,0.755678113498122
"223",54,0,-0.0962775721504469,-0.0962775721504469,0.767786226416329
"224",56,1,0.729418882769976,0.379908590782409,0.729418882769976
"225",60,0,0.312151212107378,0.312151212107378,0.878187815102202
"226",56,0,0.358152497659711,0.358152497659711,0.674770005886365
"227",52,0,0.501873750041735,0.501873750041735,1.08589121907415
"228",50,0,0.735405256142614,0.735405256142614,1.20295991557764
"229",54,0,0.603988381364617,0.603988381364617,0.378588010443267
"230",58,1,0.430868902755276,0.12502987995499,0.430868902755276
"231",54,0,0.214105226100838,0.214105226100838,0.237132073165452
"232",52,0,0.977042636313462,0.977042636313462,0.538409594574705
"233",54,0,0.269900209245125,0.269900209245125,0.825765130401228
"234",56,1,0.639305491649833,0.514791488760943,0.639305491649833
"235",54,1,0.412223108307618,0.660691091098078,0.412223108307618
"236",56,0,0.675344149849871,0.675344149849871,0.708395589367855
"237",56,0,0.390765360482593,0.390765360482593,0.37844121640041
"238",56,0,0.247700468637144,0.247700468637144,0.877190228888488
"239",54,0,0.509838959435669,0.509838959435669,0.284562341923598
"240",54,0,0.755593642526932,0.755593642526932,0.407183649292129
"241",54,1,0.744331962092897,0.392396351267675,0.744331962092897
"242",56,0,0.503649954536194,0.503649954536194,0.304100962509923
"243",60,0,0.0291894214143903,0.0291894214143903,0.212131567844402
"244",52,0,0.348092466733235,0.348092466733235,0.951457795155314
"245",54,0,0.35617053829799,0.35617053829799,0.597467665902752
"246",52,0,0.783672356463886,0.783672356463886,1.00434405800453
"247",54,1,0.632525952118819,0.68677009386196,0.632525952118819
"248",52,1,0.851771951431332,0.530198110557422,0.851771951431332
"249",54,0,0.682097381600958,0.682097381600958,0.681748523560955
"250",60,1,0.66779040975806,-0.136283784135164,0.66779040975806
"251",58,1,0.297718723768728,0.323342261174386,0.297718723768728
"252",60,1,0.379902307627319,0.369520186596832,0.379902307627319
"253",54,0,0.491078726136775,0.491078726136775,0.91122551126171
"254",56,0,0.33861676610675,0.33861676610675,0.251109506160951
"255",54,1,0.66342604365156,0.278858257130996,0.66342604365156
"256",52,0,0.515079862668108,0.515079862668108,0.916260619428285
"257",52,0,1.12450912050672,1.12450912050672,1.05817842014223
"258",54,0,0.416345138654938,0.416345138654938,0.47223842726309
"259",54,0,0.665415588275168,0.665415588275168,0.743957600487963
"260",60,1,0.847594688168175,-0.0639179529869248,0.847594688168175
"261",56,0,0.318882215301807,0.318882215301807,0.698168101185891
"262",54,0,0.890504646121195,0.890504646121195,0.839292286846852
"263",52,0,0.877636933722187,0.877636933722187,1.10015499737419
"264",58,1,0.857907338922205,0.484329412098173,0.857907338922205
"265",58,1,0.373694246552884,0.356330201990856,0.373694246552884
"266",52,0,0.661285028317447,0.661285028317447,0.813984679095748
"267",50,0,0.629081351847296,0.629081351847296,1.04836326510645
"268",58,0,0.096074650017498,0.096074650017498,0.679576362902812
"269",56,0,0.347675761080785,0.347675761080785,0.0870106236992231
"270",52,1,0.647703590154343,0.973348941262664,0.647703590154343
"271",50,0,1.36985504122849,1.36985504122849,0.810931602098843
"272",52,1,0.541772765286142,0.591786041220823,0.541772765286142
"273",54,1,1.01478895815111,0.868120355311158,1.01478895815111
"274",52,0,1.20995817740653,1.20995817740653,0.650225880883096
"275",52,1,0.806448417448317,0.356069764794881,0.806448417448317
"276",52,1,0.6342158821957,0.867410953561148,0.6342158821957
"277",52,0,0.640601482553892,0.640601482553892,0.954365847674863
"278",52,0,0.753611680869886,0.753611680869886,0.730831387553683
"279",54,0,0.567956630687056,0.567956630687056,1.02718387470293
"280",58,1,0.514510873208617,-0.0729321112774757,0.514510873208617
"281",50,0,0.827027475336366,0.827027475336366,0.591537142698926
"282",56,0,0.527676976619356,0.527676976619356,0.495707013680507
"283",58,0,0.235797684565682,0.235797684565682,0.57840773928619
"284",54,0,0.261763009248892,0.261763009248892,0.89711002110452
"285",50,0,0.8266237943753,0.8266237943753,0.924394832377287
"286",52,0,0.973651847699468,0.973651847699468,0.774791856942304
"287",54,1,0.559769791627415,0.850871244847844,0.559769791627415
"288",52,0,0.223980594972169,0.223980594972169,0.937452420333023
"289",52,0,0.87232027799781,0.87232027799781,0.482096783974351
"290",52,0,0.966980125402708,0.966980125402708,0.848850830223433
"291",52,0,0.414947194833387,0.414947194833387,1.18721753663779
"292",52,1,0.710471867849483,0.927999438655618,0.710471867849483
"293",60,0,-0.123574946833272,-0.123574946833272,0.800092521867127
"294",54,1,0.573474549926586,0.54503401948876,0.573474549926586
"295",56,1,0.477956683657628,0.534924780044687,0.477956683657628
"296",56,1,0.992105475449608,0.710223490446602,0.992105475449608
"297",50,1,0.748950554334603,1.0484417651906,0.748950554334603
"298",52,0,1.08032154663998,1.08032154663998,1.13005233263112
"299",50,1,0.480997153988983,1.20605322795406,0.480997153988983
"300",60,1,0.233768190742657,0.208436095122393,0.233768190742657
"301",56,1,0.486889906981484,0.313000507135818,0.486889906981484
"302",50,0,1.06604760964359,1.06604760964359,1.0361281519864
"303",54,0,0.816155964973658,0.816155964973658,0.627749567062666
"304",54,0,1.15072410504784,1.15072410504784,0.564980538789524
"305",54,1,0.822409695037404,0.234416427189232,0.822409695037404
"306",60,1,0.354820035442886,0.103217685121679,0.354820035442886
"307",52,1,0.824161359281207,0.622329680136437,0.824161359281207
"308",58,0,-0.105907735539448,-0.105907735539448,0.781900269560068
"309",50,0,0.922317746299883,0.922317746299883,0.880954606569969
"310",54,0,0.880676084848976,0.880676084848976,0.379099769042475
"311",52,0,1.06825126551029,1.06825126551029,0.793860547965787
"312",52,0,1.013233009969,1.013233009969,0.843098960062506
"313",58,0,0.130249224136395,0.130249224136395,0.591236455534355
"314",58,0,-0.102875759904028,-0.102875759904028,0.115193760483449
"315",52,0,1.05473558141156,1.05473558141156,0.775060358920258
"316",54,1,0.952457539437793,0.735385287080764,0.952457539437793
"317",50,0,1.02929249158065,1.02929249158065,1.10994769863481
"318",54,0,0.957317458117658,0.957317458117658,0.527546285728546
"319",60,1,0.644037750845591,0.0717479014525951,0.644037750845591
"320",56,0,-0.0903544239112149,-0.0903544239112149,0.424051521217992
"321",56,0,0.12499767950441,0.12499767950441,0.229695880852722
"322",54,1,1.05272796809754,0.433345014835604,1.05272796809754
"323",54,1,0.29997166908317,0.484856162880542,0.29997166908317
"324",60,0,-0.159869321584561,-0.159869321584561,0.421874461710568
"325",58,0,-0.0667932086488217,-0.0667932086488217,0.326039453412614
"326",60,1,1.00390837658377,0.717771019598076,1.00390837658377
"327",58,1,0.417018941756898,0.0550720043848326,0.417018941756898
"328",58,1,0.130771546426096,-0.00327056702991754,0.130771546426096
"329",52,0,0.619684150482249,0.619684150482249,1.03424565128583
"330",58,0,0.245183603285734,0.245183603285734,0.365632905883482
"331",60,1,0.315677188082082,-0.329442708284009,0.315677188082082
"332",52,1,0.679472100419311,1.02728303487552,0.679472100419311
"333",54,1,0.905178745121148,0.659425834542353,0.905178745121148
"334",58,1,0.526457165442048,0.483605228637855,0.526457165442048
"335",50,0,0.816296561679226,0.816296561679226,1.19852610164285
"336",54,0,0.983065242680663,0.983065242680663,0.656760404789029
"337",54,0,1.1459719154842,1.1459719154842,1.30800474277979
"338",52,0,0.924437461335985,0.924437461335985,1.02033692430396
"339",56,0,0.599988451455715,0.599988451455715,0.612786615924853
"340",60,1,0.397205827116756,-0.117828432102543,0.397205827116756
"341",60,0,0.234882907428381,0.234882907428381,0.68366826822591
"342",52,1,0.43462488636499,0.408743796561811,0.43462488636499
"343",56,0,0.775178644106765,0.775178644106765,0.426343191246299
"344",54,0,0.841817320182115,0.841817320182115,0.735986103942119
"345",56,0,0.106892805647228,0.106892805647228,0.620278115719919
"346",52,0,0.743883023347447,0.743883023347447,1.16296201411403
"347",54,0,0.615718821635573,0.615718821635573,0.767905509003436
"348",52,1,1.20566317837925,1.12994561513402,1.20566317837925
"349",54,0,0.689977880607441,0.689977880607441,0.497822242126993
"350",58,0,-0.278064213600208,-0.278064213600208,0.77413582445343
"351",54,0,0.54092227953912,0.54092227953912,1.06762033975906
"352",50,0,1.1807255693715,1.1807255693715,1.09885861839382
"353",58,1,1.14912605918768,0.15565214221343,1.14912605918768
"354",54,0,1.25681558824916,1.25681558824916,0.736534990713109
"355",60,0,-0.0863335820751576,-0.0863335820751576,0.42554006419779
"356",52,0,0.543578813304015,0.543578813304015,1.01218871005685
"357",58,0,0.231769826319404,0.231769826319404,0.956740280689314
"358",50,0,0.948147712683389,0.948147712683389,1.23238708868517
"359",58,0,-0.0343574995398322,-0.0343574995398322,0.675042830073559
"360",54,0,0.773117013631585,0.773117013631585,0.588371535099677
"361",52,0,0.607861116858699,0.607861116858699,0.559476959107834
"362",54,1,0.547483345250436,0.842830461167746,0.547483345250436
"363",58,0,0.576595787195403,0.576595787195403,0.509770946918095
"364",52,0,0.648363868922025,0.648363868922025,1.09698812769266
"365",56,0,0.375222232961096,0.375222232961096,0.651726387922844
"366",58,0,0.419927307189676,0.419927307189676,0.637088112100928
"367",50,0,0.901936173620154,0.901936173620154,1.18875124024632
"368",58,0,-0.133560959796793,-0.133560959796793,0.432796369996608
"369",56,1,0.666260007520267,-0.0366136534509492,0.666260007520267
"370",54,0,0.946385955066878,0.946385955066878,0.68181894123714
"371",54,0,0.675051924729458,0.675051924729458,0.498321781188282
"372",56,0,0.382128599149969,0.382128599149969,0.861659469570221
"373",60,0,0.235349174868217,0.235349174868217,0.515428972920997
"374",52,0,0.849907605275288,0.849907605275288,0.956403611151609
"375",52,0,0.733077647507545,0.733077647507545,0.718105849217933
"376",54,0,0.305556501939216,0.305556501939216,1.44801383434799
"377",54,0,0.506814041298825,0.506814041298825,0.411518537822949
"378",58,0,-0.489375919121812,-0.489375919121812,0.640730648447586
"379",52,1,1.44128998074147,1.00868177067531,1.44128998074147
"380",54,1,0.562282837235902,0.917733573384098,0.562282837235902
"381",54,0,0.207212014992266,0.207212014992266,1.15038230173771
"382",56,0,0.495886198789371,0.495886198789371,0.971959200719072
"383",56,1,0.651668931124249,0.304144259124544,0.651668931124249
"384",60,0,-0.185997884251001,-0.185997884251001,0.6127668141828
"385",52,0,0.810845035681359,0.810845035681359,0.972083993295091
"386",52,0,0.925606027192526,0.925606027192526,0.781743080632331
"387",58,1,0.665687907058442,0.423362408435779,0.665687907058442
"388",58,1,0.80029853370749,0.331044571373461,0.80029853370749
"389",52,0,0.788980431551997,0.788980431551997,0.503054736694321
"390",60,1,0.48664070834567,0.0167900587876331,0.48664070834567
"391",52,0,0.552378325796174,0.552378325796174,1.07921915115066
"392",52,1,0.577663001300952,0.437582551249836,0.577663001300952
"393",60,0,0.11150279902796,0.11150279902796,0.572295919728767
"394",56,0,0.569678102747331,0.569678102747331,0.689016223332997
"395",52,0,0.788672074201463,0.788672074201463,1.17140045291595
"396",54,0,0.231265782417732,0.231265782417732,0.700343101775909
"397",56,1,0.452955036793385,0.482789514630217,0.452955036793385
"398",54,1,0.327056405072176,0.134225276456239,0.327056405072176
"399",54,1,0.49306448129253,0.759963181595067,0.49306448129253
"400",52,0,0.66902693022576,0.66902693022576,0.608874016252817
"401",56,0,0.275745802983992,0.275745802983992,-0.00104522794994788
"402",52,0,0.702613962939476,0.702613962939476,0.925270426515972
"403",60,0,-0.0194637866651042,-0.0194637866651042,0.923128596104171
"404",58,0,-0.02626232818598,-0.02626232818598,0.440777726775156
"405",60,0,0.0411100918676564,0.0411100918676564,0.545419237744784
"406",58,1,0.512585765209636,0.171013199844311,0.512585765209636
"407",54,0,0.512947482923213,0.512947482923213,0.754490899370927
"408",58,1,0.354931479571142,0.12750197607076,0.354931479571142
"409",50,0,0.715233766634668,0.715233766634668,0.795746094395778
"410",60,1,0.786581749536833,-0.00109311890101728,0.786581749536833
"411",60,0,0.226052006379352,0.226052006379352,0.345677981273444
"412",54,0,0.620678613081755,0.620678613081755,0.682903628713144
"413",58,1,0.578702945878462,0.369534995688187,0.578702945878462
"414",58,1,0.7563373197768,0.203877540700118,0.7563373197768
"415",58,0,-0.104154475157061,-0.104154475157061,0.927967769140812
"416",54,0,0.49065723259843,0.49065723259843,0.995081600868984
"417",54,0,0.806647138822176,0.806647138822176,0.897439301921507
"418",54,0,0.841920628795962,0.841920628795962,0.925295585479083
"419",56,1,0.478449642210306,0.307481448546496,0.478449642210306
"420",58,0,0.541668261355579,0.541668261355579,0.706749642000342
"421",54,1,0.663355157476363,0.471213326277013,0.663355157476363
"422",56,1,0.564779100560659,0.400335114038572,0.564779100560659
"423",56,1,0.858575652424276,0.45505100686746,0.858575652424276
"424",52,0,0.76590979369652,0.76590979369652,0.949447923655042
"425",54,0,0.163225422630699,0.163225422630699,0.18407969135116
"426",54,0,0.558840277820319,0.558840277820319,0.501674574092118
"427",50,0,1.64939943081674,1.64939943081674,0.988730876087526
"428",60,0,-0.126265964320297,-0.126265964320297,0.736673381453718
"429",58,0,0.262948466983109,0.262948466983109,0.519610774049959
"430",58,1,0.0209446353561935,-0.000956886431009274,0.0209446353561935
"431",60,1,0.809035719642211,-0.136145928451982,0.809035719642211
"432",50,0,0.692650275550656,0.692650275550656,1.33031436655971
"433",54,1,1.10030889821114,0.896193022920742,1.10030889821114
"434",56,1,0.630225069626895,0.0470691941882394,0.630225069626895
"435",52,0,0.788774731258997,0.788774731258997,0.488118887998489
"436",58,1,1.05053038252387,0.0695464191579435,1.05053038252387
"437",58,0,0.00777712715718454,0.00777712715718454,0.527564496981174
"438",50,0,0.456272405159142,0.456272405159142,1.34145941503556
"439",54,1,0.459584984510259,0.343039740342279,0.459584984510259
"440",60,0,-0.0237724611090702,-0.0237724611090702,0.757346863272803
"441",50,0,1.05032261014306,1.05032261014306,1.18550866970909
"442",52,0,0.54590754003309,0.54590754003309,0.596775968886
"443",56,1,0.405006480012919,0.624390173286954,0.405006480012919
"444",56,0,0.335283750274347,0.335283750274347,0.561588826841933
"445",52,0,1.0261137038396,1.0261137038396,0.567817537786585
"446",54,0,0.289657688807318,0.289657688807318,0.59769823318541
"447",54,0,0.344156186456265,0.344156186456265,0.43268084735485
"448",60,1,0.313059037910063,-0.0102461680628633,0.313059037910063
"449",52,1,0.836238667939347,0.69245756175959,0.836238667939347
"450",50,0,1.33897092222893,1.33897092222893,0.952806995911985
"451",60,1,0.949573790571342,0.265843830713034,0.949573790571342
"452",54,0,1.01674222896269,1.01674222896269,1.30672761848077
"453",54,0,0.425884426731243,0.425884426731243,0.528164576759279
"454",52,0,0.242484721503156,0.242484721503156,0.723025122109423
"455",50,0,0.631726026095497,0.631726026095497,1.23360390194002
"456",56,1,0.3098903353329,0.202982899941873,0.3098903353329
"457",56,1,0.776316426089083,0.470783202399036,0.776316426089083
"458",60,0,0.0754787497417014,0.0754787497417014,0.727165427728572
"459",56,1,0.865137035180254,0.807099166125171,0.865137035180254
"460",50,0,0.97410779396836,0.97410779396836,0.806350047783082
"461",52,0,0.888125023609715,0.888125023609715,0.784564227335601
"462",54,0,0.826981969126685,0.826981969126685,0.361102901986278
"463",50,0,1.33534021051456,1.33534021051456,1.17492152133742
"464",54,0,0.518023382573348,0.518023382573348,0.853702787696851
"465",52,1,0.797686572958063,1.15113111346862,0.797686572958063
"466",60,0,0.29131452023242,0.29131452023242,0.548983694925949
"467",58,0,0.505255744250035,0.505255744250035,0.449872280440646
"468",52,0,0.781800734338987,0.781800734338987,1.33354183681792
"469",54,1,0.509746225554456,0.332656843246536,0.509746225554456
"470",56,1,0.292771945977319,0.240503291097315,0.292771945977319
"471",54,0,0.363042810688943,0.363042810688943,1.0570219159407
"472",60,0,0.0347574838093332,0.0347574838093332,1.10491629056977
"473",58,1,0.646405829582714,0.422197848123663,0.646405829582714
"474",54,0,0.986867357058911,0.986867357058911,0.627354053214264
"475",52,0,0.839158512641961,0.839158512641961,0.82174604554444
"476",52,0,1.33692568322205,1.33692568322205,0.433556836757963
"477",58,1,0.492530991065556,0.164979380101091,0.492530991065556
"478",54,0,0.55175481572112,0.55175481572112,0.715434492621533
"479",54,0,0.683827960812545,0.683827960812545,0.75258738033416
"480",56,0,0.000106913525277474,0.000106913525277474,1.10820311464589
"481",58,0,0.364241010241077,0.364241010241077,0.634917003835493
"482",52,0,0.959826301004739,0.959826301004739,0.250613475080447
"483",58,0,0.575303154850819,0.575303154850819,0.685968173185874
"484",60,0,-0.217849150952149,-0.217849150952149,0.705596596945393
"485",56,0,0.721246251454846,0.721246251454846,0.800880785037723
"486",56,1,0.862990814998487,0.532327759866377,0.862990814998487
"487",52,1,0.848473879552061,0.577197613201116,0.848473879552061
"488",50,0,0.770888690639101,0.770888690639101,0.993267883240955
"489",58,0,-0.0768144151230538,-0.0768144151230538,0.544458223782514
"490",52,0,0.846001582561156,0.846001582561156,0.785510654993663
"491",50,0,1.19700197320075,1.19700197320075,1.00971242320729
"492",60,0,-0.170755878399192,-0.170755878399192,0.161453126847525
"493",52,0,0.627831546010352,0.627831546010352,1.16240912935468
"494",52,0,0.545240290678094,0.545240290678094,0.911488899042899
"495",54,1,0.914529486479462,0.919737844559711,0.914529486479462
"496",54,1,1.1001743883017,0.462575672781883,1.1001743883017
"497",54,1,0.531788949229708,0.45692286883908,0.531788949229708
"498",56,0,0.223977967027815,0.223977967027815,0.124587111902878
"499",58,1,0.542209183487359,0.489778993129835,0.542209183487359
"500",50,0,1.0550801904078,1.0550801904078,0.774676127570806
"501",56,1,0.730719964407225,0.576277664712296,0.730719964407225
"502",56,0,0.243282811227831,0.243282811227831,0.661455585985772
"503",56,0,0.319242583490721,0.319242583490721,0.380363389328418
"504",56,0,0.489912283788732,0.489912283788732,0.345006237479027
"505",54,0,0.366084158267314,0.366084158267314,0.515420499114348
"506",60,0,-0.250675741463414,-0.250675741463414,0.471268748478956
"507",54,1,1.17321502081349,0.576346726981539,1.17321502081349
"508",58,1,0.719277523040427,0.691917985661133,0.719277523040427
"509",58,0,-0.0685875975459376,-0.0685875975459376,0.558698456186152
"510",56,0,0.437377256602512,0.437377256602512,0.134207131424751
"511",58,1,0.605551658112962,0.56981627749051,0.605551658112962
"512",54,0,0.324427453959335,0.324427453959335,1.10826356856666
"513",50,1,0.935681289054423,0.699967311218614,0.935681289054423
"514",58,0,0.0869617558129758,0.0869617558129758,0.432150520677735
"515",58,1,-0.0898209889054333,-0.505699211033025,-0.0898209889054333
"516",52,0,0.559709039840482,0.559709039840482,0.730611086834682
"517",56,1,0.685962225804413,0.0383552644791559,0.685962225804413
"518",56,1,0.740437592151347,0.378229107105155,0.740437592151347
"519",54,0,0.530399843017944,0.530399843017944,0.71439691118626
"520",56,1,0.288014614605436,0.344354540603876,0.288014614605436
"521",58,1,0.290387872088124,0.149479647788203,0.290387872088124
"522",58,0,0.107009741037581,0.107009741037581,1.01830938647039
"523",54,0,0.665333366027681,0.665333366027681,0.346811121351228
"524",52,0,1.25562200227381,1.25562200227381,0.794252302810202
"525",54,0,0.531702411562471,0.531702411562471,0.656942359848315
"526",60,0,0.0975753087688158,0.0975753087688158,0.303889901716389
"527",58,0,0.411714455401666,0.411714455401666,0.609807427047898
"528",58,1,0.920709962581147,0.215801096390413,0.920709962581147
"529",60,0,-0.0693367589109477,-0.0693367589109477,0.434637624405668
"530",60,1,0.280478088203929,0.203572501634535,0.280478088203929
"531",56,1,0.251425840272076,0.860684869849288,0.251425840272076
"532",50,0,1.21163440321833,1.21163440321833,0.914903139768686
"533",54,1,0.540819686575438,0.513732685794497,0.540819686575438
"534",52,0,0.629165006689315,0.629165006689315,0.978418891296403
"535",52,0,0.519723865188028,0.519723865188028,0.154552025301437
"536",50,0,0.993003212051432,0.993003212051432,0.378839947182094
"537",54,0,0.951377099693912,0.951377099693912,0.996184055483603
"538",54,0,0.153671401684928,0.153671401684928,0.558573955280029
"539",52,0,1.04576173681657,1.04576173681657,0.75645837658281
"540",56,0,0.0449005716857764,0.0449005716857764,0.231063708067622
"541",54,0,0.982899286883385,0.982899286883385,0.73108215141123
"542",60,0,-0.0840940168100711,-0.0840940168100711,0.276033612675411
"543",56,0,0.509615518574317,0.509615518574317,0.581113638296215
"544",54,0,0.517676536208538,0.517676536208538,0.341698348576246
"545",52,0,0.393379005404802,0.393379005404802,1.08623820815004
"546",52,0,0.756468442402427,0.756468442402427,1.17734750002381
"547",60,1,-0.26487098426969,0.266862197969561,-0.26487098426969
"548",54,0,0.784853226628953,0.784853226628953,0.852058323158717
"549",56,1,0.378697901498825,0.441611265291897,0.378697901498825
"550",58,0,0.553857540221962,0.553857540221962,0.608483356367206
"551",58,0,-0.122199395703027,-0.122199395703027,0.642498561563079
"552",56,0,0.259484599509065,0.259484599509065,0.562777788163871
"553",50,0,1.29464721199271,1.29464721199271,0.554370702477012
"554",60,0,-0.00984533044431529,-0.00984533044431529,0.606105263706886
"555",58,0,0.279513518369891,0.279513518369891,0.947827113117637
"556",54,0,0.619763363500848,0.619763363500848,0.803561226848733
"557",50,0,0.662668904778618,0.662668904778618,0.855281883179092
"558",50,0,1.34896761887427,1.34896761887427,1.45992241088834
"559",58,0,0.150949321594765,0.150949321594765,0.114711169379392
"560",58,0,0.151482199581444,0.151482199581444,0.656321024372559
"561",56,0,0.20909244983508,0.20909244983508,0.526740866406906
"562",52,1,0.887975905003448,0.83862775861412,0.887975905003448
"563",54,0,0.986006560185705,0.986006560185705,0.815908165772129
"564",58,0,0.265138929401083,0.265138929401083,0.626052010546317
"565",60,1,0.739895836721796,0.10040331232905,0.739895836721796
"566",56,0,0.138154092891218,0.138154092891218,0.469399444660011
"567",52,0,0.780285694645482,0.780285694645482,0.3998835053587
"568",56,0,0.434975239084635,0.434975239084635,0.620510281782912
"569",52,0,0.845519972197904,0.845519972197904,1.49921102079232
"570",60,1,0.532285360872615,0.0862654632212087,0.532285360872615
"571",52,0,0.774784932809469,0.774784932809469,1.09243541844413
"572",54,0,0.893509755030686,0.893509755030686,0.988811210329657
"573",52,1,0.879774114299554,0.93982699346478,0.879774114299554
"574",50,0,1.01652845765663,1.01652845765663,1.12815891378314
"575",58,0,0.468583862697291,0.468583862697291,0.44888465010663
"576",56,0,0.148510294407702,0.148510294407702,1.36687552203237
"577",56,1,0.947420793815822,0.420578103491306,0.947420793815822
"578",54,0,0.584364988532779,0.584364988532779,1.0072726599514
"579",58,1,0.707016327548565,0.380586911294054,0.707016327548565
"580",58,0,0.286334772580655,0.286334772580655,0.0400856231725164
"581",54,1,0.315269238944031,0.607735725910893,0.315269238944031
"582",60,0,0.180688394667455,0.180688394667455,0.290705008464042
"583",56,0,0.543689122001523,0.543689122001523,0.41154811812517
"584",50,0,1.29103266060023,1.29103266060023,1.26707621411033
"585",56,0,0.259091070953654,0.259091070953654,0.500402794771182
"586",54,1,0.76356800765767,0.703953432853357,0.76356800765767
"587",50,0,0.767882913272078,0.767882913272078,0.692172536959141
"588",56,1,0.850159815289283,0.0412764273612896,0.850159815289283
"589",60,1,0.621907820817536,-0.352837405659079,0.621907820817536
"590",58,0,0.166944189534516,0.166944189534516,0.646709312494929
"591",56,0,-0.0320442097340022,-0.0320442097340022,0.694507955458738
"592",52,1,0.878676846492603,0.790258976876212,0.878676846492603
"593",58,0,0.334968925286464,0.334968925286464,0.389556883954087
"594",56,0,0.555419371932468,0.555419371932468,0.30799915238288
"595",58,1,0.821115952935591,0.291260873042446,0.821115952935591
"596",56,0,0.252377579181616,0.252377579181616,0.795644600440303
"597",54,0,0.563024422287248,0.563024422287248,0.700243882618635
"598",54,0,0.345783556887207,0.345783556887207,0.940616494849519
"599",54,1,0.324833031028164,0.681377117633476,0.324833031028164
"600",54,1,0.509433149770406,0.801125142270616,0.509433149770406
"601",58,1,0.0759332962719607,0.419677871269496,0.0759332962719607
"602",60,0,-0.314627768900466,-0.314627768900466,-0.00264985270901008
"603",52,0,0.734819872994278,0.734819872994278,0.501833255077855
"604",58,1,0.34377574983702,-0.0440889807907388,0.34377574983702
"605",60,0,-0.143426591167257,-0.143426591167257,0.759442464096003
"606",60,1,0.44060613696809,0.00418754766353205,0.44060613696809
"607",54,0,0.735555665566899,0.735555665566899,0.906309725945954
"608",54,1,0.64102384646493,0.608628739852295,0.64102384646493
"609",60,1,0.374448525593314,0.144313511714214,0.374448525593314
"610",52,0,0.953849838509211,0.953849838509211,1.47160241783465
"611",60,0,-0.189896554007917,-0.189896554007917,0.230664273305108
"612",54,1,0.68426128831497,0.700572050819841,0.68426128831497
"613",56,0,0.506887547459473,0.506887547459473,0.603833618433458
"614",56,0,-0.079668033871924,-0.079668033871924,0.842563376075767
"615",58,1,0.429472411222341,0.186029821653442,0.429472411222341
"616",54,1,0.796661211299677,0.349461637141294,0.796661211299677
"617",52,0,0.460044494698419,0.460044494698419,0.96839721670964
"618",54,0,0.868256225112868,0.868256225112868,0.109876860463381
"619",56,1,0.49343290767223,0.355511685376407,0.49343290767223
"620",50,0,0.932979183575664,0.932979183575664,0.962280604653645
"621",58,0,0.488911994825889,0.488911994825889,0.606735270398967
"622",52,0,0.328086262349961,0.328086262349961,0.965545479898263
"623",56,0,0.126513152177311,0.126513152177311,0.502599782664244
"624",52,0,1.38762800406667,1.38762800406667,0.77532435043698
"625",54,0,0.633317188009944,0.633317188009944,0.890775163268815
"626",56,1,0.467380571365833,0.432119728282635,0.467380571365833
"627",52,1,0.576058292778,1.08165946638217,0.576058292778
"628",56,1,0.197371986979849,0.450186958204591,0.197371986979849
"629",54,0,0.575490564940213,0.575490564940213,0.78445934849864
"630",60,0,0.205901650689844,0.205901650689844,0.81958333533224
"631",58,1,0.738475105356113,0.398600511944262,0.738475105356113
"632",54,0,0.73301152321182,0.73301152321182,0.505913013804935
"633",54,0,0.583810674109268,0.583810674109268,-0.00708768590765241
"634",58,0,0.31866254185458,0.31866254185458,0.596685079389377
"635",54,0,0.693755865852879,0.693755865852879,0.621720254471203
"636",54,0,0.506788985296017,0.506788985296017,0.907916983225265
"637",50,0,1.20420764839461,1.20420764839461,0.501896442117524
"638",50,0,1.08996668452193,1.08996668452193,1.42703928317135
"639",56,0,0.196149632460423,0.196149632460423,0.865521396175229
"640",56,0,0.822447665578247,0.822447665578247,0.801995908831105
"641",60,1,0.489703477265519,-0.155737140489969,0.489703477265519
"642",54,0,0.591098237726365,0.591098237726365,1.01548717070964
"643",60,0,0.0859590876494455,0.0859590876494455,0.355597062428028
"644",52,0,0.938364434068748,0.938364434068748,0.908127253370877
"645",58,1,0.501433508080312,0.492341487708898,0.501433508080312
"646",52,0,0.600905941053214,0.600905941053214,0.73712735939531
"647",50,0,1.13105390817655,1.13105390817655,0.941349248937593
"648",58,1,0.252776989922031,0.162128304198746,0.252776989922031
"649",56,0,0.479481631042165,0.479481631042165,0.686458351065079
"650",60,1,0.67324664084429,0.217079805149279,0.67324664084429
"651",56,1,0.96789381916095,0.299697853111331,0.96789381916095
"652",58,0,0.64088956786968,0.64088956786968,0.362547496205636
"653",54,0,0.690187891414202,0.690187891414202,0.218590889925536
"654",54,0,1.00646644693424,1.00646644693424,0.599329077062289
"655",56,0,0.419482629925672,0.419482629925672,0.719334553901724
"656",50,0,0.940406256026408,0.940406256026408,1.12724529871279
"657",52,0,0.699798645217325,0.699798645217325,1.2499085433489
"658",56,1,0.640333976613346,0.431280459459287,0.640333976613346
"659",58,0,0.10659781537975,0.10659781537975,0.750101366586737
"660",58,0,0.223360100484725,0.223360100484725,0.42400499056568
"661",54,1,0.952407945286781,0.344720218947646,0.952407945286781
"662",58,0,0.283191995467981,0.283191995467981,0.423336633565679
"663",50,0,0.97995023116588,0.97995023116588,0.686117857827227
"664",56,0,0.442554812577867,0.442554812577867,0.689205104415428
"665",54,0,0.543799513637061,0.543799513637061,0.60384896856078
"666",56,0,0.297496421497072,0.297496421497072,0.721788614149818
"667",60,1,0.480096493120212,0.0578835097194272,0.480096493120212
"668",52,0,0.918423516137875,0.918423516137875,0.417993190425548
"669",54,0,0.316705691550318,0.316705691550318,0.693492096288897
"670",56,1,0.562075209583106,0.479490245504462,0.562075209583106
"671",58,1,0.464635077690636,0.587729230321035,0.464635077690636
"672",56,0,0.330313560375638,0.330313560375638,0.359945012461657
"673",58,0,0.374368544976964,0.374368544976964,0.249635819786002
"674",56,0,0.617010083608368,0.617010083608368,0.304607240302726
"675",56,0,0.549535981478637,0.549535981478637,0.269125016873414
"676",54,0,0.447819269544055,0.447819269544055,0.374954575882522
"677",54,0,0.292749599652138,0.292749599652138,0.600717490522779
"678",52,1,0.942871279829536,0.455851276447077,0.942871279829536
"679",52,1,1.03233873477561,0.764132808953318,1.03233873477561
"680",52,1,0.960172204296266,0.393495482267255,0.960172204296266
"681",58,0,0.420490252256818,0.420490252256818,0.541439367960731
"682",58,0,0.520939365420399,0.520939365420399,0.373334931722519
"683",52,0,0.492260706558072,0.492260706558072,1.14561137111798
"684",56,1,-0.0268656895072302,-0.125899789491798,-0.0268656895072302
"685",56,0,-0.240313687379425,-0.240313687379425,0.407056418506841
"686",56,1,0.664826433047838,0.395063468753378,0.664826433047838
"687",54,0,0.590796532350568,0.590796532350568,0.729309835179613
"688",54,1,0.678659737282103,0.757228086309143,0.678659737282103
"689",50,0,0.982944117882219,0.982944117882219,1.19509809977399
"690",60,1,0.673299373985049,-0.223012910078814,0.673299373985049
"691",50,0,0.677787769209953,0.677787769209953,0.84289426822089
"692",56,0,0.39020683799866,0.39020683799866,0.643676746434575
"693",58,0,0.320097011893458,0.320097011893458,0.872678747594312
"694",56,0,0.4817700591158,0.4817700591158,0.85773015035577
"695",54,1,0.52955634147154,1.18377963052762,0.52955634147154
"696",56,0,0.957233903772752,0.957233903772752,0.413763011592227
"697",58,0,0.16663401788397,0.16663401788397,0.425444689862475
"698",52,0,0.551089386293588,0.551089386293588,0.735102202199862
"699",60,1,0.505401441522291,-0.0853269836907976,0.505401441522291
"700",54,1,0.838615965615204,0.778466818509822,0.838615965615204
"701",60,0,0.471526774434044,0.471526774434044,0.703526321139883
"702",60,1,0.0829895763785953,-0.10724263602609,0.0829895763785953
"703",58,1,0.500724873311229,0.342793030744078,0.500724873311229
"704",56,1,0.835810543761493,0.104179143158534,0.835810543761493
"705",56,0,0.726090161412498,0.726090161412498,0.426579159069045
"706",50,0,0.807157749057508,0.807157749057508,1.00829623436199
"707",54,1,0.752876827963669,0.420419143621474,0.752876827963669
"708",56,0,0.231834214319798,0.231834214319798,0.362494231820349
"709",60,1,0.821713526438258,-0.268775393031332,0.821713526438258
"710",58,0,-0.0467989271970393,-0.0467989271970393,0.495605383117695
"711",58,0,0.235214868073792,0.235214868073792,0.427653717329741
"712",54,0,0.409251675744755,0.409251675744755,0.913125348023146
"713",52,0,0.634456802604227,0.634456802604227,0.823845585924436
"714",58,0,0.474672832770226,0.474672832770226,0.842395585796182
"715",54,0,0.536450894989834,0.536450894989834,1.0784854929583
"716",54,1,0.810282904586653,0.852142522628693,0.810282904586653
"717",50,0,1.01801862280928,1.01801862280928,1.12115769633129
"718",52,1,1.27759372398483,0.411554303258637,1.27759372398483
"719",54,1,0.822701704306309,0.164866972934326,0.822701704306309
"720",58,1,0.778006942488397,0.301770865530315,0.778006942488397
"721",50,0,1.21134114546909,1.21134114546909,0.941295419991075
"722",56,0,-0.0673178374586529,-0.0673178374586529,0.474828590107412
"723",60,1,0.193479769873506,-0.21654910990147,0.193479769873506
"724",58,1,0.405133980920983,0.229365695441771,0.405133980920983
"725",52,1,0.951772183762843,0.83256216779736,0.951772183762843
"726",58,0,0.314323087513736,0.314323087513736,0.669474427733647
"727",54,1,0.557995770688646,0.775605074408232,0.557995770688646
"728",56,0,0.472152739219082,0.472152739219082,0.490552065695133
"729",54,0,0.82314710857012,0.82314710857012,0.567152167105417
"730",50,0,0.88267653149587,0.88267653149587,1.25749892087924
"731",58,0,0.706777970363681,0.706777970363681,0.296650982521671
"732",56,1,0.109193231137018,0.449545979960499,0.109193231137018
"733",58,1,0.470201518651439,0.49442788178617,0.470201518651439
"734",50,0,0.880958294791804,0.880958294791804,0.559413799368515
"735",58,0,0.173531865316925,0.173531865316925,0.568488718133628
"736",52,0,0.98644164862234,0.98644164862234,0.70256501559966
"737",52,0,0.571031143863245,0.571031143863245,0.661860717379932
"738",58,1,0.0885286227533215,0.177849570092874,0.0885286227533215
"739",50,0,0.905228300786958,0.905228300786958,0.48831563107675
"740",50,0,0.945508065271146,0.945508065271146,1.1661587867112
"741",54,0,0.591296617007921,0.591296617007921,0.313280835065137
"742",56,1,0.480766507621628,0.0641943952828447,0.480766507621628
"743",56,0,-0.153175239834216,-0.153175239834216,0.381886966512689
"744",52,0,0.858007182119141,0.858007182119141,0.795578596252244
"745",52,0,0.782844029496055,0.782844029496055,1.29073003550919
"746",54,1,0.895267840556023,0.499372043134682,0.895267840556023
"747",54,0,0.611148797296349,0.611148797296349,0.573764520798763
"748",58,1,0.416967399906267,-0.0226029263931249,0.416967399906267
"749",52,1,0.970869914661023,0.673642745072441,0.970869914661023
"750",56,0,0.8264176237961,0.8264176237961,0.822384458098673
"751",54,0,0.348754024061947,0.348754024061947,0.995798600079922
"752",60,0,-0.220316273032098,-0.220316273032098,0.523345190336414
"753",56,0,0.546588076218602,0.546588076218602,0.497915272252277
"754",52,0,0.742847579898597,0.742847579898597,0.980021891958693
"755",54,0,0.419241990982881,0.419241990982881,0.288090273715005
"756",52,0,1.18715423186217,1.18715423186217,0.636656530652768
"757",54,0,0.905425118168457,0.905425118168457,0.796169126337918
"758",52,0,0.702610331102173,0.702610331102173,0.688956422548116
"759",60,0,0.368001961008562,0.368001961008562,0.635830847602618
"760",54,0,0.716517111674743,0.716517111674743,0.513538754202434
"761",58,1,0.315196201623986,0.217216023809268,0.315196201623986
"762",52,0,0.642311230925178,0.642311230925178,1.07991643005016
"763",58,0,0.121329278457702,0.121329278457702,0.200837243289994
"764",52,0,0.768581110080841,0.768581110080841,0.539962438893671
"765",52,0,1.0330624155923,1.0330624155923,0.858109684205075
"766",52,0,0.860607738327939,0.860607738327939,1.18615081818896
"767",56,1,0.0427641131706086,0.418179964071106,0.0427641131706086
"768",58,0,-0.291554499780753,-0.291554499780753,0.214899844105568
"769",58,1,0.203744341304218,0.212759059872184,0.203744341304218
"770",58,0,-0.0170662051949127,-0.0170662051949127,0.446691932206797
"771",54,0,0.448357767860821,0.448357767860821,0.567980110874308
"772",58,0,0.287593940158287,0.287593940158287,0.96743130282874
"773",50,0,0.942945838074976,0.942945838074976,0.793003523371076
"774",60,1,1.10982876892034,0.0994548568866292,1.10982876892034
"775",56,1,0.710334309250741,0.514531352803587,0.710334309250741
"776",54,0,0.624903237441145,0.624903237441145,0.409684231126644
"777",50,0,1.291695979446,1.291695979446,0.826382866491738
"778",58,1,0.48405825751927,0.206222281673234,0.48405825751927
"779",52,0,0.714088815715985,0.714088815715985,0.739197886525601
"780",60,0,-0.163309526083366,-0.163309526083366,0.722513272854017
"781",60,0,0.235490887702395,0.235490887702395,0.741327647103422
"782",58,1,0.375192401001646,0.336669508010261,0.375192401001646
"783",58,1,0.193047276934889,0.107491161680449,0.193047276934889
"784",54,0,0.167964130701942,0.167964130701942,0.862174075347078
"785",58,1,0.74210547261722,0.616087613658066,0.74210547261722
"786",52,0,0.987950200636736,0.987950200636736,0.798137342928402
"787",56,1,0.120802066066661,0.826546691922148,0.120802066066661
"788",52,0,0.993856212044982,0.993856212044982,1.01532951153194
"789",54,0,1.07861949112207,1.07861949112207,0.678189955915425
"790",50,0,0.627623031938986,0.627623031938986,1.15608886312129
"791",52,0,1.06508478412978,1.06508478412978,0.821343984791458
"792",50,1,0.780556937076867,0.651406747971298,0.780556937076867
"793",60,1,0.2445003890376,-0.42470927857162,0.2445003890376
"794",54,0,0.731869458246984,0.731869458246984,0.785240483336285
"795",56,0,0.765805597514667,0.765805597514667,0.475878006056541
"796",56,1,0.876949019957307,0.1370965520159,0.876949019957307
"797",52,0,0.658302276380447,0.658302276380447,1.00472570870721
"798",56,1,0.243287013655738,0.419745033722953,0.243287013655738
"799",58,0,0.319708006139664,0.319708006139664,0.0662107607994257
"800",54,0,0.738347209093138,0.738347209093138,0.409929219126009
"801",58,0,0.434939426866375,0.434939426866375,0.142656107832112
"802",50,0,1.46306623726038,1.46306623726038,1.14580916426737
"803",60,0,0.247623247828936,0.247623247828936,0.558620918012475
"804",58,0,-0.0772273837364229,-0.0772273837364229,0.363894537859803
"805",52,1,1.11298461767582,0.820680422016634,1.11298461767582
"806",56,0,0.316858772661119,0.316858772661119,0.242577709319381
"807",54,1,0.718943996037257,0.683741591817723,0.718943996037257
"808",60,1,0.802323668549845,0.0596768372292301,0.802323668549845
"809",54,0,0.47944394301298,0.47944394301298,0.252751404626329
"810",50,0,0.79353828786875,0.79353828786875,1.2811406951876
"811",54,0,0.206184541791286,0.206184541791286,0.845064218456973
"812",54,1,0.495190662106364,0.583760810705529,0.495190662106364
"813",54,0,0.242265605382393,0.242265605382393,0.365382136741307
"814",60,0,0.16033594592523,0.16033594592523,0.298195717737023
"815",54,1,1.0464113794638,0.402805159280704,1.0464113794638
"816",56,1,0.30879940236863,0.783826036814553,0.30879940236863
"817",60,0,-0.01305646182348,-0.01305646182348,0.469514309947695
"818",60,0,-0.28522750702483,-0.28522750702483,0.299639431527402
"819",52,0,0.789770601483774,0.789770601483774,0.838262212480239
"820",58,0,0.435482072080889,0.435482072080889,0.335460663129041
"821",54,0,0.50227410350147,0.50227410350147,0.706603363741768
"822",56,0,0.601278330516454,0.601278330516454,0.324190081241031
"823",58,0,0.28543056398679,0.28543056398679,0.47717745648422
"824",58,1,0.342668691610028,0.0806601509236381,0.342668691610028
"825",58,0,0.13753892525721,0.13753892525721,0.801721565905939
"826",50,0,1.04976696556501,1.04976696556501,1.00278681544372
"827",52,0,0.562064734925751,0.562064734925751,1.03014506476193
"828",54,0,0.0951859648251571,0.0951859648251571,0.538078402775191
"829",54,0,0.787688300807817,0.787688300807817,1.1428973376487
"830",58,0,0.30895219383667,0.30895219383667,0.394752144298924
"831",56,1,0.926493617380774,0.231416110551126,0.926493617380774
"832",60,1,0.844388880142249,0.102750569550265,0.844388880142249
"833",58,1,0.217869233377771,0.502092502215036,0.217869233377771
"834",58,0,-0.0298406652340746,-0.0298406652340746,0.421389751811779
"835",54,0,0.797862116162585,0.797862116162585,0.874739106967475
"836",56,0,0.348019356547231,0.348019356547231,0.280433192206477
"837",50,1,0.512180293635233,1.13670329818709,0.512180293635233
"838",58,1,0.903684419368695,0.107619440179757,0.903684419368695
"839",60,0,-0.113465033607181,-0.113465033607181,0.488937272006228
"840",56,0,-0.675695359094235,-0.675695359094235,0.624549173005381
"841",60,0,-0.200085272399498,-0.200085272399498,0.768473871272343
"842",52,0,0.734699954740711,0.734699954740711,0.945760230003173
"843",52,1,1.22310738428317,0.462948846940783,1.22310738428317
"844",54,0,0.398443130143539,0.398443130143539,0.296658773091949
"845",54,0,0.103051378026284,0.103051378026284,0.268836041877052
"846",54,1,0.164009683445348,0.365248192877871,0.164009683445348
"847",50,0,1.26176391316278,1.26176391316278,1.17594515052498
"848",56,1,0.343728140203809,0.611561982168308,0.343728140203809
"849",58,1,0.882973088976337,0.293550443830895,0.882973088976337
"850",54,0,0.504097672442636,0.504097672442636,0.827645139130231
"851",60,1,0.568667818981374,0.0566955080389404,0.568667818981374
"852",58,0,0.336203038903519,0.336203038903519,0.593327573311655
"853",50,0,1.12692094244909,1.12692094244909,1.0642778013245
"854",60,0,-0.488002144694915,-0.488002144694915,0.711584089864272
"855",52,1,1.09750691540206,0.627960083463316,1.09750691540206
"856",50,0,0.930028726607233,0.930028726607233,0.840777905786574
"857",52,0,0.666073866330545,0.666073866330545,0.743370176860783
"858",58,1,0.24714909754366,0.290844204629752,0.24714909754366
"859",52,1,0.801389960471351,0.872538027917028,0.801389960471351
"860",52,0,0.722393383720156,0.722393383720156,0.860218474289146
"861",50,0,0.87044380960665,0.87044380960665,0.976060040309873
"862",52,1,0.965576292667057,0.489597572791072,0.965576292667057
"863",56,0,0.28989437739252,0.28989437739252,1.24984828634916
"864",50,0,0.839907456207032,0.839907456207032,1.2274068000018
"865",50,0,1.21815045273309,1.21815045273309,0.917483099734879
"866",54,1,0.744715345527398,0.383835673318991,0.744715345527398
"867",54,0,0.543897901686004,0.543897901686004,1.03902060465326
"868",56,1,0.869116339074356,0.222051505668176,0.869116339074356
"869",58,1,0.286356801386299,0.478350661344593,0.286356801386299
"870",50,0,0.9662365308396,0.9662365308396,1.60213182464863
"871",54,1,0.963928696755635,0.797933617564905,0.963928696755635
"872",60,0,-0.0845809879339782,-0.0845809879339782,0.574571262339032
"873",58,1,0.526426880994916,0.411945095140637,0.526426880994916
"874",52,0,0.895450342610264,0.895450342610264,1.04080645275948
"875",54,0,0.700041250386967,0.700041250386967,0.60671452811567
"876",50,0,1.28429281542416,1.28429281542416,1.16995154562194
"877",52,0,0.904932913251667,0.904932913251667,0.866982740108291
"878",54,0,0.60367993387678,0.60367993387678,0.762425076478926
"879",58,0,0.228295433433242,0.228295433433242,0.829653235653796
"880",60,1,0.541307384040546,0.04640150112887,0.541307384040546
"881",54,0,0.739558002280389,0.739558002280389,0.864667662337915
"882",60,1,0.757183687420754,-0.019661442517083,0.757183687420754
"883",60,0,0.187021520017284,0.187021520017284,1.07775961210214
"884",58,1,-0.0299039848227459,0.112722120345743,-0.0299039848227459
"885",54,1,0.611249204229508,0.836624464141424,0.611249204229508
"886",58,0,0.601570224709652,0.601570224709652,0.191159373784875
"887",58,0,0.0652453259827123,0.0652453259827123,0.712836670649668
"888",56,1,0.951927690209728,0.367250843428421,0.951927690209728
"889",56,1,0.800946348256678,0.658898362104806,0.800946348256678
"890",54,0,0.791875416586598,0.791875416586598,0.147060146916937
"891",50,0,0.809859733638882,0.809859733638882,0.627842042651414
"892",50,1,1.10123769475728,0.997268105911676,1.10123769475728
"893",50,0,0.961314389166338,0.961314389166338,0.7000039730702
"894",50,0,1.33562965776774,1.33562965776774,0.876579801612965
"895",54,1,1.1058764265739,0.339334092639888,1.1058764265739
"896",52,0,1.10303349272029,1.10303349272029,0.650357127767697
"897",56,0,0.0937344095810523,0.0937344095810523,0.854705722218695
"898",50,0,1.14797434131279,1.14797434131279,0.409973801502899
"899",50,0,1.43247859980628,1.43247859980628,0.885738893801663
"900",52,0,1.01246407811552,1.01246407811552,0.610185414003333
"901",58,0,0.0215882721146664,0.0215882721146664,0.949612049605964
"902",58,0,-0.0114589888870281,-0.0114589888870281,0.875322009142539
"903",52,0,0.972116623944656,0.972116623944656,0.660779665216879
"904",52,0,1.11613375024088,1.11613375024088,0.709170755134733
"905",52,0,0.925130823861221,0.925130823861221,0.972861707427475
"906",50,0,0.916678602393322,0.916678602393322,0.865903865286326
"907",50,0,0.846317311811949,0.846317311811949,1.09827122162564
"908",52,0,0.311943153905755,0.311943153905755,0.773963567585593
"909",50,0,1.00483840805316,1.00483840805316,0.945716666289424
"910",50,1,1.02095078028708,1.15391954613649,1.02095078028708
"911",56,1,0.671671299521378,0.460120451014553,0.671671299521378
"912",58,0,0.395383601951467,0.395383601951467,0.39138995347206
"913",56,0,0.246355232272417,0.246355232272417,0.578241723886333
"914",50,0,1.27483404589432,1.27483404589432,0.942000659718297
"915",50,0,1.03535221523588,1.03535221523588,0.83499393903924
"916",54,0,0.901553152855827,0.901553152855827,0.921705759128428
"917",52,0,1.16639462451574,1.16639462451574,1.03530280085089
"918",58,1,1.01465083791624,0.164193528041036,1.01465083791624
"919",58,1,0.476962024111201,0.536706649921765,0.476962024111201
"920",58,1,0.973743062524728,0.182462756209874,0.973743062524728
"921",54,0,0.408879889013325,0.408879889013325,0.302866898867662
"922",60,0,0.0450115851137476,0.0450115851137476,0.282843096749732
"923",60,0,-0.00251767666763334,-0.00251767666763334,0.0955235550264157
"924",50,0,1.11190411153761,1.11190411153761,1.11542849395925
"925",58,0,0.481878751089494,0.481878751089494,0.428886053147029
"926",58,1,0.641487320655085,0.284741042396827,0.641487320655085
"927",58,0,-0.104720532710721,-0.104720532710721,0.31292370951552
"928",52,0,1.07784000154137,1.07784000154137,0.76874721163522
"929",56,0,0.508873984113857,0.508873984113857,0.820094199713714
"930",54,0,0.793161874321725,0.793161874321725,0.974015267460446
"931",56,0,0.200747587272072,0.200747587272072,0.819040435502741
"932",60,1,0.376992083724047,0.086009255980952,0.376992083724047
"933",52,0,1.09117024607185,1.09117024607185,0.938952121554308
"934",52,0,0.939180149564317,0.939180149564317,0.839924269684008
"935",58,0,-0.00587997298166942,-0.00587997298166942,0.997383971957191
"936",58,1,0.490254738649897,0.198598271341232,0.490254738649897
"937",60,1,0.19490936103378,-0.150027155588979,0.19490936103378
"938",54,0,0.617222889065303,0.617222889065303,0.459895365954246
"939",58,0,-0.102414319345029,-0.102414319345029,0.602243145064955
"940",54,0,0.465069479010423,0.465069479010423,0.359049828974929
"941",52,0,0.905036613030814,0.905036613030814,0.573416504846074
"942",60,1,0.594155549023483,-0.20910581835501,0.594155549023483
"943",50,0,1.01389717343931,1.01389717343931,0.956826532359123
"944",54,1,0.914330708044071,0.630044059171428,0.914330708044071
"945",54,1,0.671737324920257,0.211834798249354,0.671737324920257
"946",54,0,0.439456200861919,0.439456200861919,1.13001856628581
"947",56,0,0.206123690842329,0.206123690842329,0.486507402486093
"948",58,0,0.0936262099168515,0.0936262099168515,0.192031847054114
"949",60,1,0.431523609888063,-0.0479044092409883,0.431523609888063
"950",58,0,0.309629913076834,0.309629913076834,0.612493731833327
"951",50,0,1.07879543586342,1.07879543586342,0.789897244097493
"952",52,1,1.10857847329379,0.64807830856949,1.10857847329379
"953",56,0,0.0549973921769364,0.0549973921769364,0.89427448762679
"954",58,1,0.515028060438558,0.404162137292738,0.515028060438558
"955",56,1,0.670800460189846,0.367550479009329,0.670800460189846
"956",52,0,0.707362091526943,0.707362091526943,1.20319660188738
"957",58,1,0.708949361344513,0.506830081468182,0.708949361344513
"958",52,0,0.376664054691977,0.376664054691977,0.6952750302725
"959",54,0,1.13456815534585,1.13456815534585,0.673033562405801
"960",50,0,0.79773882409553,0.79773882409553,1.0111444593032
"961",54,0,0.661941912579183,0.661941912579183,1.08259077992684
"962",54,0,1.06311053517252,1.06311053517252,0.81590378550083
"963",52,0,0.864664397327128,0.864664397327128,1.3561684508732
"964",56,1,0.571208909210613,0.841571585820386,0.571208909210613
"965",54,0,0.277208640513217,0.277208640513217,0.458590944601074
"966",52,0,0.98465370392572,0.98465370392572,0.759953207391179
"967",54,0,0.603569488030051,0.603569488030051,0.523637514165479
"968",58,0,0.159103635709861,0.159103635709861,0.412369657304138
"969",60,1,1.02648790063101,0.63475462539084,1.02648790063101
"970",58,1,0.763931879180926,0.191767098696471,0.763931879180926
"971",60,1,0.568185728878934,0.0178792377828675,0.568185728878934
"972",56,0,0.539706590796236,0.539706590796236,0.867172854963704
"973",54,0,0.653891329139469,0.653891329139469,1.21273427329695
"974",60,0,0.112301171447998,0.112301171447998,0.571526551527994
"975",52,1,0.87565119954065,0.972759432200302,0.87565119954065
"976",50,0,0.820177298778975,0.820177298778975,1.00022581048453
"977",50,0,1.35157458237052,1.35157458237052,0.570854629510318
"978",56,0,0.153735777326715,0.153735777326715,0.642439948202004
"979",56,0,0.419238863689998,0.419238863689998,0.680070215964689
"980",58,0,0.0107264699033822,0.0107264699033822,0.527418082514854
"981",52,0,1.27541317901387,1.27541317901387,0.512022289885467
"982",52,1,1.14357491361061,0.474856211682318,1.14357491361061
"983",60,1,0.341093265463735,-0.209897649086202,0.341093265463735
"984",54,0,0.19834074344196,0.19834074344196,0.95369505811535
"985",52,1,0.873681651208155,0.568395060312447,0.873681651208155
"986",54,0,0.836564389979238,0.836564389979238,0.483695046235147
"987",56,0,0.445132399183383,0.445132399183383,0.805333055781937
"988",54,0,0.872188156576172,0.872188156576172,1.26428349356699
"989",60,1,0.415102731565785,-0.580529975407033,0.415102731565785
"990",56,0,0.0909082048073602,0.0909082048073602,0.993441910936841
"991",52,0,1.2164844942968,1.2164844942968,0.819157994672685
"992",54,0,0.412684950910168,0.412684950910168,1.13308313536195
"993",56,1,0.979476502648773,0.124012364496184,0.979476502648773
"994",52,0,1.23784537553443,1.23784537553443,0.640472890912919
"995",52,0,0.624102526459832,0.624102526459832,0.454454085061729
"996",58,1,0.131264331178898,0.188457745546472,0.131264331178898
"997",56,1,0.687086442603678,0.437695176199459,0.687086442603678
"998",52,0,0.672998458876839,0.672998458876839,0.570161402740283
"999",52,1,0.92942759095042,0.368347406032466,0.92942759095042
"1000",52,0,0.701143444271665,0.701143444271665,0.384261451211898
"1001",56,1,0.730272886922061,0.0471195292351059,0.730272886922061
"1002",56,1,-0.111778944376516,0.670967414213689,-0.111778944376516
"1003",54,1,0.72538076549878,0.89255558773733,0.72538076549878
"1004",60,0,0.073688634991148,0.073688634991148,1.0654717866262
"1005",52,0,0.661393084358496,0.661393084358496,0.997992826225927
"1006",50,0,0.899139827679356,0.899139827679356,1.28931818620946
"1007",56,0,0.082969195162306,0.082969195162306,0.642742811551844
"1008",56,0,0.397715390614971,0.397715390614971,0.305214734261506
"1009",58,1,0.613105872286479,0.285439830628243,0.613105872286479
"1010",56,0,0.498509917060408,0.498509917060408,0.133912489833483
"1011",60,0,-0.190748877910895,-0.190748877910895,0.624815910324022
"1012",56,0,0.772582003872442,0.772582003872442,0.485071053193305
"1013",50,0,1.28863490646313,1.28863490646313,1.06973837185059
"1014",60,0,-0.214063500014084,-0.214063500014084,0.506492842889117
"1015",54,0,0.742767181129934,0.742767181129934,1.01563109831857
"1016",58,1,0.0987593676333449,0.231883155452658,0.0987593676333449
"1017",58,1,0.0464914350907663,0.411750406345444,0.0464914350907663
"1018",52,1,0.474174325663399,0.60562701140357,0.474174325663399
"1019",52,1,0.610680506972909,1.01539028363673,0.610680506972909
"1020",52,0,1.02270146335696,1.02270146335696,0.820641572420511
"1021",50,0,0.524664382711534,0.524664382711534,0.556739994340566
"1022",58,0,0.0806522589429817,0.0806522589429817,0.76991908313183
"1023",52,1,0.756493500262605,0.892413790321917,0.756493500262605
"1024",58,0,0.100985911834957,0.100985911834957,0.712305606197482
"1025",52,0,0.187069982811267,0.187069982811267,0.794413742612859
"1026",58,0,0.0311099284697645,0.0311099284697645,0.145196560875826
"1027",56,0,0.336530776285162,0.336530776285162,0.60572770435893
"1028",52,1,1.18562468064741,0.163227350165944,1.18562468064741
"1029",54,0,0.521591812345644,0.521591812345644,0.470152045888869
"1030",58,0,-0.0330797449245405,-0.0330797449245405,0.813981984371823
"1031",56,0,0.253806045008394,0.253806045008394,0.591949637246313
"1032",54,1,1.26847270031585,0.637802239137492,1.26847270031585
"1033",54,1,0.536195270899147,0.279045616856214,0.536195270899147
"1034",60,1,0.0636237134275155,-0.127339773241628,0.0636237134275155
"1035",56,0,-0.184506473220507,-0.184506473220507,0.528192139797141
"1036",52,1,0.814134832337599,0.844268411244903,0.814134832337599
"1037",54,1,0.309878367876752,0.095991528944085,0.309878367876752
"1038",56,0,0.413253523484965,0.413253523484965,1.26192323075852
"1039",58,0,0.705178756682394,0.705178756682394,0.592993039243219
"1040",52,0,0.569871855455252,0.569871855455252,1.18243158816729
"1041",52,0,0.942160612920863,0.942160612920863,0.661890566548983
"1042",52,0,0.339440798274092,0.339440798274092,0.801201126043737
"1043",56,1,0.521159171478134,0.414271562590516,0.521159171478134
"1044",56,0,0.778989066749218,0.778989066749218,1.17687484717991
"1045",52,0,0.885944780834947,0.885944780834947,0.535339544842621
"1046",54,1,0.361963756913844,0.848618263556922,0.361963756913844
"1047",56,1,0.390796521213666,0.290691916465887,0.390796521213666
"1048",54,0,0.477841303789887,0.477841303789887,0.721919886094514
"1049",54,0,0.779334067255365,0.779334067255365,0.199822397212845
"1050",60,0,0.401660726688003,0.401660726688003,0.730845642344124
"1051",50,0,0.828196633838122,0.828196633838122,0.911478318156905
"1052",56,0,0.343569426895643,0.343569426895643,0.625805600483136
"1053",54,0,0.691823091999427,0.691823091999427,0.733354117615098
"1054",60,1,0.159906097859314,0.252699803277961,0.159906097859314
"1055",58,0,0.447759196002505,0.447759196002505,0.324901966954911
"1056",52,1,1.06192230544207,0.653381117182597,1.06192230544207
"1057",58,0,0.378969653211286,0.378969653211286,0.58087632281866
"1058",54,0,0.410899865873439,0.410899865873439,0.399750519955603
"1059",56,1,0.27580400883183,0.0514573555066353,0.27580400883183
"1060",50,0,0.497214269001152,0.497214269001152,1.15772302704694
"1061",52,0,0.731109104157677,0.731109104157677,1.10294795034397
"1062",60,0,-0.134577223226415,-0.134577223226415,0.128506530896857
"1063",58,1,0.564550558312403,-0.254244812065993,0.564550558312403
"1064",52,0,0.932053529487776,0.932053529487776,0.631871844090944
"1065",56,1,0.711183808506176,0.210035528906381,0.711183808506176
"1066",60,1,0.720516404136761,-0.31131297047446,0.720516404136761
"1067",54,0,1.09701967988906,1.09701967988906,0.789923617407159
"1068",52,0,0.883089907172263,0.883089907172263,0.701255300795858
"1069",60,1,0.366527114476802,0.057361051755532,0.366527114476802
"1070",54,1,0.653749469040694,0.686548178733693,0.653749469040694
"1071",52,1,1.10317972941863,0.482845105654519,1.10317972941863
"1072",50,1,0.650419590051349,1.39557526499037,0.650419590051349
"1073",56,1,0.671733255396499,0.264786378706187,0.671733255396499
"1074",54,0,0.739802041399435,0.739802041399435,1.00050288481635
"1075",60,1,0.544563119843749,-0.185575333424816,0.544563119843749
"1076",56,0,0.594925316538561,0.594925316538561,0.316773228356448
"1077",58,0,0.0189754122886096,0.0189754122886096,0.85003502987617
"1078",50,1,1.18723799014007,0.495392269408237,1.18723799014007
"1079",54,0,0.813812766236828,0.813812766236828,0.297741963208924
"1080",54,1,0.71493152591448,0.762237388372147,0.71493152591448
"1081",54,1,0.359825672386864,0.422427502354225,0.359825672386864
"1082",54,1,0.894890841598559,0.638340658184567,0.894890841598559
"1083",56,0,0.0436360060422359,0.0436360060422359,0.192439588560279
"1084",50,0,1.37752849549188,1.37752849549188,1.14922450699285
"1085",56,0,0.798132658990693,0.798132658990693,0.47509947610165
"1086",58,1,0.981466879476011,0.272318402858234,0.981466879476011
"1087",56,0,0.82585560366723,0.82585560366723,0.864307096643948
"1088",52,0,1.12270792148804,1.12270792148804,0.379541854432428
"1089",60,1,0.39533340687015,0.212081871994127,0.39533340687015
"1090",54,0,0.68760359133641,0.68760359133641,0.749319458251681
"1091",54,1,0.834299202706777,0.59879014078007,0.834299202706777
"1092",58,0,0.185022449219319,0.185022449219319,0.0641593808120105
"1093",52,0,0.81586556928088,0.81586556928088,0.934559780202171
"1094",52,0,1.117052752959,1.117052752959,0.589879407703013
"1095",58,0,0.466835757983207,0.466835757983207,0.671991825779532
"1096",58,1,0.675232490416851,-0.0767277383932174,0.675232490416851
"1097",50,0,0.699581865777753,0.699581865777753,1.74601989700418
"1098",56,0,0.511299038152685,0.511299038152685,0.732065480187444
"1099",56,0,0.279775405940571,0.279775405940571,0.847298237289385
"1100",60,0,0.0771092990281273,0.0771092990281273,0.245764197993592
"1101",56,1,0.780769411510816,0.229448052022764,0.780769411510816
"1102",52,0,0.531658367885141,0.531658367885141,0.842423241502314
"1103",54,1,0.756493566976041,0.537229292379027,0.756493566976041
"1104",52,0,0.796804280366261,0.796804280366261,1.15919653434456
"1105",52,1,1.02165342270344,1.40629826248109,1.02165342270344
"1106",56,0,0.0491759335209898,0.0491759335209898,0.636376793655558
"1107",54,0,0.585583910370411,0.585583910370411,0.63159724137722
"1108",54,0,0.565491323201444,0.565491323201444,0.673577807334201
"1109",60,1,0.395702688355509,-0.671995025127118,0.395702688355509
"1110",54,0,0.453501558017657,0.453501558017657,0.869764289893603
"1111",52,0,0.891463225365657,0.891463225365657,1.29073207778912
"1112",56,1,0.832159073495332,0.513839884254308,0.832159073495332
"1113",50,0,0.503218708062729,0.503218708062729,0.872693299236187
"1114",56,0,0.051199533630072,0.051199533630072,0.661905851710114
"1115",58,1,0.276394717243477,0.12955048916856,0.276394717243477
"1116",56,0,0.0252835115979786,0.0252835115979786,0.41798936297819
"1117",54,0,1.07225475600824,1.07225475600824,0.728387336144391
"1118",58,1,1.00287624152409,0.245799581961608,1.00287624152409
"1119",54,0,0.868363156940297,0.868363156940297,0.795327843438378
"1120",58,1,0.796459344411321,0.0782425658560544,0.796459344411321
"1121",52,1,0.881871614885388,0.935231925067663,0.881871614885388
"1122",58,0,0.46581886468134,0.46581886468134,0.365470499730354
"1123",54,0,0.213019770945932,0.213019770945932,0.813405932646039
"1124",58,0,0.133512133977067,0.133512133977067,0.5090512136567
"1125",58,1,0.681003666731856,0.0509937079881879,0.681003666731856
"1126",60,1,0.482047915954328,-0.0477706366405815,0.482047915954328
"1127",52,0,0.901224354300107,0.901224354300107,1.04964133292289
"1128",54,0,0.444544876605396,0.444544876605396,0.401164518582267
"1129",52,0,1.16082871398245,1.16082871398245,1.02235747464529
"1130",54,0,0.779086044954437,0.779086044954437,0.867698051876567
"1131",58,1,0.818041877299438,-0.196464891966846,0.818041877299438
"1132",52,0,0.328904482354237,0.328904482354237,0.562616940261045
"1133",54,0,0.728838405505177,0.728838405505177,0.634459385866197
"1134",54,0,0.686886204592989,0.686886204592989,0.548931653312644
"1135",54,0,0.756596088061395,0.756596088061395,1.0455108210936
"1136",52,0,0.636322840436626,0.636322840436626,0.774520152434643
"1137",52,0,1.02749381337359,1.02749381337359,0.767078479913719
"1138",56,0,0.0290974748649522,0.0290974748649522,0.6796630380181
"1139",58,1,0.582764986291825,0.129051360944726,0.582764986291825
"1140",54,0,0.321557559895394,0.321557559895394,0.82507282052145
"1141",52,1,0.638374562198965,1.17584503569654,0.638374562198965
"1142",52,0,0.838902384154232,0.838902384154232,1.20359740078418
"1143",58,1,0.335560458796506,0.495650971029215,0.335560458796506
"1144",52,0,0.691299804528215,0.691299804528215,0.734954969019752
"1145",58,0,0.196887315020842,0.196887315020842,0.625630813610239
"1146",56,1,0.569990984175516,0.320234776975413,0.569990984175516
"1147",54,0,0.938509587683807,0.938509587683807,0.203923997439187
"1148",52,1,0.729960116183229,0.467823498093494,0.729960116183229
"1149",58,1,0.752794324702553,0.67516419958415,0.752794324702553
"1150",52,0,0.965549158777459,0.965549158777459,0.665096288843918
"1151",58,0,0.275015476595958,0.275015476595958,0.660841225210002
"1152",50,1,0.971658432978662,1.01167269145388,0.971658432978662
"1153",58,1,0.480863413895798,0.45424102461841,0.480863413895798
"1154",58,1,0.596740176818347,0.346441428755494,0.596740176818347
"1155",60,0,0.26575173867029,0.26575173867029,0.406916501090236
"1156",52,0,0.576254773616456,0.576254773616456,0.809498877802161
"1157",50,0,1.11283002632077,1.11283002632077,0.896569082860824
"1158",52,1,0.782146976385124,0.895094808668177,0.782146976385124
"1159",52,0,1.2986162478102,1.2986162478102,0.843449690672215
"1160",54,0,0.335522875876555,0.335522875876555,0.729819433120436
"1161",50,0,1.1819994034333,1.1819994034333,1.15579446340804
"1162",52,1,0.991851013909353,0.274068724091459,0.991851013909353
"1163",56,0,0.48805934658807,0.48805934658807,0.311202908342566
"1164",54,0,0.43868778140403,0.43868778140403,0.802890749864312
"1165",60,0,-0.296146956780842,-0.296146956780842,0.309442067003348
"1166",54,0,0.831919405335009,0.831919405335009,0.530900480447491
"1167",60,0,-0.0492804286102589,-0.0492804286102589,0.327712532080816
"1168",52,0,0.649297904903713,0.649297904903713,0.809255800124664
"1169",56,0,0.345314568325727,0.345314568325727,0.672453709629178
"1170",52,1,1.00808507689254,0.881699006568994,1.00808507689254
"1171",58,0,0.535336296297433,0.535336296297433,0.388041113428941
"1172",58,1,0.660896393591779,0.118533481377147,0.660896393591779
"1173",54,1,0.946325147014277,0.636069465051572,0.946325147014277
"1174",54,1,1.20660172590527,0.751952488567539,1.20660172590527
"1175",56,0,0.366523572554411,0.366523572554411,0.662261130412356
"1176",50,0,0.682854283996371,0.682854283996371,1.42480511251403
"1177",56,0,0.220013889651997,0.220013889651997,0.378383129812499
"1178",58,1,0.013934729860176,0.186852818989825,0.013934729860176
"1179",52,0,0.974521668209281,0.974521668209281,0.994578508608169
"1180",50,0,0.644467821798737,0.644467821798737,1.28387620201706
"1181",54,1,1.01248161595871,0.676178864377732,1.01248161595871
"1182",54,0,0.793911258786802,0.793911258786802,0.37702369005395
"1183",54,1,0.471785823361735,1.05941123100344,0.471785823361735
"1184",54,1,0.745699145412568,0.612181178555317,0.745699145412568
"1185",60,1,0.518409830168445,-0.121810425185296,0.518409830168445
"1186",52,1,0.819969925448889,0.933310975866288,0.819969925448889
"1187",52,0,0.470444108179259,0.470444108179259,0.546733626636468
"1188",56,1,0.146600580343058,0.485517885855811,0.146600580343058
"1189",50,0,1.26225404114891,1.26225404114891,1.47394927074681
"1190",50,0,1.06670760070271,1.06670760070271,1.12906269717977
"1191",58,1,0.499982276756741,-0.0234583946510277,0.499982276756741
"1192",60,1,0.512316269640619,0.192800873217357,0.512316269640619
"1193",52,0,0.994888153238967,0.994888153238967,1.00134660561867
"1194",56,1,0.738351598435269,0.458679473515704,0.738351598435269
"1195",54,0,0.336336212620867,0.336336212620867,0.96032690111836
"1196",60,0,0.297693602179148,0.297693602179148,0.833582847062335
"1197",58,1,0.448427684516317,-0.295676002769607,0.448427684516317
"1198",58,0,0.112897775249132,0.112897775249132,0.394570977722642
"1199",52,0,0.75598937532205,0.75598937532205,0.884638037185443
"1200",50,0,0.919428392711055,0.919428392711055,0.872135737136948
"1201",54,0,0.306264764728745,0.306264764728745,0.0991437931270995
"1202",58,0,-0.153192612876392,-0.153192612876392,0.422352264280039
"1203",60,1,0.967819024753126,0.112906515164095,0.967819024753126
"1204",56,0,0.268675412322417,0.268675412322417,0.67067879699698
"1205",58,0,0.0916060120236517,0.0916060120236517,0.759498641259677
"1206",58,1,0.322915317525648,0.569983340009605,0.322915317525648
"1207",58,0,-0.333746741385142,-0.333746741385142,0.61182910685879
"1208",58,1,0.602632709893211,0.299417199995721,0.602632709893211
"1209",54,1,0.388103543936663,0.901691420342927,0.388103543936663
"1210",56,0,0.333443543163956,0.333443543163956,0.902229869225674
"1211",52,0,0.975626970991952,0.975626970991952,0.844699801459679
"1212",58,1,0.287593670039614,0.190076782352885,0.287593670039614
"1213",50,0,1.58289697921109,1.58289697921109,0.704881984697549
"1214",52,0,0.559125004128099,0.559125004128099,0.747152945142042
"1215",54,0,0.41556014948463,0.41556014948463,0.514795053883461
"1216",60,1,0.557114427541575,0.206134890407732,0.557114427541575
"1217",60,0,-0.316766533503553,-0.316766533503553,0.525845509327079
"1218",50,1,0.914193971894573,1.20747941243849,0.914193971894573
"1219",56,1,0.407748689447986,0.635867104070465,0.407748689447986
"1220",50,1,1.27585165732093,1.52137793423105,1.27585165732093
"1221",56,1,0.560356469597485,0.0893224605254355,0.560356469597485
"1222",50,0,0.567402442811542,0.567402442811542,1.1111447539594
"1223",56,1,0.679847305489423,0.6022519076047,0.679847305489423
"1224",58,0,0.417614463127617,0.417614463127617,0.770123056219926
"1225",54,0,0.269584839587479,0.269584839587479,0.681202561943779
"1226",52,1,1.42925951488156,0.91692231755099,1.42925951488156
"1227",50,0,0.802585639118282,0.802585639118282,1.66155097928057
"1228",54,1,0.213856147497445,0.340557947509877,0.213856147497445
"1229",60,0,-0.156033729565173,-0.156033729565173,0.561435616820029
"1230",56,1,0.555829132531477,0.724144340785878,0.555829132531477
"1231",54,0,0.921303695967229,0.921303695967229,0.7552534083121
"1232",54,1,0.949714051836805,1.10964401601078,0.949714051836805
"1233",54,0,0.564231533872921,0.564231533872921,0.436908493728874
"1234",50,0,1.066344330003,1.066344330003,0.990858388496593
"1235",50,0,0.615853821513558,0.615853821513558,1.15567133118386
"1236",58,1,0.81745912566201,0.264585721788857,0.81745912566201
"1237",54,1,0.730200926412799,0.42613686827473,0.730200926412799
"1238",54,0,0.300812301248218,0.300812301248218,1.00444226825823
"1239",54,0,0.809372625529068,0.809372625529068,1.0409235665096
"1240",58,1,0.703399126329046,-0.339822605555222,0.703399126329046
"1241",54,0,0.2213957581057,0.2213957581057,0.674130367171163
"1242",56,0,0.838441692492997,0.838441692492997,0.499471445540104
"1243",50,1,0.802607600503299,1.03346608609726,0.802607600503299
"1244",52,0,0.800723035906058,0.800723035906058,0.935550344613878
"1245",60,1,0.536399462610962,0.35425441679739,0.536399462610962
"1246",60,0,0.177913755213803,0.177913755213803,0.43299092597518
"1247",60,1,0.220280865643202,0.286107180362011,0.220280865643202
"1248",58,0,0.154509162662184,0.154509162662184,0.497496990042918
"1249",58,0,-0.13842288981941,-0.13842288981941,0.680323548631213
"1250",50,0,1.22415295307892,1.22415295307892,1.201575907078
"1251",52,0,0.895397383992712,0.895397383992712,1.10190830956859
"1252",52,1,0.768799837830546,0.952065034322195,0.768799837830546
"1253",58,1,0.287636113109678,-0.0886041060027459,0.287636113109678
"1254",60,1,0.652446590605982,0.26525603278486,0.652446590605982
"1255",54,0,0.717896635902261,0.717896635902261,0.431783376631181
"1256",52,1,0.858151939424964,0.629322541990638,0.858151939424964
"1257",54,1,0.706389465634976,0.504108605307548,0.706389465634976
"1258",56,0,0.252221275792426,0.252221275792426,0.513654380866423
"1259",60,1,0.415021878216122,0.126648791024015,0.415021878216122
"1260",50,0,0.798900976660139,0.798900976660139,1.23066860628938
"1261",52,0,1.23477197625789,1.23477197625789,0.731069268018074
"1262",58,0,-0.0540213948432928,-0.0540213948432928,0.711283765562272
"1263",54,0,0.500414504998805,0.500414504998805,0.708760201769172
"1264",58,1,0.79606639004318,-0.366662571609016,0.79606639004318
"1265",52,0,0.841068706819838,0.841068706819838,0.72636122357456
"1266",54,1,0.725192498769019,0.837988156808301,0.725192498769019
"1267",56,0,0.413631346302415,0.413631346302415,0.274310246875435
"1268",60,1,0.614500044924726,-0.321842183350174,0.614500044924726
"1269",50,0,0.651412391331569,0.651412391331569,1.12569142496596
"1270",54,0,0.453893638813736,0.453893638813736,0.233286302220593
"1271",52,0,0.297231951137368,0.297231951137368,0.6440805389088
"1272",54,1,0.316371514853534,0.631879857542654,0.316371514853534
"1273",58,1,0.118963469076316,-0.208718127690927,0.118963469076316
"1274",58,0,0.107392831917985,0.107392831917985,0.129764432159458
"1275",56,0,0.93919263530878,0.93919263530878,0.64898060866423
"1276",56,0,0.198730042711322,0.198730042711322,0.207096745430586
"1277",52,1,0.474435170335817,0.862808594314819,0.474435170335817
"1278",58,1,0.51831642441275,0.128354985314738,0.51831642441275
"1279",58,0,0.350466608010458,0.350466608010458,0.786550728913899
"1280",60,0,-0.176543350066115,-0.176543350066115,0.111845997738558
"1281",50,1,1.0476189038143,0.598689943393504,1.0476189038143
"1282",56,1,0.254416393362085,0.525542112914815,0.254416393362085
"1283",54,0,1.14271494135595,1.14271494135595,0.738953829512434
"1284",58,1,0.759359887760249,0.133882733733857,0.759359887760249
"1285",58,0,0.0739079371255413,0.0739079371255413,0.680777328512024
"1286",52,0,0.519233874029504,0.519233874029504,0.557544355322694
"1287",52,0,0.685059298371937,0.685059298371937,0.898920632289864
"1288",56,0,0.530931447950116,0.530931447950116,0.470819459290122
"1289",54,1,0.22842707066546,1.1512808592321,0.22842707066546
"1290",54,0,0.695039736793133,0.695039736793133,0.505951274542823
"1291",50,0,1.15581796922379,1.15581796922379,1.06367666977053
"1292",58,0,0.303406545233455,0.303406545233455,0.427083867691123
"1293",58,0,-0.113758537740871,-0.113758537740871,0.687408778187092
"1294",54,0,0.501621584665408,0.501621584665408,0.510412169153197
"1295",50,0,0.684537386995534,0.684537386995534,1.2221717474876
"1296",56,0,0.618208694775737,0.618208694775737,0.807159706919852
"1297",54,0,0.49527487106477,0.49527487106477,0.734567589201585
"1298",54,0,0.495595919461334,0.495595919461334,0.673316785015198
"1299",54,0,0.451517608845095,0.451517608845095,0.760576967039354
"1300",50,1,0.944471008728443,0.955248059672816,0.944471008728443
"1301",56,1,0.734671523298986,0.68778269260543,0.734671523298986
"1302",52,0,0.937593950213079,0.937593950213079,0.976670322052901
"1303",52,0,0.48241892657226,0.48241892657226,0.854114917019824
"1304",60,0,-0.285915621662997,-0.285915621662997,0.239946409883425
"1305",60,0,0.31695103942126,0.31695103942126,0.549340044124235
"1306",58,0,0.500157339395831,0.500157339395831,0.366661606188436
"1307",50,0,0.857047148491094,0.857047148491094,1.22934436159526
"1308",56,0,0.158305352580399,0.158305352580399,0.806370585508902
"1309",56,0,0.0814704954798253,0.0814704954798253,0.661222240292025
"1310",54,0,0.506978167470129,0.506978167470129,0.93448640223899
"1311",50,0,1.78747395550227,1.78747395550227,1.25379962140529
"1312",54,0,0.678837639252216,0.678837639252216,0.400921633885093
"1313",56,1,0.681300633295928,0.00999066829124645,0.681300633295928
"1314",56,0,0.221629604125566,0.221629604125566,1.01685787282899
"1315",56,0,0.481324726044752,0.481324726044752,0.352592076946482
"1316",58,0,0.380462535580599,0.380462535580599,0.484224467637614
"1317",52,1,0.596633567993174,0.499573079325085,0.596633567993174
"1318",52,0,0.832383029108546,0.832383029108546,0.899822051588177
"1319",58,1,0.60107441900153,0.0332982876059158,0.60107441900153
"1320",54,0,0.738796837781913,0.738796837781913,0.682142844130755
"1321",56,0,0.403945164646421,0.403945164646421,1.07885960010244
"1322",52,0,0.581815473742218,0.581815473742218,1.02532350760151
"1323",58,0,0.602255703706099,0.602255703706099,0.682321403273374
"1324",54,0,1.16291524941743,1.16291524941743,0.738565936686818
"1325",52,1,1.29456887276299,0.719481374073521,1.29456887276299
"1326",56,0,0.672089396876604,0.672089396876604,0.750341571797002
"1327",52,0,1.09395904590034,1.09395904590034,0.831906504803579
"1328",50,0,1.23188505423163,1.23188505423163,1.1391741734451
"1329",50,0,1.46677585817511,1.46677585817511,0.683287187485548
"1330",58,1,0.773676055095454,0.0749670011649384,0.773676055095454
"1331",54,0,0.358265711229073,0.358265711229073,0.746701315745191
"1332",58,1,-0.180972394097467,0.221053030351824,-0.180972394097467
"1333",50,0,0.698385898960541,0.698385898960541,0.775386818562666
"1334",54,0,0.581782750806504,0.581782750806504,0.393831500614629
"1335",58,0,-0.221809908245988,-0.221809908245988,0.840643945529444
"1336",56,1,0.672958920415954,0.45755735038785,0.672958920415954
"1337",56,1,0.579752017554633,0.178075460727179,0.579752017554633
"1338",60,1,0.482598550060505,0.16227081997296,0.482598550060505
"1339",60,1,1.03544846599541,0.269127430497091,1.03544846599541
"1340",52,0,0.595981084687768,0.595981084687768,0.662532591708884
"1341",52,1,0.886425810828911,1.06883534663416,0.886425810828911
"1342",52,0,0.951737694771204,0.951737694771204,0.749209226537608
"1343",58,1,0.653083276778759,0.290890944929351,0.653083276778759
"1344",52,0,1.315102564449,1.315102564449,0.609317802092769
"1345",52,1,0.787051855708053,0.481452020466642,0.787051855708053
"1346",52,0,1.32857129128886,1.32857129128886,0.841366828966277
"1347",50,1,1.57370184386563,0.942196305043596,1.57370184386563
"1348",52,0,0.867827033790628,0.867827033790628,0.882414183167683
"1349",58,1,0.385729427427983,0.198467391151076,0.385729427427983
"1350",56,1,0.377188254151619,0.135732558744167,0.377188254151619
"1351",50,0,1.04255413135636,1.04255413135636,0.971063634487113
"1352",52,0,0.512174389700163,0.512174389700163,0.806726086236112
"1353",52,0,0.551377756142151,0.551377756142151,1.1624383458443
"1354",54,1,0.76765558631304,0.363371273000594,0.76765558631304
"1355",52,0,0.775363606864423,0.775363606864423,0.736771159087423
"1356",56,0,0.686825794943817,0.686825794943817,0.786104929346262
"1357",56,0,0.380031017838258,0.380031017838258,1.20060582949373
"1358",50,0,1.27715358367904,1.27715358367904,1.17732911111044
"1359",52,0,1.01793119780565,1.01793119780565,0.909976212015465
"1360",60,1,0.237744373412627,-0.193587250884645,0.237744373412627
"1361",58,0,0.381017002755799,0.381017002755799,0.399843932879816
"1362",60,0,-0.254635989210416,-0.254635989210416,0.456005852284195
"1363",52,0,0.741920283147226,0.741920283147226,0.953842849335681
"1364",50,0,1.20601766623845,1.20601766623845,1.09326369657303
"1365",56,0,0.596580490578391,0.596580490578391,0.705115940488916
"1366",54,0,0.388072804618118,0.388072804618118,0.813176582515958
"1367",56,0,0.785373122696635,0.785373122696635,0.795518046664499
"1368",54,0,0.4218933335345,0.4218933335345,0.239788503557329
"1369",52,0,0.744991357386348,0.744991357386348,1.04601112087731
"1370",56,0,0.0976371030758361,0.0976371030758361,0.705820642939231
"1371",54,0,0.233654073768154,0.233654073768154,0.492465302730979
"1372",52,0,0.774935687304071,0.774935687304071,1.3168263767748
"1373",52,0,0.70319858221499,0.70319858221499,1.0453565490362
"1374",54,1,0.811222249323729,0.357329467558843,0.811222249323729
"1375",58,1,0.306306666963242,0.060754845803192,0.306306666963242
"1376",58,0,-0.24207945122981,-0.24207945122981,0.879040006049924
"1377",60,0,-0.000536360753782376,-0.000536360753782376,0.420580409784971
"1378",58,0,-0.102834573405753,-0.102834573405753,0.660150602117856
"1379",52,1,0.845057481391892,0.951021749643901,0.845057481391892
"1380",56,1,0.713175806471212,0.156267093400535,0.713175806471212
"1381",58,0,0.131987164578561,0.131987164578561,0.565361485995044
"1382",56,1,0.572111133095106,0.219569055206337,0.572111133095106
"1383",54,1,0.850262781880244,1.03690726178692,0.850262781880244
"1384",52,0,0.962755472868383,0.962755472868383,0.851988566192947
"1385",50,1,1.17981201444019,1.39323949788196,1.17981201444019
"1386",54,1,0.915423922033889,0.171213263383051,0.915423922033889
"1387",52,0,0.919844698836075,0.919844698836075,0.980986334402488
"1388",58,0,0.32432182456639,0.32432182456639,0.0911026351292609
"1389",56,0,0.283678797177736,0.283678797177736,0.757912236987506
"1390",56,0,0.464466674692426,0.464466674692426,0.566512210885481
"1391",56,0,0.322422719844983,0.322422719844983,0.787575497364915
"1392",52,0,0.575311193371561,0.575311193371561,0.926178216486536
"1393",50,0,1.0113562643258,1.0113562643258,1.33574699116673
"1394",60,0,-0.183239737985262,-0.183239737985262,0.23297081663346
"1395",58,0,0.354666612793806,0.354666612793806,0.419090168537137
"1396",52,0,0.71981913260276,0.71981913260276,0.308569194492417
"1397",58,0,0.233525723569394,0.233525723569394,0.442870033182855
"1398",58,1,0.634398953652489,0.228565887418363,0.634398953652489
"1399",54,0,0.670214295934066,0.670214295934066,0.726122103487046
"1400",58,1,0.637984652459411,-0.00890166281617527,0.637984652459411
"1401",52,0,0.529622308136963,0.529622308136963,1.17313534404108
"1402",56,1,0.289229220057412,0.250700763345921,0.289229220057412
"1403",60,1,0.588351220542197,-0.333028304108075,0.588351220542197
"1404",54,0,0.431917748433453,0.431917748433453,0.65036518239508
"1405",54,0,0.545609316963305,0.545609316963305,0.749518578649166
"1406",58,1,0.567183537762633,0.248686024535796,0.567183537762633
"1407",54,0,0.442300578992939,0.442300578992939,0.516889329613406
"1408",50,0,1.13477241152981,1.13477241152981,0.679077835873803
"1409",52,1,1.2325846878791,0.83658278310316,1.2325846878791
"1410",52,0,1.2042124579989,1.2042124579989,0.671798399767911
"1411",50,0,0.910955391739154,0.910955391739154,1.00843979652336
"1412",54,0,0.459300982986626,0.459300982986626,1.04969462524072
"1413",50,1,1.42098543915998,0.737426191588637,1.42098543915998
"1414",56,1,0.485073550080335,0.873009557845296,0.485073550080335
"1415",54,0,0.646580636523355,0.646580636523355,0.714429317890807
"1416",56,0,0.251627033878049,0.251627033878049,0.494355635956431
"1417",60,1,0.22850530844252,-0.0299235633507682,0.22850530844252
"1418",54,0,0.848077200522814,0.848077200522814,0.839535007257771
"1419",60,1,0.615420871100443,-0.155380904291422,0.615420871100443
"1420",54,1,0.476875402258221,0.52996038948634,0.476875402258221
"1421",60,0,0.282136665933669,0.282136665933669,0.732426609827269
"1422",56,1,0.531597756451542,0.573366060492548,0.531597756451542
"1423",60,1,0.370883888565265,0.174931405017341,0.370883888565265
"1424",52,0,0.142394146964038,0.142394146964038,0.397107287034967
"1425",54,0,0.540018788944498,0.540018788944498,0.738029648288247
"1426",50,1,1.08136849855935,0.959325190453466,1.08136849855935
"1427",52,1,0.416384510627112,0.816380257652995,0.416384510627112
"1428",56,1,0.109126585170957,0.311511071497328,0.109126585170957
"1429",54,0,0.201271383575779,0.201271383575779,1.30005502316522
"1430",58,0,-0.0125290876779525,-0.0125290876779525,0.651476644615508
"1431",50,0,0.537258200569627,0.537258200569627,0.639987704906009
"1432",58,0,0.359954992799977,0.359954992799977,0.105012013931482
"1433",54,0,0.580039720739622,0.580039720739622,0.759046834411231
"1434",54,0,0.902152475041551,0.902152475041551,0.917487862519063
"1435",60,0,-0.0281194733735992,-0.0281194733735992,1.29213212051545
"1436",54,1,0.672246100470482,0.822401222383578,0.672246100470482
"1437",56,0,0.445214837882104,0.445214837882104,0.306967868262711
"1438",60,0,0.482657121493127,0.482657121493127,0.254288431082084
"1439",58,0,0.155851362959782,0.155851362959782,0.94983300085223
"1440",52,0,0.523873949419364,0.523873949419364,0.35833876569056
"1441",56,1,0.879053991099946,0.470968051120906,0.879053991099946
"1442",54,1,0.562882297995332,0.553012320966143,0.562882297995332
"1443",52,0,0.749439161499879,0.749439161499879,0.755916796100266
"1444",56,1,0.550813649741405,0.176141725838831,0.550813649741405
"1445",60,0,0.386826672470279,0.386826672470279,0.2685358829495
"1446",52,1,0.854788746588777,1.14096397222597,0.854788746588777
"1447",54,0,0.273529221336717,0.273529221336717,0.582581007362332
"1448",54,1,0.829317894991479,0.338845602694253,0.829317894991479
"1449",52,0,1.20973275878778,1.20973275878778,0.909175393601001
"1450",58,1,0.375300969143665,0.638089398931,0.375300969143665
"1451",56,1,0.377163617956734,0.507745382065811,0.377163617956734
"1452",52,1,0.994592005830882,0.910683929469698,0.994592005830882
"1453",50,1,1.0321869379357,0.579864704565481,1.0321869379357
"1454",56,0,0.312813897143794,0.312813897143794,0.816201310659478
"1455",58,0,0.366542541290145,0.366542541290145,0.427662615926783
"1456",52,0,0.450255736397785,0.450255736397785,0.528800152923695
"1457",56,0,0.0133872978497889,0.0133872978497889,0.586883035592047
"1458",50,0,1.32854420040929,1.32854420040929,0.746844718248178
"1459",54,0,0.593283534170783,0.593283534170783,0.686162057691871
"1460",58,0,0.446099739673336,0.446099739673336,0.526162853770633
"1461",54,0,0.966095032517915,0.966095032517915,0.740746292580577
"1462",54,0,0.594564061363781,0.594564061363781,0.267555809266868
"1463",58,1,0.4242433362657,0.265916049033611,0.4242433362657
"1464",54,0,0.0381879100121929,0.0381879100121929,0.35050121399765
"1465",52,0,0.681898146153665,0.681898146153665,1.1248942704866
"1466",54,0,0.801397155076551,0.801397155076551,0.912673389258265
"1467",52,1,0.667867795595542,0.807345834179966,0.667867795595542
"1468",58,0,0.246829473507493,0.246829473507493,0.374514247060378
"1469",56,0,-0.143579030911586,-0.143579030911586,0.359390913573171
"1470",52,1,0.82707969700788,0.54005858132442,0.82707969700788
"1471",54,0,0.975433062926092,0.975433062926092,0.324426103793482
"1472",58,0,0.459474028211938,0.459474028211938,-0.0524579507610198
"1473",58,1,0.648950497611627,0.292869420893264,0.648950497611627
"1474",52,0,0.86318965819315,0.86318965819315,0.801728064039761
"1475",54,0,0.513789338877052,0.513789338877052,0.726977947024585
"1476",54,0,0.401700650566799,0.401700650566799,0.317669391963687
"1477",58,0,0.0545063174348827,0.0545063174348827,0.944580378089364
"1478",54,0,0.577878594659649,0.577878594659649,0.523698209892684
"1479",56,1,0.883225627920466,0.641432485069355,0.883225627920466
"1480",58,0,-0.274972086974826,-0.274972086974826,0.627492742428007
"1481",50,0,0.982810925489589,0.982810925489589,0.877162970783755
"1482",50,0,0.97074136668598,0.97074136668598,0.933853676303309
"1483",50,0,1.24673589244661,1.24673589244661,1.07812203004794
"1484",54,0,0.912595473182973,0.912595473182973,0.564686373276257
"1485",60,1,0.51660983748733,0.151422287988936,0.51660983748733
"1486",54,1,0.552663758056996,0.877751580893801,0.552663758056996
"1487",58,0,0.220817156461614,0.220817156461614,0.294800000601407
"1488",58,0,0.578522983437392,0.578522983437392,0.466664017933653
"1489",52,1,0.971316662922442,0.648115053351874,0.971316662922442
"1490",58,0,0.329370613903047,0.329370613903047,0.627387612033316
"1491",50,0,0.90724066489513,0.90724066489513,0.758433495378245
"1492",52,1,0.814833450146988,0.918432371298661,0.814833450146988
"1493",58,0,0.574714009956355,0.574714009956355,0.718127736939355
"1494",56,0,0.312947198848695,0.312947198848695,0.237795578806878
"1495",52,1,0.570819083460152,0.552821944792031,0.570819083460152
"1496",56,0,0.78148811176438,0.78148811176438,0.421394207354987
"1497",60,0,0.108743096901169,0.108743096901169,0.812827563764232
"1498",58,0,0.282774365234151,0.282774365234151,0.518015253866718
"1499",60,1,0.551882169017531,0.0943439651797257,0.551882169017531
"1500",54,0,0.77559328429893,0.77559328429893,0.402702849829851
"1501",50,0,0.900796422045711,0.900796422045711,0.857925023818971
"1502",58,0,-0.0525097346873638,-0.0525097346873638,0.548281558126739
"1503",52,0,0.784449423293553,0.784449423293553,0.756317568725834
"1504",56,1,0.581171998232208,0.471575058481738,0.581171998232208
"1505",52,0,0.814261128761452,0.814261128761452,0.719311921647043
"1506",54,0,0.689099432230719,0.689099432230719,0.453835906487211
"1507",58,1,0.473061431002738,0.11180118263528,0.473061431002738
"1508",56,1,0.639845810667035,0.349539811448917,0.639845810667035
"1509",50,0,0.682924098903852,0.682924098903852,1.07456652520088
"1510",56,1,0.674216399399798,0.0437483339065095,0.674216399399798
"1511",50,0,0.950216174819691,0.950216174819691,1.14646070472093
"1512",56,1,0.631398777522138,0.0143655518585518,0.631398777522138
"1513",60,0,-0.252334271804745,-0.252334271804745,0.0195200535147138
"1514",58,1,0.625552502842394,0.270181309600223,0.625552502842394
"1515",58,1,0.566052447862247,0.0896567668646289,0.566052447862247
"1516",54,1,0.905592248485407,0.546714742551147,0.905592248485407
"1517",58,1,0.301883054376923,0.0956693921970466,0.301883054376923
"1518",54,0,0.499763683365735,0.499763683365735,0.779864851571851
"1519",52,0,0.4665423401239,0.4665423401239,0.784145505801577
"1520",54,0,0.620858773822199,0.620858773822199,0.865547998603748
"1521",54,0,0.630395138595957,0.630395138595957,0.241076413396609
"1522",58,1,0.933754079922076,0.469049615911786,0.933754079922076
"1523",58,0,0.612364465991717,0.612364465991717,0.0279896615940327
"1524",60,0,-0.245323301873506,-0.245323301873506,0.847531155841828
"1525",52,0,0.66742899277683,0.66742899277683,0.975709476631915
"1526",58,1,0.237463071559451,0.058160398803597,0.237463071559451
"1527",54,0,0.373354250453663,0.373354250453663,0.311424337937971
"1528",58,1,0.498356184437863,0.106769606434374,0.498356184437863
"1529",56,1,0.817002093475718,0.149609138433399,0.817002093475718
"1530",60,1,0.293304696186208,-0.0813442890439207,0.293304696186208
"1531",60,0,-0.128007208624009,-0.128007208624009,0.336996709434038
"1532",52,0,0.761394906851538,0.761394906851538,1.10291219058452
"1533",58,0,0.384348500484589,0.384348500484589,0.663201804033899
"1534",50,0,1.17235463415227,1.17235463415227,1.19404798245387
"1535",60,1,0.403703909936505,0.296241322075082,0.403703909936505
"1536",52,0,0.922750865466936,0.922750865466936,0.996034680981405
"1537",56,0,0.19240280311763,0.19240280311763,0.747615152192742
"1538",56,0,0.275432477357956,0.275432477357956,0.480611764501176
"1539",52,0,0.333091373276363,0.333091373276363,0.818802535026653
"1540",56,1,0.747898909893413,0.119882575697378,0.747898909893413
"1541",54,0,0.965168309655489,0.965168309655489,0.519840581190781
"1542",50,0,1.10359480538819,1.10359480538819,0.858545927248214
"1543",50,0,1.15555581104516,1.15555581104516,1.05922990192002
"1544",58,1,0.370853638864632,0.533535291830797,0.370853638864632
"1545",58,1,0.40571554873695,-0.00847918496780328,0.40571554873695
"1546",54,0,0.259896428858131,0.259896428858131,0.530147821485974
"1547",60,0,0.395662543524256,0.395662543524256,0.708605906122401
"1548",54,0,0.747425811560492,0.747425811560492,0.696337119242186
"1549",54,0,0.652454723043084,0.652454723043084,0.617188592151237
"1550",56,0,0.32928315478938,0.32928315478938,0.798557600228694
"1551",52,0,1.29046579611966,1.29046579611966,0.717214102887012
"1552",50,0,0.98548855841035,0.98548855841035,1.21933057772958
"1553",58,0,0.362787260581941,0.362787260581941,0.380018372959462
"1554",52,0,0.816573097146607,0.816573097146607,1.04959534904998
"1555",56,1,0.134462902140098,0.330925006885748,0.134462902140098
"1556",58,1,0.487170472941909,0.590606974061805,0.487170472941909
"1557",54,1,0.608833387071764,0.840327251348055,0.608833387071764
"1558",60,1,0.348446991969437,0.190213222998303,0.348446991969437
"1559",58,0,0.475695588729171,0.475695588729171,0.448924622765819
"1560",58,0,0.281888504467231,0.281888504467231,0.555775787869519
"1561",52,0,1.17200411192577,1.17200411192577,0.945544294296538
"1562",58,1,0.516295121066509,0.191080863086899,0.516295121066509
"1563",58,0,0.148497707237363,0.148497707237363,0.400770510817991
"1564",50,1,0.707596676283012,0.580330467828544,0.707596676283012
"1565",52,0,0.555944588400815,0.555944588400815,1.17664754798384
"1566",58,1,0.678291348299488,0.186077676684687,0.678291348299488
"1567",56,0,0.599946444025033,0.599946444025033,0.79904632569391
"1568",58,0,0.182256126586094,0.182256126586094,0.467692053861807
"1569",58,1,0.46243265215355,0.832824908776066,0.46243265215355
"1570",54,0,0.781186212221365,0.781186212221365,0.529086914238128
"1571",50,0,0.985895644285321,0.985895644285321,1.09460710381829
"1572",56,0,0.178380996511659,0.178380996511659,0.654704134223323
"1573",56,0,0.113943668880639,0.113943668880639,0.569359635788491
"1574",58,0,0.0985430643311791,0.0985430643311791,0.483405205102877
"1575",54,1,0.436751419093105,0.593431032741561,0.436751419093105
"1576",60,0,0.178087540375432,0.178087540375432,0.624999167667129
"1577",58,0,0.562944028343234,0.562944028343234,0.919124736829851
"1578",52,0,0.459198942801113,0.459198942801113,0.777545707935559
"1579",52,0,0.74691885506834,0.74691885506834,0.639789070632651
"1580",58,1,0.707531770599979,0.541784592209841,0.707531770599979
"1581",54,1,0.549975977633178,0.645533235686092,0.549975977633178
"1582",60,1,0.395643923881155,-0.235740921297557,0.395643923881155
"1583",60,1,0.426307036385374,0.360732531698097,0.426307036385374
"1584",58,0,0.153843855285593,0.153843855285593,0.711543286904088
"1585",56,1,0.893771200871188,0.601224695088104,0.893771200871188
"1586",56,0,0.42829352794783,0.42829352794783,0.386592613619125
"1587",58,1,0.309679174273517,0.148423130750644,0.309679174273517
"1588",54,0,0.877801019245765,0.877801019245765,0.779294200957516
"1589",54,1,0.759076898433371,-0.0172297856012991,0.759076898433371
"1590",56,1,0.596976539439947,0.153884864540922,0.596976539439947
"1591",52,0,0.398529972245021,0.398529972245021,1.02772099280619
"1592",58,0,0.0354160197354914,0.0354160197354914,0.358138777375532
"1593",54,1,0.66230382589776,0.801291381706432,0.66230382589776
"1594",52,1,0.596880332323254,1.02539684786177,0.596880332323254
"1595",52,0,0.488754944388284,0.488754944388284,0.63366499282186
"1596",52,0,1.26263484180759,1.26263484180759,0.829089919064737
"1597",50,0,1.08774235162148,1.08774235162148,0.921379621913786
"1598",52,0,0.821306448001822,0.821306448001822,0.997826815528062
"1599",58,0,-0.0582045777641605,-0.0582045777641605,0.0606840179310475
"1600",50,0,0.933242823877197,0.933242823877197,0.844906937395193
"1601",52,0,1.13700341531862,1.13700341531862,1.23771034465618
"1602",50,0,0.766216833037072,0.766216833037072,1.11615018452518
"1603",50,0,1.09854305797395,1.09854305797395,1.4104808845215
"1604",60,1,0.717505712811999,0.160509881210124,0.717505712811999
"1605",58,0,0.485247278426823,0.485247278426823,-0.157616209935128
"1606",52,1,1.13967992778473,0.880310677981796,1.13967992778473
"1607",54,0,0.425907578553025,0.425907578553025,0.62720351893174
"1608",54,0,0.343665529057456,0.343665529057456,0.715895551823371
"1609",52,0,0.633393564574027,0.633393564574027,1.30744438035649
"1610",52,1,1.02367048770572,0.535266279414397,1.02367048770572
"1611",54,1,0.764197713179738,0.800317895197377,0.764197713179738
"1612",56,0,0.494079477723497,0.494079477723497,0.247293637822513
"1613",54,0,0.85935011921754,0.85935011921754,0.871175738065247
"1614",58,1,0.147626010449071,0.0669180655414322,0.147626010449071
"1615",58,0,0.151113586378767,0.151113586378767,0.483867185286761
"1616",58,0,0.346606167368048,0.346606167368048,0.499211254636246
"1617",58,1,0.792879185350936,0.242243529598722,0.792879185350936
"1618",54,0,0.540696390304543,0.540696390304543,0.837548966233736
"1619",50,0,0.873374600475837,0.873374600475837,1.2877051387778
"1620",58,0,0.30409160763518,0.30409160763518,0.369189660300894
"1621",56,1,1.19738315653615,0.811740896847216,1.19738315653615
"1622",56,0,0.465469981987427,0.465469981987427,1.00315591438835
"1623",58,1,0.896161683215071,-0.49343035126891,0.896161683215071
"1624",50,0,0.729432255170433,0.729432255170433,1.0037112832782
"1625",58,1,0.467289613114427,0.172693119359538,0.467289613114427
"1626",58,0,0.40574312941244,0.40574312941244,0.530335717264486
"1627",50,0,1.2623472797398,1.2623472797398,1.03793331403779
"1628",60,0,0.0362211299211193,0.0362211299211193,0.638514670456218
"1629",54,0,0.831441466420216,0.831441466420216,0.72138477634282
"1630",58,1,0.829205411857905,0.30085934340988,0.829205411857905
"1631",60,1,0.532978306434651,-0.0924931330646273,0.532978306434651
"1632",54,0,0.397466628194073,0.397466628194073,0.909730906933833
"1633",58,0,-0.178833280771357,-0.178833280771357,0.38024070324464
"1634",50,0,1.24755477647653,1.24755477647653,1.10665338200664
"1635",50,0,1.27175840256305,1.27175840256305,0.896378625115248
"1636",56,0,0.0774525072093749,0.0774525072093749,0.392592667481448
"1637",50,0,1.08498280809615,1.08498280809615,1.46621000654863
"1638",50,0,0.736146803918284,0.736146803918284,1.29805886396754
"1639",56,0,-0.17239800734433,-0.17239800734433,0.859444001449684
"1640",50,1,1.00242878274309,1.19623444471392,1.00242878274309
"1641",54,0,0.77055175712459,0.77055175712459,0.777467117027547
"1642",58,1,0.474317279989669,-0.12057161935209,0.474317279989669
"1643",58,0,-0.347666870922591,-0.347666870922591,0.419555530842691
"1644",54,0,0.438339658228583,0.438339658228583,0.860385100950275
"1645",56,1,0.752421796711994,0.0738287075916615,0.752421796711994
"1646",54,0,0.496359613296435,0.496359613296435,0.491211323398647
"1647",56,0,-0.0781718494472261,-0.0781718494472261,0.363837221341472
"1648",52,1,0.513938380321068,1.45157594683634,0.513938380321068
"1649",56,1,0.595438909316545,0.379707396682855,0.595438909316545
"1650",60,1,0.717863876376052,-0.219706283596201,0.717863876376052
"1651",56,1,0.585393505000575,0.296999379033931,0.585393505000575
"1652",50,1,1.39713594858613,1.1138571950417,1.39713594858613
"1653",52,0,1.00002847414225,1.00002847414225,1.11474920273011
"1654",54,0,0.76618286047174,0.76618286047174,0.445518180578023
"1655",60,1,0.678612589807983,0.26878228832315,0.678612589807983
"1656",58,1,1.00377114326085,0.271057904524076,1.00377114326085
"1657",50,0,1.37506356072596,1.37506356072596,1.11576507253443
"1658",56,0,0.460175060655252,0.460175060655252,0.72104556631549
"1659",54,0,0.836541052080814,0.836541052080814,0.813099812236334
"1660",52,1,0.905388430339911,0.648280281895509,0.905388430339911
"1661",52,0,0.901265447468236,0.901265447468236,0.7033729919144
"1662",54,1,0.130872317365247,1.04901171062361,0.130872317365247
"1663",60,1,0.627964015150342,0.330526528556277,0.627964015150342
"1664",54,1,0.985172798202608,0.621641712346108,0.985172798202608
"1665",58,0,-0.332956672478582,-0.332956672478582,0.397652634135316
"1666",60,0,-0.162231573092631,-0.162231573092631,0.369965310323051
"1667",52,0,0.817254804723308,0.817254804723308,1.36777424710239
"1668",56,0,0.529034187578248,0.529034187578248,0.669131203280514
"1669",56,1,0.469342039320993,0.521313854030679,0.469342039320993
"1670",52,0,0.64236039630831,0.64236039630831,0.78544888134208
"1671",58,1,0.264295465587878,0.42091163598956,0.264295465587878
"1672",58,1,0.562328498866651,0.399107683722609,0.562328498866651
"1673",60,1,-0.0483100431734109,0.0101783987753829,-0.0483100431734109
"1674",52,1,0.67046030928732,0.318390114640887,0.67046030928732
"1675",56,1,0.832386877996657,0.634584355101655,0.832386877996657
"1676",58,1,0.827741357834557,0.619940813430227,0.827741357834557
"1677",52,0,0.834323410189316,0.834323410189316,0.623197695746285
"1678",58,0,0.178277980686176,0.178277980686176,0.618754225926995
"1679",52,1,0.792133683825029,1.2331588212595,0.792133683825029
"1680",52,0,0.584884038774582,0.584884038774582,1.01474024111464
"1681",60,1,0.0372093107333636,-0.123915452093127,0.0372093107333636
"1682",56,0,0.456280085092302,0.456280085092302,0.187191052480427
"1683",50,0,0.82723360337335,0.82723360337335,1.35960446141475
"1684",58,1,0.108264351771807,0.0551910174760067,0.108264351771807
"1685",60,1,0.959867918845487,-0.326484780968467,0.959867918845487
"1686",58,0,-0.125725499334697,-0.125725499334697,0.595390535194801
"1687",54,1,0.0482448290802973,0.555796712405629,0.0482448290802973
"1688",60,1,0.631875483071803,-0.123939234936827,0.631875483071803
"1689",54,0,1.03292541590588,1.03292541590588,0.809445230301851
"1690",60,1,-0.0720207990991021,0.198382817064427,-0.0720207990991021
"1691",56,0,0.169623692408328,0.169623692408328,0.0865544734100271
"1692",56,1,0.775590113050552,0.675597675626109,0.775590113050552
"1693",58,0,0.361583585429459,0.361583585429459,0.982888193088522
"1694",52,0,1.2758821420612,1.2758821420612,0.735863764553332
"1695",56,1,0.59747129022794,0.258840214418906,0.59747129022794
"1696",52,0,0.82877692367381,0.82877692367381,0.77781952501481
"1697",50,0,1.30689615324591,1.30689615324591,1.07716828036358
"1698",58,0,-0.251823912894285,-0.251823912894285,0.00891973097814924
"1699",56,0,0.39148603535553,0.39148603535553,0.365552490344275
"1700",50,1,1.27387812157388,0.924006728577765,1.27387812157388
"1701",56,0,0.501027333671887,0.501027333671887,0.713203361052908
"1702",56,0,0.239844503346049,0.239844503346049,0.793417478595985
"1703",58,0,0.354203548929995,0.354203548929995,0.302494501798123
"1704",52,1,0.835972048903753,0.849457272623373,0.835972048903753
"1705",52,0,0.636220125854389,0.636220125854389,1.04996556425756
"1706",52,1,0.919601684271059,0.981337304859908,0.919601684271059
"1707",50,1,0.987252838692083,0.633767363838935,0.987252838692083
"1708",56,0,0.148646742595351,0.148646742595351,0.848985432486712
"1709",54,1,0.660348466505715,0.811655645939095,0.660348466505715
"1710",52,0,0.909568372951077,0.909568372951077,0.878905572074894
"1711",52,1,0.43605222941022,0.758671616824108,0.43605222941022
"1712",52,0,0.958943043223568,0.958943043223568,0.922123341546161
"1713",52,0,0.752801616089707,0.752801616089707,0.812060837775093
"1714",52,0,0.59750821963694,0.59750821963694,0.779162337181718
"1715",52,0,0.861554522652851,0.861554522652851,1.11971603196476
"1716",60,1,0.741015213350716,0.0723777295150209,0.741015213350716
"1717",54,1,0.300569338257013,0.486053672615278,0.300569338257013
"1718",50,1,0.64023980187606,1.22561769941313,0.64023980187606
"1719",54,0,0.545599458761123,0.545599458761123,0.629772375486819
"1720",56,1,1.00142345712657,0.599060307199306,1.00142345712657
"1721",58,0,0.0330960471845122,0.0330960471845122,0.461656532648942
"1722",54,0,0.743780988946979,0.743780988946979,1.0230643980133
"1723",58,0,0.503166785183893,0.503166785183893,0.792300152125906
"1724",60,0,0.0300159894704101,0.0300159894704101,0.109917710763951
"1725",52,0,0.877952539463921,0.877952539463921,0.61644602314926
"1726",54,0,0.243528203306573,0.243528203306573,0.674460611795466
"1727",54,1,0.926688477623249,0.462336443107183,0.926688477623249
"1728",60,0,-0.0387050265454514,-0.0387050265454514,0.274890726923557
"1729",56,1,0.700509197443244,0.799044238849577,0.700509197443244
"1730",58,0,0.165740953642845,0.165740953642845,0.294277185931609
"1731",60,0,0.465764403346665,0.465764403346665,0.410163094517052
"1732",50,0,0.640264391791453,0.640264391791453,0.965523725394975
"1733",54,0,0.831136883737766,0.831136883737766,0.568683399039977
"1734",56,0,0.728499098067883,0.728499098067883,1.1054305619483
"1735",50,1,1.03313430194158,0.823930606696896,1.03313430194158
"1736",58,0,0.339924231281418,0.339924231281418,0.546065224170624
"1737",56,0,0.0946166444587075,0.0946166444587075,0.704385192545654
"1738",56,0,0.699426592239925,0.699426592239925,0.466355644465395
"1739",54,1,0.795441932924871,0.217665899497068,0.795441932924871
"1740",50,1,0.876895756559072,0.875219563506745,0.876895756559072
"1741",60,0,-0.0834246965434169,-0.0834246965434169,0.955530018531546
"1742",60,1,0.197417005532258,-0.165301390618219,0.197417005532258
"1743",56,1,0.848682565168811,0.0976925021823614,0.848682565168811
"1744",54,0,0.40306318020856,0.40306318020856,0.563339727004061
"1745",52,0,0.868682718726046,0.868682718726046,0.896869231360959
"1746",50,1,0.400527495585327,1.19719664441327,0.400527495585327
"1747",54,0,0.4420295332872,0.4420295332872,0.307854521829585
"1748",58,1,0.355972640697277,0.246972705797271,0.355972640697277
"1749",54,0,0.439836256438068,0.439836256438068,1.12835603536247
"1750",54,0,1.22900304094907,1.22900304094907,0.796912462489603
"1751",56,0,0.445199836928936,0.445199836928936,0.841512986811187
"1752",56,0,0.0698754599928222,0.0698754599928222,0.35400315846724
"1753",56,0,0.630807673767916,0.630807673767916,0.519649061196491
"1754",52,0,0.940795194556494,0.940795194556494,1.05164988970116
"1755",58,1,0.647367411291182,0.0564001610320883,0.647367411291182
"1756",50,0,0.845400797045593,0.845400797045593,1.41560008521153
"1757",56,1,0.497369489713452,-0.0599888864870142,0.497369489713452
"1758",54,0,0.463723929998871,0.463723929998871,1.05748279692214
"1759",54,1,0.192372182805257,0.707408747196801,0.192372182805257
"1760",58,0,0.475258583118166,0.475258583118166,0.812019763707169
"1761",52,0,1.0567346120106,1.0567346120106,0.881991914294642
"1762",54,0,0.422162199656965,0.422162199656965,0.710034240988573
"1763",58,1,0.237640249162756,0.0636474267077936,0.237640249162756
"1764",56,1,0.756917840811547,0.0813868757569448,0.756917840811547
"1765",54,1,0.707630416279511,0.639146220239467,0.707630416279511
"1766",56,0,-0.065040430091122,-0.065040430091122,0.710566823373991
"1767",56,1,0.643556469361032,0.332764629585582,0.643556469361032
"1768",56,1,0.50257372609141,0.131797450445666,0.50257372609141
"1769",58,1,0.693840264030342,-0.246019145116081,0.693840264030342
"1770",54,0,0.969952005291238,0.969952005291238,0.934756460081704
"1771",60,1,0.801967751840946,-0.220189464839597,0.801967751840946
"1772",54,0,0.289350644306883,0.289350644306883,0.781450159517997
"1773",52,0,0.464014841849698,0.464014841849698,0.708083746553352
"1774",52,1,0.523832065841963,0.73171550224603,0.523832065841963
"1775",60,1,0.340057966036731,-0.393706903531577,0.340057966036731
"1776",50,0,1.1121556166386,1.1121556166386,1.18050176594212
"1777",52,1,1.03238770093917,1.61198815570648,1.03238770093917
"1778",50,1,0.783193713372203,0.911699027988397,0.783193713372203
"1779",56,1,0.588238889243787,0.765956720237892,0.588238889243787
"1780",52,0,0.442146362468545,0.442146362468545,0.703922592368541
"1781",56,1,0.255533080747,0.37815679553277,0.255533080747
"1782",52,0,0.819224711345104,0.819224711345104,0.634743696753114
"1783",54,1,0.881022311950929,0.488390339384753,0.881022311950929
"1784",54,0,0.5022138487635,0.5022138487635,0.595447350157071
"1785",60,1,0.479554806339965,0.233730374999416,0.479554806339965
"1786",52,0,0.679269803502096,0.679269803502096,0.749030874976309
"1787",52,1,0.520416729963105,0.726311010566426,0.520416729963105
"1788",52,0,0.73790403417703,0.73790403417703,0.416306853436985
"1789",58,0,-0.071987738324655,-0.071987738324655,0.669763588312136
"1790",60,0,0.0311236711629614,0.0311236711629614,0.392234690364816
"1791",54,1,0.519262342054346,0.300352274737487,0.519262342054346
"1792",56,0,0.393704908711885,0.393704908711885,0.6454501435541
"1793",52,0,0.878179394545854,0.878179394545854,0.845379946477602
"1794",56,0,0.606856217799994,0.606856217799994,1.12153249576032
"1795",58,1,0.582657837261085,0.568529081580391,0.582657837261085
"1796",54,0,0.562423053161466,0.562423053161466,1.04998629085951
"1797",50,0,0.689407817434281,0.689407817434281,1.07679625375499
"1798",52,0,0.746058122180813,0.746058122180813,0.916307243174775
"1799",52,1,0.836499277233914,0.501186425188037,0.836499277233914
"1800",52,0,0.789808087992216,0.789808087992216,0.875029411990651
"1801",50,0,0.490703421176598,0.490703421176598,1.04417087354611
"1802",54,0,0.306711312342431,0.306711312342431,0.759945109472759
"1803",56,0,0.160222711204284,0.160222711204284,0.567944269489578
"1804",56,0,0.224248120881972,0.224248120881972,0.791953128839326
"1805",56,1,0.66591773155843,0.989736496655029,0.66591773155843
"1806",54,0,0.769268153022834,0.769268153022834,0.885870048328718
"1807",52,1,0.512536286233832,0.510130170795289,0.512536286233832
"1808",60,0,-0.155795949865779,-0.155795949865779,0.419502246931656
"1809",58,0,0.0537442826930918,0.0537442826930918,0.579058497718804
"1810",54,1,0.724359529887419,0.267344135579859,0.724359529887419
"1811",52,0,0.680256839320482,0.680256839320482,0.553829048008824
"1812",52,0,1.59398292016164,1.59398292016164,0.592952420186638
"1813",58,0,0.0866003485909799,0.0866003485909799,0.882457947854092
"1814",50,0,0.985362438548283,0.985362438548283,0.930396707616465
"1815",56,0,0.378828216533365,0.378828216533365,0.807407869612022
"1816",52,0,0.967929569007035,0.967929569007035,1.24258809305901
"1817",58,0,-0.203793791375622,-0.203793791375622,0.514909035045489
"1818",60,1,0.647074198867968,0.123205957522244,0.647074198867968
"1819",52,1,0.940697397357647,0.663720053267702,0.940697397357647
"1820",56,0,0.347646497859356,0.347646497859356,0.4294123549934
"1821",56,1,0.651706005778383,0.217396332017183,0.651706005778383
"1822",58,1,0.615603117976551,0.397706416012057,0.615603117976551
"1823",54,1,0.354432170931496,0.107704689064388,0.354432170931496
"1824",56,1,0.0938337545149088,0.653730902400656,0.0938337545149088
"1825",50,0,1.00983285193643,1.00983285193643,0.864699960262184
"1826",56,1,0.572067657377372,0.613994344761615,0.572067657377372
"1827",56,0,0.721827884768443,0.721827884768443,0.431386668937153
"1828",54,0,0.581723007406946,0.581723007406946,0.45183089931387
"1829",60,1,0.532804707422194,0.29086040976275,0.532804707422194
"1830",58,0,0.461339003105639,0.461339003105639,0.307733737577926
"1831",52,0,0.945548207171971,0.945548207171971,0.637999655793734
"1832",60,0,-0.293789993144504,-0.293789993144504,0.183495451805683
"1833",54,0,0.876068500284457,0.876068500284457,0.662871595841183
"1834",58,0,0.486985644801845,0.486985644801845,0.440749636390441
"1835",58,0,0.534639428575111,0.534639428575111,0.15304558201301
"1836",54,0,0.499560311564068,0.499560311564068,0.397973467391494
"1837",56,0,0.563196070453479,0.563196070453479,0.597099494799259
"1838",56,1,0.696905069313354,0.221837968621432,0.696905069313354
"1839",60,0,0.0950720588701643,0.0950720588701643,0.71173872105625
"1840",50,0,0.91294816069132,0.91294816069132,0.996141554012627
"1841",58,0,0.106952035322586,0.106952035322586,1.13034469053709
"1842",58,0,0.0181638741554742,0.0181638741554742,0.679176060190421
"1843",60,0,0.225637178589682,0.225637178589682,0.560241777244585
"1844",60,1,0.189080289331325,-0.53119758568599,0.189080289331325
"1845",56,0,0.355543869171636,0.355543869171636,0.493348621900561
"1846",50,0,1.45815628834205,1.45815628834205,0.799164775312657
"1847",52,0,0.345349180248418,0.345349180248418,0.635632103026863
"1848",54,0,0.632715488849634,0.632715488849634,0.868338193252854
"1849",56,0,0.370242843160889,0.370242843160889,-0.176124485751855
"1850",52,1,0.571869385595722,0.420848448114851,0.571869385595722
"1851",52,0,0.558231248519633,0.558231248519633,0.976436861536337
"1852",52,0,0.62140932214834,0.62140932214834,0.789855734172796
"1853",52,1,1.01985227035603,0.383493531230934,1.01985227035603
"1854",58,1,0.770812362914725,0.124124986156484,0.770812362914725
"1855",54,1,0.739743686629309,0.449727675642502,0.739743686629309
"1856",58,0,0.777091962741149,0.777091962741149,0.464089840413792
"1857",58,1,0.432185415269836,0.303177366650557,0.432185415269836
"1858",60,0,-0.132250651383762,-0.132250651383762,0.556867792504319
"1859",56,1,0.43179244366575,-0.148759763004773,0.43179244366575
"1860",56,1,0.292601882831768,0.273242673719048,0.292601882831768
"1861",58,0,0.0929240207613881,0.0929240207613881,0.443996994726885
"1862",50,1,1.23387844361358,1.20207932023986,1.23387844361358
"1863",58,0,0.277044896795711,0.277044896795711,-0.0332070706301794
"1864",56,1,0.355908318379761,0.483952748510531,0.355908318379761
"1865",54,1,1.07519052655422,0.961374718381478,1.07519052655422
"1866",52,0,0.789969217166101,0.789969217166101,0.71975591099386
"1867",50,0,0.817724960616656,0.817724960616656,0.617845803199647
"1868",54,1,0.562544335807656,0.351124295976302,0.562544335807656
"1869",58,0,-0.0575871929736237,-0.0575871929736237,0.148602741416377
"1870",56,0,-0.0541493700471024,-0.0541493700471024,0.824683771031326
"1871",60,1,0.58988724283142,0.059615592185312,0.58988724283142
"1872",56,0,0.621917129482433,0.621917129482433,0.458518140958359
"1873",56,0,0.339063683856788,0.339063683856788,0.64359524332617
"1874",58,0,0.308623556402762,0.308623556402762,0.58096431314031
"1875",50,0,1.45354780117513,1.45354780117513,0.607260076640719
"1876",52,0,0.78145259912948,0.78145259912948,0.922251213416937
"1877",54,0,0.339681998586881,0.339681998586881,0.898933517412149
"1878",52,0,0.825653140003386,0.825653140003386,0.871509919550535
"1879",52,0,0.635860251198467,0.635860251198467,0.776520441500305
"1880",56,0,0.606348452591526,0.606348452591526,0.485537396737871
"1881",54,0,0.44622133093947,0.44622133093947,0.653921758883242
"1882",58,0,0.402510260895865,0.402510260895865,0.369629342086363
"1883",58,0,0.470784495559411,0.470784495559411,0.595136730130926
"1884",54,0,1.01425678501556,1.01425678501556,1.00770920722425
"1885",58,1,0.513949445908577,-0.227430416129298,0.513949445908577
"1886",52,0,0.628364307945956,0.628364307945956,0.554425899562757
"1887",56,0,0.927160842149052,0.927160842149052,0.607346172717513
"1888",52,0,0.785960717612681,0.785960717612681,0.63669742645542
"1889",52,0,1.06083075302139,1.06083075302139,0.488157554298349
"1890",52,0,0.446120719686721,0.446120719686721,1.12539758217125
"1891",58,0,0.109900180296655,0.109900180296655,0.999261745487204
"1892",54,0,0.65015899942156,0.65015899942156,0.33917362808982
"1893",60,1,0.52945017630344,-0.220522256557765,0.52945017630344
"1894",52,0,0.936608723697549,0.936608723697549,0.440977460441164
"1895",60,1,0.700195982598534,0.0544408318819207,0.700195982598534
"1896",58,0,0.537976705230024,0.537976705230024,0.39838075207853
"1897",54,0,0.531253004635522,0.531253004635522,0.738688147675758
"1898",50,0,1.06200556848593,1.06200556848593,1.2361270734389
"1899",56,0,0.0446652416675001,0.0446652416675001,0.610688116380896
"1900",54,0,0.405066711744673,0.405066711744673,0.325236890636421
"1901",58,1,0.466935025585757,0.685025668013903,0.466935025585757
"1902",50,0,0.864086407949263,0.864086407949263,1.28406751600648
"1903",54,1,0.726271122784685,0.860007613826355,0.726271122784685
"1904",58,0,0.338321103161005,0.338321103161005,0.459677707728633
"1905",58,0,0.641663046571499,0.641663046571499,0.0911564979016935
"1906",54,1,0.360416052026203,0.563484071482774,0.360416052026203
"1907",56,0,-0.0595381601241428,-0.0595381601241428,0.815456217691381
"1908",58,0,0.142735056572577,0.142735056572577,0.848564866634244
"1909",54,1,0.492452899172201,0.647342145746354,0.492452899172201
"1910",54,0,0.39696467399125,0.39696467399125,0.177722164679278
"1911",56,0,0.403702427064972,0.403702427064972,0.99568918862605
"1912",54,1,1.01632556407894,0.778154553411798,1.01632556407894
"1913",58,0,0.306782995556953,0.306782995556953,0.670310728851812
"1914",52,0,0.432653329179715,0.432653329179715,0.274949055733945
"1915",56,0,0.571265231018974,0.571265231018974,0.504715418365909
"1916",50,1,1.17143866320016,0.806033659748807,1.17143866320016
"1917",54,0,0.540257610552007,0.540257610552007,0.676935585652582
"1918",60,1,0.651146569754245,0.350650893483257,0.651146569754245
"1919",50,0,0.737031105748094,0.737031105748094,0.987307223507156
"1920",50,0,1.07184824947903,1.07184824947903,0.866549741973107
"1921",52,0,0.993344203259382,0.993344203259382,0.857743160879565
"1922",60,0,-0.509000629130548,-0.509000629130548,0.643246771987247
"1923",54,0,0.40540103688274,0.40540103688274,0.342942071754407
"1924",56,0,0.227185895030492,0.227185895030492,0.850391719885998
"1925",50,0,1.22560061576257,1.22560061576257,0.921720450904292
"1926",52,0,0.909980240985981,0.909980240985981,0.559768332797843
"1927",60,1,0.836015481649353,0.0157787199678577,0.836015481649353
"1928",58,0,-0.0373087322012384,-0.0373087322012384,0.642391493946454
"1929",50,0,1.27507550977844,1.27507550977844,0.963726320002867
"1930",58,0,0.0135785325527296,0.0135785325527296,0.539616412248268
"1931",52,0,0.944565371931668,0.944565371931668,0.821587996724293
"1932",54,0,0.507381169517703,0.507381169517703,0.937061159849845
"1933",60,1,0.270285093272343,-0.318016382559972,0.270285093272343
"1934",56,0,0.335269388563064,0.335269388563064,0.00500001997326649
"1935",50,0,1.06951931910901,1.06951931910901,0.955052292950339
"1936",60,1,0.505902842231525,-0.0442491567362954,0.505902842231525
"1937",58,0,0.385008596559363,0.385008596559363,0.599779270912565
"1938",50,0,0.646382966920385,0.646382966920385,0.722593107297725
"1939",54,0,0.811162205731192,0.811162205731192,0.518559072411184
"1940",54,0,0.299403923836956,0.299403923836956,0.467203566272343
"1941",56,0,0.399499846500654,0.399499846500654,0.631259540027779
"1942",58,0,-0.17418434073643,-0.17418434073643,0.387343248342778
"1943",58,1,0.611610514948728,-0.0896068420982583,0.611610514948728
"1944",50,0,1.45134857887169,1.45134857887169,0.923764830465797
"1945",52,1,0.450595016570785,0.855430189350834,0.450595016570785
"1946",50,1,0.693285723967049,0.722799143974102,0.693285723967049
"1947",52,0,0.800233219909351,0.800233219909351,0.55805801148375
"1948",60,1,0.50499278270284,0.0246802691482676,0.50499278270284
"1949",50,0,0.966274030401314,0.966274030401314,0.828566779999557
"1950",52,0,1.02138279557661,1.02138279557661,0.706879349848812
"1951",52,0,0.522408701379529,0.522408701379529,0.848916692151524
"1952",52,1,0.790705374977936,1.02668472657681,0.790705374977936
"1953",56,0,0.502295402605653,0.502295402605653,0.292695364311
"1954",54,1,0.752840593353703,0.813306524935349,0.752840593353703
"1955",56,0,0.117133230805034,0.117133230805034,0.415293022225514
"1956",52,0,0.721515441773297,0.721515441773297,0.998421231625021
"1957",60,0,0.0716722024755663,0.0716722024755663,0.285900542918954
"1958",52,0,0.985442902256973,0.985442902256973,0.375910604818494
"1959",56,1,0.434968514540924,0.34071727655532,0.434968514540924
"1960",50,0,0.911658009073032,0.911658009073032,1.06609075041619
"1961",56,0,0.771845796957389,0.771845796957389,0.266096615105766
"1962",52,1,0.841823739541341,0.919401240747276,0.841823739541341
"1963",56,0,1.02477490591899,1.02477490591899,0.712996357151934
"1964",58,0,0.159787789629982,0.159787789629982,0.960632318750318
"1965",54,0,0.217132463444707,0.217132463444707,1.16188129148285
"1966",56,1,0.849748733252967,0.447950612872093,0.849748733252967
"1967",58,0,-0.0885834054720191,-0.0885834054720191,0.66227798150415
"1968",52,0,0.486062372793598,0.486062372793598,1.14464156102481
"1969",56,1,0.466426495046784,0.410537665296767,0.466426495046784
"1970",60,0,0.209151936297929,0.209151936297929,-0.0196075750698381
"1971",56,0,0.517568653348541,0.517568653348541,0.793671929624528
"1972",60,0,0.271062249701141,0.271062249701141,0.637799564538382
"1973",52,0,0.529025036764973,0.529025036764973,0.962642865649774
"1974",52,0,0.850990674670519,0.850990674670519,0.96012706014783
"1975",54,1,0.158370309398818,1.00677655251795,0.158370309398818
"1976",54,0,0.573189693398043,0.573189693398043,0.780687653252337
"1977",58,1,0.481565201550619,-0.240361279896061,0.481565201550619
"1978",50,0,0.983981794001881,0.983981794001881,0.995225668486888
"1979",58,1,0.634656508989569,0.750942417218972,0.634656508989569
"1980",58,0,0.222359079919356,0.222359079919356,0.597340234508541
"1981",54,0,0.701343031134191,0.701343031134191,0.553153845867786
"1982",58,1,0.392930917142443,0.375155856298961,0.392930917142443
"1983",52,0,0.298472133889763,0.298472133889763,1.00172627766798
"1984",54,1,1.01149725188838,0.496660998656269,1.01149725188838
"1985",56,1,0.370136277350675,0.785338517904212,0.370136277350675
"1986",54,0,0.609682923236708,0.609682923236708,0.657256217173988
"1987",58,1,0.544341505111977,0.0341116471662023,0.544341505111977
"1988",56,1,0.2382093124345,0.723643577927463,0.2382093124345
"1989",56,0,0.245373865808412,0.245373865808412,0.362489580676622
"1990",58,0,0.215903269316229,0.215903269316229,0.86469496228712
"1991",54,1,0.166994386538918,0.608057326785839,0.166994386538918
"1992",52,1,0.484364266637905,0.618448215256703,0.484364266637905
"1993",52,0,0.814936748828806,0.814936748828806,0.877347860682806
"1994",58,0,-0.132558892466045,-0.132558892466045,0.193231368645279
"1995",54,0,0.663804821306844,0.663804821306844,0.335591725843001
"1996",58,1,0.39797260933683,-0.00472587131707344,0.39797260933683
"1997",50,0,1.13850355420444,1.13850355420444,1.26914307655646
"1998",52,0,0.680454075731193,0.680454075731193,0.792341467041312
"1999",52,0,0.611659694568849,0.611659694568849,0.485864154520986
"2000",54,0,0.510740174476087,0.510740174476087,1.05435871742126
"2001",58,1,0.470126000738221,-0.0347766566356234,0.470126000738221
"2002",60,1,0.495521843537958,0.348416231949095,0.495521843537958
"2003",58,1,0.579157048198211,0.606453715616406,0.579157048198211
"2004",54,0,0.702250266246023,0.702250266246023,0.648146558392845
"2005",52,1,0.819101822473575,0.776860360512052,0.819101822473575
"2006",50,0,1.05152467728271,1.05152467728271,1.01304809148056
"2007",56,0,0.377099276858727,0.377099276858727,0.69449282548075
"2008",50,0,0.884999660160229,0.884999660160229,1.24313867963151
"2009",56,0,0.541873569328463,0.541873569328463,0.226762431877858
"2010",54,0,0.234953257320037,0.234953257320037,0.850528412331684
"2011",50,0,0.81235670895953,0.81235670895953,1.16431601710863
"2012",56,1,0.370387739359859,0.328216120527486,0.370387739359859
"2013",58,1,-0.190522758795929,0.407908519910091,-0.190522758795929
"2014",56,1,0.289647336512416,0.268253315044625,0.289647336512416
"2015",50,0,0.541839024266416,0.541839024266416,1.36680479841432
"2016",54,0,0.861607890169914,0.861607890169914,0.562595095107988
"2017",52,0,0.670077901534649,0.670077901534649,0.973561941270099
"2018",50,0,1.2633764772008,1.2633764772008,0.805010607641227
"2019",58,0,0.540381814091824,0.540381814091824,0.0827546817470616
"2020",54,0,0.61397553197441,0.61397553197441,0.622995561352174
"2021",52,1,0.95331143089136,0.829143378237218,0.95331143089136
"2022",58,0,0.566987962688855,0.566987962688855,0.689549046695765
"2023",54,0,0.694435432987263,0.694435432987263,1.09280701704245
"2024",50,0,0.967308502140213,0.967308502140213,1.31305653389602
"2025",50,1,0.947533975124409,1.16329934527507,0.947533975124409
"2026",58,0,0.521092380459893,0.521092380459893,0.557133683526658
"2027",50,0,1.24078822007973,1.24078822007973,1.28936992111681
"2028",50,0,0.53868401931094,0.53868401931094,1.24678014001857
"2029",56,0,0.19469444781106,0.19469444781106,0.0556876867245594
"2030",54,0,0.498236845045443,0.498236845045443,0.884014326561606
"2031",54,0,0.20970730974572,0.20970730974572,0.374440672562964
"2032",50,0,0.867083193265935,0.867083193265935,0.480622777535073
"2033",52,0,1.40307698534225,1.40307698534225,0.755448929708107
"2034",58,1,0.0130155805628357,0.176272853464923,0.0130155805628357
"2035",50,0,1.07583060801746,1.07583060801746,0.566173678102369
"2036",52,1,0.637455161178301,1.0268785120228,0.637455161178301
"2037",52,0,0.733139191079194,0.733139191079194,1.03065975809645
"2038",56,1,0.281723080601858,0.732944657862334,0.281723080601858
"2039",60,0,-0.0483337724342686,-0.0483337724342686,0.302213273852199
"2040",52,0,0.985280765657966,0.985280765657966,0.499624846263475
"2041",54,0,0.994613401730166,0.994613401730166,0.985867212403083
"2042",52,1,0.830298261367153,0.573816524132697,0.830298261367153
"2043",58,0,0.354135889928669,0.354135889928669,0.499828804642775
"2044",50,1,0.604527069350034,0.616386705877436,0.604527069350034
"2045",58,1,0.27551076163509,0.490943133749773,0.27551076163509
"2046",52,0,1.02182040436656,1.02182040436656,0.916709081814063
"2047",58,0,0.109352699568173,0.109352699568173,0.559292925881651
"2048",54,0,0.59746035802112,0.59746035802112,0.543635733338849
"2049",56,1,0.66194374057316,0.451115596052371,0.66194374057316
"2050",60,1,0.257709554725544,0.088517937255643,0.257709554725544
"2051",52,1,0.441748516844904,0.51346453658854,0.441748516844904
"2052",58,1,0.57903383168272,-0.464117561576248,0.57903383168272
"2053",52,0,1.28271389392962,1.28271389392962,0.935284792963447
"2054",52,1,0.578875033394608,0.955691245993681,0.578875033394608
"2055",58,0,0.045414887953911,0.045414887953911,0.738191108555921
"2056",56,0,0.30867649790874,0.30867649790874,0.571015277091964
"2057",50,0,0.660024001015471,0.660024001015471,0.970656129249296
"2058",52,1,0.624596534629371,0.541924459958064,0.624596534629371
"2059",58,0,-0.443514340948282,-0.443514340948282,0.659474726964004
"2060",52,0,1.03849240703851,1.03849240703851,1.00007671686147
"2061",52,1,0.676691089080034,0.691400490715813,0.676691089080034
"2062",56,0,0.512074314224554,0.512074314224554,0.813433761171295
"2063",54,1,1.02467301034552,0.252226546828943,1.02467301034552
"2064",60,1,0.757537304959634,-0.282272157741597,0.757537304959634
"2065",52,0,0.914986770878086,0.914986770878086,1.11133863391462
"2066",56,1,0.373694502528607,0.95275416750585,0.373694502528607
"2067",54,0,0.769185757691381,0.769185757691381,0.619551409221854
"2068",56,0,0.105186595230318,0.105186595230318,0.304097792125848
"2069",58,1,0.367893917783523,0.419390027757341,0.367893917783523
"2070",50,0,0.775843064089985,0.775843064089985,1.2913588998847
"2071",56,1,0.69952884653206,0.19000129298141,0.69952884653206
"2072",58,1,0.565611471507929,0.28942511911724,0.565611471507929
"2073",54,0,0.809161991928283,0.809161991928283,0.978487083706552
"2074",58,0,0.00851405592975105,0.00851405592975105,0.38811521093258
"2075",58,1,-0.010715424700018,0.377421575224364,-0.010715424700018
"2076",50,0,1.19623562150197,1.19623562150197,1.28719447730043
"2077",60,0,-0.209232799548271,-0.209232799548271,0.504974952817583
"2078",54,0,0.602129426445219,0.602129426445219,0.297515925754298
"2079",54,0,0.43038004966876,0.43038004966876,0.536363606573756
"2080",52,0,1.22228992203035,1.22228992203035,0.981271776719045
"2081",56,0,0.18202695392413,0.18202695392413,0.545637333326846
"2082",56,0,0.143416721371275,0.143416721371275,0.820552040633939
"2083",56,0,0.282006836738627,0.282006836738627,0.507778198736912
"2084",54,1,0.230267529219198,0.781006948511508,0.230267529219198
"2085",52,1,0.789104076237785,0.721736585532843,0.789104076237785
"2086",58,0,0.0548437322005956,0.0548437322005956,0.725947237865874
"2087",52,1,0.890686821346252,1.16357694351654,0.890686821346252
"2088",56,0,0.295900348645388,0.295900348645388,0.289503750434177
"2089",60,1,0.261663714480501,0.399979578449642,0.261663714480501
"2090",56,0,0.468786154107608,0.468786154107608,0.225384155328143
"2091",58,0,-0.0611270713468982,-0.0611270713468982,0.871099186064882
"2092",56,1,0.645354454448125,0.262791688663309,0.645354454448125
"2093",58,0,-0.308238814140267,-0.308238814140267,0.189239587088712
"2094",50,0,1.17730963657281,1.17730963657281,0.94938476330185
"2095",56,0,0.638382917411237,0.638382917411237,0.822803115576145
"2096",52,0,1.15129294495286,1.15129294495286,0.831977936756607
"2097",56,1,0.657211491085251,0.671324626625629,0.657211491085251
"2098",60,1,0.227645159045783,-0.00815280303081774,0.227645159045783
"2099",56,0,0.0840205691454674,0.0840205691454674,0.495117975658667
"2100",56,1,0.568129091651733,-0.13558066644446,0.568129091651733
"2101",56,1,0.860222730256852,0.427874844784092,0.860222730256852
"2102",56,1,0.450647366835662,0.431990389006525,0.450647366835662
"2103",56,0,0.419552128808029,0.419552128808029,0.524030540905945
"2104",50,0,1.18315025340105,1.18315025340105,1.39299743187288
"2105",52,0,0.944959091759456,0.944959091759456,1.06235193097565
"2106",60,0,-0.162158826639146,-0.162158826639146,0.50103721322106
"2107",60,0,-0.0687113556741057,-0.0687113556741057,0.628638389508753
"2108",52,0,0.69099514119368,0.69099514119368,0.935031060897227
"2109",58,0,0.107779252897368,0.107779252897368,0.702569287486524
"2110",56,1,1.08178565744089,0.365457563377607,1.08178565744089
"2111",54,1,-0.0568449255336572,0.502444954213964,-0.0568449255336572
"2112",54,0,0.664489876518813,0.664489876518813,0.549338644429514
"2113",58,0,0.0516775742398717,0.0516775742398717,0.601845919597261
"2114",58,0,0.045230847093193,0.045230847093193,0.704436594811229
"2115",52,0,1.047519537011,1.047519537011,0.730044359785767
"2116",52,0,0.998523766799111,0.998523766799111,1.16987477569148
"2117",60,0,-0.405739019433921,-0.405739019433921,0.740814708120625
"2118",58,0,0.316409371874372,0.316409371874372,0.455121652456363
"2119",54,0,0.441723248137424,0.441723248137424,0.689086036826828
"2120",58,0,0.428679497493782,0.428679497493782,0.433842647332885
"2121",50,0,1.26674830018433,1.26674830018433,1.03365408892524
"2122",52,0,0.665559719389002,0.665559719389002,0.82892474094928
"2123",60,1,0.669560938224304,-0.48053675191459,0.669560938224304
"2124",50,1,1.09529122918518,1.14190507627732,1.09529122918518
"2125",58,0,0.635797399304749,0.635797399304749,0.128786849522825
"2126",56,1,0.648781932042594,0.538030448968321,0.648781932042594
"2127",52,1,0.641814699765141,0.627738430399578,0.641814699765141
"2128",50,1,0.863078232825686,1.29780327327727,0.863078232825686
"2129",50,1,0.86580688139637,0.888250736276424,0.86580688139637
"2130",58,0,0.267090555393841,0.267090555393841,0.593358333978711
"2131",50,1,0.917568082777866,1.14152508878569,0.917568082777866
"2132",58,0,0.267863123796128,0.267863123796128,0.269691918867702
"2133",54,0,0.948441570073944,0.948441570073944,0.72205022436967
"2134",58,0,0.23006747095816,0.23006747095816,1.08449463049562
"2135",50,1,0.906832273037728,1.04263927370767,0.906832273037728
"2136",54,0,0.448307126849114,0.448307126849114,0.835894742821992
"2137",52,0,0.777223729044213,0.777223729044213,0.757602164022046
"2138",60,0,-0.0992857430241818,-0.0992857430241818,0.167616000317823
"2139",56,0,0.420563769446073,0.420563769446073,0.458137638304267
"2140",54,1,0.713669273450579,0.605922089409082,0.713669273450579
"2141",58,0,-0.0211498803705022,-0.0211498803705022,0.574621845042915
"2142",52,0,0.336729449714265,0.336729449714265,0.850573366827461
"2143",52,0,0.988173130659736,0.988173130659736,1.13160949088476
"2144",54,0,0.745927088356982,0.745927088356982,0.926587571695278
"2145",54,0,0.136525204115331,0.136525204115331,0.620091510185525
"2146",52,1,0.707876328920063,0.623515944258328,0.707876328920063
"2147",56,1,0.51613100329391,0.420281126649009,0.51613100329391
"2148",52,0,0.93105826677182,0.93105826677182,0.931766532092382
"2149",60,1,0.92974635554397,0.276207049901028,0.92974635554397
"2150",56,0,0.600791574248788,0.600791574248788,0.512403062595725
"2151",52,0,0.812236375123625,0.812236375123625,0.76895750694106
"2152",56,1,0.694858397555808,0.372686906582658,0.694858397555808
"2153",50,0,1.32082376222483,1.32082376222483,1.09979408022633
"2154",52,0,0.312744036928975,0.312744036928975,0.742622346930594
"2155",50,0,1.3394742027954,1.3394742027954,0.810833854305723
"2156",54,0,0.300311928310098,0.300311928310098,0.878069482961101
"2157",58,0,0.101071173115412,0.101071173115412,0.41576384028689
"2158",54,1,0.9677112196962,0.495102934444802,0.9677112196962
"2159",54,0,0.693443456215173,0.693443456215173,0.801379966191695
"2160",54,1,0.751705586198638,0.83780842928057,0.751705586198638
"2161",58,0,0.0288125037850605,0.0288125037850605,0.978308045140327
"2162",60,0,-0.0567553999587001,-0.0567553999587001,0.244779496648579
"2163",54,0,0.993009470181427,0.993009470181427,1.09521415984548
"2164",52,1,0.870666686819918,0.771278202134912,0.870666686819918
"2165",56,0,0.561251730157094,0.561251730157094,0.500922361110077
"2166",58,1,0.271092923656466,0.148720186131949,0.271092923656466
"2167",56,1,0.51737141986021,0.729157352663919,0.51737141986021
"2168",54,0,0.059713392579797,0.059713392579797,0.35181238018336
"2169",56,0,0.143868375327116,0.143868375327116,0.348987237514124
"2170",52,0,0.45115584454851,0.45115584454851,0.559145210103696
"2171",52,0,0.92381221753224,0.92381221753224,0.498491437695232
"2172",52,0,0.66037247067904,0.66037247067904,0.660624072926113
"2173",58,0,0.364645761989941,0.364645761989941,0.507859802508866
"2174",56,1,0.522685044435013,0.324606294785581,0.522685044435013
"2175",54,1,0.531997696405651,0.512628235527832,0.531997696405651
"2176",52,0,0.984551025129992,0.984551025129992,0.956184714352005
"2177",58,1,0.470539932575625,0.0382282864219487,0.470539932575625
"2178",56,1,0.424183975489732,0.230403584878141,0.424183975489732
"2179",56,0,0.525730010317731,0.525730010317731,0.457184773231245
"2180",56,1,1.01023085385585,0.372931823472174,1.01023085385585
"2181",60,1,0.60856052842815,-0.553036509051828,0.60856052842815
"2182",58,0,0.072913385825499,0.072913385825499,0.282450960647607
"2183",58,0,-0.0460067674776379,-0.0460067674776379,1.02987960898646
"2184",52,1,0.614094718637604,0.885502999312393,0.614094718637604
"2185",54,1,0.69631620224566,0.418462883972778,0.69631620224566
"2186",60,1,0.385841354326616,0.0113933736364301,0.385841354326616
"2187",54,1,0.856178204311455,0.719141523363659,0.856178204311455
"2188",50,0,0.766835262560739,0.766835262560739,0.489409162545245
"2189",54,1,0.535812030714188,0.419385286454241,0.535812030714188
"2190",50,0,1.27773296977393,1.27773296977393,1.26666575523608
"2191",50,1,0.790902707367414,0.814332846358199,0.790902707367414
"2192",58,0,0.0198685681151002,0.0198685681151002,0.350307382605186
"2193",60,0,-0.551968261344545,-0.551968261344545,0.40499746388269
"2194",58,1,0.259186132306501,0.124840797578023,0.259186132306501
"2195",58,1,0.489124479099356,0.420300570070361,0.489124479099356
"2196",52,0,0.647911215171153,0.647911215171153,0.83376102552785
"2197",52,0,0.746255153985511,0.746255153985511,0.193464511758251
"2198",56,1,0.925715404792076,0.450082665239789,0.925715404792076
"2199",56,0,0.133226167086183,0.133226167086183,0.251111526455539
"2200",50,1,0.90047995366183,1.50902995683092,0.90047995366183
"2201",56,0,0.699937703660329,0.699937703660329,0.330244906957795
"2202",60,0,-0.0543906130742593,-0.0543906130742593,0.782185611749299
"2203",52,0,0.601521047237454,0.601521047237454,0.577660180796783
"2204",56,0,0.165852779826368,0.165852779826368,0.570327647158736
"2205",60,1,0.858133448314694,0.530651920466806,0.858133448314694
"2206",54,0,0.5103339947106,0.5103339947106,0.896168898320536
"2207",54,0,0.560122905418642,0.560122905418642,0.951972884122643
"2208",54,0,0.463882102669885,0.463882102669885,0.585060623795608
"2209",56,0,0.353538784815587,0.353538784815587,0.277830843588756
"2210",52,1,0.873349871225423,1.03924896426994,0.873349871225423
"2211",56,0,0.341170870456653,0.341170870456653,1.03564157408967
"2212",58,1,0.31519661784505,0.1979572740174,0.31519661784505
"2213",52,0,1.09491571853093,1.09491571853093,0.93436622910178
"2214",54,1,0.761828617153149,0.609302113162269,0.761828617153149
"2215",52,0,0.517052423005909,0.517052423005909,0.778608070355434
"2216",56,1,0.24235753680165,0.351255446350094,0.24235753680165
"2217",54,1,0.85217974142297,0.416106567580745,0.85217974142297
"2218",52,1,0.930639574937927,0.946506772784024,0.930639574937927
"2219",58,1,0.522300442243459,-0.00592283297437968,0.522300442243459
"2220",54,0,0.476987184089026,0.476987184089026,0.724302187427029
"2221",56,1,0.864513973373602,0.51265830399954,0.864513973373602
"2222",56,1,1.1817283423893,0.16219825889399,1.1817283423893
"2223",58,1,0.209599057326896,0.622990198014211,0.209599057326896
"2224",50,0,1.030003825527,1.030003825527,1.37610040513783
"2225",56,0,0.432718615828429,0.432718615828429,0.312423469512509
"2226",52,1,0.584997985211134,0.938414834790939,0.584997985211134
"2227",58,0,0.272850994637052,0.272850994637052,0.710676201426066
"2228",52,0,0.892630103968328,0.892630103968328,0.780460039164295
"2229",50,0,1.05318949759417,1.05318949759417,1.23352219926696
"2230",58,1,0.736724997471494,0.210249526639139,0.736724997471494
"2231",58,1,0.615107512706588,0.671921229262142,0.615107512706588
"2232",52,0,1.10232064835649,1.10232064835649,1.11422481823033
"2233",52,0,0.528359242702528,0.528359242702528,0.864766663868244
"2234",52,0,0.891681312983933,0.891681312983933,0.967685951508518
"2235",54,1,0.993439884329864,0.408137824352482,0.993439884329864
"2236",56,0,0.0952650044446067,0.0952650044446067,0.660688577373502
"2237",54,1,0.630749113312003,0.404636611841694,0.630749113312003
"2238",52,0,0.827940190787119,0.827940190787119,0.817363731295013
"2239",50,0,1.06839182755105,1.06839182755105,1.03505236795574
"2240",58,1,0.647988896875219,0.325048293106504,0.647988896875219
"2241",54,1,0.920270599035987,0.338571819215063,0.920270599035987
"2242",50,0,0.800367029298055,0.800367029298055,1.06206131921097
"2243",54,1,0.607241542299405,0.415692779034484,0.607241542299405
"2244",54,0,0.459306395231108,0.459306395231108,0.347831550548134
"2245",52,0,0.998549632619508,0.998549632619508,0.678308077142142
"2246",52,1,0.659401821845912,0.7103426613126,0.659401821845912
"2247",52,0,0.649894714444336,0.649894714444336,0.861968213292334
"2248",52,1,0.783486430779617,0.419480517730387,0.783486430779617
"2249",58,1,0.555806954335876,0.14270953391711,0.555806954335876
"2250",58,1,0.447339971674567,0.196878637003935,0.447339971674567
"2251",52,1,0.81275991643482,1.04119950792269,0.81275991643482
"2252",58,0,0.246042456825852,0.246042456825852,0.583011245522628
"2253",54,1,0.675198207571136,0.548291113283667,0.675198207571136
"2254",52,0,0.782417512513182,0.782417512513182,0.678619751742612
"2255",50,0,0.984509662528916,0.984509662528916,0.699737830622869
"2256",50,0,0.803875495662345,0.803875495662345,1.23086548628569
"2257",52,0,0.690082871392861,0.690082871392861,0.608256683287517
"2258",52,0,0.817682592405031,0.817682592405031,0.884864450805145
"2259",54,0,0.568873138733366,0.568873138733366,0.859985607147503
"2260",60,1,0.737165945951437,-0.242401798008895,0.737165945951437
"2261",60,0,0.360900017625047,0.360900017625047,0.474019933026196
"2262",54,0,0.283948538833483,0.283948538833483,0.776307995455739
"2263",52,0,0.616383986762784,0.616383986762784,1.17814635793982
"2264",52,0,0.847475239678092,0.847475239678092,0.851921664981618
"2265",52,0,0.835464416039441,0.835464416039441,0.739604968642595
"2266",56,1,1.00961617603221,0.206332084583602,1.00961617603221
"2267",50,0,1.09832594869112,1.09832594869112,1.02413430323232
"2268",58,1,0.324915562838387,0.0769238352902195,0.324915562838387
"2269",56,0,0.559544978674582,0.559544978674582,0.453929544288452
"2270",60,1,0.367838063558285,-0.253906979435897,0.367838063558285
"2271",58,0,0.0403696285262373,0.0403696285262373,0.967560479984226
"2272",58,0,0.461701393442838,0.461701393442838,0.366912324736175
"2273",52,0,0.600334714532545,0.600334714532545,0.673809885857833
"2274",52,0,0.615711761110402,0.615711761110402,0.796459761743493
"2275",54,0,0.679389400949715,0.679389400949715,0.525139367383058
"2276",60,0,0.576494076963866,0.576494076963866,0.314650595772868
"2277",60,1,0.863463963427451,0.110308007542322,0.863463963427451
"2278",56,1,0.805638180354662,0.688162663028,0.805638180354662
"2279",52,1,0.808515908008932,1.04155348845864,0.808515908008932
"2280",60,1,0.507319995605273,0.387552827186078,0.507319995605273
"2281",58,0,-0.0269353398813565,-0.0269353398813565,0.437480705013909
"2282",60,0,0.165421896784208,0.165421896784208,0.856713957074837
"2283",56,0,0.337110304715621,0.337110304715621,0.757923383584749
"2284",50,0,0.966183642506261,0.966183642506261,0.854185297740561
"2285",50,0,0.736414928239456,0.736414928239456,1.03952499772269
"2286",60,1,0.282096106186721,-0.0958947931975834,0.282096106186721
"2287",58,1,0.850513893852925,0.00733655500510313,0.850513893852925
"2288",54,0,0.388362165717529,0.388362165717529,0.662333196610986
"2289",58,1,0.0280857095625364,0.12217791074364,0.0280857095625364
"2290",52,0,0.801876572023314,0.801876572023314,1.00911856121974
"2291",54,1,1.13869426653301,0.491267582772825,1.13869426653301
"2292",56,0,0.238206923117858,0.238206923117858,0.541707902106674
"2293",52,1,0.448666524127978,0.893161439463495,0.448666524127978
"2294",56,0,0.531004667121146,0.531004667121146,0.42998839642877
"2295",54,0,0.188330871244554,0.188330871244554,0.963780505850461
"2296",56,0,0.514208801777065,0.514208801777065,0.0798573763386107
"2297",58,0,-0.146031920205849,-0.146031920205849,0.421392225927066
"2298",54,1,0.328514119598208,0.852309268380553,0.328514119598208
"2299",52,0,1.27741603505124,1.27741603505124,1.0090537399419
"2300",60,0,-0.362809924412094,-0.362809924412094,0.512937944673772
"2301",50,1,0.671187113682035,1.346988608226,0.671187113682035
"2302",58,0,0.281354465552361,0.281354465552361,0.817435810084375
"2303",54,0,0.472593006551158,0.472593006551158,0.814290523524307
"2304",56,1,0.583395427018872,0.857375407446766,0.583395427018872
"2305",58,0,-0.0156452737800412,-0.0156452737800412,0.254657701529658
"2306",52,1,1.08973219942479,0.757824995075602,1.08973219942479
"2307",52,1,1.28099997348813,0.636174176076838,1.28099997348813
"2308",58,1,0.386087951534677,0.149088037992065,0.386087951534677
"2309",54,0,0.422812271510241,0.422812271510241,0.646445879320767
"2310",58,0,0.258895348423738,0.258895348423738,0.360259248142237
"2311",52,1,0.877340499132921,0.631708063929141,0.877340499132921
"2312",54,0,0.592758478685084,0.592758478685084,0.866146987560177
"2313",56,1,0.881407948503739,-0.0398436213855756,0.881407948503739
"2314",54,0,0.585726612987027,0.585726612987027,0.65992176497765
"2315",54,0,0.865880459747952,0.865880459747952,0.41384736404466
"2316",54,1,0.944186181352816,0.893124866609971,0.944186181352816
"2317",54,0,0.758497662300576,0.758497662300576,0.481959883091699
"2318",54,0,0.850188283973698,0.850188283973698,0.789462555009239
"2319",52,1,0.858651255281582,0.495203137668269,0.858651255281582
"2320",56,0,0.589941728689149,0.589941728689149,0.141865717603733
"2321",52,0,1.11027507227337,1.11027507227337,1.00803967031195
"2322",58,1,0.43601583251618,0.572893148759452,0.43601583251618
"2323",58,1,0.777400122428957,0.0219866631706219,0.777400122428957
"2324",56,1,0.598399320370775,0.453023049761415,0.598399320370775
"2325",56,0,0.396704457706143,0.396704457706143,0.597135870181341
"2326",50,0,0.574201514576828,0.574201514576828,1.07846193453009
"2327",54,1,0.440937320705684,0.525328249587857,0.440937320705684
"2328",56,0,-0.0233492622725345,-0.0233492622725345,1.01727050758037
"2329",50,0,0.915511314506142,0.915511314506142,1.52892458249284
"2330",58,0,0.0335637852872496,0.0335637852872496,0.352871955964408
"2331",52,1,0.349383117585919,1.10668617868503,0.349383117585919
"2332",50,0,1.04458490503371,1.04458490503371,0.97087817107746
"2333",58,1,0.618645713745565,0.670477490448834,0.618645713745565
"2334",50,1,0.687511840575502,0.735266069490294,0.687511840575502
"2335",54,0,0.866098332837841,0.866098332837841,0.831639167568983
"2336",58,0,0.38974875943438,0.38974875943438,0.438037222007812
"2337",52,0,0.705066860295562,0.705066860295562,0.951660447287243
"2338",54,1,0.389466823150919,0.995662485450944,0.389466823150919
"2339",54,0,0.704238333372901,0.704238333372901,1.16417459792869
"2340",56,1,0.326819126492496,0.264151753525637,0.326819126492496
"2341",54,0,0.315678128819565,0.315678128819565,0.736569012106188
"2342",54,1,0.498672645565531,0.587169121269594,0.498672645565531
"2343",54,0,0.996277412371479,0.996277412371479,0.84986841136952
"2344",60,0,-0.266779822025928,-0.266779822025928,0.397268184971508
"2345",56,0,0.283441282751244,0.283441282751244,0.782968355391948
"2346",58,0,0.752757437708497,0.752757437708497,0.409715886789575
"2347",60,1,0.0453046336980891,-0.34351304608542,0.0453046336980891
"2348",58,0,0.297182873717807,0.297182873717807,0.90434178791358
"2349",58,1,0.669888510947874,0.628239764651762,0.669888510947874
"2350",58,1,0.425045641273223,0.0862636119647017,0.425045641273223
"2351",58,0,-0.102855825191832,-0.102855825191832,-0.00459446947211462
"2352",58,0,-0.0986746130801144,-0.0986746130801144,0.0817340070978748
"2353",54,0,1.26759173148418,1.26759173148418,1.11429295370729
"2354",58,1,0.701892875851271,0.112645471867671,0.701892875851271
"2355",58,0,0.155709849497052,0.155709849497052,0.765861921077474
"2356",52,0,1.06450907132862,1.06450907132862,0.75001275995233
"2357",52,0,1.11582303192447,1.11582303192447,0.449907668761779
"2358",60,0,0.00679360303845437,0.00679360303845437,0.316906349398623
"2359",54,0,0.457960344571086,0.457960344571086,0.437560729838896
"2360",50,0,0.754921391306532,0.754921391306532,0.65643619589216
"2361",60,0,-0.232577407716093,-0.232577407716093,0.19909052066574
"2362",50,0,1.25320378681611,1.25320378681611,0.825174885626841
"2363",54,1,0.924785058008969,0.684269853815995,0.924785058008969
"2364",54,1,0.445221772044321,0.236591303759415,0.445221772044321
"2365",54,0,1.1574101767225,1.1574101767225,0.491446045408567
"2366",58,0,0.00211830253176393,0.00211830253176393,0.0661855154655165
"2367",52,0,0.813078871267287,0.813078871267287,0.811726763043327
"2368",56,0,0.158856354761978,0.158856354761978,0.645289220611777
"2369",58,1,0.746382892407597,0.253633693513289,0.746382892407597
"2370",58,0,0.157086463951977,0.157086463951977,0.681239547130682
"2371",60,1,0.199533877434939,0.0582214769993193,0.199533877434939
"2372",56,0,0.3182040039714,0.3182040039714,1.1557255962902
"2373",56,0,0.561858224933502,0.561858224933502,0.38255888541234
"2374",52,0,0.6430310728694,0.6430310728694,0.579674264816069
"2375",54,0,0.464852371374424,0.464852371374424,0.759283232265861
"2376",56,1,1.24577060065728,0.902076278680492,1.24577060065728
"2377",60,1,0.549436956189138,0.280276818216227,0.549436956189138
"2378",60,1,0.556163869275236,-0.0918695700700696,0.556163869275236
"2379",52,0,0.410561102795421,0.410561102795421,0.670386832937643
"2380",54,1,0.685391458192667,0.612451618944916,0.685391458192667
"2381",58,0,0.270748130441534,0.270748130441534,0.567872216539948
"2382",56,0,0.175473498438482,0.175473498438482,0.623045795612527
"2383",54,0,0.575444831794545,0.575444831794545,0.473639132262808
"2384",56,1,0.706284480528698,-0.00614485384376029,0.706284480528698
"2385",52,1,1.18453764079666,0.916683816990644,1.18453764079666
"2386",58,0,0.339065190695474,0.339065190695474,0.282522398181189
"2387",58,0,0.588916307849672,0.588916307849672,0.881674662186575
"2388",52,0,0.486850904508614,0.486850904508614,0.882278356355843
"2389",50,0,0.690166552417445,0.690166552417445,1.17057420046757
"2390",54,0,0.806449459896131,0.806449459896131,0.954495107007725
"2391",54,0,0.631111123898279,0.631111123898279,0.846106030379865
"2392",56,0,0.126974659029752,0.126974659029752,0.448778945553108
"2393",56,1,0.59468374362633,0.37903605012287,0.59468374362633
"2394",54,0,0.638051247866586,0.638051247866586,0.599418908402773
"2395",54,0,0.953543372324455,0.953543372324455,1.11886619671848
"2396",56,0,0.0238740692874768,0.0238740692874768,0.0573354579586403
"2397",50,0,0.984854543024727,0.984854543024727,0.605265770412978
"2398",54,1,0.979006254096509,0.505456792429572,0.979006254096509
"2399",52,0,0.855326470165094,0.855326470165094,0.844489995032696
"2400",52,0,0.622097059630164,0.622097059630164,0.762428439090745
"2401",50,1,0.814289949768677,1.31154195972617,0.814289949768677
"2402",50,0,1.4592226950516,1.4592226950516,0.996632380733445
"2403",60,0,-0.00141614837660371,-0.00141614837660371,0.346993985713476
"2404",58,0,0.140385108319661,0.140385108319661,0.691528567271998
"2405",50,0,1.21787567846359,1.21787567846359,0.866545979985534
"2406",56,1,0.789392104612433,0.224604214562639,0.789392104612433
"2407",50,0,0.92246955447504,0.92246955447504,0.901589577723736
"2408",58,0,0.0617399685483949,0.0617399685483949,0.545787637689319
"2409",58,0,0.106310334215689,0.106310334215689,0.82126079892458
"2410",50,0,0.931378249142094,0.931378249142094,1.11928942073781
"2411",58,0,0.230377453527009,0.230377453527009,0.103647076164367
"2412",58,0,0.164915881333284,0.164915881333284,0.462070243842971
"2413",54,0,0.749352349822779,0.749352349822779,0.398397906986341
"2414",56,0,-0.069299428848335,-0.069299428848335,0.457072197502491
"2415",54,0,0.681658896526536,0.681658896526536,1.3785031607621
"2416",54,1,0.802899802457284,0.80594311010698,0.802899802457284
"2417",58,0,0.284770595279953,0.284770595279953,0.258710184456351
"2418",58,1,0.513626617720267,0.32051876457653,0.513626617720267
"2419",60,0,-0.482459590597496,-0.482459590597496,0.122605778617376
"2420",56,0,0.513798130349406,0.513798130349406,0.203462290976691
"2421",50,0,1.09557484016874,1.09557484016874,1.17149962893807
"2422",58,1,0.550656887340095,0.110574583173514,0.550656887340095
"2423",60,0,0.0272825786879375,0.0272825786879375,0.446180173112603
"2424",58,1,0.560613682690563,1.13199018990144,0.560613682690563
"2425",56,1,0.318929704043505,0.680051517381251,0.318929704043505
"2426",56,0,0.759154354628026,0.759154354628026,0.4207269395707
"2427",54,1,0.277916428470238,0.353384583910936,0.277916428470238
"2428",56,0,0.508021832945099,0.508021832945099,0.77013788085504
"2429",58,1,0.729787405997238,0.149139787086716,0.729787405997238
"2430",52,1,0.661194294881793,0.708631070923035,0.661194294881793
"2431",58,1,0.599454974246716,-0.380895757227253,0.599454974246716
"2432",56,0,0.396102652338823,0.396102652338823,0.651806911586673
"2433",58,1,0.950461029585445,0.186056921097079,0.950461029585445
"2434",52,0,0.906060717401913,0.906060717401913,0.877654333027642
"2435",54,1,0.849131943043096,0.412824671485191,0.849131943043096
"2436",60,0,0.0182567161569545,0.0182567161569545,0.438602470391985
"2437",58,0,-0.0433485354825885,-0.0433485354825885,0.0691703337835546
"2438",56,1,1.30207381293795,0.464598577343154,1.30207381293795
"2439",56,0,0.157756383276202,0.157756383276202,0.609009867821383
"2440",60,1,0.654994728502639,0.460972274649792,0.654994728502639
"2441",54,0,0.365735184583033,0.365735184583033,1.06329185266458
"2442",54,0,0.672116967819778,0.672116967819778,0.623389252224833
"2443",60,1,-0.0784706435868925,-0.450782691907303,-0.0784706435868925
"2444",54,1,0.776039235471655,0.602559833972187,0.776039235471655
"2445",56,1,0.856991529767222,0.182277571297932,0.856991529767222
"2446",58,0,0.345992136268033,0.345992136268033,0.390317126595251
"2447",54,1,0.298759563788105,0.73551490748393,0.298759563788105
"2448",58,0,0.420037271955185,0.420037271955185,0.712182092992359
"2449",58,0,0.0984810124185342,0.0984810124185342,0.210638155151304
"2450",52,1,0.934595580743768,0.379086294529257,0.934595580743768
"2451",56,0,0.212600262895153,0.212600262895153,0.251692938772967
"2452",58,1,0.283717229454682,0.264983241171119,0.283717229454682
"2453",52,0,0.879566337525672,0.879566337525672,0.874573182751523
"2454",58,0,0.279490307647721,0.279490307647721,0.156141473161116
"2455",54,0,0.520528428412143,0.520528428412143,0.784702551544592
"2456",54,1,0.838524666756966,0.481781514283168,0.838524666756966
"2457",60,0,-0.122199971248362,-0.122199971248362,0.28522268602693
"2458",58,0,0.155098794164721,0.155098794164721,0.484790895350291
"2459",54,1,0.432073428368509,0.562941294266215,0.432073428368509
"2460",52,0,0.8549359408819,0.8549359408819,1.26173957487374
"2461",54,1,0.832856453299676,1.0066894459265,0.832856453299676
"2462",52,0,0.455673646167936,0.455673646167936,0.599302200762887
"2463",58,1,0.930234396126922,0.342464096551987,0.930234396126922
"2464",54,0,0.312825581112001,0.312825581112001,0.949748990487806
"2465",56,0,0.0884624400569359,0.0884624400569359,0.577774442720474
"2466",52,0,1.68730582755384,1.68730582755384,0.928250919277758
"2467",52,0,0.562709126424988,0.562709126424988,0.88574597837788
"2468",60,0,0.454776866004614,0.454776866004614,0.54065334306806
"2469",52,0,0.635265183613457,0.635265183613457,0.571659880985856
"2470",54,1,0.843160372056713,0.379100397866511,0.843160372056713
"2471",58,0,-0.411430925781494,-0.411430925781494,0.301887664882366
"2472",54,0,0.766715535752788,0.766715535752788,1.02279524175907
"2473",56,0,0.278061803722313,0.278061803722313,0.695807063691779
"2474",50,0,1.05050835693382,1.05050835693382,1.0528144808224
"2475",56,0,0.298044229577257,0.298044229577257,0.464592117175171
"2476",56,0,0.576674848489768,0.576674848489768,1.14168821984289
"2477",54,0,0.691863635606678,0.691863635606678,0.850112401956807
"2478",52,1,0.569650747293365,0.462395898436145,0.569650747293365
"2479",50,1,0.952348139282458,0.842051473442436,0.952348139282458
"2480",54,0,0.0459815171237576,0.0459815171237576,0.782005805066013
"2481",56,1,0.336085120741444,0.193362514631617,0.336085120741444
"2482",54,1,0.982210028611374,0.994364346897636,0.982210028611374
"2483",60,1,0.706266712911661,-0.0590440819306108,0.706266712911661
"2484",50,0,0.736291455026917,0.736291455026917,0.797195635728661
"2485",50,0,0.934378769210278,0.934378769210278,0.698643694022393
"2486",56,0,0.83834231405644,0.83834231405644,0.293215239848494
"2487",52,1,1.44763120076402,0.630952520075357,1.44763120076402
"2488",56,0,0.740154251799173,0.740154251799173,0.513019893602764
"2489",50,1,1.34455325846349,0.877871154363959,1.34455325846349
"2490",56,0,0.270332024567346,0.270332024567346,0.885498167378081
"2491",54,0,0.817899097981257,0.817899097981257,0.709531164508004
"2492",52,0,1.08812761477484,1.08812761477484,0.863776692650602
"2493",60,1,0.274535396038356,-0.0764811816106421,0.274535396038356
"2494",50,0,1.085959488505,1.085959488505,0.714533953748969
"2495",54,1,0.598444403072765,0.418207648281964,0.598444403072765
"2496",60,1,0.727802652858362,0.268740185939843,0.727802652858362
"2497",54,0,0.829992400812944,0.829992400812944,0.594675385321154
"2498",60,0,-0.361772546131765,-0.361772546131765,-0.0844446882551254
"2499",50,0,1.10732833965361,1.10732833965361,0.872637216084843
"2500",54,0,0.163608469248333,0.163608469248333,0.826179374600908
"2501",56,0,0.190511523358928,0.190511523358928,0.971996653400808
"2502",50,0,0.848114412881356,0.848114412881356,0.877217291427303
"2503",58,0,0.288266687208457,0.288266687208457,-0.103729358818013
"2504",54,1,0.928758910460696,0.835132601064136,0.928758910460696
"2505",60,0,0.188987420803051,0.188987420803051,0.557155485645533
"2506",54,0,0.26489731622454,0.26489731622454,0.918910407317912
"2507",60,1,0.472217590408949,-0.343393038716452,0.472217590408949
"2508",50,0,0.891212062905063,0.891212062905063,1.19941624475293
"2509",52,0,1.47877146544957,1.47877146544957,0.599070028436294
"2510",54,1,0.801219095016493,0.602758674025663,0.801219095016493
"2511",54,0,1.23521649868025,1.23521649868025,0.364106730596836
"2512",56,0,0.407250571158134,0.407250571158134,0.889852878613202
"2513",58,0,-0.241718497554608,-0.241718497554608,0.394173187099133
"2514",60,0,0.0618694377141258,0.0618694377141258,0.481541217450794
"2515",54,1,0.564872836512647,0.306462890551239,0.564872836512647
"2516",52,0,0.516103754339635,0.516103754339635,0.454512452685904
"2517",56,1,0.627318875711818,0.627261425833057,0.627318875711818
"2518",60,0,0.246321120855722,0.246321120855722,-0.0279979620517332
"2519",50,1,0.54236796934086,1.24766795749678,0.54236796934086
"2520",58,1,0.548628399970766,0.490778744117932,0.548628399970766
"2521",54,1,0.471416544193425,0.13319921678693,0.471416544193425
"2522",54,0,0.403210900104716,0.403210900104716,0.79087124443596
"2523",52,0,0.828939316409559,0.828939316409559,1.02897679970267
"2524",54,0,0.518841636439741,0.518841636439741,0.202625676082742
"2525",52,0,0.817004089195022,0.817004089195022,0.864140838453224
"2526",56,1,0.590350598765883,0.275460883109021,0.590350598765883
"2527",52,0,0.642982553443312,0.642982553443312,0.655429182130264
"2528",58,0,0.417756448993058,0.417756448993058,0.513846312570558
"2529",54,1,0.668915305020438,0.139423254179026,0.668915305020438
"2530",60,0,-0.0835395949776358,-0.0835395949776358,0.733799798410412
"2531",54,0,0.688042199518626,0.688042199518626,0.470885020168813
"2532",56,0,0.2979764220091,0.2979764220091,0.560274507260917
"2533",58,0,0.218979037084081,0.218979037084081,0.615363358535016
"2534",52,0,0.467247952024467,0.467247952024467,0.7892404026354
"2535",54,1,0.568444395753613,0.790084561425686,0.568444395753613
"2536",58,1,0.31513846578234,0.193405530712595,0.31513846578234
"2537",52,1,0.954423632947839,0.509647321039978,0.954423632947839
"2538",58,0,0.408092520953387,0.408092520953387,0.71140063664382
"2539",60,1,0.46549059204868,-0.266450190372319,0.46549059204868
"2540",52,0,0.230334469778787,0.230334469778787,0.902052811605453
"2541",58,1,0.662172971895688,0.275089402209381,0.662172971895688
"2542",52,0,0.673765665691618,0.673765665691618,0.79403918303024
"2543",58,1,0.53188996389278,0.534484643418582,0.53188996389278
"2544",54,0,0.53910356299525,0.53910356299525,0.747671215004648
"2545",60,0,-0.0150790610100949,-0.0150790610100949,0.761544577777327
"2546",56,0,0.599508986185964,0.599508986185964,0.469171031891851
"2547",52,0,0.683763426389142,0.683763426389142,0.976396130874394
"2548",54,0,0.695657944194873,0.695657944194873,0.48575098408842
"2549",60,0,-0.0955070015262667,-0.0955070015262667,0.395975092629268
"2550",52,1,0.683240390549541,1.04409022794552,0.683240390549541
"2551",58,0,-0.0372666365401293,-0.0372666365401293,0.787841684025336
"2552",52,1,0.520064600230532,0.862861736545244,0.520064600230532
"2553",56,1,0.609534054022493,0.419469830410258,0.609534054022493
"2554",58,0,0.420739450882164,0.420739450882164,0.515554151344299
"2555",58,1,0.600232000403181,0.351692196953696,0.600232000403181
"2556",58,1,0.64734115428302,0.160086045509352,0.64734115428302
"2557",56,1,0.389705826727985,0.165067024839677,0.389705826727985
"2558",56,0,0.51984869278476,0.51984869278476,0.446356249090238
"2559",54,1,0.932233685359572,0.520242058153107,0.932233685359572
"2560",52,0,0.664715163618427,0.664715163618427,0.953238595318204
"2561",50,0,0.599984573530639,0.599984573530639,1.20708981014802
"2562",54,0,0.487865370394247,0.487865370394247,0.69779597768219
"2563",58,1,0.486412809809855,-0.252708731471277,0.486412809809855
"2564",52,0,1.03207511529889,1.03207511529889,0.496758925829509
"2565",60,1,0.155903182494685,-0.432776587406249,0.155903182494685
"2566",58,1,0.0644955851765701,0.345650325413133,0.0644955851765701
"2567",60,1,0.411887657384358,-0.13438557017946,0.411887657384358
"2568",50,1,0.935108558124142,1.19151187686995,0.935108558124142
"2569",56,1,0.833420848000949,0.53140794858711,0.833420848000949
"2570",54,0,0.396403195735215,0.396403195735215,1.23542007753797
"2571",54,0,0.905380067614165,0.905380067614165,0.479674626296564
"2572",54,0,0.940281068779764,0.940281068779764,0.641404509756254
"2573",56,0,0.356377776355334,0.356377776355334,0.907996661837012
"2574",52,0,0.488645127561981,0.488645127561981,0.712775101789606
"2575",58,1,0.644996471020277,0.322428906376645,0.644996471020277
"2576",60,1,0.703269607328694,0.00244774408483947,0.703269607328694
"2577",60,0,0.38748989270407,0.38748989270407,0.28730138701922
"2578",60,1,0.497003352064462,-0.154284147229451,0.497003352064462
"2579",56,0,0.0819707012870725,0.0819707012870725,0.397931806467204
"2580",54,0,0.376048116337265,0.376048116337265,0.0520513773197764
"2581",58,1,0.60409980240836,0.263527383526926,0.60409980240836
"2582",56,0,0.753342449790557,0.753342449790557,0.611433288069204
"2583",54,1,0.322539667450715,0.594219747624114,0.322539667450715
"2584",56,0,0.50280924105394,0.50280924105394,0.554001363852846
"2585",56,0,0.562182740112108,0.562182740112108,0.664425739777018
"2586",56,0,0.41546562649862,0.41546562649862,0.645826333033251
"2587",58,0,0.42577413826567,0.42577413826567,0.739636417248667
"2588",56,0,-0.0131050031697768,-0.0131050031697768,0.600819054090477
"2589",60,0,-0.0557585774103446,-0.0557585774103446,-0.0156337832546838
"2590",52,1,1.16911770770866,0.745080047495157,1.16911770770866
"2591",54,0,0.730423778069602,0.730423778069602,0.346127674213423
"2592",50,0,0.838651678263553,0.838651678263553,1.24210200483009
"2593",52,0,1.07549678399894,1.07549678399894,1.05847407732309
"2594",54,0,0.396377320981794,0.396377320981794,0.439268237064844
"2595",56,1,-0.172299373884046,0.540234870158193,-0.172299373884046
"2596",58,0,0.339457576738731,0.339457576738731,0.368954767562835
"2597",54,0,0.632264183773226,0.632264183773226,0.498592803126399
"2598",52,1,0.938748454397419,0.719673900650542,0.938748454397419
"2599",58,0,0.223849193046956,0.223849193046956,0.627791152106218
"2600",56,0,0.775167813423613,0.775167813423613,0.543231098725503
"2601",56,0,0.537642444491562,0.537642444491562,0.714499331976004
"2602",52,0,0.918866979460299,0.918866979460299,1.00428674554192
"2603",60,0,0.0335942218373941,0.0335942218373941,0.313830050188166
"2604",56,0,0.982762161455703,0.982762161455703,0.56605872053624
"2605",52,0,0.65786884276454,0.65786884276454,0.72038317146459
"2606",56,1,0.720048198673683,0.629053643219972,0.720048198673683
"2607",52,1,0.791565277199238,0.614665378426531,0.791565277199238
"2608",56,0,0.245120858279225,0.245120858279225,0.782052156215214
"2609",60,0,-0.0750404122791604,-0.0750404122791604,0.285145086016706
"2610",52,0,0.440993388237845,0.440993388237845,0.971482130220545
"2611",56,0,0.171806930423765,0.171806930423765,0.418817894984294
"2612",58,1,0.617123832728078,0.384418532928633,0.617123832728078
"2613",52,0,0.734716836698794,0.734716836698794,1.14338935984349
"2614",54,0,0.385430304394899,0.385430304394899,0.632071138743342
"2615",52,0,0.506708049729125,0.506708049729125,0.830590910686965
"2616",50,0,1.04332503508979,1.04332503508979,1.09726814853804
"2617",52,0,0.688990288700922,0.688990288700922,0.90181497597554
"2618",52,0,0.804787001558334,0.804787001558334,0.747579699569772
"2619",58,0,0.0161462558248366,0.0161462558248366,0.403536829399133
"2620",56,1,0.470389587805397,0.4626201827289,0.470389587805397
"2621",52,1,0.723657956392833,0.308400217901346,0.723657956392833
"2622",52,0,1.2223269485111,1.2223269485111,0.846162961636723
"2623",60,1,0.24647822504063,0.103568556277544,0.24647822504063
"2624",50,1,1.16403891744926,0.488649459725338,1.16403891744926
"2625",56,0,0.630203648693135,0.630203648693135,0.678647139686056
"2626",52,0,0.818559558982717,0.818559558982717,0.728958386121231
"2627",56,0,0.0905460900291354,0.0905460900291354,0.354062299260222
"2628",54,0,0.623983843597917,0.623983843597917,0.896446131196139
"2629",54,0,0.8082776217817,0.8082776217817,0.806050666137896
"2630",56,0,0.309298116420867,0.309298116420867,0.908544210890863
"2631",54,0,0.838255186223353,0.838255186223353,0.848243691546506
"2632",60,1,0.505885981761638,0.0940192094079997,0.505885981761638
"2633",54,1,0.947236683176743,0.698707795154578,0.947236683176743
"2634",52,1,1.13782247236403,0.39586923950878,1.13782247236403
"2635",58,0,0.178092597215844,0.178092597215844,0.172453552050505
"2636",52,0,0.827163387582339,0.827163387582339,0.590217492603043
"2637",50,0,0.541191660115127,0.541191660115127,1.25898148714016
"2638",52,0,0.6189585918868,0.6189585918868,0.652281063521902
"2639",58,1,0.243384188499926,-0.212736640744081,0.243384188499926
"2640",58,1,0.49573306066001,0.383556948260146,0.49573306066001
"2641",54,0,0.69782746472447,0.69782746472447,0.557583181285139
"2642",52,0,1.11002894214024,1.11002894214024,1.05109929273695
"2643",58,1,0.652535743386375,-0.104626117708933,0.652535743386375
"2644",54,0,0.958803659231891,0.958803659231891,0.753290204418325
"2645",54,1,0.699463155243821,0.916379974958727,0.699463155243821
"2646",60,1,0.76416141557937,0.329908764331299,0.76416141557937
"2647",50,0,0.756940793894767,0.756940793894767,1.08675065882615
"2648",50,0,1.10381969771204,1.10381969771204,0.866460974581285
"2649",56,1,0.36281944637532,0.638378877176191,0.36281944637532
"2650",52,1,0.556744619944762,0.736656043193455,0.556744619944762
"2651",52,0,0.332787947620827,0.332787947620827,0.865892861274811
"2652",54,0,0.597210479056607,0.597210479056607,1.20881029406976
"2653",58,0,-0.0570616767441627,-0.0570616767441627,0.299385706291543
"2654",50,0,0.739354790779558,0.739354790779558,1.16228047176289
"2655",52,1,1.56072492906439,0.665359897519949,1.56072492906439
"2656",56,0,0.891444370273979,0.891444370273979,0.607098083770264
"2657",50,0,1.23191892439938,1.23191892439938,0.908114484990083
"2658",50,0,1.24227552185257,1.24227552185257,1.42266819958365
"2659",52,1,0.692517005147083,1.35302220247955,0.692517005147083
"2660",54,0,0.883984237250899,0.883984237250899,0.104774463485689
"2661",52,1,1.07583049768828,0.540315037064202,1.07583049768828
"2662",52,0,1.0582513402533,1.0582513402533,0.974014903163529
"2663",52,1,0.6963788030297,0.8761659080897,0.6963788030297
"2664",52,0,0.279527081349868,0.279527081349868,0.9026801760498
"2665",54,1,0.718711988821169,0.745921860536945,0.718711988821169
"2666",58,0,0.287071479306274,0.287071479306274,0.480408650809801
"2667",52,0,1.18339414479822,1.18339414479822,0.778698142461977
"2668",58,0,0.391758508766061,0.391758508766061,0.910343975637948
"2669",54,1,0.289368457147087,0.472393163874705,0.289368457147087
"2670",60,0,0.192665307208389,0.192665307208389,0.554605939727416
"2671",56,0,0.0791976725762026,0.0791976725762026,0.224257192234779
"2672",58,1,0.83325123990684,0.297066119135842,0.83325123990684
"2673",52,0,0.710607000218988,0.710607000218988,0.646168519254574
"2674",56,0,0.242711509267448,0.242711509267448,0.954562499967136
"2675",58,0,0.543999732708114,0.543999732708114,0.0345738795633017
"2676",52,1,0.5864443664691,0.645603866124787,0.5864443664691
"2677",54,1,0.903928404676186,0.697382209229399,0.903928404676186
"2678",56,1,0.319923301544738,0.805652743283395,0.319923301544738
"2679",54,0,0.690596490057889,0.690596490057889,0.843778604632534
"2680",56,1,0.26181204395671,0.646110604390324,0.26181204395671
"2681",50,0,1.50973597650916,1.50973597650916,0.982385645582173
"2682",54,0,0.319745803712317,0.319745803712317,0.595074654270603
"2683",54,0,0.609338703301521,0.609338703301521,1.05116130437295
"2684",50,0,1.33313010477486,1.33313010477486,1.00089109309521
"2685",52,0,0.947185050417922,0.947185050417922,0.961262893371729
"2686",58,0,-0.107693573421461,-0.107693573421461,0.397352013745911
"2687",58,0,0.151721284597141,0.151721284597141,0.307075703540246
"2688",52,1,1.07162783909153,1.03865274465866,1.07162783909153
"2689",60,0,0.302217609849051,0.302217609849051,0.25308796001296
"2690",52,1,1.00968259046928,0.91534980459869,1.00968259046928
"2691",58,1,0.657452217264268,0.667527419595813,0.657452217264268
"2692",56,0,0.0872115964924897,0.0872115964924897,0.567640452419714
"2693",52,0,0.865345095980577,0.865345095980577,0.593986400929066
"2694",54,0,0.43781085957563,0.43781085957563,0.568489866744826
"2695",52,0,0.338260524369389,0.338260524369389,0.961965319481434
"2696",58,0,-0.0938330993750301,-0.0938330993750301,0.343137474617693
"2697",54,0,0.497120506191129,0.497120506191129,0.740503005101292
"2698",54,0,0.647646045294206,0.647646045294206,0.604197954743409
"2699",52,1,0.930505331599466,1.08430357650152,0.930505331599466
"2700",58,0,-0.0775390614602816,-0.0775390614602816,0.468326776012689
"2701",50,0,0.742749684388855,0.742749684388855,0.655687586437215
"2702",56,0,0.437320047462244,0.437320047462244,0.577932848115566
"2703",58,1,0.648651222904603,0.127426283684621,0.648651222904603
"2704",56,1,0.50971983787447,0.671878568579056,0.50971983787447
"2705",56,0,0.654039598961293,0.654039598961293,0.686368848329599
"2706",54,1,0.653434385175905,0.820318801414359,0.653434385175905
"2707",58,0,0.330654439607998,0.330654439607998,0.912287921620526
"2708",58,0,-0.094669898209278,-0.094669898209278,0.467800306562169
"2709",52,0,0.817434362001566,0.817434362001566,0.871001093573641
"2710",54,0,0.615864096436146,0.615864096436146,0.619253465878343
"2711",54,1,0.931117604142388,0.82935261377362,0.931117604142388
"2712",52,0,0.502613602604961,0.502613602604961,0.555488484733251
"2713",52,0,0.911628398818715,0.911628398818715,0.433388827561071
"2714",56,0,0.368350785670801,0.368350785670801,0.49749290508652
"2715",52,1,0.85532725321739,1.03503847680951,0.85532725321739
"2716",56,0,0.800739630759735,0.800739630759735,0.392262385098051
"2717",56,1,0.6557536089428,0.238810503960735,0.6557536089428
"2718",60,1,0.913571486729383,0.456937436387109,0.913571486729383
"2719",52,1,0.798891032998467,0.594607889418162,0.798891032998467
"2720",52,0,0.806286628399427,0.806286628399427,0.867159106705801
"2721",52,0,1.10716458537325,1.10716458537325,0.915349241353449
"2722",58,1,0.554123670425373,0.487114252872422,0.554123670425373
"2723",50,1,1.1349726983572,1.74341727816399,1.1349726983572
"2724",54,1,0.259038825825292,0.723789853145329,0.259038825825292
"2725",50,1,0.976869417469847,0.892801384959319,0.976869417469847
"2726",60,1,0.243028601417841,-0.413614269117127,0.243028601417841
"2727",52,0,0.804396929183163,0.804396929183163,0.993639784872627
"2728",58,1,0.448716468863881,0.11767399016745,0.448716468863881
"2729",60,0,0.0634063244159156,0.0634063244159156,0.392754989012335
"2730",58,0,0.498054042759645,0.498054042759645,0.611678971724128
"2731",52,0,0.609704306627517,0.609704306627517,0.866290748673526
"2732",56,0,0.524930581647795,0.524930581647795,0.908061220167985
"2733",52,0,0.705067046034477,0.705067046034477,0.587399569806343
"2734",52,0,0.94064540784421,0.94064540784421,0.818160956103994
"2735",50,1,0.98095684747625,1.08200692576199,0.98095684747625
"2736",52,0,0.902259173250207,0.902259173250207,1.06077298262965
"2737",54,1,0.664158579649435,0.416339909691139,0.664158579649435
"2738",58,1,0.481504385883875,-0.0195135413248862,0.481504385883875
"2739",54,0,0.639895705907335,0.639895705907335,0.66669784772588
"2740",52,0,0.931458982499609,0.931458982499609,0.557222937461764
"2741",56,1,0.444549192340678,0.301337380695839,0.444549192340678
"2742",58,1,0.429072209729089,0.4556445206132,0.429072209729089
"2743",54,1,0.671341418068847,0.362654575004027,0.671341418068847
"2744",50,0,0.875101214252425,0.875101214252425,1.01521822555569
"2745",58,0,0.143299684757885,0.143299684757885,0.62530108340152
"2746",52,0,0.377222041197675,0.377222041197675,0.673054675039974
"2747",58,0,0.444456729641612,0.444456729641612,0.445167768177547
"2748",52,0,0.561498421639738,0.561498421639738,0.553200882787285
"2749",58,0,0.0243779191487096,0.0243779191487096,0.504025454591286
"2750",56,0,0.334441287731961,0.334441287731961,0.615204379344034
"2751",56,0,0.125274370900745,0.125274370900745,1.10245683123464
"2752",58,0,0.135017117916519,0.135017117916519,0.332897616689308
"2753",58,1,0.385737372111154,0.396269861009437,0.385737372111154
"2754",50,1,1.31329244529473,0.709728963463225,1.31329244529473
"2755",54,0,0.350735329477504,0.350735329477504,0.157811121815513
"2756",54,0,0.408771910501751,0.408771910501751,0.812118450380621
"2757",58,1,1.4100186622344,0.0424526718842363,1.4100186622344
"2758",56,1,0.659403053311181,0.243058282438817,0.659403053311181
"2759",54,0,0.47206283081706,0.47206283081706,0.828385142758093
"2760",50,1,0.665892357866365,1.17413103427008,0.665892357866365
"2761",52,0,0.456886106107188,0.456886106107188,0.876340854465662
"2762",54,0,0.890594941399343,0.890594941399343,0.625884115720925
"2763",52,0,1.17687489170835,1.17687489170835,1.02547224249065
"2764",54,1,0.142113180991574,0.640896258869436,0.142113180991574
"2765",52,0,0.844168778946282,0.844168778946282,0.626581970494146
"2766",58,0,0.270580899501214,0.270580899501214,0.470354191338934
"2767",52,0,0.701184229026504,0.701184229026504,1.09202683893769
"2768",58,1,0.781201127351174,0.265477697336749,0.781201127351174
"2769",58,1,0.543194733341234,-0.139001186149881,0.543194733341234
"2770",50,0,1.16364744405487,1.16364744405487,1.06324725161835
"2771",54,1,1.02361445049245,0.60950159711489,1.02361445049245
"2772",52,0,1.17648738907042,1.17648738907042,1.12191803717416
"2773",52,0,0.432785156915551,0.432785156915551,0.96078900445153
"2774",52,0,0.896614137553126,0.896614137553126,0.759933309674248
"2775",52,0,0.793108540469912,0.793108540469912,1.06363661466009
"2776",50,0,1.12955504785025,1.12955504785025,0.996916170013897
"2777",60,0,-0.0645806136402121,-0.0645806136402121,0.594397132967035
"2778",52,0,0.257166247871072,0.257166247871072,0.438765946526886
"2779",54,1,0.631303058899265,1.06356664935789,0.631303058899265
"2780",58,1,0.238814332437058,0.623532152800587,0.238814332437058
"2781",52,0,0.52170216486764,0.52170216486764,1.46522408299931
"2782",54,0,0.482783451542307,0.482783451542307,0.600414430890011
"2783",54,0,0.432443482719562,0.432443482719562,0.988658330176639
"2784",58,1,0.59189448299339,0.108442896397616,0.59189448299339
"2785",56,1,0.279410494982847,0.601868962082189,0.279410494982847
"2786",58,1,0.276563755099598,0.22486798649835,0.276563755099598
"2787",58,1,0.593078214459526,-0.33264499979795,0.593078214459526
"2788",52,0,0.967764844104829,0.967764844104829,0.415550756005169
"2789",54,0,0.864589109911358,0.864589109911358,1.13355253357258
"2790",54,0,0.813946832277978,0.813946832277978,0.593716647045858
"2791",56,0,0.498921306980302,0.498921306980302,0.509963212504105
"2792",60,0,0.134163667648201,0.134163667648201,0.875327900508496
"2793",52,1,0.748802352625785,0.865435703872442,0.748802352625785
"2794",54,0,0.782738143973654,0.782738143973654,0.367156070930737
"2795",58,0,0.37242527889582,0.37242527889582,0.559649652752279
"2796",56,0,0.136992108630199,0.136992108630199,0.924724359180033
"2797",56,0,0.241233547829158,0.241233547829158,0.486025333335633
"2798",58,0,0.0299232065712591,0.0299232065712591,0.207036869277876
"2799",58,0,0.442507181917882,0.442507181917882,0.439103083843841
"2800",54,1,0.559889371685973,0.134096578705758,0.559889371685973
"2801",60,0,-0.154579115102106,-0.154579115102106,0.699349918167646
"2802",56,0,0.778253269479612,0.778253269479612,0.405141535085909
"2803",56,0,0.745187304072492,0.745187304072492,0.882137129398871
"2804",52,1,0.740071899710231,0.68654125835499,0.740071899710231
"2805",54,0,0.620184459830302,0.620184459830302,0.12914904385535
"2806",60,0,-0.285123359456508,-0.285123359456508,0.598571590140445
"2807",52,1,1.09159842775229,1.12052144860917,1.09159842775229
"2808",52,0,0.776222687863184,0.776222687863184,0.974099282537385
"2809",52,1,0.397448810436551,1.18803488418355,0.397448810436551
"2810",52,0,0.766959712142619,0.766959712142619,1.185256484786
"2811",52,0,0.701825067017465,0.701825067017465,0.770614718525452
"2812",52,1,1.2065168200973,0.798695453446153,1.2065168200973
"2813",56,0,0.743263051531883,0.743263051531883,0.614978407821356
"2814",60,0,-0.273673464118988,-0.273673464118988,0.646527084576778
"2815",50,0,1.18179464769266,1.18179464769266,1.24538351572365
"2816",50,0,0.899431764713089,0.899431764713089,0.484156699542687
"2817",50,1,1.00659842099971,0.433433100884727,1.00659842099971
"2818",54,0,0.30591932082347,0.30591932082347,0.63544904089862
"2819",52,1,0.778349844322997,0.783640155484007,0.778349844322997
"2820",52,0,0.665891114902849,0.665891114902849,0.9796439320554
"2821",58,0,0.233349453598296,0.233349453598296,0.4757411299043
"2822",52,1,0.723462776781179,0.577806606639858,0.723462776781179
"2823",56,0,0.270302529318614,0.270302529318614,0.629860664840465
"2824",56,0,0.366341639358145,0.366341639358145,-0.216355100936429
"2825",54,0,0.428303890207096,0.428303890207096,0.331621980897031
"2826",56,0,0.394314616086389,0.394314616086389,0.824315712593582
"2827",58,1,0.583773938787772,0.0763690718301322,0.583773938787772
"2828",60,1,0.66720897075449,0.192265143069322,0.66720897075449
"2829",54,1,0.857088696908418,0.445537444064789,0.857088696908418
"2830",54,0,0.161911463597752,0.161911463597752,0.854426810399591
"2831",54,0,0.561962966167705,0.561962966167705,1.0589454372585
"2832",56,1,0.607144056004021,0.180535859547386,0.607144056004021
"2833",56,0,0.363055269544846,0.363055269544846,0.441075735364046
"2834",50,0,0.905258481931944,0.905258481931944,0.902171718250819
"2835",58,0,0.124124676158819,0.124124676158819,0.630276609870035
"2836",56,1,0.799087592237792,0.878554566744399,0.799087592237792
"2837",60,1,0.495569474787936,0.0533013651636365,0.495569474787936
"2838",60,1,0.10793099913772,-0.066440545756498,0.10793099913772
"2839",60,1,0.585665824051419,0.27269230045871,0.585665824051419
"2840",56,0,0.382067359926328,0.382067359926328,0.739083485240698
"2841",58,0,-0.137186161906007,-0.137186161906007,0.298726314067295
"2842",54,0,0.59883668295289,0.59883668295289,0.657538056959973
"2843",56,1,0.526655766564179,0.298991237185529,0.526655766564179
"2844",54,1,0.918437795930046,0.743076246399447,0.918437795930046
"2845",60,1,0.193154385701173,-0.233940642053107,0.193154385701173
"2846",52,1,0.786796508378113,0.623887741517783,0.786796508378113
"2847",60,1,0.00590039000786607,-0.188921078271855,0.00590039000786607
"2848",56,1,0.585096083644333,0.466775295287248,0.585096083644333
"2849",60,1,0.463521319143389,0.0803055491414267,0.463521319143389
"2850",56,0,0.174580425870426,0.174580425870426,0.869700872270407
"2851",54,0,0.754113508147471,0.754113508147471,0.218328698014513
"2852",60,0,-0.0689981067810626,-0.0689981067810626,0.458414118464341
"2853",52,0,0.698310867894461,0.698310867894461,1.28410175875597
"2854",50,0,0.896663738368226,0.896663738368226,1.2558162124003
"2855",56,1,0.592595975788963,0.371576673757994,0.592595975788963
"2856",56,0,0.0892788883252619,0.0892788883252619,0.980671143557076
"2857",52,0,0.812451159096116,0.812451159096116,1.27797678500741
"2858",52,0,0.683840260668239,0.683840260668239,0.775015318296751
"2859",56,1,0.996369430646904,0.174900391184783,0.996369430646904
"2860",54,1,1.19484732742065,0.986479120502972,1.19484732742065
"2861",52,0,0.800416466062974,0.800416466062974,1.08993585178652
"2862",54,1,0.70102899026032,0.644410477921465,0.70102899026032
"2863",58,0,-0.0552515686985624,-0.0552515686985624,0.160936931428026
"2864",52,0,0.926172799944181,0.926172799944181,1.03709642380857
"2865",60,1,0.483438834397743,-0.131352332637274,0.483438834397743
"2866",56,0,0.464916084076812,0.464916084076812,0.33829292454872
"2867",58,0,0.147807764565146,0.147807764565146,0.857867915788274
"2868",52,0,1.11741921867793,1.11741921867793,0.880655217622199
"2869",58,0,0.0512129993062102,0.0512129993062102,0.303174817698383
"2870",50,1,0.568633299416753,0.765277450917886,0.568633299416753
"2871",56,0,-0.0399022761302641,-0.0399022761302641,0.276894614054371
"2872",58,1,-0.270367372371778,0.684989598956445,-0.270367372371778
"2873",60,1,0.267042469402342,0.145189166782201,0.267042469402342
"2874",54,0,0.953399316757306,0.953399316757306,0.87988620198929
"2875",54,0,0.605224494820685,0.605224494820685,0.878322569291204
"2876",54,0,0.13720417606268,0.13720417606268,0.511087414506954
"2877",60,1,0.747562415187083,-0.376248278287376,0.747562415187083
"2878",54,1,0.501557782599057,0.409744532529316,0.501557782599057
"2879",60,0,-0.039077354352999,-0.039077354352999,0.959728617829811
"2880",52,0,0.509133955371174,0.509133955371174,0.645486699748352
"2881",56,1,0.652418724462305,0.769178676467552,0.652418724462305
"2882",58,0,0.403604357955133,0.403604357955133,0.195201702423778
"2883",50,0,1.04837355001138,1.04837355001138,0.842269975961398
"2884",56,0,0.54202467458512,0.54202467458512,1.07036797977614
"2885",54,1,0.610724496436835,0.901652708133681,0.610724496436835
"2886",50,1,1.05856401167806,1.25757256765629,1.05856401167806
"2887",56,1,0.374017665667296,0.867370327260891,0.374017665667296
"2888",56,0,0.44805239956557,0.44805239956557,0.689677471704629
"2889",50,0,0.78672243684403,0.78672243684403,1.28622520700737
"2890",54,0,0.505914539065065,0.505914539065065,0.589252041757868
"2891",50,1,1.29392854362089,0.851262740752791,1.29392854362089
"2892",58,0,0.46604846029789,0.46604846029789,0.764251387267645
"2893",58,0,0.333126648288189,0.333126648288189,0.559913116483187
"2894",54,0,0.484676983964721,0.484676983964721,0.40705527062086
"2895",50,1,1.02741809527516,0.650633917154466,1.02741809527516
"2896",56,0,0.233084072246668,0.233084072246668,0.47735914737699
"2897",56,0,0.212789963567595,0.212789963567595,0.465593023421933
"2898",60,1,0.604424671938584,0.0311156156085596,0.604424671938584
"2899",54,0,0.589035528121055,0.589035528121055,0.702934396747658
"2900",60,0,-0.0199895816390755,-0.0199895816390755,0.432344359703931
"2901",52,0,0.600516663519931,0.600516663519931,0.712142094680961
"2902",52,0,1.25707332690132,1.25707332690132,0.989980935999182
"2903",56,0,1.08670518541821,1.08670518541821,0.798967475356154
"2904",54,1,1.23534204430556,0.594195441485069,1.23534204430556
"2905",56,0,0.201791933573125,0.201791933573125,0.0575557606789923
"2906",50,0,0.807886700744317,0.807886700744317,0.79730733278273
"2907",56,0,0.760555998455659,0.760555998455659,0.372889392992414
"2908",56,0,0.32149271619197,0.32149271619197,0.675868487082187
"2909",56,1,0.494889461536875,0.474662908281632,0.494889461536875
"2910",56,1,0.936945877799686,0.479725916579212,0.936945877799686
"2911",52,0,0.746192922687183,0.746192922687183,1.04412497053182
"2912",52,0,0.737182568725499,0.737182568725499,1.1051820995404
"2913",56,1,0.457678735574795,0.701282533203197,0.457678735574795
"2914",52,0,1.27141743416837,1.27141743416837,1.44225825601806
"2915",60,1,0.738920365130709,0.226475282770516,0.738920365130709
"2916",60,0,0.201202524788197,0.201202524788197,0.843268997457067
"2917",58,0,0.309482469414467,0.309482469414467,0.289274926768932
"2918",54,0,0.671786179854017,0.671786179854017,0.524933690950643
"2919",60,1,0.635523664775068,-0.26780711231231,0.635523664775068
"2920",56,0,0.743215909572995,0.743215909572995,0.669838239383432
"2921",54,0,0.558941488051813,0.558941488051813,0.708803440056077
"2922",52,0,0.602262608803013,0.602262608803013,0.926436537172776
"2923",58,0,0.128503300412933,0.128503300412933,0.280883546299355
"2924",60,1,0.936709123323084,-0.0182779714066983,0.936709123323084
"2925",56,1,0.332650769924359,0.0745778358460768,0.332650769924359
"2926",58,1,0.547372900339772,0.0699565329539294,0.547372900339772
"2927",52,0,0.841059400489038,0.841059400489038,0.412137106673502
"2928",56,0,0.513620426652646,0.513620426652646,0.664492534667989
"2929",52,0,0.46667107714454,0.46667107714454,0.511272730990989
"2930",56,1,0.507476959383971,0.00296025326591054,0.507476959383971
"2931",60,0,0.0387284602400143,0.0387284602400143,0.764366084255336
"2932",58,0,0.0131971487279174,0.0131971487279174,0.279805386753551
"2933",52,0,1.13586515882003,1.13586515882003,0.843175082387475
"2934",54,0,0.691027548257216,0.691027548257216,0.780095218512634
"2935",58,1,0.484454698694315,-0.00709291451911812,0.484454698694315
"2936",54,0,0.20654956258613,0.20654956258613,0.881594835631566
"2937",54,0,0.360884466238202,0.360884466238202,0.695547767974607
"2938",50,0,0.885126314852342,0.885126314852342,1.01519928696316
"2939",52,1,0.8998343248646,0.63107867646101,0.8998343248646
"2940",56,1,0.245838292776752,0.86062268519912,0.245838292776752
"2941",50,0,1.17012641166975,1.17012641166975,0.933236812754369
"2942",60,1,1.03366513101775,-0.157072519356132,1.03366513101775
"2943",52,1,0.722394692569849,0.504494161799365,0.722394692569849
"2944",56,0,0.2759713204404,0.2759713204404,0.598519722041847
"2945",50,1,1.08739909559531,0.813521565024558,1.08739909559531
"2946",50,0,1.34264773901287,1.34264773901287,1.19699203328526
"2947",52,1,1.07166781087547,1.19267361641264,1.07166781087547
"2948",58,0,0.632606198676217,0.632606198676217,0.56032401462588
"2949",58,0,0.210647614515333,0.210647614515333,0.421139046717227
"2950",58,0,0.187223304550044,0.187223304550044,0.404376494706024
"2951",52,0,0.802342321036765,0.802342321036765,1.10754545401053
"2952",56,0,0.382785993783852,0.382785993783852,1.34974699248551
"2953",60,0,0.571526275681734,0.571526275681734,0.819562549143162
"2954",56,1,0.608881211898227,0.00214357066091064,0.608881211898227
"2955",54,0,0.750593376387837,0.750593376387837,1.04390463618405
"2956",58,0,-0.0287437041197483,-0.0287437041197483,0.365726765832475
"2957",52,0,0.72278449078362,0.72278449078362,0.437553421461606
"2958",54,1,0.933743083168429,0.109368905015046,0.933743083168429
"2959",54,0,0.447863105495412,0.447863105495412,0.83534942219096
"2960",50,1,0.725444140767635,1.48892987810652,0.725444140767635
"2961",52,0,1.22441694618807,1.22441694618807,0.570354771241557
"2962",58,1,0.568811861662298,0.466753638076022,0.568811861662298
"2963",54,1,0.354254669788498,0.360025756908254,0.354254669788498
"2964",56,1,0.53327000659965,0.211408768537029,0.53327000659965
"2965",56,0,-0.109223261098212,-0.109223261098212,0.812137304030627
"2966",58,1,0.325187731855542,0.586660622273419,0.325187731855542
"2967",56,0,0.0513573582520567,0.0513573582520567,0.702584443699321
"2968",52,1,0.76797109189637,0.635750902615898,0.76797109189637
"2969",58,0,-0.0545337747451474,-0.0545337747451474,0.860020369316065
"2970",50,0,1.25390134978614,1.25390134978614,0.968815788273264
"2971",58,1,0.680130368898646,0.390904387022259,0.680130368898646
"2972",50,1,0.740406655025013,1.33584963844864,0.740406655025013
"2973",58,0,0.144053769289011,0.144053769289011,0.482670551517802
"2974",58,1,0.668984003885883,0.381414596538191,0.668984003885883
"2975",56,0,-0.152416251487416,-0.152416251487416,0.795547227337758
"2976",58,0,0.505371652360205,0.505371652360205,0.577363614598672
"2977",52,0,0.459279281180715,0.459279281180715,0.895376121928409
"2978",52,0,0.589699759857158,0.589699759857158,1.10008667415394
"2979",56,0,0.284284798239286,0.284284798239286,0.927076414926431
"2980",54,0,0.572126066289429,0.572126066289429,0.667786895341263
"2981",56,0,0.352547443928428,0.352547443928428,0.796257416207552
"2982",50,1,0.647417857011342,1.26458810825468,0.647417857011342
"2983",54,0,0.644451034478359,0.644451034478359,1.08483385096344
"2984",58,0,0.482007659400812,0.482007659400812,0.768027780242359
"2985",54,1,0.724079919557184,0.656361854966576,0.724079919557184
"2986",50,0,0.942799126423547,0.942799126423547,0.678297756093918
"2987",58,1,0.452619859371105,0.0604989060458949,0.452619859371105
"2988",56,1,0.606576628226527,0.783487647264744,0.606576628226527
"2989",60,0,0.340010250613692,0.340010250613692,0.234960246012701
"2990",58,0,0.517833699307016,0.517833699307016,0.76288927094569
"2991",56,0,0.463407284688182,0.463407284688182,-0.139642428035148
"2992",54,1,0.567095853160716,0.350098679841794,0.567095853160716
"2993",54,1,1.071499220566,0.389735754449105,1.071499220566
"2994",56,1,1.0923716534906,0.203395583829636,1.0923716534906
"2995",60,0,-0.026657578374027,-0.026657578374027,0.0835623928862517
"2996",52,0,0.854170919941514,0.854170919941514,0.826298927995334
"2997",52,0,0.768198114627547,0.768198114627547,0.369223335618968
"2998",52,1,1.44279140618337,0.956835039193845,1.44279140618337
"2999",52,0,0.703414615773508,0.703414615773508,0.553116548548604
"3000",56,0,0.0433000407712182,0.0433000407712182,0.967505271831926
"3001",58,0,0.256613429105832,0.256613429105832,0.899673336905787
"3002",54,0,0.395351439652039,0.395351439652039,0.711153094544925
"3003",52,0,0.588211847244352,0.588211847244352,0.75788202387589
"3004",54,0,0.10391686239197,0.10391686239197,0.619516609622557
"3005",58,0,-0.0031946928927625,-0.0031946928927625,0.205057481698448
"3006",60,0,0.365417682792565,0.365417682792565,0.786472247805549
"3007",52,1,0.328343328900314,0.953323051776845,0.328343328900314
"3008",54,0,0.674853845318674,0.674853845318674,1.27594818726478
"3009",58,0,0.0799159036511608,0.0799159036511608,0.799076907958963
"3010",60,0,0.614209069016808,0.614209069016808,0.263607221100281
"3011",54,1,0.545876088078899,0.415284782021,0.545876088078899
"3012",52,0,0.661255112737812,0.661255112737812,0.683438229657317
"3013",58,0,0.273996080061847,0.273996080061847,0.740595938614772
"3014",58,0,0.373487681330116,0.373487681330116,0.518138343341956
"3015",60,1,0.423136319906698,-0.138157921826892,0.423136319906698
"3016",58,0,0.173686271914701,0.173686271914701,0.558465787525557
"3017",54,1,0.934469881774974,0.886412937845473,0.934469881774974
"3018",50,1,1.1716795736214,1.04922277444918,1.1716795736214
"3019",58,1,0.636697971111731,0.0711530254249342,0.636697971111731
"3020",60,0,-0.110537502659277,-0.110537502659277,0.717157631212175
"3021",50,0,0.762671485787428,0.762671485787428,0.739131019553663
"3022",52,0,1.12725229697672,1.12725229697672,0.66807730826154
"3023",54,0,0.415565227496498,0.415565227496498,0.755666683209408
"3024",52,0,0.758039299400385,0.758039299400385,1.08847045836927
"3025",52,0,0.61948536860425,0.61948536860425,1.15177754118161
"3026",52,0,0.774696092741273,0.774696092741273,1.15871480967724
"3027",56,1,0.530373510461356,0.317297566210923,0.530373510461356
"3028",52,0,1.06272579964586,1.06272579964586,0.84386307777363
"3029",54,0,0.461844835247785,0.461844835247785,0.465021405073945
"3030",54,1,0.543570305352537,1.07899469067715,0.543570305352537
"3031",54,0,0.873905062257492,0.873905062257492,0.277817282935971
"3032",52,1,1.07671505363594,0.784972853793307,1.07671505363594
"3033",54,0,0.279954231141987,0.279954231141987,0.807413091011145
"3034",54,0,0.231991542088778,0.231991542088778,0.989888965551889
"3035",58,1,0.559986940076883,0.541083562144434,0.559986940076883
"3036",54,1,1.00101890139196,-0.151765983313331,1.00101890139196
"3037",54,0,0.96723441954223,0.96723441954223,0.256846807321741
"3038",50,0,0.821952638950182,0.821952638950182,1.01699544334034
"3039",60,1,0.198923019725086,-0.0443098794755696,0.198923019725086
"3040",54,0,0.910337694474647,0.910337694474647,0.625729885022642
"3041",50,1,0.509041600158993,0.821385575546757,0.509041600158993
"3042",54,0,0.250171325293256,0.250171325293256,0.768365539361749
"3043",56,1,0.702303177240493,0.27153742999472,0.702303177240493
"3044",52,1,1.21539638247358,0.443313615148637,1.21539638247358
"3045",60,1,0.582557782122905,0.0609344856318309,0.582557782122905
"3046",50,0,0.756368457505213,0.756368457505213,1.11265991926553
"3047",52,0,0.412596427305918,0.412596427305918,0.946239499838444
"3048",52,0,1.04961077993603,1.04961077993603,0.718168976591407
"3049",52,0,0.814148163735707,0.814148163735707,0.766359978261296
"3050",60,0,0.165556936023149,0.165556936023149,0.153680214844095
"3051",54,0,0.78226138231308,0.78226138231308,0.622888968620427
"3052",54,0,0.689383789244655,0.689383789244655,0.503544832946208
"3053",56,0,0.411493473960538,0.411493473960538,0.929093927732502
"3054",52,0,0.690447098931805,0.690447098931805,0.384073330127789
"3055",54,0,0.939754073596256,0.939754073596256,0.329382189658263
"3056",54,0,0.692705035145346,0.692705035145346,0.486694162024124
"3057",54,0,0.836116030280335,0.836116030280335,0.85124778064537
"3058",50,0,1.33258404429708,1.33258404429708,1.69031370835847
"3059",60,1,0.20657946205387,-0.266050641896085,0.20657946205387
"3060",52,0,0.560858227721679,0.560858227721679,0.517359969594617
"3061",56,0,0.393478731693787,0.393478731693787,0.793702358762529
"3062",58,0,0.228404788790698,0.228404788790698,0.468014663199382
"3063",58,1,0.444537806102654,-0.00542016893406524,0.444537806102654
"3064",56,1,0.744830503209119,0.291234869445163,0.744830503209119
"3065",50,0,0.979518419024913,0.979518419024913,0.757143603754382
"3066",54,0,0.588400116951341,0.588400116951341,0.8872454851625
"3067",58,0,0.0709151573812657,0.0709151573812657,0.44532898362139
"3068",56,0,0.617994929932157,0.617994929932157,0.805027396524406
"3069",60,0,0.332178346588269,0.332178346588269,0.739992977983931
"3070",60,1,0.719910573050309,0.186361282330803,0.719910573050309
"3071",54,1,0.289679765737202,0.529405472630746,0.289679765737202
"3072",50,1,0.797982921852357,0.947540754165981,0.797982921852357
"3073",54,0,0.276642294666543,0.276642294666543,0.616415809869946
"3074",58,0,0.259290255243921,0.259290255243921,1.21960390934746
"3075",60,0,0.165525983142868,0.165525983142868,0.586153636921787
"3076",58,1,0.198897320570832,0.237052503162494,0.198897320570832
"3077",56,0,0.100966595668382,0.100966595668382,0.553935457925837
"3078",58,1,0.282303912650272,0.529848664511459,0.282303912650272
"3079",58,0,-0.154216265879606,-0.154216265879606,0.611519469261488
"3080",58,1,0.187276904752432,0.0754400671631028,0.187276904752432
"3081",58,1,0.324243429491395,0.407009537638968,0.324243429491395
"3082",54,1,0.831892735342306,0.987156080849905,0.831892735342306
"3083",54,0,0.295231403174111,0.295231403174111,0.819008069739388
"3084",58,0,0.240350450918831,0.240350450918831,0.827187400995104
"3085",54,0,0.619682391835382,0.619682391835382,0.614662668824489
"3086",56,0,0.441446665504801,0.441446665504801,0.732013209822131
"3087",50,1,0.792578656908322,1.5883105579631,0.792578656908322
"3088",58,1,0.292101180588755,0.0700006720955647,0.292101180588755
"3089",50,0,0.808953181353175,0.808953181353175,1.07270664695392
"3090",52,0,0.823196405543926,0.823196405543926,1.21755673572726
"3091",54,1,0.729349191914533,1.17955656427348,0.729349191914533
"3092",56,0,0.258441379980593,0.258441379980593,0.0504972871149387
"3093",56,1,0.900807825827973,0.206362111214461,0.900807825827973
"3094",58,1,0.448113668281318,-0.00116437917387857,0.448113668281318
"3095",54,1,0.552161819849761,0.705493130515784,0.552161819849761
"3096",56,1,0.517790350679415,0.292276728777348,0.517790350679415
"3097",58,1,0.7298311960232,0.139923094582319,0.7298311960232
"3098",52,1,0.668080520773917,0.584403832620012,0.668080520773917
"3099",56,1,0.524005084645839,0.262209069283611,0.524005084645839
"3100",58,0,0.309228645345774,0.309228645345774,0.196078790679835
"3101",54,0,0.587021532497768,0.587021532497768,0.216562996715234
"3102",50,1,1.12393652824337,0.932816077407974,1.12393652824337
"3103",56,1,1.05578273645024,0.444396258790648,1.05578273645024
"3104",52,0,0.569442162527841,0.569442162527841,1.03774990164235
"3105",60,1,0.0775479710576623,-0.146881658257731,0.0775479710576623
"3106",52,1,0.628701811057695,0.942012969484772,0.628701811057695
"3107",56,0,0.76868516980209,0.76868516980209,0.636680628736358
"3108",54,1,0.583187994584492,0.602073471070178,0.583187994584492
"3109",58,0,0.110036136362361,0.110036136362361,0.72039481369632
"3110",60,1,0.993912354712338,-0.0959000568823579,0.993912354712338
"3111",56,1,0.655907457576108,0.197786560694105,0.655907457576108
"3112",50,0,0.662165901264716,0.662165901264716,1.17582204926182
"3113",60,0,-0.186833510772458,-0.186833510772458,0.781618542963141
"3114",54,0,0.107622265236628,0.107622265236628,0.952222010982507
"3115",56,1,0.275227286069216,0.80533093664934,0.275227286069216
"3116",50,0,1.07038615968534,1.07038615968534,0.936500232823908
"3117",52,0,1.0073839874199,1.0073839874199,0.889845214287673
"3118",58,1,0.611005192327749,0.280565618851444,0.611005192327749
"3119",54,0,0.554735628344267,0.554735628344267,0.631369016710455
"3120",56,0,0.285162879767515,0.285162879767515,0.432211402561721
"3121",56,1,0.452985805858717,0.629324817632331,0.452985805858717
"3122",50,1,0.843076200462845,1.17117515955659,0.843076200462845
"3123",54,0,0.412821749769057,0.412821749769057,0.946481159244751
"3124",54,0,0.555788632667798,0.555788632667798,0.999151635368816
"3125",54,1,0.660923345796828,0.247714781482536,0.660923345796828
"3126",54,0,0.344974972874679,0.344974972874679,0.963845722923788
"3127",58,0,0.188710479069559,0.188710479069559,1.2758442623439
"3128",60,1,0.538653395554585,0.683569768253184,0.538653395554585
"3129",52,1,0.820609033259348,0.96222816142878,0.820609033259348
"3130",58,0,0.45056154519985,0.45056154519985,0.470556961044835
"3131",50,0,1.38431185372458,1.38431185372458,1.34789075884672
"3132",60,0,0.00305016955734491,0.00305016955734491,0.458412155763929
"3133",60,0,-0.358356907436568,-0.358356907436568,0.100667949557151
"3134",58,1,0.292051204058069,0.245649026115037,0.292051204058069
"3135",56,0,0.241536209188795,0.241536209188795,0.423947183824529
"3136",52,0,0.485398495432751,0.485398495432751,0.656190433440276
"3137",58,1,0.584496398340321,-0.189033029169447,0.584496398340321
"3138",58,1,0.450732875724163,0.119126648606276,0.450732875724163
"3139",54,0,1.03951969816056,1.03951969816056,0.496313345203767
"3140",58,0,0.479734886897326,0.479734886897326,0.250201737074613
"3141",56,0,0.593167766472165,0.593167766472165,0.308580307958663
"3142",56,0,0.322382230854925,0.322382230854925,0.375698238593105
"3143",50,1,0.867385183844574,0.93300585268057,0.867385183844574
"3144",60,0,0.216389015852796,0.216389015852796,0.142130605456805
"3145",56,0,0.395071853498576,0.395071853498576,0.388677449152387
"3146",56,1,0.694913448169576,0.175199039982324,0.694913448169576
"3147",56,0,0.299852537672462,0.299852537672462,0.355437735186391
"3148",60,1,0.940897794000228,0.0886042424986947,0.940897794000228
"3149",52,0,1.12326495414726,1.12326495414726,0.859307088689505
"3150",54,1,0.861556988824805,0.65556532546726,0.861556988824805
"3151",52,0,0.832653322362569,0.832653322362569,0.76541867951547
"3152",54,0,-0.0291701685413788,-0.0291701685413788,0.551469631408312
"3153",60,0,0.130158887707887,0.130158887707887,0.818085558722877
"3154",58,0,0.372153586442462,0.372153586442462,0.814828919674852
"3155",56,0,0.622327419797884,0.622327419797884,0.526565952806458
"3156",56,0,0.442720020439977,0.442720020439977,0.708824767675299
"3157",54,1,0.0738817089600707,0.555598589393366,0.0738817089600707
"3158",50,0,1.3956011059156,1.3956011059156,1.20029466135475
"3159",56,0,0.229970671875894,0.229970671875894,0.371874241113803
"3160",52,0,0.739807473579505,0.739807473579505,1.02852220631551
"3161",50,0,0.860932900562134,0.860932900562134,0.881423122814623
"3162",52,0,0.912355025040823,0.912355025040823,0.707292819729584
"3163",58,1,0.252776490533806,0.388692638811801,0.252776490533806
"3164",56,0,0.121888134847525,0.121888134847525,0.949993044733442
"3165",50,0,0.825517998890206,0.825517998890206,0.647347062032169
"3166",52,0,0.710287995606012,0.710287995606012,0.923315753038199
"3167",52,0,0.820619496028364,0.820619496028364,0.676450158742696
"3168",54,0,0.47175510044754,0.47175510044754,0.212577228115775
"3169",58,0,-0.0904922135959729,-0.0904922135959729,0.531823395954509
"3170",58,1,0.534953529047885,0.51692704157641,0.534953529047885
"3171",58,0,0.297430360010798,0.297430360010798,0.621981217046203
"3172",50,1,0.8067525288253,1.33291361902906,0.8067525288253
"3173",50,0,0.841885456966776,0.841885456966776,1.07032548953617
"3174",52,0,1.27402158905757,1.27402158905757,1.36772873142601
"3175",58,0,0.0360643067520817,0.0360643067520817,0.254456125899952
"3176",58,0,0.147978894938015,0.147978894938015,0.719980316736932
"3177",56,0,0.536368554504027,0.536368554504027,0.463578304793961
"3178",52,1,0.95116170337274,0.735471250038841,0.95116170337274
"3179",54,1,1.32066736533173,0.679496933986521,1.32066736533173
"3180",58,0,0.157819677122607,0.157819677122607,0.612879462654417
"3181",52,1,1.02553992974481,0.74535803221308,1.02553992974481
"3182",58,0,0.418445398330448,0.418445398330448,1.16994000505055
"3183",52,1,0.776384424278011,0.611576943830826,0.776384424278011
"3184",54,0,0.856646422164943,0.856646422164943,0.437738891995046
"3185",56,1,0.567250983160041,0.613357163743277,0.567250983160041
"3186",54,0,0.583494682857088,0.583494682857088,0.67391320360911
"3187",58,1,0.00648006995620765,0.0664050799319919,0.00648006995620765
"3188",56,0,0.63969955265507,0.63969955265507,0.40202662090156
"3189",50,0,1.00160182559817,1.00160182559817,1.21907997463315
"3190",52,0,0.644213865061467,0.644213865061467,0.810535095818886
"3191",52,1,0.579315276428361,1.17586154604077,0.579315276428361
"3192",58,1,0.746509587193321,0.392903679271156,0.746509587193321
"3193",60,1,0.641847317594997,0.253540489292063,0.641847317594997
"3194",58,1,0.432595606707084,0.0396850338152851,0.432595606707084
"3195",52,0,0.793017395876987,0.793017395876987,0.964156693523611
"3196",58,0,0.385386187186962,0.385386187186962,0.654856445696383
"3197",50,0,1.35516442480251,1.35516442480251,1.14904996178069
"3198",56,1,0.178849475651923,0.376957464021064,0.178849475651923
"3199",56,0,0.541942037727623,0.541942037727623,0.716603161375036
"3200",52,0,1.27099764331932,1.27099764331932,1.13207111498168
"3201",56,0,0.334010508813382,0.334010508813382,0.52932044738053
"3202",60,0,0.0890093186806399,0.0890093186806399,0.30140224017997
"3203",56,0,0.620691597569821,0.620691597569821,0.52001459531716
"3204",60,0,-0.28386921756676,-0.28386921756676,0.346631748408881
"3205",52,1,0.546025104470574,1.05749740063199,0.546025104470574
"3206",54,1,0.930080198854469,0.76669791081356,0.930080198854469
"3207",56,1,0.207983061514426,0.455707111790225,0.207983061514426
"3208",52,0,1.03602723935008,1.03602723935008,1.16498242201968
"3209",54,0,0.888128408565624,0.888128408565624,0.636795079559806
"3210",56,1,0.534692985120325,0.959912062471332,0.534692985120325
"3211",58,1,0.541717624952227,0.232660655770426,0.541717624952227
"3212",54,0,0.869784239893416,0.869784239893416,0.722244472481553
"3213",56,0,0.0468236192262064,0.0468236192262064,0.696811160920423
"3214",54,0,0.736121178319097,0.736121178319097,0.560246788716918
"3215",58,1,0.0494751778012406,0.210252142007705,0.0494751778012406
"3216",56,0,0.210048008449331,0.210048008449331,0.89373269179498
"3217",56,0,0.57445353365489,0.57445353365489,0.453148492637585
"3218",54,0,0.04625602905852,0.04625602905852,0.899064197143491
"3219",56,0,0.617619382003324,0.617619382003324,1.05389327955827
"3220",56,0,0.661929615029532,0.661929615029532,1.01654869412794
"3221",58,0,0.099035846568848,0.099035846568848,0.526677100302991
"3222",58,0,-0.0118321484512686,-0.0118321484512686,0.670610166189264
"3223",50,0,1.28903207762598,1.28903207762598,1.02009097979354
"3224",52,0,0.855093443793479,0.855093443793479,1.12313567247239
"3225",56,0,0.515409551822014,0.515409551822014,0.406548219269658
"3226",60,0,0.245298286217526,0.245298286217526,0.659776387557259
"3227",50,0,0.692561987786811,0.692561987786811,0.852117122746119
"3228",56,0,0.0930768468087307,0.0930768468087307,0.487743171725424
"3229",56,1,0.569960715946842,0.773957763118517,0.569960715946842
"3230",60,0,-0.0516669731472202,-0.0516669731472202,0.283580161139887
"3231",60,0,-0.258507858551415,-0.258507858551415,0.567513558656953
"3232",50,1,1.14434890417113,1.31734375423958,1.14434890417113
"3233",54,0,1.10260316189051,1.10260316189051,0.886210330659566
"3234",58,1,0.138548954002676,0.314168548357553,0.138548954002676
"3235",52,1,1.11752546478497,0.400174862572166,1.11752546478497
"3236",54,1,0.556646741168903,0.0705077886279251,0.556646741168903
"3237",54,1,0.68448742940422,0.573265520562849,0.68448742940422
"3238",56,1,0.56619569412116,0.348576045979728,0.56619569412116
"3239",60,0,0.480027395095202,0.480027395095202,0.031730253732598
"3240",56,0,0.0495841968552693,0.0495841968552693,0.659243985453456
"3241",56,1,0.677780994685822,0.0278341316521761,0.677780994685822
"3242",56,1,0.60493267767169,0.543741811432562,0.60493267767169
"3243",56,0,0.194220318425766,0.194220318425766,0.502484756554606
"3244",50,0,0.9859378665493,0.9859378665493,0.894936046710919
"3245",52,1,0.937876400356393,0.461819452154412,0.937876400356393
"3246",54,0,0.43159308818571,0.43159308818571,0.514651009466057
"3247",52,0,1.22311865404062,1.22311865404062,0.748871126345356
"3248",56,0,0.634527169630616,0.634527169630616,0.676614034018878
"3249",54,0,0.912683744751555,0.912683744751555,0.79085575470476
"3250",58,1,0.238071984086448,0.292760148979001,0.238071984086448
"3251",50,0,1.01200419570313,1.01200419570313,1.22803996311079
"3252",54,0,0.990917270603669,0.990917270603669,0.543016356742295
"3253",58,1,0.772944353086436,0.0349695062912143,0.772944353086436
"3254",56,1,0.216666575068895,0.481000237562506,0.216666575068895
"3255",54,0,0.860286169332201,0.860286169332201,0.419375609937573
"3256",54,1,0.64998908091172,0.704828370862726,0.64998908091172
"3257",50,0,1.32651330161516,1.32651330161516,0.683067410287122
"3258",56,1,0.347301365237258,0.0390129561396574,0.347301365237258
"3259",54,0,0.321339938550213,0.321339938550213,0.959205927564169
"3260",52,0,0.827601457802831,0.827601457802831,0.913788630646966
"3261",54,0,0.481079241388352,0.481079241388352,0.536782227145948
"3262",50,0,1.23228601544383,1.23228601544383,1.48303007712947
"3263",50,1,0.769953815846177,0.528177030807004,0.769953815846177
"3264",52,1,0.830125311228764,0.879374948465482,0.830125311228764
"3265",60,0,0.130062587281107,0.130062587281107,0.589933934287207
"3266",50,0,1.32168251943675,1.32168251943675,0.375214184197785
"3267",52,0,0.526715739002338,0.526715739002338,0.353473864933559
"3268",60,0,-0.120071008982986,-0.120071008982986,0.451480002854955
"3269",50,0,0.98989115953797,0.98989115953797,0.958221843443593
"3270",60,1,0.379363500144427,0.110055500203778,0.379363500144427
"3271",56,0,0.273667296516913,0.273667296516913,0.211282525463235
"3272",50,1,0.763156360802994,0.618105105091654,0.763156360802994
"3273",58,0,0.0879206345628546,0.0879206345628546,0.186139687282094
"3274",56,0,0.735442996253968,0.735442996253968,0.748302771105223
"3275",54,1,0.686334390552218,0.61705224945048,0.686334390552218
"3276",58,0,0.374278123464439,0.374278123464439,0.501510864862702
"3277",56,0,0.335891725102666,0.335891725102666,0.891471743614557
"3278",50,1,0.768669706463756,0.772403258652904,0.768669706463756
"3279",52,0,0.64936446861122,0.64936446861122,0.631982625389289
"3280",54,0,0.418491314002237,0.418491314002237,-0.047963545955534
"3281",58,0,0.427877015268527,0.427877015268527,0.617685923578891
"3282",54,0,0.638500610913584,0.638500610913584,0.567311528546289
"3283",56,0,-0.00871363500823064,-0.00871363500823064,0.0359699209247836
"3284",56,1,0.840812172295207,0.675242939934646,0.840812172295207
"3285",56,1,0.378500200125271,0.61206952689767,0.378500200125271
"3286",56,0,0.174843039931605,0.174843039931605,0.35568687529471
"3287",58,0,0.256599616099203,0.256599616099203,1.1017026396639
"3288",56,0,0.739593103302041,0.739593103302041,0.606560218985403
"3289",58,0,0.0177855171127674,0.0177855171127674,0.518624796483282
"3290",60,0,-0.0592122138264645,-0.0592122138264645,0.465892174409686
"3291",52,0,0.998196141636245,0.998196141636245,1.17333041149158
"3292",58,0,0.304839339548714,0.304839339548714,0.645502343315803
"3293",56,0,0.209289266542505,0.209289266542505,0.550556949645694
"3294",54,0,0.552349782236391,0.552349782236391,0.217822679915847
"3295",52,1,1.12420619295835,0.858882779540749,1.12420619295835
"3296",58,1,0.209110221880271,0.162671440147802,0.209110221880271
"3297",60,0,-0.428262267181344,-0.428262267181344,0.783035910815232
"3298",58,0,-0.14907268817684,-0.14907268817684,0.547999622054279
"3299",56,0,0.395658730660308,0.395658730660308,0.930636936025196
"3300",58,0,-0.670595227524944,-0.670595227524944,0.442968539374153
"3301",54,0,0.590774101364077,0.590774101364077,0.960291266868033
"3302",54,0,0.284077115026298,0.284077115026298,0.990453961593394
"3303",54,0,0.686286689055272,0.686286689055272,0.606591315729962
"3304",50,0,0.725239649730445,0.725239649730445,0.547323072728943
"3305",54,0,0.40481701136916,0.40481701136916,0.617942695952273
"3306",60,0,0.349982814203524,0.349982814203524,-0.0380686389039886
"3307",52,0,0.424234376904255,0.424234376904255,0.700146334789261
"3308",58,1,0.796109003685651,0.178506509649761,0.796109003685651
"3309",56,0,0.493892132282061,0.493892132282061,0.180084906423082
"3310",60,0,-0.084340469297012,-0.084340469297012,0.515108920355453
"3311",58,1,0.0840153548805806,0.33621682303965,0.0840153548805806
"3312",60,1,0.315940883301335,0.133846549657066,0.315940883301335
"3313",54,0,0.541264795701252,0.541264795701252,0.536975762743751
"3314",56,0,0.43263471771118,0.43263471771118,0.437468131931608
"3315",52,0,0.849638855519475,0.849638855519475,0.777345774528729
"3316",58,0,0.142102254892268,0.142102254892268,0.435058712157596
"3317",50,1,1.11198668102187,0.745696253963108,1.11198668102187
"3318",58,1,0.266977492818268,0.515288304872781,0.266977492818268
"3319",58,0,0.0931325717310099,0.0931325717310099,1.04566720253802
"3320",58,0,0.340778661725834,0.340778661725834,0.395528563057656
"3321",56,1,0.252869343880753,0.145532303135736,0.252869343880753
"3322",58,0,0.262695514088449,0.262695514088449,0.519090317595829
"3323",54,0,0.997215677707814,0.997215677707814,0.533185595723038
"3324",60,0,0.00591201366192797,0.00591201366192797,0.610364383871244
"3325",52,1,0.862042101275586,0.166335032310303,0.862042101275586
"3326",52,0,1.31725533831217,1.31725533831217,0.642552693135639
"3327",56,0,0.727474125139939,0.727474125139939,0.534587119233295
"3328",50,0,0.494006788269422,0.494006788269422,0.676775247743657
"3329",50,0,0.664043428679843,0.664043428679843,1.2928490856768
"3330",54,0,0.396606827556231,0.396606827556231,0.764162804176651
"3331",50,0,1.35592202076647,1.35592202076647,0.974029019355191
"3332",58,0,0.154446105844422,0.154446105844422,0.209363274337877
"3333",50,0,0.886373350676232,0.886373350676232,0.671325936422602
"3334",54,1,0.628231578871627,0.388837038661002,0.628231578871627
"3335",54,0,0.713017301461047,0.713017301461047,0.980625138249444
"3336",54,0,0.593868241476662,0.593868241476662,0.769651466699677
"3337",58,0,-0.0426647622212798,-0.0426647622212798,0.576507190868002
"3338",56,0,0.451049487493957,0.451049487493957,0.581425742706772
"3339",58,0,-0.210748773607951,-0.210748773607951,0.4949906499225
"3340",52,1,0.788801161528165,0.904740617243867,0.788801161528165
"3341",52,0,0.592189149786282,0.592189149786282,0.999321784299729
"3342",54,0,0.582122462282632,0.582122462282632,1.0367474255238
"3343",60,0,0.101963023307055,0.101963023307055,0.667976883308044
"3344",54,0,0.671862034270895,0.671862034270895,0.726851959092326
"3345",52,0,0.898450298034159,0.898450298034159,0.937535078830459
"3346",52,0,0.975162023921412,0.975162023921412,0.662814316092567
"3347",54,1,0.858977635752087,1.02237625697674,0.858977635752087
"3348",60,0,0.0379708035609632,0.0379708035609632,0.0924854144601414
"3349",52,0,1.28251745954376,1.28251745954376,0.78509346298867
"3350",50,0,0.738269620315675,0.738269620315675,0.992820046971037
"3351",56,0,0.521579938383736,0.521579938383736,0.42194009883051
"3352",58,0,0.0295235370168653,0.0295235370168653,0.586219700565624
"3353",50,0,1.04952257428288,1.04952257428288,1.02855016360678
"3354",50,0,1.16473086328837,1.16473086328837,1.04451809643136
"3355",58,1,0.469580169616138,0.131144708763533,0.469580169616138
"3356",50,0,0.851497423926469,0.851497423926469,0.636343156187834
"3357",58,1,0.306363720095796,-0.317004377460803,0.306363720095796
"3358",58,1,0.437625838928978,0.0243862865415586,0.437625838928978
"3359",58,0,0.134714927576163,0.134714927576163,0.573140233359397
"3360",56,1,0.488438819137818,0.50389362145189,0.488438819137818
"3361",54,0,0.971116198428689,0.971116198428689,0.820400164660309
"3362",58,1,0.349997112155979,-0.168371160604556,0.349997112155979
"3363",58,0,0.403622076407344,0.403622076407344,0.511987997313292
"3364",58,0,0.62861378663797,0.62861378663797,0.407551287878377
"3365",56,1,0.814392975458609,0.288253000368174,0.814392975458609
"3366",56,0,0.214959442638258,0.214959442638258,0.628306356341747
"3367",58,1,0.83893819467243,0.254310983962812,0.83893819467243
"3368",54,0,0.229025769504892,0.229025769504892,0.898646822375812
"3369",56,0,0.588877725071162,0.588877725071162,0.255007420483975
"3370",56,1,0.0518733310556503,0.549241080740634,0.0518733310556503
"3371",56,0,0.825269440754666,0.825269440754666,0.675379814833272
"3372",50,0,0.759491711415634,0.759491711415634,1.02277877816345
"3373",50,1,0.864510336196948,1.00039614762672,0.864510336196948
"3374",50,1,1.02617396213213,1.03517266981794,1.02617396213213
"3375",52,0,0.92371501894172,0.92371501894172,1.0066045847674
"3376",52,0,0.803477373423974,0.803477373423974,0.378101531399666
"3377",58,0,0.079193615311131,0.079193615311131,0.421515927587307
"3378",56,0,0.886153913934741,0.886153913934741,0.798635629911133
"3379",56,0,0.383237551683529,0.383237551683529,0.733657783693489
"3380",56,0,0.202844211818638,0.202844211818638,0.196834821629777
"3381",52,1,1.07298000600914,0.680962477146813,1.07298000600914
"3382",56,1,0.75739354094821,0.426015725095202,0.75739354094821
"3383",52,0,0.993183308450273,0.993183308450273,0.918992213487047
"3384",54,0,0.534744170181807,0.534744170181807,0.298150117844547
"3385",52,1,1.07723586631564,0.800384510134501,1.07723586631564
"3386",58,0,0.200626301417656,0.200626301417656,0.802602359205803
"3387",60,0,-0.291963165648483,-0.291963165648483,0.341594744703976
"3388",54,1,0.312640973337434,0.554325505335962,0.312640973337434
"3389",54,0,0.706929056458823,0.706929056458823,0.699139398371444
"3390",52,0,0.6236890005917,0.6236890005917,0.875121747023603
"3391",52,0,0.608992239080219,0.608992239080219,0.689431039703937
"3392",58,0,0.183713644922592,0.183713644922592,0.890853892174795
"3393",50,0,0.153604955529835,0.153604955529835,0.596562168394887
"3394",50,0,1.12020323404419,1.12020323404419,0.780189171715027
"3395",50,0,1.31120217190526,1.31120217190526,1.02700330030921
"3396",56,0,0.690386629507474,0.690386629507474,0.823559346398527
"3397",58,1,0.959602489408627,0.0377081201929708,0.959602489408627
"3398",56,0,0.409288978360587,0.409288978360587,0.549824712202291
"3399",52,0,0.440263675274766,0.440263675274766,0.755661883610371
"3400",58,0,0.10766524691824,0.10766524691824,0.0355693445474481
"3401",60,0,0.0300520960682583,0.0300520960682583,0.185686277735436
"3402",50,0,0.907364560063694,0.907364560063694,0.872672779942555
"3403",54,0,0.170378120611778,0.170378120611778,0.388751299578625
"3404",56,0,0.33923853169828,0.33923853169828,0.523480502838475
"3405",50,0,1.06367888186604,1.06367888186604,1.21589970918083
"3406",58,0,0.226730171484208,0.226730171484208,0.514411074287843
"3407",60,0,0.315523663554801,0.315523663554801,0.651058860028723
"3408",52,0,0.520574415296624,0.520574415296624,0.812424536093777
"3409",52,0,1.15357781377217,1.15357781377217,0.822579876842205
"3410",60,1,0.837751806558935,0.0424580750365703,0.837751806558935
"3411",54,0,0.301403521863368,0.301403521863368,0.92554908554809
"3412",56,1,0.792210297019469,0.338770419279302,0.792210297019469
"3413",56,0,0.351400537995427,0.351400537995427,0.23042741701798
"3414",60,0,-0.127839477390537,-0.127839477390537,0.137892828916758
"3415",54,0,0.511026246681874,0.511026246681874,1.05117718344218
"3416",54,0,1.05166169961156,1.05166169961156,0.473383556124948
"3417",50,1,1.48631848911221,1.26028291132139,1.48631848911221
"3418",56,1,0.73610208178481,0.495810136423022,0.73610208178481
"3419",50,1,0.901815614863913,0.778625521073183,0.901815614863913
"3420",52,0,0.5163445694646,0.5163445694646,0.533329943824461
"3421",60,0,-0.298688818410538,-0.298688818410538,0.74092620590131
"3422",60,1,0.334885968387505,0.061857037070352,0.334885968387505
"3423",52,0,0.598328664770483,0.598328664770483,0.861202560212271
"3424",54,0,0.624411415276765,0.624411415276765,0.923138060662037
"3425",58,1,0.129985149171671,0.316284906699295,0.129985149171671
"3426",58,1,0.377807062292446,0.298886483424078,0.377807062292446
"3427",60,0,0.0843962958369132,0.0843962958369132,0.567894542713341
"3428",56,1,1.08942753453831,0.412235243192438,1.08942753453831
"3429",52,1,1.05615976038183,0.936552138639417,1.05615976038183
"3430",56,0,0.21822468820901,0.21822468820901,0.552022761599299
"3431",52,0,0.645689397816398,0.645689397816398,0.77310021093986
"3432",60,1,0.519254856982441,0.101016625013496,0.519254856982441
"3433",50,1,1.16040853369287,0.712974714817416,1.16040853369287
"3434",56,0,0.856832752208459,0.856832752208459,0.777071770698072
"3435",60,1,0.449102873601678,0.395207317595003,0.449102873601678
"3436",52,0,0.646843496525799,0.646843496525799,1.1205278701864
"3437",52,0,1.07758880830891,1.07758880830891,0.811259738030789
"3438",52,1,0.460465719044211,0.869119975306564,0.460465719044211
"3439",54,0,0.859622593959075,0.859622593959075,0.89666042459257
"3440",54,1,0.509962133439701,0.341130921992296,0.509962133439701
"3441",50,0,0.767218888089295,0.767218888089295,1.68011873579678
"3442",60,1,0.837932972117165,-0.0134614282029896,0.837932972117165
"3443",58,0,0.889321218572986,0.889321218572986,0.446027136434556
"3444",50,1,0.807546277085555,0.579548915356256,0.807546277085555
"3445",60,1,0.30096850698394,-0.111612341047806,0.30096850698394
"3446",54,1,0.741384601746117,0.916184120725316,0.741384601746117
"3447",56,0,0.649970518390321,0.649970518390321,1.31871662884603
"3448",60,1,0.613709456058226,-0.365667631423432,0.613709456058226
"3449",54,0,1.2114228690404,1.2114228690404,0.721235138494776
"3450",56,1,0.774917541909801,0.608845862560184,0.774917541909801
"3451",50,0,1.10391992706643,1.10391992706643,0.843299019483776
"3452",58,0,0.237477404383264,0.237477404383264,0.553135031534946
"3453",60,1,0.722720926492541,0.032528885251341,0.722720926492541
"3454",60,1,0.53470867897685,0.0354811827423014,0.53470867897685
"3455",58,1,0.256867975344792,-0.12980610165945,0.256867975344792
"3456",58,0,0.672548307691232,0.672548307691232,0.648410280600409
"3457",54,0,0.624937319464723,0.624937319464723,0.459505252486554
"3458",58,0,0.296238898899659,0.296238898899659,0.801871459293638
"3459",58,0,-0.0565323400182039,-0.0565323400182039,0.842849740829169
"3460",50,1,1.17672683465478,0.723663416700598,1.17672683465478
"3461",60,1,0.661613935544187,-0.263033775062752,0.661613935544187
"3462",50,0,0.938967797326606,0.938967797326606,0.807256728903123
"3463",54,0,0.663286892607963,0.663286892607963,0.429550063893159
"3464",52,1,0.605052404477492,0.852989445140097,0.605052404477492
"3465",52,0,0.467918206195112,0.467918206195112,1.08316451722289
"3466",56,1,0.572011952704331,0.518625497839885,0.572011952704331
"3467",58,0,-0.0088983237169695,-0.0088983237169695,-0.0767112976910506
"3468",54,0,0.618179268343555,0.618179268343555,0.477415652473538
"3469",58,1,0.609174147817291,0.428997394289733,0.609174147817291
"3470",58,0,0.0300071455615943,0.0300071455615943,0.0578205842420428
"3471",54,0,0.465308256231132,0.465308256231132,0.903719006703229
"3472",56,1,0.705113987302326,0.684867482220794,0.705113987302326
"3473",60,1,0.849388961594618,-0.227282867117449,0.849388961594618
"3474",52,1,0.981037946903583,0.648536432275461,0.981037946903583
"3475",50,0,1.12906153918179,1.12906153918179,1.29593427670282
"3476",54,1,0.647146910785092,0.570722230463089,0.647146910785092
"3477",54,1,0.930895394226333,0.916278330649875,0.930895394226333
"3478",50,0,1.06943533150711,1.06943533150711,0.953606498193525
"3479",58,1,0.592725914690488,-0.0687445221487476,0.592725914690488
"3480",60,0,-0.0145013875079669,-0.0145013875079669,0.0571744135866817
"3481",60,0,0.284618580311247,0.284618580311247,0.496194257512829
"3482",50,1,0.966720242973737,0.52198402663992,0.966720242973737
"3483",58,0,0.16216967860027,0.16216967860027,0.645500401949099
"3484",58,1,0.567233556421817,0.15584711034873,0.567233556421817
"3485",56,1,0.898079892085804,0.229044739794829,0.898079892085804
"3486",58,1,1.01015028492813,0.0260016480449371,1.01015028492813
"3487",58,1,0.636924381073086,0.521699933912323,0.636924381073086
"3488",60,1,0.211179407242451,-0.0223975175491574,0.211179407242451
"3489",58,1,0.380532696655048,-0.191171834971809,0.380532696655048
"3490",56,0,0.182773757517641,0.182773757517641,0.232201936477158
"3491",54,1,0.847046239338883,1.17424296266628,0.847046239338883
"3492",52,1,0.827766109339348,0.596652051686077,0.827766109339348
"3493",52,1,0.605710322518132,0.561448682994531,0.605710322518132
"3494",58,0,-0.0666717161180234,-0.0666717161180234,0.407605449271786
"3495",58,0,0.0764950030264752,0.0764950030264752,0.654255531019797
"3496",56,0,0.215359257687566,0.215359257687566,0.276259964478511
"3497",54,0,0.73314643290726,0.73314643290726,0.948870122816862
"3498",52,0,0.920885123119487,0.920885123119487,0.870826074793483
"3499",54,0,0.885433225025945,0.885433225025945,0.590772496026208
"3500",56,0,0.450185523977764,0.450185523977764,0.392421667373274
"3501",56,0,0.575798261815169,0.575798261815169,0.385524076524461
"3502",58,1,0.366987135718517,0.32743429258662,0.366987135718517
"3503",56,0,-0.135428313336416,-0.135428313336416,1.0212342509446
"3504",56,0,0.366965214577983,0.366965214577983,0.580628668480199
"3505",50,0,0.970735416728605,0.970735416728605,0.722260394194038
"3506",58,1,0.151975899956008,0.569709039223164,0.151975899956008
"3507",54,0,0.378350168007088,0.378350168007088,0.822984275669976
"3508",54,1,0.661136717944289,0.588383170257846,0.661136717944289
"3509",58,1,0.673365484918185,-0.0493109634864265,0.673365484918185
"3510",58,1,0.707136850236562,-0.0711282123295663,0.707136850236562
"3511",58,0,-0.0259448393171587,-0.0259448393171587,0.608513926969277
"3512",54,1,0.88663362864587,0.196279017871998,0.88663362864587
"3513",52,0,0.704929206840328,0.704929206840328,0.885416486373806
"3514",52,1,0.930379928999878,0.634558242388001,0.930379928999878
"3515",52,0,0.829807507754155,0.829807507754155,0.927441649240956
"3516",52,0,0.834661284130691,0.834661284130691,0.827720834107762
"3517",50,0,1.27972283815075,1.27972283815075,1.15305699795843
"3518",60,1,0.749591713491246,0.0584424720299282,0.749591713491246
"3519",58,0,0.409259842683287,0.409259842683287,0.901724275658562
"3520",54,0,0.745082237760356,0.745082237760356,0.771639857859389
"3521",56,0,0.523892993821355,0.523892993821355,0.348049339107922
"3522",54,1,0.806180480951183,0.709478643183614,0.806180480951183
"3523",58,0,0.147405083666487,0.147405083666487,0.445459162558695
"3524",58,1,0.727707400031219,0.531898620475176,0.727707400031219
"3525",52,1,0.89338601967643,0.838052508180322,0.89338601967643
"3526",54,0,0.513679029158117,0.513679029158117,1.1289016252028
"3527",56,1,0.929092719203604,0.0577309548639503,0.929092719203604
"3528",60,0,0.00175260963418123,0.00175260963418123,0.699253640284207
"3529",58,1,0.232225841999543,0.378812742328215,0.232225841999543
"3530",58,0,-0.138662938902224,-0.138662938902224,0.289614090697247
"3531",54,1,0.72614217057877,0.235869917853741,0.72614217057877
"3532",60,1,0.498633587045806,0.154182471309012,0.498633587045806
"3533",58,0,0.29710295704558,0.29710295704558,0.472612285431621
"3534",58,1,0.576386333880349,0.578117081033952,0.576386333880349
"3535",58,1,0.793916847607904,0.647880807137526,0.793916847607904
"3536",50,0,1.14303959578706,1.14303959578706,1.03698152236616
"3537",50,0,1.08937955886905,1.08937955886905,1.08351615952179
"3538",58,1,0.230766517566846,0.207699584549034,0.230766517566846
"3539",56,0,0.258346561507104,0.258346561507104,0.315229104758563
"3540",58,1,0.181398986287699,-0.0389102237569842,0.181398986287699
"3541",50,0,1.06602689238411,1.06602689238411,0.990633069427802
"3542",52,0,0.620977011157524,0.620977011157524,1.15372570211746
"3543",54,0,0.355384867140169,0.355384867140169,0.551011044678983
"3544",58,0,0.154885605440963,0.154885605440963,0.556342315137695
"3545",52,0,0.279919453215462,0.279919453215462,0.86902378404179
"3546",58,0,0.176256501723704,0.176256501723704,0.751782269741303
"3547",58,0,-0.159288397129906,-0.159288397129906,0.752433668508402
"3548",52,0,0.906783895987691,0.906783895987691,0.48863737340421
"3549",56,0,0.770688466172792,0.770688466172792,0.717887256299721
"3550",50,0,0.853079454315725,0.853079454315725,1.13029366380447
"3551",52,0,0.617771981043812,0.617771981043812,0.591251644128824
"3552",58,0,0.158835509141096,0.158835509141096,0.369348569399421
"3553",54,1,0.833126679391634,0.777667918356021,0.833126679391634
"3554",52,0,0.898950521690324,0.898950521690324,0.723537184903665
"3555",56,1,-0.142496885380573,0.614839872472978,-0.142496885380573
"3556",58,1,0.365615250010103,-0.0103162881132987,0.365615250010103
"3557",52,0,0.894370244376599,0.894370244376599,1.04112344288401
"3558",58,0,-0.0138665942941502,-0.0138665942941502,0.429800260543234
"3559",52,0,1.0415433725854,1.0415433725854,0.799027466754554
"3560",58,1,0.412942311460286,0.0511436078636855,0.412942311460286
"3561",52,0,0.916867381173503,0.916867381173503,0.766781198853305
"3562",56,1,0.33565191464443,0.292193556416696,0.33565191464443
"3563",50,0,0.79565049859567,0.79565049859567,1.37139219257272
"3564",50,0,1.4206047091507,1.4206047091507,1.1577246559504
"3565",52,1,0.911691982114964,0.55126607567527,0.911691982114964
"3566",56,0,0.214810168781452,0.214810168781452,0.318933223973211
"3567",54,1,0.786454406399002,1.062575678924,0.786454406399002
"3568",56,1,0.0888455009212797,0.4015783631045,0.0888455009212797
"3569",50,1,1.59262216451579,1.42930366030538,1.59262216451579
"3570",54,0,0.691378370123213,0.691378370123213,0.432721931359291
"3571",56,1,0.707493243510074,0.642364253012828,0.707493243510074
"3572",54,0,0.770532397520846,0.770532397520846,0.725200784997387
"3573",52,1,1.12443668982206,0.560715258876728,1.12443668982206
"3574",52,1,0.708630082262604,0.829176766371665,0.708630082262604
"3575",56,1,0.218405476947829,0.727871554947165,0.218405476947829
"3576",56,1,1.03654890293538,0.355624456632392,1.03654890293538
"3577",56,1,0.77043522732533,0.427276455240099,0.77043522732533
"3578",50,0,0.718525538785134,0.718525538785134,0.778374084258517
"3579",54,0,0.613513185476819,0.613513185476819,0.821187171643415
"3580",54,0,0.574053111376559,0.574053111376559,0.51957253842285
"3581",50,0,0.915130008614395,0.915130008614395,1.27013442100286
"3582",56,1,0.456643091202437,0.867716969536674,0.456643091202437
"3583",50,0,0.55142707659683,0.55142707659683,0.750623823103985
"3584",50,0,1.02161139285878,1.02161139285878,1.20506271751037
"3585",50,0,0.816694078516132,0.816694078516132,0.862222894050207
"3586",52,0,1.26538120774546,1.26538120774546,1.10265934922701
"3587",60,0,0.159471932815669,0.159471932815669,0.611782760198466
"3588",54,1,0.972285307023642,0.71446179935193,0.972285307023642
"3589",54,0,0.389441557283698,0.389441557283698,0.632473370730961
"3590",58,0,0.031201171341867,0.031201171341867,0.280583151464093
"3591",60,0,-0.0365105682696246,-0.0365105682696246,0.322272515981101
"3592",60,1,0.364543611417093,0.265006475330587,0.364543611417093
"3593",50,0,1.12240015657378,1.12240015657378,0.50343988292549
"3594",54,0,0.485078052167658,0.485078052167658,0.569917561005003
"3595",60,0,-0.16755952928075,-0.16755952928075,0.475848491894199
"3596",52,1,0.866880680320216,0.976288374291434,0.866880680320216
"3597",58,0,0.376385557209057,0.376385557209057,0.421444276449073
"3598",56,0,0.235902438658385,0.235902438658385,0.597473566436396
"3599",52,0,0.825427613850745,0.825427613850745,0.698011932821249
"3600",54,0,0.3685158823958,0.3685158823958,1.0088239914866
"3601",58,0,0.292971231781515,0.292971231781515,0.884021207347392
"3602",56,0,0.950416313157769,0.950416313157769,0.357093986909924
"3603",58,0,0.200810546591438,0.200810546591438,0.338956458524745
"3604",52,0,0.506065302428647,0.506065302428647,0.911538849176643
"3605",54,1,0.756277695149212,0.564420952924558,0.756277695149212
"3606",58,0,0.0547286844144429,0.0547286844144429,0.476237841494772
"3607",60,1,0.690881795809396,-0.052995559616809,0.690881795809396
"3608",50,0,0.922102560743784,0.922102560743784,1.15242912192603
"3609",54,1,0.466201866605029,0.590845296750361,0.466201866605029
"3610",52,0,1.11074925643283,1.11074925643283,0.964392459363937
"3611",60,1,0.385999796420618,0.303479697939302,0.385999796420618
"3612",52,0,0.879432709102445,0.879432709102445,1.12637043483657
"3613",52,0,0.990336854755312,0.990336854755312,0.140858170691293
"3614",58,1,0.270750381341756,0.367428746386359,0.270750381341756
"3615",60,1,0.559890324023719,-0.0869512484318797,0.559890324023719
"3616",56,1,0.181109007351679,0.299982622485739,0.181109007351679
"3617",54,0,0.790961419834583,0.790961419834583,0.45130458422742
"3618",52,0,0.770784753526102,0.770784753526102,1.15509808951436
"3619",56,0,0.246954466825415,0.246954466825415,0.634701216279215
"3620",52,1,0.442940460875177,0.701704268497505,0.442940460875177
"3621",54,1,1.14190179051262,0.678949343209227,1.14190179051262
"3622",60,1,0.736843823723315,-0.041397334021001,0.736843823723315
"3623",54,0,0.682853142733927,0.682853142733927,0.289823510968383
"3624",52,1,0.75999605479676,0.903310558122474,0.75999605479676
"3625",54,1,0.630172381858757,1.01381148757296,0.630172381858757
"3626",58,1,0.624265020184118,-0.204740720753763,0.624265020184118
"3627",58,1,0.70313776615417,0.355027840060362,0.70313776615417
"3628",60,1,1.14472905648731,0.112676967798679,1.14472905648731
"3629",56,1,0.197108676653668,0.458819898066795,0.197108676653668
"3630",52,0,0.479958044277227,0.479958044277227,0.771515852885205
"3631",60,1,0.499144580708076,0.457703759753475,0.499144580708076
"3632",60,1,0.349460452396535,0.193030201743948,0.349460452396535
"3633",56,0,0.207896829203192,0.207896829203192,0.825800298551651
"3634",54,0,0.61251349973688,0.61251349973688,0.860240110347836
"3635",56,0,0.777618119617946,0.777618119617946,0.468673090538782
"3636",60,0,-0.228682805591788,-0.228682805591788,0.491993757029025
"3637",54,0,0.506664371084557,0.506664371084557,0.594475276749407
"3638",54,1,0.267520151414314,0.397968956319845,0.267520151414314
"3639",54,0,0.489818747504844,0.489818747504844,0.848232092227245
"3640",50,0,1.00207696890292,1.00207696890292,1.14997841880009
"3641",56,0,0.574991977308053,0.574991977308053,0.699357007305567
"3642",52,0,1.29987820879109,1.29987820879109,0.862251458118532
"3643",58,0,0.466611257827912,0.466611257827912,0.313711809364703
"3644",52,1,0.0158304959785978,1.17166545220616,0.0158304959785978
"3645",58,0,0.0322604280664082,0.0322604280664082,0.281157526189699
"3646",58,0,0.00704079947347375,0.00704079947347375,0.494752534183321
"3647",58,0,-0.195024186630176,-0.195024186630176,0.263148233246193
"3648",54,0,0.888689223543434,0.888689223543434,1.03347973721067
"3649",60,1,0.427610726702078,0.069316741471821,0.427610726702078
"3650",50,0,1.5600713233083,1.5600713233083,1.02432757237047
"3651",56,1,0.739084821286308,0.686980237067751,0.739084821286308
"3652",58,1,0.870398082466111,0.281030272673856,0.870398082466111
"3653",56,0,0.333845291154301,0.333845291154301,0.787757968070122
"3654",56,0,0.424541317918736,0.424541317918736,-0.205191799388526
"3655",60,0,0.141974469431023,0.141974469431023,0.575277495098561
"3656",54,1,0.727750820300967,0.853264805985341,0.727750820300967
"3657",54,1,0.58238250639238,0.58198343160559,0.58238250639238
"3658",58,1,0.459275627178546,-0.317970751751401,0.459275627178546
"3659",52,1,0.851498285882549,1.44986137920356,0.851498285882549
"3660",60,1,0.490553206398044,0.33744073757753,0.490553206398044
"3661",52,0,1.10498498964418,1.10498498964418,0.526052300786592
"3662",52,1,1.02415450946204,0.587866906988527,1.02415450946204
"3663",52,0,0.752986201868072,0.752986201868072,0.954291516587932
"3664",52,0,0.638140755056078,0.638140755056078,0.523985720531552
"3665",50,0,1.32360825123327,1.32360825123327,0.991827378091212
"3666",50,1,1.04483765643202,1.10507951143088,1.04483765643202
"3667",60,1,0.202538830296161,-0.478565151820456,0.202538830296161
"3668",58,1,0.477235549845355,-0.0620789224271872,0.477235549845355
"3669",52,1,0.446490684776363,0.777101007483403,0.446490684776363
"3670",54,0,0.761816934354997,0.761816934354997,0.538671534263742
"3671",58,1,0.642860247423612,0.0938018312399894,0.642860247423612
"3672",58,0,-0.102934951854907,-0.102934951854907,0.407563457509592
"3673",60,1,0.665004273761504,-0.374276883011402,0.665004273761504
"3674",60,0,-0.199001179768737,-0.199001179768737,0.985258675805361
"3675",54,0,0.485525748920298,0.485525748920298,0.967424987661102
"3676",58,1,0.254848446576567,0.126927800225574,0.254848446576567
"3677",56,0,0.38864238979902,0.38864238979902,0.310143810162608
"3678",52,0,0.822345222551882,0.822345222551882,0.953257403282107
"3679",52,0,0.616832659890055,0.616832659890055,1.16325703572109
"3680",50,0,0.756756201398772,0.756756201398772,0.950645278036567
"3681",60,1,0.953088931752129,-0.289966699331008,0.953088931752129
"3682",60,1,0.65258006993497,-0.412062480065657,0.65258006993497
"3683",52,0,1.29692066786064,1.29692066786064,0.194435416186332
"3684",60,1,0.0671749887177484,0.321953315642454,0.0671749887177484
"3685",58,1,0.681708336527174,0.0999063483642614,0.681708336527174
"3686",52,0,0.745161772977414,0.745161772977414,1.03547461818294
"3687",58,0,0.610518387605636,0.610518387605636,0.916299521203213
"3688",60,0,-0.0376498770384645,-0.0376498770384645,0.55932494902315
"3689",58,0,0.24972814407591,0.24972814407591,0.246585648321903
"3690",58,0,0.340957229517908,0.340957229517908,0.73856986246906
"3691",58,1,0.495303557966633,0.619630337711146,0.495303557966633
"3692",58,1,0.521740777941334,0.221244621226741,0.521740777941334
"3693",58,1,0.598660350775655,0.407004999666937,0.598660350775655
"3694",52,0,0.989392684511602,0.989392684511602,0.748178649294984
"3695",58,1,0.400995358033758,0.026359943109051,0.400995358033758
"3696",56,1,0.630451205610895,0.279117616647092,0.630451205610895
"3697",52,1,0.975972485983236,0.954781853798457,0.975972485983236
"3698",54,1,0.700961076947776,0.591642204727124,0.700961076947776
"3699",56,0,-0.233850405257165,-0.233850405257165,0.76277185130575
"3700",58,0,0.521807969794119,0.521807969794119,0.760443099232148
"3701",54,1,0.558537635506269,0.436726410478936,0.558537635506269
"3702",54,0,0.773538593936163,0.773538593936163,0.468975938336221
"3703",60,0,0.484494160723192,0.484494160723192,0.532625284875473
"3704",58,0,0.0760244934530067,0.0760244934530067,0.794846748129828
"3705",58,0,0.409186676184526,0.409186676184526,0.410130328685774
"3706",56,0,0.91807602609135,0.91807602609135,0.726541562830465
"3707",58,1,0.292609273521835,-0.0372848727885324,0.292609273521835
"3708",52,0,0.817840264810551,0.817840264810551,0.744425545911938
"3709",50,1,0.718520036357186,0.516025578684284,0.718520036357186
"3710",58,0,0.0898538553625514,0.0898538553625514,0.701975132412322
"3711",50,1,1.41473174225972,0.747714087405157,1.41473174225972
"3712",56,1,0.551051844067149,0.626688443436281,0.551051844067149
"3713",52,1,0.289147046632322,0.860059071327107,0.289147046632322
"3714",52,0,1.05670567625305,1.05670567625305,0.794318558988985
"3715",52,1,0.921736580215896,0.434225436009471,0.921736580215896
"3716",52,1,0.901559820752792,0.776225100289014,0.901559820752792
"3717",52,0,0.674161167442156,0.674161167442156,0.527732457059694
"3718",52,0,0.419048487167087,0.419048487167087,0.877162371371621
"3719",58,0,0.185927496926987,0.185927496926987,0.415764922358283
"3720",54,0,0.345651980941255,0.345651980941255,0.700566983066721
"3721",54,0,0.258786898435115,0.258786898435115,0.902052547038726
"3722",58,1,0.586182691055489,0.153300258414238,0.586182691055489
"3723",54,0,0.621054055030397,0.621054055030397,0.926520070677672
"3724",58,0,0.379446296197515,0.379446296197515,0.248827535032805
"3725",58,0,0.0573466817280322,0.0573466817280322,0.731956506738418
"3726",54,1,0.488163254721037,0.683371093363765,0.488163254721037
"3727",50,1,0.720844537217685,1.1981293478333,0.720844537217685
"3728",58,1,0.146327835900598,0.290484642620039,0.146327835900598
"3729",54,0,0.606890628353616,0.606890628353616,0.949054525223992
"3730",50,0,0.618771904374215,0.618771904374215,1.15777729862332
"3731",58,0,0.33069935288806,0.33069935288806,0.392137758940499
"3732",58,0,0.276827452435521,0.276827452435521,0.315613265353954
"3733",58,0,0.159890830105757,0.159890830105757,0.549539435911538
"3734",60,1,0.150538964791804,0.0112671877029508,0.150538964791804
"3735",54,1,0.979013697868479,0.454340475080671,0.979013697868479
"3736",58,1,0.300769302287293,0.419864537134304,0.300769302287293
"3737",54,0,0.62281961833453,0.62281961833453,0.751144184230815
"3738",52,0,0.777187575039861,0.777187575039861,0.422584432445848
"3739",54,1,0.503253744104763,1.10511576626699,0.503253744104763
"3740",52,1,0.805382029435894,0.69588668554159,0.805382029435894
"3741",54,1,0.398923494478682,0.743961952285129,0.398923494478682
"3742",54,0,0.48199392085532,0.48199392085532,0.97646447216669
"3743",54,0,0.554636395951444,0.554636395951444,0.752561081137613
"3744",52,0,0.893177417497563,0.893177417497563,0.853376957933143
"3745",50,1,0.684348464773676,0.788180437507174,0.684348464773676
"3746",60,1,0.961633925117058,0.131860506487483,0.961633925117058
"3747",54,1,0.864478037810997,0.165593797240709,0.864478037810997
"3748",50,1,1.31715143713443,1.08961129383097,1.31715143713443
"3749",56,0,0.142618224571139,0.142618224571139,0.135599051827727
"3750",54,0,0.561367935172355,0.561367935172355,0.525742542994265
"3751",52,0,0.709511542421636,0.709511542421636,0.986875963498026
"3752",54,1,1.29786682547192,0.422091327250526,1.29786682547192
"3753",52,1,0.703106502497772,0.956907902812543,0.703106502497772
"3754",54,0,0.477585599976925,0.477585599976925,0.255678310249393
"3755",50,0,0.83024225604074,0.83024225604074,1.22546270653616
"3756",54,0,0.938448192129164,0.938448192129164,0.646340844759935
"3757",54,0,0.687712452898549,0.687712452898549,0.847071567076758
"3758",58,1,0.680316981629446,0.755451099963101,0.680316981629446
"3759",60,1,0.132704082342744,-0.00378660187548976,0.132704082342744
"3760",54,0,0.375553735028298,0.375553735028298,0.873181761984701
"3761",52,0,0.796702213427321,0.796702213427321,0.57100928003445
"3762",60,1,0.573507136647797,0.193589390935895,0.573507136647797
"3763",52,0,1.07708913652921,1.07708913652921,1.53743655664444
"3764",58,0,0.105415415215921,0.105415415215921,0.52862557425375
"3765",60,0,-0.15706421321137,-0.15706421321137,1.00087220882087
"3766",58,1,0.443858256361601,-0.0530683678068999,0.443858256361601
"3767",50,1,1.10455884467804,1.14140353483284,1.10455884467804
"3768",50,0,1.0359139056962,1.0359139056962,1.23588183236947
"3769",56,0,0.730222715124489,0.730222715124489,0.282905711863247
"3770",52,1,0.415891154113215,0.806187825058361,0.415891154113215
"3771",58,0,0.202863164044592,0.202863164044592,0.282115687335615
"3772",56,0,0.183472243176667,0.183472243176667,0.841159891417477
"3773",54,1,1.0155045209298,0.634418722627117,1.0155045209298
"3774",52,0,0.763910274434424,0.763910274434424,1.16084512152344
"3775",58,0,0.333129717497445,0.333129717497445,0.754891577276817
"3776",52,0,0.519276349593298,0.519276349593298,0.703320462916574
"3777",58,0,-0.598733573374297,-0.598733573374297,0.410936414685935
"3778",60,1,0.515238911075774,0.0961613769213576,0.515238911075774
"3779",56,1,0.885573033921145,0.0392644817939984,0.885573033921145
"3780",50,0,0.601340482500143,0.601340482500143,0.868395325919806
"3781",52,0,1.0098394076947,1.0098394076947,0.922307455830283
"3782",52,0,1.21782239622912,1.21782239622912,1.03531464398189
"3783",56,0,0.36690631061049,0.36690631061049,-0.0753543526382078
"3784",58,0,0.257732975294017,0.257732975294017,0.515380101744469
"3785",54,0,0.420850664140647,0.420850664140647,1.1258340239765
"3786",54,0,0.734918226449014,0.734918226449014,0.334570899916191
"3787",52,0,1.39195213004811,1.39195213004811,0.698906757969182
"3788",52,0,0.611034945120361,0.611034945120361,1.08562809193345
"3789",56,1,0.434974567752581,0.488563311201627,0.434974567752581
"3790",60,1,0.379063429606411,-0.131522171440115,0.379063429606411
"3791",58,0,-0.131697641564228,-0.131697641564228,0.532500056670249
"3792",56,0,0.553298525321744,0.553298525321744,0.0177637861481421
"3793",54,0,0.346918523283485,0.346918523283485,0.780854986260172
"3794",50,0,1.07879855904289,1.07879855904289,1.60571813986187
"3795",58,1,0.956413830468283,0.362698105882387,0.956413830468283
"3796",54,0,0.680214022883553,0.680214022883553,0.296001319565938
"3797",50,0,0.864669933182807,0.864669933182807,1.08786639844045
"3798",60,1,0.901293824313915,0.065125544528819,0.901293824313915
"3799",58,0,-0.172619760417379,-0.172619760417379,0.595823322442144
"3800",60,0,0.233216061366324,0.233216061366324,0.615226401934834
"3801",52,0,0.805040206656175,0.805040206656175,0.918022227086756
"3802",58,1,0.430602993253028,0.0798015216403574,0.430602993253028
"3803",56,0,0.313298670924105,0.313298670924105,0.459000653012752
"3804",56,1,0.837099269530842,0.161478381015273,0.837099269530842
"3805",58,0,0.293128463428238,0.293128463428238,0.471132650517273
"3806",50,0,0.92279729466598,0.92279729466598,0.612566418093019
"3807",56,0,0.595247657982458,0.595247657982458,0.560979314486573
"3808",60,1,0.835899323523285,0.202726583792297,0.835899323523285
"3809",56,0,0.484206759059704,0.484206759059704,0.723188559866692
"3810",52,1,0.775234303178547,0.747901263556243,0.775234303178547
"3811",50,0,0.879586904219606,0.879586904219606,0.777566730802594
"3812",56,0,0.61135533877223,0.61135533877223,0.726911256956815
"3813",52,0,0.6317584938694,0.6317584938694,0.517881028561815
"3814",52,1,0.889552127632838,1.19801252059378,0.889552127632838
"3815",58,0,0.204782629326993,0.204782629326993,1.076420560075
"3816",58,0,0.181514008947575,0.181514008947575,0.452082477781645
"3817",50,0,0.958191981016085,0.958191981016085,0.887700296386676
"3818",50,0,1.04424996809223,1.04424996809223,0.985110928063579
"3819",54,0,0.696333452139025,0.696333452139025,0.302531597632831
"3820",60,1,0.472711688393375,-0.169825776861191,0.472711688393375
"3821",56,1,0.324180123873515,0.24037713966315,0.324180123873515
"3822",52,0,0.757474528645865,0.757474528645865,0.913174247038167
"3823",54,0,0.650924871257952,0.650924871257952,0.816805638092641
"3824",58,0,0.240364331354366,0.240364331354366,0.0624922850827129
"3825",52,0,0.758044840813535,0.758044840813535,0.864232602436105
"3826",50,0,0.324823760247476,0.324823760247476,0.964483563812423
"3827",50,0,1.32135360981333,1.32135360981333,1.56627021316436
"3828",56,1,0.385555764289388,0.860373132256486,0.385555764289388
"3829",56,1,0.507191374098689,0.486332710843289,0.507191374098689
"3830",60,0,-0.677533488408125,-0.677533488408125,0.638514533891503
"3831",50,0,0.904417485391036,0.904417485391036,0.576595369029272
"3832",58,1,0.644300543842234,0.0288196800624013,0.644300543842234
"3833",52,0,0.594568942080201,0.594568942080201,0.515967605855393
"3834",56,1,0.263078485866044,0.565233319659498,0.263078485866044
"3835",54,1,0.884843681796044,0.496815148571462,0.884843681796044
"3836",54,0,0.713992052603918,0.713992052603918,0.785748882827815
"3837",52,0,0.609181545871054,0.609181545871054,0.797912718142895
"3838",54,1,0.825621348086906,0.741379677250022,0.825621348086906
"3839",54,0,0.905089694895141,0.905089694895141,0.187357620716992
"3840",60,1,0.651770923601771,-0.147437885519107,0.651770923601771
"3841",58,0,-0.138227672014913,-0.138227672014913,0.587294659234134
"3842",54,0,0.648854722338169,0.648854722338169,0.836254726845774
"3843",56,1,0.555627478074637,-0.00873687298918402,0.555627478074637
"3844",52,1,0.963475488888338,0.362026736291791,0.963475488888338
"3845",56,0,0.986703426248235,0.986703426248235,0.408477897254006
"3846",52,0,0.63580037894579,0.63580037894579,0.708756019719463
"3847",60,1,0.886896539235033,0.221678915941963,0.886896539235033
"3848",52,1,1.27631085584425,1.00827461880438,1.27631085584425
"3849",54,1,0.767666363519363,1.13550991837293,0.767666363519363
"3850",56,1,0.747547076662841,0.25041166670015,0.747547076662841
"3851",56,0,0.321852579058074,0.321852579058074,0.84206841883361
"3852",56,0,0.61904477013191,0.61904477013191,0.790220105435966
"3853",50,1,0.789833644404428,1.07074860654105,0.789833644404428
"3854",58,1,0.415914681494157,0.183905553678837,0.415914681494157
"3855",56,1,1.02429524591484,0.0726291313392023,1.02429524591484
"3856",56,0,0.553591181325611,0.553591181325611,0.626963183118626
"3857",52,0,0.465544621640577,0.465544621640577,0.597224647832582
"3858",52,0,0.424686180811264,0.424686180811264,0.940072615884031
"3859",52,0,0.65030248340556,0.65030248340556,0.704751333375819
"3860",54,0,0.671126176230488,0.671126176230488,1.0588514591569
"3861",58,0,0.216565891293729,0.216565891293729,0.402753466864115
"3862",56,0,0.341403837778875,0.341403837778875,1.01049279920338
"3863",54,1,0.77076575541452,0.289191385899166,0.77076575541452
"3864",60,0,0.467249043098581,0.467249043098581,0.466134520542068
"3865",58,0,0.236268304084904,0.236268304084904,0.639513684840031
"3866",52,0,0.863096089196834,0.863096089196834,0.883836047543167
"3867",52,0,0.661267761565728,0.661267761565728,0.862729413678706
"3868",54,0,0.884421067981299,0.884421067981299,0.383573626847894
"3869",50,0,1.3132812111602,1.3132812111602,0.911808000439142
"3870",58,0,0.518103020316774,0.518103020316774,1.00484129642476
"3871",56,0,0.580381977923789,0.580381977923789,0.967388808862885
"3872",52,1,1.16580750949046,0.713933057251978,1.16580750949046
"3873",58,1,0.477152299120923,0.22144788861051,0.477152299120923
"3874",54,0,0.205709159972788,0.205709159972788,1.15475642540001
"3875",60,0,0.0895042251723136,0.0895042251723136,0.18152661983888
"3876",52,1,0.91251658618253,1.06372609828153,0.91251658618253
"3877",58,0,0.29143138453167,0.29143138453167,0.787301624353888
"3878",50,1,1.09745523901403,0.873165664158972,1.09745523901403
"3879",58,0,0.47631433225789,0.47631433225789,0.273033984614865
"3880",50,0,1.172079770837,1.172079770837,1.03129478845188
"3881",52,0,0.744220270917475,0.744220270917475,1.02147530866087
"3882",54,0,0.212547151245359,0.212547151245359,0.724249104397107
"3883",56,1,0.67098717715099,0.569893537343547,0.67098717715099
"3884",50,0,1.29902885683026,1.29902885683026,1.22470686640509
"3885",54,0,0.967066325635393,0.967066325635393,0.906815556114837
"3886",56,1,0.588507074195745,0.0643207195648913,0.588507074195745
"3887",56,0,0.352465403248524,0.352465403248524,0.50728118701136
"3888",58,1,0.480518486494363,0.574850073751526,0.480518486494363
"3889",52,0,0.946162618989873,0.946162618989873,0.544784555881562
"3890",52,0,1.10819364592163,1.10819364592163,0.715966369540608
"3891",54,0,0.520561243567163,0.520561243567163,1.28429001347426
"3892",54,0,0.943073089767895,0.943073089767895,0.487116230571287
"3893",50,0,0.862795303870322,0.862795303870322,0.928294722868534
"3894",52,0,1.11310584636652,1.11310584636652,0.791522808149431
"3895",56,0,0.730466119071495,0.730466119071495,0.447847554032778
"3896",56,0,-0.230068926012588,-0.230068926012588,0.785306013025557
"3897",56,1,0.513682307442173,0.589288100975126,0.513682307442173
"3898",52,0,0.926147159838328,0.926147159838328,1.22448726898009
"3899",56,1,0.711731598763222,0.169999782554624,0.711731598763222
"3900",52,0,0.559715694845608,0.559715694845608,0.934015935988777
"3901",52,1,0.977170603092389,0.462244243297819,0.977170603092389
"3902",58,1,0.590470601622827,-0.227471048257784,0.590470601622827
"3903",54,1,1.07798366779492,0.630584977894666,1.07798366779492
"3904",52,0,0.907070569442402,0.907070569442402,0.751778631903678
"3905",50,0,0.871132973010169,0.871132973010169,0.859289522152774
"3906",58,0,0.226899221540905,0.226899221540905,0.425845432983205
"3907",54,0,0.504122323522201,0.504122323522201,1.20336417930239
"3908",56,1,1.064697074075,0.551893872393701,1.064697074075
"3909",50,1,1.09575277740774,1.03044344073194,1.09575277740774
"3910",52,0,0.84920889045891,0.84920889045891,0.786381817343431
"3911",54,0,0.641087337911292,0.641087337911292,0.78040147098128
"3912",52,0,1.08037745381364,1.08037745381364,0.711969590455261
"3913",60,0,0.342268374078098,0.342268374078098,0.944769363528671
"3914",56,1,0.559055682928649,0.156402862737015,0.559055682928649
"3915",58,1,0.646043929224977,-0.103972504899269,0.646043929224977
"3916",52,0,0.728665838867413,0.728665838867413,0.394242826783335
"3917",60,0,-0.0834551219581643,-0.0834551219581643,0.24986240420051
"3918",58,1,0.876379290136006,0.48245825222389,0.876379290136006
"3919",60,1,0.174377158479996,0.0668638200012145,0.174377158479996
"3920",54,0,0.59997496769023,0.59997496769023,0.9936578258778
"3921",54,0,0.603036642438345,0.603036642438345,0.730904105420261
"3922",52,1,1.29705580321414,0.767291586544139,1.29705580321414
"3923",56,0,0.084800539167382,0.084800539167382,0.400313748530077
"3924",54,0,0.053105178442746,0.053105178442746,0.523250567090879
"3925",50,0,1.19370460348342,1.19370460348342,0.944321066425752
"3926",56,1,0.77535413845984,0.131366626119538,0.77535413845984
"3927",58,0,0.0899301673098874,0.0899301673098874,0.520905633566464
"3928",56,0,0.175546614310951,0.175546614310951,0.733648448250398
"3929",52,1,0.791828605510355,1.3611882494544,0.791828605510355
"3930",52,1,0.995850109675392,1.03088784212884,0.995850109675392
"3931",58,1,0.334439057594916,0.11128065642263,0.334439057594916
"3932",60,0,0.170083779443039,0.170083779443039,0.491715675121974
"3933",50,1,1.09212427429117,0.880696184848657,1.09212427429117
"3934",50,0,0.783912316642625,0.783912316642625,0.918406202595921
"3935",58,0,0.0217796649215355,0.0217796649215355,0.772219909694841
"3936",54,1,0.534974487685177,0.477143404562137,0.534974487685177
"3937",54,0,0.456923692092879,0.456923692092879,0.717360611263131
"3938",58,1,0.518394770752062,0.405160393893275,0.518394770752062
"3939",60,1,0.559768683819167,0.397137493368103,0.559768683819167
"3940",54,0,0.778523408411177,0.778523408411177,0.846537420468496
"3941",54,0,0.989626720795248,0.989626720795248,1.00000628905601
"3942",52,0,0.552548571945516,0.552548571945516,1.03081106483854
"3943",52,1,1.23007139832227,0.561957931105594,1.23007139832227
"3944",54,1,1.13827486393792,0.129758350226081,1.13827486393792
"3945",56,1,0.478084883300632,0.732786405118933,0.478084883300632
"3946",52,0,0.775581745259484,0.775581745259484,0.749478265059965
"3947",54,1,0.937561692671068,0.630914680112357,0.937561692671068
"3948",58,1,0.758016830446046,0.375666070931931,0.758016830446046
"3949",52,1,0.636597680513948,0.717036688022722,0.636597680513948
"3950",58,0,0.310367488744644,0.310367488744644,0.792313709440288
"3951",52,0,0.548244222236877,0.548244222236877,0.472082741759578
"3952",54,0,0.405205147849052,0.405205147849052,0.818659243526528
"3953",60,1,0.30771431788525,0.10786631077156,0.30771431788525
"3954",52,1,0.804487401403294,0.91718197921504,0.804487401403294
"3955",52,0,1.16411802569039,1.16411802569039,1.06648346194327
"3956",52,0,1.07456542923893,1.07456542923893,0.724107864617583
"3957",58,0,0.30299808232252,0.30299808232252,0.0918863325144292
"3958",60,0,-0.0473805863965635,-0.0473805863965635,0.209109386233443
"3959",54,0,0.568837124262727,0.568837124262727,0.325830822137897
"3960",58,0,0.261437690372154,0.261437690372154,0.64598949371999
"3961",52,1,1.04377139828716,0.272116625679296,1.04377139828716
"3962",50,0,1.10297931197605,1.10297931197605,1.35337534668542
"3963",50,0,1.06386290380132,1.06386290380132,1.14861249770059
"3964",56,0,0.647085179752904,0.647085179752904,0.53175289211536
"3965",50,0,0.86194406794652,0.86194406794652,0.791405541303213
"3966",58,0,0.252973463528149,0.252973463528149,0.341529847995297
"3967",50,1,1.49263505064319,0.580521047839003,1.49263505064319
"3968",52,0,0.72517506614978,0.72517506614978,0.906012589499563
"3969",50,0,0.812374805228395,0.812374805228395,0.800806494641002
"3970",54,0,0.897129197116644,0.897129197116644,0.827987587986158
"3971",58,0,0.341122039520057,0.341122039520057,0.315385616146186
"3972",50,0,1.17202311006293,1.17202311006293,1.16412707149449
"3973",54,1,0.813134159298543,0.631845690524164,0.813134159298543
"3974",54,0,0.38633084882799,0.38633084882799,0.875999772518809
"3975",60,1,0.229253969260456,-0.263867070240785,0.229253969260456
"3976",52,0,1.18404803220974,1.18404803220974,0.82022476941068
"3977",58,1,0.127099148159665,0.153277614067553,0.127099148159665
"3978",58,0,0.263498488630484,0.263498488630484,0.200812267851919
"3979",60,1,0.537002542831971,0.169969715406936,0.537002542831971
"3980",50,0,0.59654879184579,0.59654879184579,1.03592694945754
"3981",56,1,0.544483213621681,0.269724657282197,0.544483213621681
"3982",52,0,0.435277193349572,0.435277193349572,0.857994985628711
"3983",58,0,0.475631807955878,0.475631807955878,0.113824721033678
"3984",58,0,0.782490624122948,0.782490624122948,0.305181821227676
"3985",56,0,0.462168274385543,0.462168274385543,0.85369782523957
"3986",54,0,1.09664718916926,1.09664718916926,0.211918547267724
"3987",54,1,0.898339580788391,0.564199476857364,0.898339580788391
"3988",52,1,1.05644868641621,0.573344254046858,1.05644868641621
"3989",58,0,0.132172420787269,0.132172420787269,0.486961053698237
"3990",56,0,0.460485132629287,0.460485132629287,0.958736867570393
"3991",54,0,0.679163183560661,0.679163183560661,0.786777516880578
"3992",54,0,0.373372725133072,0.373372725133072,0.618014988193418
"3993",58,0,-0.0954677367343905,-0.0954677367343905,0.917843582204145
"3994",54,1,0.550759454521629,0.493906597405098,0.550759454521629
"3995",52,0,0.53145064374675,0.53145064374675,0.685458656109495
"3996",56,0,0.347260561677675,0.347260561677675,0.472031435294157
"3997",58,0,0.00903909529018312,0.00903909529018312,0.384834827202622
"3998",52,0,0.939632840832695,0.939632840832695,0.948865003183073
"3999",54,1,0.877349297079789,0.619544157965348,0.877349297079789
"4000",56,0,0.309103603923329,0.309103603923329,0.684971839381708
"4001",52,1,0.988901378374839,0.93081667249034,0.988901378374839
"4002",56,0,0.648388433733919,0.648388433733919,0.417714433448774
"4003",50,0,1.06843425950069,1.06843425950069,0.638972830631486
"4004",54,0,0.42627018243275,0.42627018243275,0.219922621612441
"4005",60,0,-0.179512541542,-0.179512541542,0.628751501417643
"4006",54,0,0.574502623186995,0.574502623186995,0.731978111883106
"4007",56,0,0.453063540267013,0.453063540267013,1.10647563523907
"4008",56,0,0.807921787853487,0.807921787853487,1.19113389235902
"4009",54,0,0.66368705613232,0.66368705613232,0.980573638006251
"4010",52,1,0.615595331307266,0.281742317964606,0.615595331307266
"4011",58,0,-0.140861359742073,-0.140861359742073,0.803323503800179
"4012",52,0,0.597400977956,0.597400977956,1.04713242151144
"4013",56,0,0.607716089403402,0.607716089403402,0.434141150284563
"4014",56,0,0.318879267242714,0.318879267242714,0.554081349775684
"4015",50,0,1.03723642390728,1.03723642390728,0.795849983137299
"4016",56,0,0.247211579287448,0.247211579287448,0.606631848768
"4017",50,0,1.42312328484872,1.42312328484872,0.99048532169237
"4018",52,0,0.857966734533391,0.857966734533391,0.831282679785311
"4019",54,0,0.362253333205052,0.362253333205052,0.447849459544804
"4020",52,0,0.558170849260886,0.558170849260886,0.554274431743003
"4021",54,0,0.293875312980002,0.293875312980002,0.243746525469291
"4022",50,0,0.928898825660301,0.928898825660301,1.35539533235085
"4023",52,0,0.985887217404405,0.985887217404405,0.732481899551947
"4024",56,0,0.323121753856814,0.323121753856814,0.748209664921772
"4025",56,1,0.340616978583726,0.261059741171591,0.340616978583726
"4026",58,0,0.00017132969098782,0.00017132969098782,0.106286141111832
"4027",54,0,0.65125216642193,0.65125216642193,1.14150903079689
"4028",58,0,0.631030970343126,0.631030970343126,0.373838025941596
"4029",58,1,0.609298558449477,0.0381178055194517,0.609298558449477
"4030",58,1,0.556886237812021,0.508989381305387,0.556886237812021
"4031",60,0,0.258525096520923,0.258525096520923,0.418878475997993
"4032",60,1,0.737490443024597,0.104003322303706,0.737490443024597
"4033",52,0,0.804475956531113,0.804475956531113,0.712478621791396
"4034",58,0,0.227857130330452,0.227857130330452,0.561278973600746
"4035",52,1,0.874696357173665,0.729148770678455,0.874696357173665
"4036",50,0,1.39805996868407,1.39805996868407,0.942373640745352
"4037",56,0,0.405508780283475,0.405508780283475,0.518105098156016
"4038",54,0,0.436858588456887,0.436858588456887,0.478747655731563
"4039",60,0,0.16101983519761,0.16101983519761,1.06448324728513
"4040",56,0,0.714709601676671,0.714709601676671,0.333816822428674
"4041",50,0,1.11587992135371,1.11587992135371,1.2659765953593
"4042",56,0,0.263764872709381,0.263764872709381,0.00824661751762257
"4043",52,0,0.769220913896561,0.769220913896561,1.15842931626857
"4044",54,0,0.683576320786087,0.683576320786087,1.21306023562105
"4045",52,1,1.10077042769092,0.9511576398928,1.10077042769092
"4046",60,1,0.44752505444741,0.0285866471082141,0.44752505444741
"4047",56,0,0.578921460204641,0.578921460204641,0.685303245779785
"4048",58,1,0.704975179268502,0.330243125177486,0.704975179268502
"4049",60,0,-0.226631435775674,-0.226631435775674,0.248136954208898
"4050",58,0,-0.0734336044834327,-0.0734336044834327,0.476037346272533
"4051",54,0,-0.0221672697854809,-0.0221672697854809,0.712546593319312
"4052",50,0,0.658202248157499,0.658202248157499,0.959211602855744
"4053",54,1,0.570003838122078,0.47473018293464,0.570003838122078
"4054",50,0,1.18667894827325,1.18667894827325,1.20081430239648
"4055",50,0,0.354480519698768,0.354480519698768,0.955301822570527
"4056",58,0,0.294718650527194,0.294718650527194,0.721002366744087
"4057",52,1,1.17888698282586,0.65355905596038,1.17888698282586
"4058",50,0,1.23403363401133,1.23403363401133,0.722832659333906
"4059",58,1,0.593613745464906,0.341366320981606,0.593613745464906
"4060",50,1,1.51034453148446,0.706230656536157,1.51034453148446
"4061",52,1,1.09766991142297,0.921234475049337,1.09766991142297
"4062",58,0,0.00220142555962974,0.00220142555962974,0.355242856539092
"4063",54,0,0.349514864238864,0.349514864238864,0.381013970025641
"4064",58,1,0.658132684918787,0.370453591291723,0.658132684918787
"4065",54,0,0.372201306077739,0.372201306077739,0.461941214027834
"4066",52,1,0.849636146603691,0.916375736174547,0.849636146603691
"4067",54,0,0.788669592159765,0.788669592159765,0.549640118326099
"4068",52,1,1.15307983513653,0.325525016385485,1.15307983513653
"4069",60,1,0.625282065294027,0.18802973300347,0.625282065294027
"4070",52,0,1.02124824134405,1.02124824134405,0.574700096489641
"4071",58,0,0.583386384035191,0.583386384035191,0.757995876461304
"4072",60,0,-0.0148970300026732,-0.0148970300026732,0.435881489290709
"4073",60,0,-0.15925759699027,-0.15925759699027,0.534371601507685
"4074",50,0,0.963013383261968,0.963013383261968,1.37104575396994
"4075",50,1,1.29126398845808,0.850007681712507,1.29126398845808
"4076",54,0,0.932019952741057,0.932019952741057,0.622700569440398
"4077",54,0,0.612515611159999,0.612515611159999,0.420016207469332
"4078",58,0,0.0434679551599368,0.0434679551599368,0.757844184300159
"4079",58,1,0.478233351938413,0.321328202822872,0.478233351938413
"4080",54,0,0.77542441976354,0.77542441976354,0.206874950929654
"4081",54,0,1.13095553393404,1.13095553393404,0.889168955486561
"4082",54,1,1.28169881172799,0.98162767918856,1.28169881172799
"4083",56,0,0.319962532111713,0.319962532111713,0.926574209829119
"4084",54,0,0.711751206080725,0.711751206080725,0.828514284919451
"4085",52,1,0.558606917688085,0.98427591412468,0.558606917688085
"4086",60,1,0.922186946027282,-0.3202907778325,0.922186946027282
"4087",50,0,0.702876783177332,0.702876783177332,1.02021163328373
"4088",52,0,1.01497059009552,1.01497059009552,0.937003986017408
"4089",52,1,0.806428216969833,0.828421539451283,0.806428216969833
"4090",52,0,0.92311160755279,0.92311160755279,1.01891074648307
"4091",60,1,0.841530671561414,-0.213194573216316,0.841530671561414
"4092",58,1,0.143431628173601,0.0521366710661915,0.143431628173601
"4093",54,1,0.697142795098434,0.565018720378766,0.697142795098434
"4094",54,0,0.380935125259044,0.380935125259044,0.574646567683156
"4095",60,0,0.0409540892085055,0.0409540892085055,0.608534321521273
"4096",60,1,0.329608763104365,0.391707344596975,0.329608763104365
"4097",58,1,0.291621563405951,-0.171360811821557,0.291621563405951
"4098",56,1,0.457007859068492,0.29274369049967,0.457007859068492
"4099",58,1,0.559211680347382,0.0226800056383248,0.559211680347382
"4100",58,0,0.110902483655418,0.110902483655418,0.398280640199167
"4101",60,0,0.0926807103496278,0.0926807103496278,0.55745304105428
"4102",60,1,0.568353661493638,0.237541959372098,0.568353661493638
"4103",50,1,1.18544593671295,1.34972302556581,1.18544593671295
"4104",52,0,0.704967217458668,0.704967217458668,0.40540993080918
"4105",52,0,0.835798693268439,0.835798693268439,0.718880559775296
"4106",60,1,0.873233171232698,-0.129968351738297,0.873233171232698
"4107",54,0,0.56443736401629,0.56443736401629,0.942381008862744
"4108",52,1,0.910299702709591,0.606108604265278,0.910299702709591
"4109",52,0,0.876436082875767,0.876436082875767,0.989503277453815
"4110",54,0,0.634461502587363,0.634461502587363,0.0261819975133722
"4111",54,0,0.713291804167196,0.713291804167196,0.60562845763765
"4112",52,0,0.742767708420133,0.742767708420133,0.665664438534516
"4113",50,1,1.22662708851471,0.86366958286767,1.22662708851471
"4114",56,1,0.807901684822483,-0.103913368487377,0.807901684822483
"4115",50,0,0.877728425368203,0.877728425368203,1.02288736566182
"4116",56,0,0.72016801180002,0.72016801180002,0.216553870298224
"4117",58,0,-0.156134092730331,-0.156134092730331,0.561431629389572
"4118",50,0,0.810468704286132,0.810468704286132,0.852246587283511
"4119",56,0,0.331459467856818,0.331459467856818,-0.0810325039174985
"4120",50,1,1.1364430106,1.57047299323906,1.1364430106
"4121",60,1,0.454422581904651,0.0235220241232919,0.454422581904651
"4122",58,0,-0.165947190680046,-0.165947190680046,0.305269057464482
"4123",54,1,0.290906394631171,0.580901805138583,0.290906394631171
"4124",54,0,0.792647139876511,0.792647139876511,0.585988431429638
"4125",54,0,0.504401455873143,0.504401455873143,0.718733511994209
"4126",50,1,0.848915716396324,0.863873547751402,0.848915716396324
"4127",54,1,0.97600328271313,0.665669988942046,0.97600328271313
"4128",54,0,0.0773128044755123,0.0773128044755123,0.741975511396925
"4129",52,1,1.11834391893022,0.198057046249713,1.11834391893022
"4130",56,0,0.597126215161322,0.597126215161322,0.804529009955463
"4131",56,1,0.557460462671027,0.125996588930883,0.557460462671027
"4132",52,1,0.896764380623767,0.816130262699954,0.896764380623767
"4133",52,1,1.19207692916148,1.05559645720577,1.19207692916148
"4134",56,1,0.0655347035569537,0.173934861117265,0.0655347035569537
"4135",56,0,0.674944125627466,0.674944125627466,0.371790359375033
"4136",52,0,0.995525398347171,0.995525398347171,0.86619118094361
"4137",54,0,0.301621533732331,0.301621533732331,1.17972740461025
"4138",60,1,0.0689484658225539,-0.166039963376092,0.0689484658225539
"4139",58,0,0.0726023355078037,0.0726023355078037,1.05311238535105
"4140",56,0,0.566529036792803,0.566529036792803,0.47975518348614
"4141",58,1,0.339314203574883,-0.00443064868621793,0.339314203574883
"4142",58,0,0.0358322437796768,0.0358322437796768,0.325998407662788
"4143",54,0,0.531901695149285,0.531901695149285,0.702212041130088
"4144",60,0,-0.0364964879169071,-0.0364964879169071,0.581883180755366
"4145",54,0,0.788020486252675,0.788020486252675,0.728427715847419
"4146",58,0,0.334261333433752,0.334261333433752,0.797138051822259
"4147",54,0,0.205443411365508,0.205443411365508,0.495955480160657
"4148",54,0,0.413842301707127,0.413842301707127,0.786754813831844
"4149",52,0,1.06004996248887,1.06004996248887,0.518902273541531
"4150",54,0,0.512659671337553,0.512659671337553,1.13351171127909
"4151",60,0,0.282247231478388,0.282247231478388,0.723182787761753
"4152",56,0,0.289799215450557,0.289799215450557,0.303431037766934
"4153",54,0,0.873132978300763,0.873132978300763,0.259566106036776
"4154",54,0,0.904595455911802,0.904595455911802,0.76320065778973
"4155",58,0,0.414505319254372,0.414505319254372,0.477563253920888
"4156",58,0,0.0762386730755727,0.0762386730755727,0.87116240463759
"4157",56,0,0.370911530813832,0.370911530813832,0.793031390847631
"4158",58,0,0.0387895593296778,0.0387895593296778,0.563082366684518
"4159",60,1,0.731514090832443,-0.0578347517819103,0.731514090832443
"4160",56,0,0.440855280641553,0.440855280641553,0.422712908204891
"4161",54,0,0.456013114990012,0.456013114990012,0.452124882842138
"4162",56,0,0.155083258290838,0.155083258290838,0.630165439373028
"4163",50,0,0.949946360945422,0.949946360945422,1.08660221105413
"4164",56,0,0.325287148083301,0.325287148083301,0.559043881017182
"4165",58,1,0.299851185143116,0.496170061638632,0.299851185143116
"4166",54,0,0.685773856380164,0.685773856380164,0.674200967873285
"4167",52,1,0.601436049111495,0.516449083708788,0.601436049111495
"4168",56,0,0.0753783308727151,0.0753783308727151,0.887160672325836
"4169",56,1,0.389373812439556,-0.00278110142918481,0.389373812439556
"4170",56,0,0.525167586260515,0.525167586260515,0.315955063765961
"4171",52,0,1.03469621557885,1.03469621557885,0.912900895751278
"4172",50,0,0.563453970079163,0.563453970079163,1.2808739595695
"4173",54,0,0.888805126468977,0.888805126468977,0.793489452966574
"4174",52,1,0.931693055530377,0.908667030910133,0.931693055530377
"4175",52,0,0.632837408943006,0.632837408943006,0.672529357988984
"4176",54,0,0.445106388979495,0.445106388979495,0.762360525437923
"4177",54,0,0.617802824878334,0.617802824878334,0.598836010272774
"4178",56,1,0.77244959349153,0.434771042438509,0.77244959349153
"4179",52,0,0.727242485987262,0.727242485987262,1.00735708511974
"4180",58,0,0.464747983263356,0.464747983263356,0.683062247112081
"4181",52,0,1.26880387097274,1.26880387097274,0.465442436341524
"4182",56,1,0.636446982183671,0.453525503541647,0.636446982183671
"4183",56,1,1.04158106924161,0.641902550536042,1.04158106924161
"4184",58,1,0.677363174017826,-0.145288257695814,0.677363174017826
"4185",52,1,1.04607087826668,0.388569478858775,1.04607087826668
"4186",52,0,0.568278281720856,0.568278281720856,1.2041558234784
"4187",54,0,0.89038095038343,0.89038095038343,0.831293502246603
"4188",54,0,1.10086712348718,1.10086712348718,0.747650620456735
"4189",54,0,0.909694781052293,0.909694781052293,0.182450353567744
"4190",50,0,0.75196477649941,0.75196477649941,0.852920908550155
"4191",52,1,1.02038283649072,1.17848282181009,1.02038283649072
"4192",58,0,0.39192818174256,0.39192818174256,-0.0268137047960216
"4193",60,0,-0.13702862018866,-0.13702862018866,0.228714545838587
"4194",52,0,0.956109867736374,0.956109867736374,0.744897592604598
"4195",50,0,1.0377025608828,1.0377025608828,1.0876443355506
"4196",52,0,0.199604370654451,0.199604370654451,0.862468587010317
"4197",56,0,0.222585305369532,0.222585305369532,0.636902343238988
"4198",60,0,-0.042261077457597,-0.042261077457597,0.352854811876206
"4199",52,0,0.414245328752663,0.414245328752663,0.916670357760795
"4200",58,0,0.333521533247175,0.333521533247175,0.681266372789845
"4201",50,0,1.04572985182355,1.04572985182355,1.08763404554102
"4202",52,1,0.845370433681574,0.791699460080166,0.845370433681574
"4203",54,1,0.973530790147089,0.65310625759485,0.973530790147089
"4204",56,0,0.710435335565026,0.710435335565026,1.12736173477997
"4205",60,1,0.458160289484202,-0.0397898419272055,0.458160289484202
"4206",52,0,0.635504006114135,0.635504006114135,0.657203340761827
"4207",60,1,0.490540664369123,0.0179861961781365,0.490540664369123
"4208",56,0,0.591939810525576,0.591939810525576,0.584652281457583
"4209",56,0,0.990086619439174,0.990086619439174,0.412323245480164
"4210",58,0,0.305116099329628,0.305116099329628,0.675562286969444
"4211",52,0,1.18178670301096,1.18178670301096,0.882439101384828
"4212",60,0,-0.0947399401643016,-0.0947399401643016,0.73956954101182
"4213",60,1,0.657616909913968,-0.656597489701574,0.657616909913968
"4214",56,1,0.37590218619754,0.25815818337832,0.37590218619754
"4215",54,1,1.18722558666007,0.508072854342452,1.18722558666007
"4216",58,0,0.422977052107138,0.422977052107138,0.628537714988034
"4217",52,0,0.589431741762676,0.589431741762676,0.776649175899923
"4218",52,0,0.997956498244039,0.997956498244039,0.640632401785919
"4219",50,0,0.816952780526802,0.816952780526802,0.926874934363447
"4220",52,0,0.717342153523292,0.717342153523292,1.10368743890449
"4221",52,0,1.25627780135786,1.25627780135786,0.514471092856629
"4222",52,0,0.689614963193798,0.689614963193798,0.890936110180239
"4223",60,0,-0.499094257877156,-0.499094257877156,0.20813352685242
"4224",58,0,-0.349355026947427,-0.349355026947427,0.857181919969889
"4225",58,0,-0.292168057146749,-0.292168057146749,0.335293432391142
"4226",50,0,1.06290533313479,1.06290533313479,0.488141065806674
"4227",58,0,0.356330448687681,0.356330448687681,0.331216745770441
"4228",52,1,0.863830541531918,0.707952741069255,0.863830541531918
"4229",50,0,1.38720546176001,1.38720546176001,1.31708902552244
"4230",60,1,0.150661039120895,0.202696732116655,0.150661039120895
"4231",54,0,1.45770940129186,1.45770940129186,0.490814125741267
"4232",56,0,0.529490599377194,0.529490599377194,0.391536174665763
"4233",58,0,0.156304611289429,0.156304611289429,0.215540202064184
"4234",50,0,1.14145168354656,1.14145168354656,1.30443070902707
"4235",54,1,0.840249969068367,0.891772284778197,0.840249969068367
"4236",56,0,0.53705392448721,0.53705392448721,0.406258496750154
"4237",52,0,0.902281018708933,0.902281018708933,1.02542783252207
"4238",54,0,0.497381291147235,0.497381291147235,0.453481426671178
"4239",56,1,0.743036359641038,0.602920185072385,0.743036359641038
"4240",58,1,0.457151010356769,0.313760443324564,0.457151010356769
"4241",52,1,0.97438488652508,0.521732586306775,0.97438488652508
"4242",52,0,0.712057389655791,0.712057389655791,0.857373206391847
"4243",54,0,-0.0540086607001059,-0.0540086607001059,0.670159985922471
"4244",60,1,0.334434405445178,0.0770345275656184,0.334434405445178
"4245",60,1,0.0269388640569788,-0.283312403134572,0.0269388640569788
"4246",56,1,0.595414605967997,0.354807365881668,0.595414605967997
"4247",58,1,0.583007278046718,-0.235235388532879,0.583007278046718
"4248",60,0,-0.0303330430476752,-0.0303330430476752,0.75085224823982
"4249",58,1,0.52774455156367,-0.27928396164608,0.52774455156367
"4250",54,0,0.780783501336535,0.780783501336535,0.943416412603476
"4251",56,0,0.287772798964571,0.287772798964571,0.379595811692781
"4252",56,1,0.469613824533526,0.605599726774976,0.469613824533526
"4253",54,0,1.20836693379599,1.20836693379599,1.14245222699705
"4254",52,0,1.10087971885995,1.10087971885995,1.04282303029676
"4255",58,0,0.0937821317389851,0.0937821317389851,0.736662370512869
"4256",56,1,0.415009453693943,0.526152147549216,0.415009453693943
"4257",50,0,0.989554951790638,0.989554951790638,0.639406717715737
"4258",54,0,0.339728278036908,0.339728278036908,0.619002254335841
"4259",60,1,0.382080069726234,-0.158210803807295,0.382080069726234
"4260",54,0,0.218073057095368,0.218073057095368,0.511242406705084
"4261",54,1,0.384949033966596,0.70725905330898,0.384949033966596
"4262",58,1,0.572080969155069,0.472744097310444,0.572080969155069
"4263",50,0,1.18387098128389,1.18387098128389,1.45794699238388
"4264",58,1,0.250329111206887,0.173159896900429,0.250329111206887
"4265",52,0,0.302533830505961,0.302533830505961,1.01312355088911
"4266",50,0,1.12422301292107,1.12422301292107,0.799804283903021
"4267",54,0,1.13805914598803,1.13805914598803,0.69357163884472
"4268",50,0,0.99775997918598,0.99775997918598,1.17698729604194
"4269",60,1,0.488356446805123,0.0931752684422412,0.488356446805123
"4270",58,0,0.00608084116184418,0.00608084116184418,0.107589927654334
"4271",54,0,0.717147275714509,0.717147275714509,0.480153931875216
"4272",50,0,0.925676446481664,0.925676446481664,1.00224641807342
"4273",50,1,0.908271101605762,0.8847199767253,0.908271101605762
"4274",58,0,-0.122496512628334,-0.122496512628334,0.216326152388571
"4275",54,0,0.610681994605061,0.610681994605061,0.749956009379569
"4276",56,1,0.952463521168257,0.530357701176797,0.952463521168257
"4277",52,0,1.15567450375194,1.15567450375194,0.981459200480714
"4278",54,0,0.682132552371935,0.682132552371935,0.931912177999413
"4279",50,0,0.7022536158311,0.7022536158311,1.20776274707657
"4280",50,1,0.930848510291857,0.948797871719857,0.930848510291857
"4281",52,0,1.12270870797215,1.12270870797215,0.863433845184267
"4282",52,0,0.80722633864733,0.80722633864733,0.976348006285342
"4283",50,1,0.612418256885037,0.89200558962279,0.612418256885037
"4284",58,1,0.685604809737886,-0.00807343814364217,0.685604809737886
"4285",60,1,0.613325078692355,0.222167843275731,0.613325078692355
"4286",58,1,0.982426263829502,0.506984551859659,0.982426263829502
"4287",56,0,0.17841799965545,0.17841799965545,0.675084018169092
"4288",52,0,0.656246189045928,0.656246189045928,0.681441988459461
"4289",58,1,0.562172881363901,0.470150418752552,0.562172881363901
"4290",58,1,0.620658755639466,0.221987636675141,0.620658755639466
"4291",52,0,0.98880157715825,0.98880157715825,0.942529711153821
"4292",58,0,0.13174885106842,0.13174885106842,0.584592973308783
"4293",60,0,0.179186360676904,0.179186360676904,0.145623733768495
"4294",50,1,0.640225830075194,1.1133446581855,0.640225830075194
"4295",56,0,0.832019396280922,0.832019396280922,0.366772648636932
"4296",54,0,0.543421196066163,0.543421196066163,0.339348330107147
"4297",52,1,0.530514028644759,0.7119746946116,0.530514028644759
"4298",56,0,0.600690520817942,0.600690520817942,0.504480349075873
"4299",54,1,0.53837599296652,0.203744575386256,0.53837599296652
"4300",54,0,1.02932930963733,1.02932930963733,0.805963527809463
"4301",54,1,0.399132437535851,0.559842857921861,0.399132437535851
"4302",52,0,0.567556172173798,0.567556172173798,1.13464071527169
"4303",60,0,0.0734726161505955,0.0734726161505955,0.482118126888259
"4304",56,0,0.27201750333457,0.27201750333457,0.575019893851693
"4305",54,0,0.158493774959452,0.158493774959452,0.712864301743412
"4306",56,0,0.568562031093686,0.568562031093686,1.00885632333061
"4307",58,0,0.285567614477574,0.285567614477574,0.423234543122625
"4308",60,0,0.22743332854195,0.22743332854195,0.613050406748856
"4309",58,0,0.0554236561178409,0.0554236561178409,0.682748438873997
"4310",52,1,0.547456804155829,0.779372324292393,0.547456804155829
"4311",54,1,0.381512592974518,0.276128300525736,0.381512592974518
"4312",56,1,0.923848003673997,0.52412189107044,0.923848003673997
"4313",54,0,0.743639137109926,0.743639137109926,0.650464624065565
"4314",52,1,0.693312344649709,0.380851569907603,0.693312344649709
"4315",52,1,0.859238031531013,0.911530674984098,0.859238031531013
"4316",52,0,1.00802697118833,1.00802697118833,0.849919343470935
"4317",54,0,0.316465818566207,0.316465818566207,0.441960721242684
"4318",54,0,0.582305693525905,0.582305693525905,0.468574522975344
"4319",50,0,1.0356608560533,1.0356608560533,0.991410601201576
"4320",58,0,0.233560502089292,0.233560502089292,0.220074625589144
"4321",54,0,0.631617781615007,0.631617781615007,0.662926232419927
"4322",60,0,0.0184180447220154,0.0184180447220154,0.388418026203798
"4323",54,0,0.936496939129334,0.936496939129334,0.241250828010137
"4324",54,1,0.878145075771986,0.557608130646467,0.878145075771986
"4325",54,1,0.682753310194633,0.810380758970525,0.682753310194633
"4326",52,0,0.900628152711091,0.900628152711091,0.623847723153767
"4327",60,0,-0.25847747280871,-0.25847747280871,0.299735751985386
"4328",56,0,0.756889749281768,0.756889749281768,1.02807770411422
"4329",56,1,0.669681468742108,0.583677107875906,0.669681468742108
"4330",58,0,0.227169432104197,0.227169432104197,0.297248803215671
"4331",50,0,0.853905257968727,0.853905257968727,0.565583833644828
"4332",58,1,0.772528153740994,0.273565728041381,0.772528153740994
"4333",58,0,0.402411341015877,0.402411341015877,0.0829654409777449
"4334",54,0,0.12332323958024,0.12332323958024,0.532832350008294
"4335",54,1,0.733700778977558,0.38511952840676,0.733700778977558
"4336",50,1,0.893494811116166,1.03340086663246,0.893494811116166
"4337",60,1,0.598103752936646,0.0119048180603181,0.598103752936646
"4338",52,0,0.825110045332682,0.825110045332682,1.07733520677351
"4339",56,1,0.105545406789572,0.00124319534217177,0.105545406789572
"4340",58,1,0.475143215087973,0.394767099457312,0.475143215087973
"4341",60,0,-0.0345008389379961,-0.0345008389379961,0.440989257764803
"4342",58,0,0.340407918197465,0.340407918197465,-0.026528995849463
"4343",54,0,0.563216272206417,0.563216272206417,0.767951627562822
"4344",52,1,0.54155819553504,0.646802219703324,0.54155819553504
"4345",52,0,0.637656807029604,0.637656807029604,0.720565408404383
"4346",56,1,0.787013272759955,0.216652303560642,0.787013272759955
"4347",60,1,0.826119871098192,0.0933703486805,0.826119871098192
"4348",52,0,0.724843016843095,0.724843016843095,0.688048913929784
"4349",50,0,1.50786637420927,1.50786637420927,1.31235979704604
"4350",60,0,-0.0563136111682283,-0.0563136111682283,0.386361878839152
"4351",56,0,0.390864385864273,0.390864385864273,0.421323606017902
"4352",56,0,0.930228571205314,0.930228571205314,0.875179100704239
"4353",52,0,0.943620450688772,0.943620450688772,0.75409271554335
"4354",50,1,0.634850298699618,1.2006413536082,0.634850298699618
"4355",58,1,0.0317216961444659,0.244610434327341,0.0317216961444659
"4356",56,1,0.805409036763371,0.42958789553469,0.805409036763371
"4357",56,1,0.552194537358974,0.178988285226124,0.552194537358974
"4358",54,0,0.90150830908415,0.90150830908415,0.57004026054774
"4359",54,0,0.603945690593886,0.603945690593886,0.552735655233606
"4360",54,1,0.368242829124227,0.543634625100229,0.368242829124227
"4361",54,0,0.2758484785391,0.2758484785391,0.417435585236656
"4362",52,0,0.790378749768563,0.790378749768563,0.983965947001785
"4363",58,0,-0.049213418407106,-0.049213418407106,0.34654408798382
"4364",58,0,0.113796587706694,0.113796587706694,0.584531975773072
"4365",52,0,0.885747935385832,0.885747935385832,1.01591126576444
"4366",52,0,0.628391141510979,0.628391141510979,0.861727203066654
"4367",52,0,0.642990732211822,0.642990732211822,0.489222364016215
"4368",60,1,0.290634289322874,0.264723081253029,0.290634289322874
"4369",56,1,0.480294952858244,0.568177350302719,0.480294952858244
"4370",58,0,-0.0275057268696214,-0.0275057268696214,0.227086419610292
"4371",58,1,0.568683949416875,-0.205603960983537,0.568683949416875
"4372",50,0,0.70968514951271,0.70968514951271,1.07961948665225
"4373",50,0,0.881997173711927,0.881997173711927,1.16919320018972
"4374",50,0,1.05114089032409,1.05114089032409,1.16190133378616
"4375",56,0,0.662116256914614,0.662116256914614,0.715082744787021
"4376",54,0,1.01112096009292,1.01112096009292,0.483567967103069
"4377",52,0,0.825575979941996,0.825575979941996,0.66960251986401
"4378",54,1,0.832712017784737,0.367246334566351,0.832712017784737
"4379",52,1,0.665272231855285,0.863846559130726,0.665272231855285
"4380",56,1,0.28477947043637,0.297095513019159,0.28477947043637
"4381",60,1,0.763709314623309,-0.427189192089046,0.763709314623309
"4382",58,1,0.727194505507592,-0.160787452780444,0.727194505507592
"4383",58,0,-0.0184148004560697,-0.0184148004560697,0.769432157894913
"4384",50,1,1.3502058618808,0.843337044869553,1.3502058618808
"4385",54,0,0.0717085338630455,0.0717085338630455,0.453008823163826
"4386",58,0,0.571789371726548,0.571789371726548,0.089445324481334
"4387",52,0,0.307461909676004,0.307461909676004,0.544389746273824
"4388",54,0,0.590661004511013,0.590661004511013,0.451907961663944
"4389",56,0,0.396250135551055,0.396250135551055,0.327115841517496
"4390",54,0,0.789509550811219,0.789509550811219,0.583849925981624
"4391",60,0,-0.2485945672125,-0.2485945672125,0.69308201211427
"4392",60,0,0.123199269210773,0.123199269210773,0.328853244730791
"4393",58,0,0.439359821965585,0.439359821965585,0.620108296189069
"4394",60,0,-0.0242939756237951,-0.0242939756237951,0.644748219632762
"4395",56,1,0.639996885187971,0.649732668140051,0.639996885187971
"4396",54,0,0.52024584370062,0.52024584370062,0.804293610182965
"4397",56,1,0.988488062920055,0.143095726597199,0.988488062920055
"4398",56,1,0.423093531445873,0.269326692679163,0.423093531445873
"4399",58,0,0.329709650087942,0.329709650087942,0.663440971552767
"4400",52,0,0.860850508396048,0.860850508396048,0.553346720867261
"4401",58,0,-0.0896251803675294,-0.0896251803675294,0.043304377786979
"4402",54,1,0.435413637701545,0.548313555327292,0.435413637701545
"4403",58,0,0.167219191748714,0.167219191748714,1.0458352749853
"4404",60,0,0.4704845630462,0.4704845630462,0.715366581923581
"4405",52,0,0.428051090941864,0.428051090941864,0.82178448502187
"4406",58,0,0.0472193692688518,0.0472193692688518,0.522393367146957
"4407",50,0,0.849584901919129,0.849584901919129,1.00707410301977
"4408",58,0,0.188114042367212,0.188114042367212,0.395332124047365
"4409",52,0,0.705278424253405,0.705278424253405,0.979701249328827
"4410",54,0,0.596179018137678,0.596179018137678,0.61902189036677
"4411",60,0,0.262075253972112,0.262075253972112,0.417875160999745
"4412",58,1,0.31891500857832,-0.0354245064182629,0.31891500857832
"4413",54,0,0.582608832772592,0.582608832772592,1.0532237479767
"4414",58,1,0.46257193406597,-0.25561345986401,0.46257193406597
"4415",52,0,0.695297544625139,0.695297544625139,0.966381048874911
"4416",56,0,0.446994794032891,0.446994794032891,0.363815491800828
"4417",50,0,1.22173713142463,1.22173713142463,0.874543858034928
"4418",54,0,0.523447071138847,0.523447071138847,0.541583310089755
"4419",52,0,0.477530899551841,0.477530899551841,0.726018810462034
"4420",52,0,0.745957627755553,0.745957627755553,1.10964029357462
"4421",52,0,0.787931445807365,0.787931445807365,0.856918427516144
"4422",52,0,1.28177985773861,1.28177985773861,0.678246521206746
"4423",52,0,0.57691899783382,0.57691899783382,0.581112716835757
"4424",50,0,0.618390708665435,0.618390708665435,1.00659323616108
"4425",56,1,0.50709156237091,0.701163718784109,0.50709156237091
"4426",52,0,0.639451085257574,0.639451085257574,0.899676386270378
"4427",54,0,0.484983376480761,0.484983376480761,0.418700156010967
"4428",56,0,0.305921807717071,0.305921807717071,0.751048552360237
"4429",58,0,0.688885485710169,0.688885485710169,0.392217107674154
"4430",54,1,0.471670055321155,0.496134510064896,0.471670055321155
"4431",50,1,1.0038267022647,0.84664727270983,1.0038267022647
"4432",58,0,-0.151176792760236,-0.151176792760236,0.670330656091191
"4433",50,0,0.931327431305068,0.931327431305068,0.779360571984234
"4434",56,0,-0.206557377859274,-0.206557377859274,0.644917786514412
"4435",52,1,0.776957999793265,0.554060448161239,0.776957999793265
"4436",52,0,0.492746921821112,0.492746921821112,1.017643442751
"4437",54,0,0.36063803045287,0.36063803045287,0.432203565441452
"4438",56,1,0.766631679800721,0.554038964518722,0.766631679800721
"4439",60,1,0.10292673834073,-0.28985106177022,0.10292673834073
"4440",56,0,0.536588521420752,0.536588521420752,0.718030068677361
"4441",60,1,0.281678455070765,0.156559227076099,0.281678455070765
"4442",52,0,0.641410044049348,0.641410044049348,0.894480169079039
"4443",54,0,0.758760513674034,0.758760513674034,0.912368564392964
"4444",60,1,0.641200978980097,-0.0783103899648151,0.641200978980097
"4445",52,0,0.689881009027982,0.689881009027982,0.899711961305506
"4446",58,0,0.42674365590225,0.42674365590225,0.535526811811043
"4447",58,0,0.240377394982325,0.240377394982325,0.421169164881223
"4448",54,0,0.736451079476503,0.736451079476503,0.154288153403937
"4449",56,1,0.642145752199919,0.189188386615152,0.642145752199919
"4450",56,1,0.382528507771937,0.38127420602478,0.382528507771937
"4451",54,1,0.659571914777998,0.484785920753088,0.659571914777998
"4452",60,1,0.427456520738237,0.0183368142978752,0.427456520738237
"4453",54,1,0.470294023860274,0.443380175245576,0.470294023860274
"4454",54,1,1.41473491154621,0.683718335018398,1.41473491154621
"4455",58,0,-0.0573509550019553,-0.0573509550019553,0.535064042641213
"4456",54,1,0.815213403094898,0.611162535081584,0.815213403094898
"4457",54,1,0.607817568909105,0.021077953609992,0.607817568909105
"4458",50,0,0.804862238272643,0.804862238272643,1.36362162485183
"4459",56,0,0.371037189449805,0.371037189449805,0.480525811890863
"4460",54,0,0.626437969987687,0.626437969987687,0.724542405821738
"4461",58,1,0.442909992362256,0.0296784292777357,0.442909992362256
"4462",56,0,0.265791946946714,0.265791946946714,0.619736406609372
"4463",52,0,0.774693098707202,0.774693098707202,1.38044715823083
"4464",52,0,0.512829637272977,0.512829637272977,0.586066852443059
"4465",50,0,1.27615557465651,1.27615557465651,1.02464966719502
"4466",56,1,0.717626836735497,0.718827488471756,0.717626836735497
"4467",54,0,1.11926871897164,1.11926871897164,0.912433261237492
"4468",52,0,0.936402427246602,0.936402427246602,0.723243096452172
"4469",58,0,0.207606972971877,0.207606972971877,0.381865005093788
"4470",58,0,-0.00798354167445869,-0.00798354167445869,0.546777119019671
"4471",54,1,0.662720441352504,0.15309592855278,0.662720441352504
"4472",56,0,0.509725153554153,0.509725153554153,0.60537098216826
"4473",58,1,0.356295564513646,-0.0394823010747748,0.356295564513646
"4474",54,0,0.511276256295979,0.511276256295979,0.875318920606228
"4475",52,1,1.30641532568176,0.627420803540162,1.30641532568176
"4476",56,1,0.318064498206378,0.494488310321176,0.318064498206378
"4477",52,0,0.622065875881297,0.622065875881297,0.515576192047698
"4478",52,0,0.744350132706306,0.744350132706306,1.00837121536182
"4479",56,1,0.85107890037002,0.0824654751162778,0.85107890037002
"4480",54,0,0.75797360506998,0.75797360506998,0.268556515430507
"4481",54,1,0.400938748700265,0.382170345841723,0.400938748700265
"4482",56,1,0.581250650966188,0.317006929402974,0.581250650966188
"4483",58,0,0.0934994748625417,0.0934994748625417,1.19143371878651
"4484",52,0,1.00496076489394,1.00496076489394,1.09383936040219
"4485",58,0,0.53755121539039,0.53755121539039,0.373861428088197
"4486",56,0,0.261251033947253,0.261251033947253,0.893951189182953
"4487",54,0,0.76625561800137,0.76625561800137,0.801559822862983
"4488",52,1,0.905442806893557,0.791842461399135,0.905442806893557
"4489",56,0,0.994016412141562,0.994016412141562,0.678412804948494
"4490",56,1,0.792304284817093,-0.017389906987469,0.792304284817093
"4491",58,0,0.843992593855677,0.843992593855677,0.333610738297176
"4492",58,0,0.0847435838397512,0.0847435838397512,0.109604535219465
"4493",60,1,0.490634971952164,0.00320393448203793,0.490634971952164
"4494",50,1,1.53561442223266,0.92716060876637,1.53561442223266
"4495",54,0,1.11329615872473,1.11329615872473,0.70479826120602
"4496",58,0,0.428588369023764,0.428588369023764,0.855502249149764
"4497",54,0,0.917971019617303,0.917971019617303,0.682159836721407
"4498",58,0,-0.0128335940608903,-0.0128335940608903,0.246422534833916
"4499",54,0,0.801716638185214,0.801716638185214,0.603746388623417
"4500",54,0,0.517569778375062,0.517569778375062,0.794996611936792
"4501",58,1,0.288696774462835,0.0580994163584943,0.288696774462835
"4502",52,0,0.920933751991386,0.920933751991386,0.865149124670931
"4503",52,0,0.23403329252585,0.23403329252585,1.01422030355726
"4504",52,0,0.455654426177569,0.455654426177569,0.689532553927074
"4505",52,0,1.00339140213559,1.00339140213559,0.772305740922757
"4506",58,1,0.653851724219477,-0.0195542263397128,0.653851724219477
"4507",54,0,0.825831516463183,0.825831516463183,0.606919821411966
"4508",52,0,0.717028800122754,0.717028800122754,0.84478860387041
"4509",50,0,1.45058971622904,1.45058971622904,1.40067922382169
"4510",50,0,0.90699190813123,0.90699190813123,1.01403852912071
"4511",54,0,0.576125458600801,0.576125458600801,0.940679267685568
"4512",60,1,0.668758017313377,0.00336890527174868,0.668758017313377
"4513",54,1,0.935423545832762,0.577255403676664,0.935423545832762
"4514",60,0,-0.234242790432268,-0.234242790432268,0.9201598943127
"4515",56,1,0.741746616794654,0.554352902595293,0.741746616794654
"4516",50,0,1.14073331219703,1.14073331219703,0.650180773358775
"4517",58,0,0.484811984886573,0.484811984886573,0.935324890471811
"4518",50,0,0.920057178166932,0.920057178166932,0.754604913288865
"4519",60,1,-0.160965784153315,0.0916036836998645,-0.160965784153315
"4520",52,1,0.236150542126573,0.791072923232553,0.236150542126573
"4521",58,0,0.240692065723146,0.240692065723146,0.742820230103397
"4522",58,1,0.73250041600433,0.89401567555554,0.73250041600433
"4523",52,0,0.995878354745777,0.995878354745777,0.719785474099409
"4524",58,1,0.803686501296534,0.319859303915998,0.803686501296534
"4525",60,1,0.203971692304839,-0.439232844136492,0.203971692304839
"4526",50,0,0.747183188721626,0.747183188721626,1.36422405216677
"4527",58,1,0.609160493745138,0.486677950542241,0.609160493745138
"4528",54,0,0.812428498334991,0.812428498334991,0.450117784642036
"4529",56,0,0.194567254622338,0.194567254622338,0.309991135619731
"4530",58,1,0.296518322230301,0.120003989808091,0.296518322230301
"4531",60,0,0.062674001943486,0.062674001943486,0.555409975671965
"4532",56,0,0.504248194117405,0.504248194117405,1.02983513776439
"4533",58,0,0.0844638582174028,0.0844638582174028,0.841695079718806
"4534",56,0,0.263655446626639,0.263655446626639,0.410202381539479
"4535",54,1,0.884356589848217,1.04249622535914,0.884356589848217
"4536",58,0,0.0771193895274727,0.0771193895274727,0.669547204539986
"4537",52,0,0.674919123677491,0.674919123677491,0.567550399021297
"4538",60,1,0.637293319658403,-0.174099209272789,0.637293319658403
"4539",58,0,0.261391467353795,0.261391467353795,0.487250079428454
"4540",54,0,0.156720286923833,0.156720286923833,0.423520195675271
"4541",50,0,1.10746342469561,1.10746342469561,1.08551884548179
"4542",60,0,-0.410629086237218,-0.410629086237218,-0.0503733753448771
"4543",54,0,0.355216047332669,0.355216047332669,0.74312680200641
"4544",52,0,0.188227499801776,0.188227499801776,0.917805886192778
"4545",52,1,0.791666252483155,0.63337530354475,0.791666252483155
"4546",50,0,0.86915701263456,0.86915701263456,1.08772587142991
"4547",50,1,1.08353282263504,0.834660859980683,1.08353282263504
"4548",52,0,0.929082343285638,0.929082343285638,1.19291685787879
"4549",56,1,0.642079996249556,0.109444154116697,0.642079996249556
"4550",52,0,0.909645437397178,0.909645437397178,0.615347947286672
"4551",54,1,0.727272645622538,0.404281002006719,0.727272645622538
"4552",54,0,0.610413694071029,0.610413694071029,0.73096953351357
"4553",50,0,0.981068838156173,0.981068838156173,0.908187052354503
"4554",54,0,0.719411169906771,0.719411169906771,0.433646732539535
"4555",54,0,0.742291292533915,0.742291292533915,0.753325191369623
"4556",50,0,1.25057555090478,1.25057555090478,0.907658357168148
"4557",56,0,0.706120322847422,0.706120322847422,0.401619029121434
"4558",52,0,0.732027369187734,0.732027369187734,0.846791629890884
"4559",58,1,0.66932261752174,-0.16125684867215,0.66932261752174
"4560",60,1,0.258053459032801,-0.0684598504751808,0.258053459032801
"4561",56,1,0.540446399321611,0.500642464843098,0.540446399321611
"4562",58,1,0.47248359681568,0.18689909295903,0.47248359681568
"4563",58,0,0.252768197811464,0.252768197811464,0.385963191661936
"4564",54,0,0.696714635727032,0.696714635727032,0.394775994739248
"4565",56,0,0.253349735233447,0.253349735233447,0.412762156938074
"4566",60,1,0.343804420876842,0.0223495474438559,0.343804420876842
"4567",56,1,0.382593901899633,0.0545670313276732,0.382593901899633
"4568",58,0,0.284519838730748,0.284519838730748,1.15717450435083
"4569",54,1,1.17518372357876,0.665801921041735,1.17518372357876
"4570",58,1,0.406667539488517,-0.156814288641005,0.406667539488517
"4571",52,1,1.01929892665349,0.420943790844266,1.01929892665349
"4572",54,1,0.736850928554328,0.716632832907497,0.736850928554328
"4573",56,1,0.817809736600043,0.299233525968916,0.817809736600043
"4574",56,0,0.355239431962432,0.355239431962432,0.655095603417052
"4575",58,1,0.509365023077634,0.475649319137468,0.509365023077634
"4576",58,1,0.571940804203169,0.449854514772288,0.571940804203169
"4577",60,1,0.0479291749464281,0.455414552943712,0.0479291749464281
"4578",52,0,1.13297961736851,1.13297961736851,0.777735870757706
"4579",54,1,0.552416130050002,0.895971041892774,0.552416130050002
"4580",54,0,0.286298313749566,0.286298313749566,0.876029579677508
"4581",56,1,0.210559491716314,0.173248227015734,0.210559491716314
"4582",56,0,0.466314784207484,0.466314784207484,0.794121783359359
"4583",50,0,1.28707062157252,1.28707062157252,1.30109403038673
"4584",54,0,0.711686495251685,0.711686495251685,0.601315312357901
"4585",52,1,1.06964244026885,1.10750429028697,1.06964244026885
"4586",56,0,0.417657861258149,0.417657861258149,1.13811870601253
"4587",60,0,-0.16156118115432,-0.16156118115432,0.627214211374467
"4588",60,0,-0.450587355138135,-0.450587355138135,0.379214022453548
"4589",54,1,0.216835516626524,1.0281771557915,0.216835516626524
"4590",60,1,0.435771424495119,-0.255193788920475,0.435771424495119
"4591",58,0,-0.0952009649989968,-0.0952009649989968,0.311937611011761
"4592",52,0,0.684784109238502,0.684784109238502,0.635105038898943
"4593",58,0,0.428434124380826,0.428434124380826,0.809395918422805
"4594",56,0,0.31513608125318,0.31513608125318,0.479368884516416
"4595",52,1,0.976400381362081,0.491961383300174,0.976400381362081
"4596",52,0,0.974041868045991,0.974041868045991,0.817619163742432
"4597",56,1,0.252864828395724,0.603945319928861,0.252864828395724
"4598",56,0,0.508839237028327,0.508839237028327,0.482468154152124
"4599",56,0,0.165930726605906,0.165930726605906,0.180769240929823
"4600",54,1,0.379527187868439,0.442934627217364,0.379527187868439
"4601",54,0,0.545757927220207,0.545757927220207,0.647440974870556
"4602",58,1,0.824026308257509,0.592942430645627,0.824026308257509
"4603",56,0,0.59715589235177,0.59715589235177,0.727522728339302
"4604",56,0,0.196996386893693,0.196996386893693,0.997803203145898
"4605",52,0,0.868168477787967,0.868168477787967,1.29826133117927
"4606",56,0,0.415854791543726,0.415854791543726,0.775793128889369
"4607",52,0,0.820214884027311,0.820214884027311,0.886724027172779
"4608",56,0,0.367557149091822,0.367557149091822,0.173566820110059
"4609",58,0,0.0163145873421503,0.0163145873421503,0.566880275845677
"4610",50,0,1.10905926714761,1.10905926714761,0.738442027889587
"4611",60,0,-0.0446124301583117,-0.0446124301583117,0.509863187475581
"4612",58,1,0.575164891630869,0.331535366271973,0.575164891630869
"4613",56,1,0.789675517193977,0.106833218452102,0.789675517193977
"4614",56,0,0.689683256258057,0.689683256258057,0.43902736286087
"4615",54,0,0.87758361329975,0.87758361329975,0.836725205252455
"4616",52,0,1.51583073986144,1.51583073986144,0.949124201018808
"4617",54,0,0.275588864261149,0.275588864261149,0.437632454921128
"4618",50,0,0.851570823811339,0.851570823811339,0.788866935683739
"4619",60,0,-0.0113778152801408,-0.0113778152801408,0.561202924158238
"4620",52,0,1.1664904479278,1.1664904479278,0.878982082951134
"4621",58,1,0.325166751674105,0.327911069963142,0.325166751674105
"4622",52,1,0.666301053442352,0.767078543677676,0.666301053442352
"4623",60,0,-0.349110731394346,-0.349110731394346,0.50603924789952
"4624",58,1,0.595756681746712,0.638892987817874,0.595756681746712
"4625",58,0,0.347282771227518,0.347282771227518,0.392402444494898
"4626",58,1,0.780210928349512,0.148953436539884,0.780210928349512
"4627",56,0,0.566863624446227,0.566863624446227,0.370266229267527
"4628",58,1,0.444552373395424,0.440976601550018,0.444552373395424
"4629",56,0,0.717761588435941,0.717761588435941,0.459333706989093
"4630",56,0,0.370632651539177,0.370632651539177,0.436097052729726
"4631",56,1,0.158683446136357,0.207141187475575,0.158683446136357
"4632",54,0,0.92338477424172,0.92338477424172,0.569175416082716
"4633",52,0,0.528479563494547,0.528479563494547,0.91859930581643
"4634",52,0,0.471417611556605,0.471417611556605,0.528536823457242
"4635",60,1,0.0647370833624196,0.0506175987280613,0.0647370833624196
"4636",54,1,0.936630269020995,0.708800030162146,0.936630269020995
"4637",52,0,0.804039681077355,0.804039681077355,1.0931469863339
"4638",60,1,0.464133079172147,0.193216787279998,0.464133079172147
"4639",58,0,0.141541256971967,0.141541256971967,0.776473568786779
"4640",56,0,0.0856692814103266,0.0856692814103266,0.449668160178006
"4641",52,0,0.474203148181218,0.474203148181218,0.724349742563324
"4642",54,1,0.866385403160943,0.382730138406403,0.866385403160943
"4643",52,0,0.56373266474659,0.56373266474659,0.702554485710649
"4644",54,1,0.848603486093711,0.873719157179397,0.848603486093711
"4645",52,0,1.01181488500521,1.01181488500521,0.81400409830901
"4646",54,1,0.748693476030607,0.67898499802156,0.748693476030607
"4647",52,0,0.967635828828928,0.967635828828928,1.09780116894918
"4648",60,1,0.659372836139345,0.209679653293602,0.659372836139345
"4649",54,1,0.600505390180936,0.627699998492009,0.600505390180936
"4650",54,1,0.391526673537896,0.309090200758625,0.391526673537896
"4651",52,0,0.841248083310464,0.841248083310464,0.653261734717289
"4652",52,0,0.710511514831143,0.710511514831143,0.557510320179474
"4653",56,1,0.721544717133782,0.274027413734421,0.721544717133782
"4654",56,1,0.580043138992058,0.553312326570906,0.580043138992058
"4655",60,0,-0.17434373630686,-0.17434373630686,0.700722717148442
"4656",56,1,0.642397629448758,0.579829442562577,0.642397629448758
"4657",58,1,0.593114731941082,0.00142044036403358,0.593114731941082
"4658",58,0,0.373430015302661,0.373430015302661,0.814164596951621
"4659",50,0,1.28954507401415,1.28954507401415,1.15494740916197
"4660",52,1,0.56885091695076,0.719653746041982,0.56885091695076
"4661",56,1,0.497571133165045,0.165300848633193,0.497571133165045
"4662",56,0,0.517586442807127,0.517586442807127,0.482744096416387
"4663",56,0,0.521363109686841,0.521363109686841,1.04937984859633
"4664",54,1,0.908592928448224,0.991107384040239,0.908592928448224
"4665",60,1,0.646264416431935,-0.193574434955872,0.646264416431935
"4666",52,0,0.495114244642312,0.495114244642312,1.03112998178646
"4667",56,0,0.194436406283134,0.194436406283134,0.9925873522925
"4668",52,0,0.696595334603986,0.696595334603986,0.599943489820123
"4669",54,0,0.352542487824021,0.352542487824021,1.09159352135093
"4670",50,0,0.615135452617059,0.615135452617059,0.630252043110466
"4671",52,0,1.00598473915296,1.00598473915296,0.693560368856456
"4672",54,0,0.455260166224423,0.455260166224423,0.723906958954333
"4673",56,1,0.28326224112441,0.409605754456538,0.28326224112441
"4674",52,1,0.860832758622531,0.856890994299907,0.860832758622531
"4675",58,0,-0.322198716925245,-0.322198716925245,0.00591977287996304
"4676",54,1,0.76275640025241,0.298619457234841,0.76275640025241
"4677",52,0,0.859004417797535,0.859004417797535,0.492166781901429
"4678",54,0,0.814851870994019,0.814851870994019,0.776115973436964
"4679",52,1,0.701062424450465,1.1141243163446,0.701062424450465
"4680",60,0,0.0825351735555153,0.0825351735555153,0.467348142735837
"4681",58,1,0.939937771832917,0.277472447188819,0.939937771832917
"4682",60,1,0.265536633450014,0.0832441473602254,0.265536633450014
"4683",58,0,-0.185775738630787,-0.185775738630787,0.230190332304407
"4684",52,1,0.606400387000233,0.931231485231143,0.606400387000233
"4685",54,0,0.244072717145132,0.244072717145132,0.769483183564188
"4686",60,0,-0.0364071138393351,-0.0364071138393351,0.480818420054192
"4687",54,0,0.625242813420068,0.625242813420068,1.25057522625637
"4688",52,0,1.04872436721416,1.04872436721416,0.872489284295026
"4689",54,0,0.332036865306134,0.332036865306134,0.884949561836993
"4690",58,1,0.396807830615341,0.164207289802197,0.396807830615341
"4691",58,1,0.459345779046481,0.160460347342578,0.459345779046481
"4692",56,0,0.613840863460611,0.613840863460611,0.74348454996471
"4693",56,1,0.397456387937414,0.494160602854153,0.397456387937414
"4694",52,0,0.357645764070765,0.357645764070765,0.97341980670677
"4695",56,1,0.41111793090063,0.126850115992449,0.41111793090063
"4696",52,0,1.00419626066764,1.00419626066764,1.23673604647885
"4697",60,0,-0.168285396241846,-0.168285396241846,0.603516623617388
"4698",58,1,0.0755398690432961,-0.0890514879491975,0.0755398690432961
"4699",58,0,-0.0769194180163119,-0.0769194180163119,0.390982364787361
"4700",58,0,0.14334670505212,0.14334670505212,0.922916791939107
"4701",58,1,0.340271940507037,0.378189067068627,0.340271940507037
"4702",52,1,0.801918625146502,0.858270467164901,0.801918625146502
"4703",60,0,-0.274547543962892,-0.274547543962892,0.312184045017492
"4704",58,0,0.120771767098591,0.120771767098591,0.708124314702358
"4705",54,1,0.561099447752129,0.508417590747088,0.561099447752129
"4706",58,1,0.713032555138488,0.112229230331871,0.713032555138488
"4707",54,1,0.639346958642333,0.386174917236435,0.639346958642333
"4708",52,1,1.07904634896831,1.23885838907687,1.07904634896831
"4709",56,1,-0.0157553900530623,0.147998874391062,-0.0157553900530623
"4710",50,0,1.22363986584592,1.22363986584592,1.64507980352787
"4711",56,0,0.517646029582537,0.517646029582537,1.09229701013239
"4712",54,0,0.92045674188737,0.92045674188737,0.447666699867178
"4713",54,0,0.31704266251077,0.31704266251077,0.355075583473372
"4714",54,0,0.502164671648757,0.502164671648757,0.708071304394982
"4715",56,0,0.501899616835075,0.501899616835075,0.77579230733397
"4716",52,0,0.79620938550817,0.79620938550817,0.469558417984325
"4717",52,0,0.564219875000217,0.564219875000217,0.342441282021684
"4718",60,1,0.500184747652494,0.061743179286264,0.500184747652494
"4719",56,0,0.753124360121578,0.753124360121578,0.881304849890434
"4720",56,1,0.613987317601582,0.401563878152182,0.613987317601582
"4721",52,1,0.819209148652895,0.611487466204257,0.819209148652895
"4722",56,0,-0.00197244264227897,-0.00197244264227897,0.596901535868527
"4723",54,1,0.591427149432215,0.619574008686579,0.591427149432215
"4724",56,0,0.275916022923398,0.275916022923398,0.848069717779915
"4725",60,0,-0.24516352024554,-0.24516352024554,0.495065870563194
"4726",60,1,0.385972371871879,0.0453189855281817,0.385972371871879
"4727",54,0,0.706606670055352,0.706606670055352,0.774991377845729
"4728",58,0,0.238617794397353,0.238617794397353,0.27603643255268
"4729",52,1,0.95137211521311,0.371196264429731,0.95137211521311
"4730",58,0,0.158225490342083,0.158225490342083,0.678419129782553
"4731",58,1,0.171658137317701,0.290883928975111,0.171658137317701
"4732",50,0,0.808565530402289,0.808565530402289,1.34815818476878
"4733",50,0,1.22401544381939,1.22401544381939,0.658508418551891
"4734",56,0,0.156384664081639,0.156384664081639,0.190963189866327
"4735",56,0,0.791241750630024,0.791241750630024,0.684533901072653
"4736",58,0,0.586498651568921,0.586498651568921,0.721954590852298
"4737",56,0,0.265164284755916,0.265164284755916,0.485738130294527
"4738",54,0,0.639409792483808,0.639409792483808,0.419981717561448
"4739",60,1,0.00767297292912256,0.0764903104610154,0.00767297292912256
"4740",60,1,0.515348515906066,0.0423067535156625,0.515348515906066
"4741",52,1,0.904454429086384,0.333257764389851,0.904454429086384
"4742",58,1,0.333240801799506,0.503243990754552,0.333240801799506
"4743",52,0,0.425586134248362,0.425586134248362,0.907127496658244
"4744",52,0,0.329934588188319,0.329934588188319,0.637468161715757
"4745",60,1,0.687148936604355,-0.320783353886583,0.687148936604355
"4746",58,1,0.534104925772893,0.529041333944886,0.534104925772893
"4747",56,1,0.947500013102893,0.522598529331647,0.947500013102893
"4748",56,0,0.139408353847376,0.139408353847376,0.593229443456016
"4749",54,0,0.595104898986679,0.595104898986679,0.860730164841226
"4750",54,0,0.571739277787903,0.571739277787903,1.17617914938378
"4751",56,1,0.718584836112208,0.0672570755597292,0.718584836112208
"4752",56,0,0.38795800741921,0.38795800741921,0.982821599084573
"4753",54,0,0.39295571393591,0.39295571393591,0.557473508012978
"4754",56,0,0.255504413158826,0.255504413158826,0.750033333665252
"4755",52,0,1.36390528163749,1.36390528163749,1.43821024911577
"4756",56,0,0.530538780670464,0.530538780670464,0.522763260814951
"4757",58,0,0.51931992580096,0.51931992580096,0.908346966109571
"4758",56,0,0.100038025673304,0.100038025673304,0.28385459876047
"4759",56,0,0.790616300159231,0.790616300159231,0.261770351054818
"4760",54,0,0.530405955961794,0.530405955961794,0.99452356064859
"4761",54,0,0.465477629210922,0.465477629210922,0.870841759124502
"4762",58,1,0.402319591505411,0.0887838594155946,0.402319591505411
"4763",50,0,0.80821046400676,0.80821046400676,1.03778480026837
"4764",60,0,-0.439827979110462,-0.439827979110462,0.587530081726541
"4765",52,0,0.695864872079179,0.695864872079179,0.698124660366495
"4766",54,1,0.619911363188444,0.497680725699322,0.619911363188444
"4767",56,1,0.453105157991616,0.288747715759643,0.453105157991616
"4768",56,1,0.36008561038512,0.0618892313658649,0.36008561038512
"4769",52,0,0.811785442617901,0.811785442617901,0.628677930345334
"4770",58,1,0.572230584725812,0.106845621292313,0.572230584725812
"4771",56,1,0.742077894260648,0.248761488939751,0.742077894260648
"4772",56,0,0.063936167619166,0.063936167619166,0.794701187689653
"4773",58,0,0.606544107433842,0.606544107433842,0.952241948638757
"4774",54,1,0.50506795300213,0.472998798387411,0.50506795300213
"4775",58,0,0.108148164505535,0.108148164505535,0.751326800295413
"4776",58,0,0.597892872216317,0.597892872216317,0.784438131721937
"4777",50,0,0.776331916687872,0.776331916687872,1.25221459844138
"4778",60,0,0.0231603983036374,0.0231603983036374,0.773611225259141
"4779",56,0,1.06482358564405,1.06482358564405,0.6092296600179
"4780",58,1,0.475631043797887,0.429259451802055,0.475631043797887
"4781",56,0,0.390493316006374,0.390493316006374,0.313223267308618
"4782",58,0,0.131133119114929,0.131133119114929,0.355489645311325
"4783",58,0,-0.0788135581046255,-0.0788135581046255,0.578686922612435
"4784",52,0,0.556175936106598,0.556175936106598,1.13139921482945
"4785",56,0,0.376186424067929,0.376186424067929,1.04803500141114
"4786",54,0,0.700181987130912,0.700181987130912,0.71401820913332
"4787",50,0,1.22485528464723,1.22485528464723,1.07478471914043
"4788",50,0,1.30431932845855,1.30431932845855,1.00443649540846
"4789",54,0,0.156561795900958,0.156561795900958,0.47399467829928
"4790",56,0,0.500580469331807,0.500580469331807,0.635236105335443
"4791",58,0,-0.0469547873311666,-0.0469547873311666,0.493188889304528
"4792",52,0,0.915413513554804,0.915413513554804,0.839365762073284
"4793",58,0,0.0161443314083438,0.0161443314083438,0.674588045864766
"4794",58,1,0.307047555772894,0.167907592532214,0.307047555772894
"4795",60,0,-0.0655441115747608,-0.0655441115747608,0.522293936015576
"4796",56,1,0.892999289736641,0.320042619742557,0.892999289736641
"4797",52,0,0.685263766009949,0.685263766009949,0.835008524755503
"4798",54,0,0.481799775839274,0.481799775839274,0.551361457547347
"4799",52,0,0.685767938313233,0.685767938313233,1.17567486469321
"4800",60,0,0.392848269465726,0.392848269465726,0.324691286375506
"4801",54,0,0.470298087510414,0.470298087510414,0.386211302512636
"4802",54,0,0.535443854489077,0.535443854489077,0.731385284199506
"4803",58,1,0.783709640520071,-0.0230034000933094,0.783709640520071
"4804",52,1,0.556505520516717,0.812606562695792,0.556505520516717
"4805",56,0,0.343519428914515,0.343519428914515,0.230725300854375
"4806",56,0,-0.0472103310464245,-0.0472103310464245,0.409318740971115
"4807",60,1,0.594143383001841,-0.0671759997617269,0.594143383001841
"4808",58,0,-0.0796371478579255,-0.0796371478579255,0.449519026228471
"4809",58,0,0.0897946702214095,0.0897946702214095,0.576666293107213
"4810",50,0,1.05779372338564,1.05779372338564,1.13618081045098
"4811",56,0,0.203033576327701,0.203033576327701,0.0352700082992642
"4812",52,1,0.710856637724748,0.224100156187477,0.710856637724748
"4813",60,1,0.371067708965259,-0.095953129527669,0.371067708965259
"4814",58,0,0.0486750444685051,0.0486750444685051,0.901425760818204
"4815",56,0,0.531435747039616,0.531435747039616,0.926171929722383
"4816",52,0,0.784298756077464,0.784298756077464,0.907795824843408
"4817",58,0,0.249071586144276,0.249071586144276,0.356259289352688
"4818",60,0,0.14923778132046,0.14923778132046,0.436616157497352
"4819",56,0,0.287134785525858,0.287134785525858,0.46841156950229
"4820",58,1,1.0885734761249,0.00573670291980766,1.0885734761249
"4821",54,1,0.538616026720372,0.286916561956273,0.538616026720372
"4822",56,0,0.501956826380229,0.501956826380229,0.727071330404404
"4823",52,0,0.540583300382761,0.540583300382761,0.51679993391926
"4824",54,1,0.827309684783202,0.787525168766345,0.827309684783202
"4825",50,1,1.08967592600648,0.969821371802082,1.08967592600648
"4826",52,0,0.450008363735631,0.450008363735631,0.9371170683306
"4827",54,0,0.77026249980927,0.77026249980927,0.643923339231013
"4828",56,1,0.475452857085386,0.852928013290962,0.475452857085386
"4829",56,1,0.931432441520446,0.513280910440834,0.931432441520446
"4830",56,1,0.272159685374168,0.511025467325184,0.272159685374168
"4831",60,1,0.592062063650381,-0.0704762262253982,0.592062063650381
"4832",56,1,0.666864649152204,0.530632382993924,0.666864649152204
"4833",58,0,0.000578805920296299,0.000578805920296299,0.637023273003893
"4834",56,0,0.274421840222493,0.274421840222493,0.671724976149912
"4835",54,0,0.906265405549279,0.906265405549279,0.779638759240952
"4836",58,1,0.604036493195696,0.140873041738787,0.604036493195696
"4837",58,0,0.736775810285262,0.736775810285262,1.00545425638444
"4838",56,1,0.173333490029035,0.694948534031258,0.173333490029035
"4839",52,1,0.688735625994412,0.850713050728501,0.688735625994412
"4840",52,1,0.696121381631427,0.697724456514423,0.696121381631427
"4841",56,0,0.212065208745858,0.212065208745858,0.681588396964349
"4842",52,1,0.810655847960873,0.726080003440321,0.810655847960873
"4843",56,1,1.03854961744626,0.467100229548994,1.03854961744626
"4844",58,0,0.206566162820283,0.206566162820283,0.482736779103437
"4845",50,1,1.29416096503269,1.02886270167077,1.29416096503269
"4846",52,0,0.541480909755382,0.541480909755382,1.05561676840014
"4847",58,0,0.483891498422917,0.483891498422917,0.696903934450463
"4848",58,1,0.468970802928024,0.0094066992582178,0.468970802928024
"4849",52,0,1.05465920335158,1.05465920335158,0.970309275695419
"4850",54,1,0.316239617812379,0.778651224726652,0.316239617812379
"4851",50,1,1.09601831834518,0.702743753972573,1.09601831834518
"4852",60,0,-0.311900529611283,-0.311900529611283,0.466338000210459
"4853",52,0,0.74617686812475,0.74617686812475,0.955889657549952
"4854",54,1,0.778211378489452,0.585493561365289,0.778211378489452
"4855",50,0,0.816342754627343,0.816342754627343,1.18861009328663
"4856",54,0,0.221009396503097,0.221009396503097,0.802550989464422
"4857",54,0,0.474070420741074,0.474070420741074,0.421413551619028
"4858",54,0,0.403104929178107,0.403104929178107,0.996965436704848
"4859",58,0,0.426243781038158,0.426243781038158,0.638576038184466
"4860",52,0,1.13930952661395,1.13930952661395,0.210729499914378
"4861",52,0,0.529506794921379,0.529506794921379,0.715629725634344
"4862",56,0,0.678757881337604,0.678757881337604,0.613839640553642
"4863",52,0,1.00008866479065,1.00008866479065,0.897695367267903
"4864",56,1,0.988975603329142,0.32929902883508,0.988975603329142
"4865",54,0,0.324505044612961,0.324505044612961,1.00056653805737
"4866",60,1,0.902066971768215,-0.187168883041377,0.902066971768215
"4867",56,0,0.272801814588932,0.272801814588932,0.740231060668249
"4868",50,1,1.13306733590839,1.30576068346059,1.13306733590839
"4869",56,0,0.497486392543293,0.497486392543293,0.0673492587893946
"4870",52,0,0.916653045275112,0.916653045275112,0.716435508944053
"4871",56,0,0.40112904205996,0.40112904205996,0.656023603828378
"4872",50,0,0.68760609445984,0.68760609445984,0.996358709899348
"4873",54,0,0.886204941201274,0.886204941201274,0.205989733496854
"4874",60,1,-0.188452153096639,-0.278433082936119,-0.188452153096639
"4875",54,0,0.21115199423865,0.21115199423865,0.803661200183666
"4876",56,0,0.73158908852767,0.73158908852767,0.206489794101365
"4877",58,1,0.647151970985276,0.302532096099021,0.647151970985276
"4878",58,1,0.0430600435939273,0.163187463625949,0.0430600435939273
"4879",60,1,0.601925997834303,0.555506184827896,0.601925997834303
"4880",60,1,0.468149418255599,0.0581744696950994,0.468149418255599
"4881",52,1,0.580936940272439,0.795570276646966,0.580936940272439
"4882",58,1,0.669341415053544,0.0497409692225505,0.669341415053544
"4883",56,0,0.472293342986775,0.472293342986775,0.569068746273931
"4884",58,1,0.623744572858507,0.327969478757015,0.623744572858507
"4885",56,1,0.958825983008465,0.327168520776382,0.958825983008465
"4886",54,0,0.881565425258068,0.881565425258068,0.306014013758391
"4887",60,0,-0.21643600410569,-0.21643600410569,0.416170079288671
"4888",58,0,0.129594132736569,0.129594132736569,0.162701862900885
"4889",58,1,0.417415098204763,0.16126262763264,0.417415098204763
"4890",52,0,1.1554622739987,1.1554622739987,1.30260701779574
"4891",58,1,1.04131416999948,-0.12779041835796,1.04131416999948
"4892",56,0,0.366355805680943,0.366355805680943,0.360490070162821
"4893",54,0,0.700690252950323,0.700690252950323,1.0888696918096
"4894",60,0,0.248647119776462,0.248647119776462,0.155394883175051
"4895",58,1,1.04791910955579,0.617341789042918,1.04791910955579
"4896",58,0,-0.00888516757082891,-0.00888516757082891,0.404307211764864
"4897",58,0,0.134808260025342,0.134808260025342,0.214281952780971
"4898",50,0,0.559860299213048,0.559860299213048,0.946602406241657
"4899",52,0,1.02455515385812,1.02455515385812,0.706447008339141
"4900",54,0,0.557586957936958,0.557586957936958,0.301245424574541
"4901",52,0,0.863826591787864,0.863826591787864,0.631002014243941
"4902",58,1,0.124321811938807,0.129869760832373,0.124321811938807
"4903",60,0,-0.00891931608295669,-0.00891931608295669,0.316292664569465
"4904",52,1,1.00306803600809,0.91139035763377,1.00306803600809
"4905",54,0,0.416391456200772,0.416391456200772,0.970788861692494
"4906",56,0,0.611007784261875,0.611007784261875,0.39195537674549
"4907",60,1,0.463772371512102,0.146539369140042,0.463772371512102
"4908",58,0,0.0956501657748757,0.0956501657748757,0.598049802541409
"4909",58,0,0.0343727637505676,0.0343727637505676,0.476362066895307
"4910",56,0,-0.121915151838131,-0.121915151838131,-0.181353269731336
"4911",52,0,0.79236929180362,0.79236929180362,0.856809063570522
"4912",54,0,0.366017819583537,0.366017819583537,0.651817656979375
"4913",52,0,0.91658020884789,0.91658020884789,0.795634797998306
"4914",52,0,0.93897458377458,0.93897458377458,0.741790488141475
"4915",50,0,1.2884240248721,1.2884240248721,0.559495066612056
"4916",56,0,0.579027286538848,0.579027286538848,0.438020625028377
"4917",56,1,-0.149666021899927,0.53535817456495,-0.149666021899927
"4918",52,1,0.647785429481278,0.682750700308356,0.647785429481278
"4919",50,0,0.60721554707167,0.60721554707167,1.16733496024139
"4920",52,0,0.761572416027072,0.761572416027072,0.52530348787891
"4921",58,0,0.377595713458598,0.377595713458598,0.577926376111353
"4922",58,0,0.254061501542521,0.254061501542521,0.484264752338032
"4923",56,0,0.467403936741541,0.467403936741541,0.496172831060323
"4924",58,0,-0.187793506880476,-0.187793506880476,0.46264055692304
"4925",58,0,0.320207214968294,0.320207214968294,0.409210039490644
"4926",56,0,0.576154935497945,0.576154935497945,0.552799531651206
"4927",54,0,0.516223810753373,0.516223810753373,0.81533536716731
"4928",58,0,0.658221488974026,0.658221488974026,0.536586581652423
"4929",60,0,0.140860404209942,0.140860404209942,0.613734605179721
"4930",54,0,0.834896533363933,0.834896533363933,0.774584715604526
"4931",56,0,0.56428554752591,0.56428554752591,0.651694016721422
"4932",52,1,0.729243128122694,0.64340912026598,0.729243128122694
"4933",52,0,1.17242028621115,1.17242028621115,1.12986423812536
"4934",58,1,0.590564859733437,0.258542636685417,0.590564859733437
"4935",54,0,0.911599061597423,0.911599061597423,0.713574489592577
"4936",50,0,1.0567087459541,1.0567087459541,0.865214955096338
"4937",58,0,-0.0110858314254027,-0.0110858314254027,0.693044524546465
"4938",50,0,1.30603599154421,1.30603599154421,1.35778644528402
"4939",50,1,0.852988643978392,0.954760792814761,0.852988643978392
"4940",54,0,0.674758113234765,0.674758113234765,0.405899825704724
"4941",54,0,0.225377485661548,0.225377485661548,0.380388097336862
"4942",52,1,1.15995616581443,0.89453778007475,1.15995616581443
"4943",52,0,0.939203835298814,0.939203835298814,0.981532308878704
"4944",56,1,0.500941955550834,0.607086219211582,0.500941955550834
"4945",50,0,0.838305511116272,0.838305511116272,0.952058789819819
"4946",52,0,0.494172217552986,0.494172217552986,0.787177503092158
"4947",60,1,0.373995181887295,0.117852820780631,0.373995181887295
"4948",60,0,0.107753473517022,0.107753473517022,0.541720767578344
"4949",56,0,0.293884394386085,0.293884394386085,0.575848022551659
"4950",52,0,0.679989518455514,0.679989518455514,0.901985253563438
"4951",56,0,0.392660467473676,0.392660467473676,0.639248599713088
"4952",54,0,0.428925811916172,0.428925811916172,0.493773495868134
"4953",56,1,0.0255227260018036,0.276072664733496,0.0255227260018036
"4954",60,0,0.190232789591826,0.190232789591826,0.362342594953732
"4955",50,0,0.978993765443816,0.978993765443816,1.19753832290731
"4956",54,0,0.407224313814517,0.407224313814517,0.600000346394318
"4957",56,1,0.86423215273554,0.248942734725334,0.86423215273554
"4958",50,0,0.745545764583088,0.745545764583088,0.84648360035806
"4959",60,0,-0.215599366978645,-0.215599366978645,0.628686545853354
"4960",60,0,-0.0417119755222282,-0.0417119755222282,0.542086953377207
"4961",60,1,0.595327056307089,-0.0502898935449527,0.595327056307089
"4962",56,1,0.927001656843269,0.493586684082721,0.927001656843269
"4963",54,1,1.11553283562292,0.724108667987309,1.11553283562292
"4964",54,0,0.229774099683093,0.229774099683093,0.776638706259979
"4965",60,1,0.558174491555284,0.0523492320636714,0.558174491555284
"4966",52,0,0.808061392210851,0.808061392210851,0.746993693560763
"4967",60,0,-0.0402403638548195,-0.0402403638548195,0.305836081801378
"4968",54,1,0.725083911993296,0.47822401878037,0.725083911993296
"4969",58,1,0.347397856658373,-0.0624048379567675,0.347397856658373
"4970",58,1,1.05968413439693,0.17568757634785,1.05968413439693
"4971",60,0,0.00650912303797356,0.00650912303797356,0.565982959553708
"4972",54,0,0.514691170470947,0.514691170470947,0.238182150499072
"4973",58,0,-0.153846342001568,-0.153846342001568,0.746528075236238
"4974",58,1,0.476143258477154,0.0926897960391205,0.476143258477154
"4975",58,1,0.649746218164736,-0.131950989146354,0.649746218164736
"4976",54,0,0.721488202662674,0.721488202662674,1.04890231874036
"4977",50,0,0.932082197422738,0.932082197422738,0.747111531650122
"4978",58,0,-0.140976073645147,-0.140976073645147,0.607644273217147
"4979",58,1,0.117157764005402,0.244618806370007,0.117157764005402
"4980",54,0,0.277169420832998,0.277169420832998,0.727225328812961
"4981",56,1,0.501534077761155,0.115887177733779,0.501534077761155
"4982",60,1,0.440689902943817,0.595594715551729,0.440689902943817
"4983",52,0,0.946030493805548,0.946030493805548,0.849683165773125
"4984",52,0,0.956154460679025,0.956154460679025,0.515568696895392
"4985",54,1,0.833976137533746,0.973966885020084,0.833976137533746
"4986",58,0,0.607466430222179,0.607466430222179,0.82920355519184
"4987",52,0,1.05642530259093,1.05642530259093,1.0643000650218
"4988",58,0,-0.582649220238883,-0.582649220238883,0.652773116250088
"4989",58,1,0.286437629525353,0.139287165545372,0.286437629525353
"4990",58,1,0.269036753913188,-0.101888239149724,0.269036753913188
"4991",54,0,0.0811617794158408,0.0811617794158408,0.791418055974328
"4992",58,0,-0.282885599399931,-0.282885599399931,0.857726504378121
"4993",50,0,1.31144107211009,1.31144107211009,1.28211106103475
"4994",50,0,1.40489180765857,1.40489180765857,1.1958341223895
"4995",56,0,-0.0739293757913532,-0.0739293757913532,0.969623775397305
"4996",54,1,1.16782358929468,0.530888473235898,1.16782358929468
"4997",50,0,0.856376733603508,0.856376733603508,0.943041783711237
"4998",54,0,0.589528050167583,0.589528050167583,0.158803146412716
"4999",50,0,1.01336271048477,1.01336271048477,1.0571604704173
"5000",52,0,0.4369768476291,0.4369768476291,0.655710224707915
"5001",50,1,1.04914051536527,0.946522756150102,1.04914051536527
"5002",54,0,0.573319179644131,0.573319179644131,0.575014326969983
"5003",52,0,0.683852673299027,0.683852673299027,1.11081738489909
"5004",58,1,0.41856100720309,0.0289318818052073,0.41856100720309
"5005",54,1,0.866024675150576,0.40229981323219,0.866024675150576
"5006",54,1,0.799152642651013,0.515259061699101,0.799152642651013
"5007",58,0,-0.116857484497435,-0.116857484497435,0.655330012358529
"5008",54,0,0.251473516361241,0.251473516361241,0.832655448376235
"5009",52,0,0.904731225437995,0.904731225437995,0.834549876449833
"5010",60,1,0.694549132468567,0.803796340590179,0.694549132468567
"5011",58,1,0.981366577684139,0.104925135073283,0.981366577684139
"5012",54,0,1.02090736599545,1.02090736599545,0.870595039256896
"5013",50,0,1.23468157451554,1.23468157451554,1.05881321798937
"5014",52,0,1.07188385935863,1.07188385935863,0.781726433069182
"5015",52,0,0.584871326032891,0.584871326032891,0.244053944654034
"5016",54,0,0.41157188112357,0.41157188112357,0.756423704387756
"5017",52,0,0.760587640152218,0.760587640152218,0.77951412091614
"5018",56,0,0.385830703464277,0.385830703464277,0.689052425336988
"5019",50,1,1.03729431389971,0.80236068537538,1.03729431389971
"5020",60,1,0.757328875862733,0.14238732107597,0.757328875862733
"5021",52,0,0.1556880809244,0.1556880809244,1.11271467344523
"5022",50,0,1.35041946426674,1.35041946426674,1.23760492713427
"5023",54,0,0.941079964551322,0.941079964551322,0.697376642769068
"5024",56,1,0.640183772694987,0.174772995729023,0.640183772694987
"5025",52,0,0.707347188888658,0.707347188888658,1.034852664087
"5026",58,0,-0.0699269861951585,-0.0699269861951585,0.698057877843106
"5027",56,1,0.224291133035125,0.0386454616975047,0.224291133035125
"5028",54,0,0.396075806442462,0.396075806442462,0.333793213812463
"5029",58,0,-0.0798724050014949,-0.0798724050014949,0.57866928671507
"5030",58,0,-0.267483292858544,-0.267483292858544,0.499820904374516
"5031",58,1,0.383127831763415,-0.206813654917764,0.383127831763415
"5032",54,0,0.730003140366453,0.730003140366453,0.716553346798111
"5033",50,0,0.76609665073641,0.76609665073641,0.98297205044397
"5034",58,1,0.732064007061834,0.433032278879638,0.732064007061834
"5035",56,0,0.114875425848432,0.114875425848432,0.767595137636135
"5036",52,0,0.928626105498269,0.928626105498269,0.549648871983345
"5037",52,0,0.579607963263228,0.579607963263228,0.912331354899401
"5038",60,1,0.58870456943365,0.0949887402680702,0.58870456943365
"5039",54,0,0.440047496937244,0.440047496937244,0.677586812529737
"5040",56,1,0.360949780264269,0.323330446625042,0.360949780264269
"5041",56,1,0.572897945506792,0.0125670885289591,0.572897945506792
"5042",56,0,0.244852931146379,0.244852931146379,0.3894718899961
"5043",52,0,0.931084750832947,0.931084750832947,1.11105631201038
"5044",50,1,1.11881122202922,0.969500535423536,1.11881122202922
"5045",52,1,0.970832156803654,0.815455010096039,0.970832156803654
"5046",54,1,1.0987540125971,0.659387040159936,1.0987540125971
"5047",56,0,0.13971364226496,0.13971364226496,0.165370416866286
"5048",58,0,0.346959492480257,0.346959492480257,0.705981519004468
"5049",56,0,0.317867165578945,0.317867165578945,0.701472417988548
"5050",56,0,0.22487057542809,0.22487057542809,0.2828319051738
"5051",50,0,1.16265305726209,1.16265305726209,1.08808936080494
"5052",54,1,0.678240243278626,0.0997007855656008,0.678240243278626
"5053",52,1,0.732423795858255,0.61791289591739,0.732423795858255
"5054",56,0,0.532456284224125,0.532456284224125,0.359531509316611
"5055",60,1,0.7995529983433,0.200699796102936,0.7995529983433
"5056",58,1,0.48879148945532,0.535465670610877,0.48879148945532
"5057",52,0,0.784226499049195,0.784226499049195,1.27869990494322
"5058",54,0,0.883406721811762,0.883406721811762,0.480273226890745
"5059",58,0,0.561727078521763,0.561727078521763,0.659780334166705
"5060",52,0,1.05032904270962,1.05032904270962,1.18867577203063
"5061",54,0,0.819495629736651,0.819495629736651,1.00313101500356
"5062",60,0,-0.341447082720449,-0.341447082720449,0.942534687763465
"5063",52,1,0.541983856963782,1.03650773020577,0.541983856963782
"5064",50,1,1.17315677837984,0.82119659431596,1.17315677837984
"5065",56,0,0.554554783355412,0.554554783355412,0.670986584159215
"5066",52,0,0.609996748613792,0.609996748613792,0.618809960709362
"5067",56,1,0.846975863783613,0.833629585058264,0.846975863783613
"5068",54,0,0.897075764030104,0.897075764030104,0.97552091602182
"5069",58,0,0.57114513091639,0.57114513091639,0.546506405399462
"5070",54,1,0.428061232973138,0.416726206634298,0.428061232973138
"5071",54,0,0.626147885182399,0.626147885182399,0.682932032955651
"5072",54,0,0.415993657993688,0.415993657993688,0.98670808288717
"5073",52,0,0.786860353516167,0.786860353516167,0.819644464477228
"5074",58,0,0.310196528625852,0.310196528625852,0.201923086883632
"5075",50,0,0.73030065743131,0.73030065743131,1.10755918817644
"5076",52,0,0.54756851812762,0.54756851812762,0.758846742602887
"5077",50,1,0.976662355040197,1.23829080029291,0.976662355040197
"5078",58,1,0.315113366370766,0.346856969028813,0.315113366370766
"5079",58,0,0.0726151876926653,0.0726151876926653,0.0158653619214473
"5080",60,1,0.693620389646493,0.408048395978804,0.693620389646493
"5081",56,0,0.511435147743675,0.511435147743675,0.529773402281497
"5082",58,0,0.292916587362474,0.292916587362474,0.361441053387857
"5083",58,0,0.0228518402200148,0.0228518402200148,0.596010526613765
"5084",54,0,0.449461238819284,0.449461238819284,0.703959179490019
"5085",54,0,0.648996518507735,0.648996518507735,0.914401405969893
"5086",50,0,1.02502587753893,1.02502587753893,1.1146335186334
"5087",58,0,0.148736123696384,0.148736123696384,0.805325650925723
"5088",58,0,-0.261593747328738,-0.261593747328738,0.838739841502595
"5089",56,1,0.365889631132963,-0.0598281482145575,0.365889631132963
"5090",58,0,0.0570116272148186,0.0570116272148186,0.00932153501454769
"5091",52,0,0.915589509361143,0.915589509361143,0.928068434911825
"5092",58,1,0.61898383621977,0.384208998091605,0.61898383621977
"5093",54,0,0.234840765938624,0.234840765938624,0.8277044188636
"5094",54,0,0.711133935743901,0.711133935743901,1.00773132749535
"5095",60,0,-0.0730811674358141,-0.0730811674358141,0.560770563036759
"5096",54,0,0.731613186060642,0.731613186060642,0.494037802863476
"5097",52,0,1.00833476956088,1.00833476956088,0.209115268262029
"5098",54,1,0.956796119342253,0.661497136744768,0.956796119342253
"5099",56,1,0.795797728599886,0.755498643870074,0.795797728599886
"5100",56,0,0.00985390113609036,0.00985390113609036,0.850242615328687
"5101",58,0,-0.0775439027000383,-0.0775439027000383,0.555840350408177
"5102",58,0,0.390506764298273,0.390506764298273,0.442058981126907
"5103",54,1,0.81028783345835,0.648320832812472,0.81028783345835
"5104",56,1,0.490691319701756,0.126128177189498,0.490691319701756
"5105",58,0,0.493185830867473,0.493185830867473,0.54589007080495
"5106",56,0,0.350514471692459,0.350514471692459,0.218201840603477
"5107",58,0,-0.0967173177390289,-0.0967173177390289,0.669771126294744
"5108",52,0,0.938237055580255,0.938237055580255,0.708241264880087
"5109",52,0,0.517637105731112,0.517637105731112,0.590457257725955
"5110",52,0,0.805536096315706,0.805536096315706,0.654898541726297
"5111",56,1,0.55484757536598,0.335487178986827,0.55484757536598
"5112",56,1,0.850818079913799,0.753696855931975,0.850818079913799
"5113",54,1,0.737048400309157,0.354956781562183,0.737048400309157
"5114",56,1,0.439527062760343,0.412868737757337,0.439527062760343
"5115",56,0,0.28211492764718,0.28211492764718,0.756734764219173
"5116",54,0,0.488025003285635,0.488025003285635,0.754743906264748
"5117",52,0,0.603868330792247,0.603868330792247,0.878724137163406
"5118",54,0,1.23490486513465,1.23490486513465,0.70732121796482
"5119",54,1,0.898279360445853,0.684655352799795,0.898279360445853
"5120",54,0,0.766948389626554,0.766948389626554,0.855480184874895
"5121",56,1,0.471650925348957,0.0971147198891883,0.471650925348957
"5122",50,1,1.14983237877648,1.16897560770099,1.14983237877648
"5123",56,0,0.50443095609638,0.50443095609638,0.312944237517385
"5124",58,0,0.179313563764092,0.179313563764092,0.754783304732914
"5125",56,1,0.7372394365806,0.466564368936465,0.7372394365806
"5126",58,0,0.734179441639723,0.734179441639723,0.264077635313137
"5127",52,1,0.950113788032519,0.703126904074967,0.950113788032519
"5128",58,1,0.707292717581146,0.302905918627967,0.707292717581146
"5129",52,0,0.644303676991475,0.644303676991475,0.147691467400237
"5130",56,0,0.132258440180505,0.132258440180505,0.185593693862147
"5131",52,0,1.13772428556937,1.13772428556937,0.833115619698765
"5132",52,0,0.829212222326772,0.829212222326772,0.820205027545824
"5133",50,0,0.972864359413093,0.972864359413093,0.811171036150421
"5134",54,1,0.689813056608169,1.15166215020719,0.689813056608169
"5135",60,1,0.35489613271266,0.379796380807772,0.35489613271266
"5136",54,1,0.793463776261075,0.435380138175647,0.793463776261075
"5137",56,0,0.601015959406459,0.601015959406459,0.493708813407697
"5138",58,1,0.677323417157481,-0.328126101761747,0.677323417157481
"5139",54,0,0.802084013197304,0.802084013197304,0.620926726083421
"5140",50,0,0.797616541480453,0.797616541480453,0.894951000639789
"5141",54,0,0.156741500041675,0.156741500041675,0.785744373663014
"5142",60,1,0.212403213609359,-0.123452416195077,0.212403213609359
"5143",54,0,0.544640372985939,0.544640372985939,0.932875627462658
"5144",56,0,0.477173455384321,0.477173455384321,0.725872488030734
"5145",54,0,0.502854075070843,0.502854075070843,0.406322252643035
"5146",56,0,0.74606402217115,0.74606402217115,0.816780657596743
"5147",54,0,0.605032419401586,0.605032419401586,1.05297713170423
"5148",54,1,0.659052207336636,0.856585684771871,0.659052207336636
"5149",52,0,0.7863103060444,0.7863103060444,0.411706957419655
"5150",50,1,1.56897800423717,0.877810870706549,1.56897800423717
"5151",54,0,0.423526794275207,0.423526794275207,0.524298227645383
"5152",54,1,0.638194294810372,0.135680956555634,0.638194294810372
"5153",52,1,0.381101642706179,1.03009644939419,0.381101642706179
"5154",60,1,0.287559881351098,0.450582792406038,0.287559881351098
"5155",52,1,0.52462241248585,0.668334350670728,0.52462241248585
"5156",60,1,0.775470669826275,0.0447361193072197,0.775470669826275
"5157",58,1,0.705163196913493,0.11577238467963,0.705163196913493
"5158",60,0,0.0991269519182146,0.0991269519182146,0.595515759999741
"5159",52,0,0.622508643174696,0.622508643174696,1.00418922681653
"5160",60,1,0.482117653386335,0.237139183483361,0.482117653386335
"5161",60,0,0.175269345201624,0.175269345201624,0.627918082079764
"5162",54,0,1.09669853635322,1.09669853635322,0.661214377624577
"5163",56,1,0.865510247840789,0.171954730231197,0.865510247840789
"5164",56,0,0.323432168577802,0.323432168577802,0.484508498131957
"5165",58,1,0.0424816114701282,0.341498946978251,0.0424816114701282
"5166",54,0,0.525088212288614,0.525088212288614,0.831514734068301
"5167",54,0,0.464515156488295,0.464515156488295,0.974758398071444
"5168",56,1,0.0395894594997656,0.224677958327117,0.0395894594997656
"5169",50,1,0.848866029867963,0.684692174373883,0.848866029867963
"5170",58,1,0.354574525198967,0.201951229057314,0.354574525198967
"5171",56,0,0.282518392268166,0.282518392268166,0.0876077999081074
"5172",58,0,0.0894594692388117,0.0894594692388117,0.0548589537266638
"5173",58,0,-0.196810869921638,-0.196810869921638,0.875349727405998
"5174",54,0,0.920438665878162,0.920438665878162,0.49281273733958
"5175",54,0,0.492182699495525,0.492182699495525,0.670000957518948
"5176",50,0,0.742720133496727,0.742720133496727,0.896086545738313
"5177",54,1,0.330395826690648,-0.0312600476711132,0.330395826690648
"5178",58,1,0.749517859223253,0.134173944214164,0.749517859223253
"5179",56,0,0.436768962865206,0.436768962865206,0.564177470293794
"5180",58,0,0.582554328921482,0.582554328921482,0.50932449307137
"5181",56,0,0.201468792526144,0.201468792526144,0.523782634401014
"5182",60,0,0.739561355172915,0.739561355172915,0.630655637033263
"5183",52,0,0.572514487461724,0.572514487461724,1.20604307330086
"5184",52,0,0.899336824823963,0.899336824823963,0.947405479278222
"5185",60,1,-0.039463368431483,-0.0320184579581909,-0.039463368431483
"5186",56,0,0.482109524625411,0.482109524625411,0.815534498436133
"5187",54,0,0.662397608949235,0.662397608949235,0.79458324744948
"5188",58,0,0.379957122144338,0.379957122144338,0.577152071691689
"5189",50,0,1.13048922721454,1.13048922721454,1.17564370318724
"5190",54,0,0.59546872745269,0.59546872745269,0.640793243082056
"5191",50,0,0.876743714469801,0.876743714469801,1.41867202827567
"5192",60,0,-0.0280301114895616,-0.0280301114895616,-0.206354348351491
"5193",58,1,0.190668609477481,0.127167599708623,0.190668609477481
"5194",50,0,0.928884851992172,0.928884851992172,0.864925966317516
"5195",60,0,0.37025024294764,0.37025024294764,0.790282226168993
"5196",52,0,0.945882924931784,0.945882924931784,0.458175385320279
"5197",58,0,0.388514560312403,0.388514560312403,0.44257544119656
"5198",56,0,0.232938981790197,0.232938981790197,0.596316935049301
"5199",54,0,0.546256730604326,0.546256730604326,0.703013157143758
"5200",56,0,0.103729650126866,0.103729650126866,0.555595962001811
"5201",58,0,0.24275560720966,0.24275560720966,0.802080005930138
"5202",58,0,-0.114250509696954,-0.114250509696954,0.651422203198765
"5203",58,0,-0.0698098171004036,-0.0698098171004036,0.511692634099964
"5204",56,0,0.842407146418075,0.842407146418075,0.498710273962205
"5205",56,0,0.622985064554437,0.622985064554437,0.718646152701909
"5206",58,1,0.0629856283297273,0.587869305115404,0.0629856283297273
"5207",56,1,0.466693382860211,0.598090222133802,0.466693382860211
"5208",52,1,1.20748670757827,0.488379325521434,1.20748670757827
"5209",60,0,-0.0239874275027296,-0.0239874275027296,-0.308174180738433
"5210",50,1,1.27679374918651,0.748593797836091,1.27679374918651
"5211",50,0,1.49538644736342,1.49538644736342,0.635495687517614
"5212",50,0,0.698729974453234,0.698729974453234,0.993668227015052
"5213",56,1,0.609052009414131,0.348553330976394,0.609052009414131
"5214",54,0,0.704175527192815,0.704175527192815,0.325554000935139
"5215",54,0,0.67686028682663,0.67686028682663,0.31865528096961
"5216",50,0,0.600037903900091,0.600037903900091,1.04227491305106
"5217",50,0,0.939514193268958,0.939514193268958,1.07521898400462
"5218",52,0,0.752043624528199,0.752043624528199,1.02232066986329
"5219",52,0,0.873373987449412,0.873373987449412,1.06456738571173
"5220",58,0,0.193201296332834,0.193201296332834,0.360158680708635
"5221",54,0,0.451497034377683,0.451497034377683,0.618100742315905
"5222",60,1,0.683945736380327,-0.31455484979312,0.683945736380327
"5223",54,0,0.400022907008483,0.400022907008483,0.679936714924037
"5224",56,0,0.520751764893556,0.520751764893556,0.454553438196691
"5225",58,0,0.565848647825195,0.565848647825195,0.327389486905691
"5226",60,0,-0.22802749328996,-0.22802749328996,1.0085784379806
"5227",58,1,0.58508296935981,0.212247161969284,0.58508296935981
"5228",56,1,0.451171331929257,0.425953693495296,0.451171331929257
"5229",52,1,0.796648418457063,1.2930555461675,0.796648418457063
"5230",58,0,-0.160698574296593,-0.160698574296593,0.62441683764402
"5231",58,0,0.649210194843528,0.649210194843528,0.77220925723311
"5232",58,0,0.134906846738134,0.134906846738134,0.315504598320481
"5233",58,1,0.281778101835157,0.523812874246755,0.281778101835157
"5234",58,0,-0.131890820026971,-0.131890820026971,0.506549004538408
"5235",52,1,0.705029438917581,0.756389202466127,0.705029438917581
"5236",54,0,0.668973442578668,0.668973442578668,0.856253821681187
"5237",54,0,1.0371053074923,1.0371053074923,0.839945372544465
"5238",58,0,-0.0943792349151556,-0.0943792349151556,0.909324532117138
"5239",60,1,0.711309860433736,0.540104881592245,0.711309860433736
"5240",58,0,0.127990584887168,0.127990584887168,0.200753215655977
"5241",56,1,0.463595477710474,0.081622746372347,0.463595477710474
"5242",56,0,0.41110872303177,0.41110872303177,0.589119309344957
"5243",58,1,0.141431337491734,-0.110046212139664,0.141431337491734
"5244",52,0,1.21516052830762,1.21516052830762,0.775868830134317
"5245",60,0,0.25251337786412,0.25251337786412,0.323363802088861
"5246",52,0,0.781382363087493,0.781382363087493,0.883428387223362
"5247",56,1,0.83664713768203,0.814006656973583,0.83664713768203
"5248",54,0,0.417726056569453,0.417726056569453,0.603723526673738
"5249",56,0,0.761755106140011,0.761755106140011,0.366695252876889
"5250",52,0,0.862336950004929,0.862336950004929,0.885235232698497
"5251",58,1,0.64807021063941,0.559563760487087,0.64807021063941
"5252",54,0,0.63391199342531,0.63391199342531,0.722855392542774
"5253",56,0,0.346521208488236,0.346521208488236,0.657036991635488
"5254",60,1,0.57975781996705,0.0159749927568559,0.57975781996705
"5255",56,0,0.36021019082829,0.36021019082829,0.831673666093365
"5256",50,0,0.826537978679122,0.826537978679122,0.775323388004021
"5257",52,1,1.09029003656931,0.91602649041071,1.09029003656931
"5258",50,0,1.02558396403502,1.02558396403502,1.40450600035006
"5259",52,1,1.0830229677022,0.502252642788003,1.0830229677022
"5260",58,0,0.210424727171858,0.210424727171858,0.664269206935749
"5261",54,0,0.422011005387078,0.422011005387078,0.756072543792753
"5262",52,0,0.721945623961218,0.721945623961218,0.81259908194583
"5263",52,1,1.21603454928578,0.547427230839955,1.21603454928578
"5264",52,0,0.492471703874362,0.492471703874362,0.636697424200119
"5265",58,1,0.661062719499698,0.575068578047512,0.661062719499698
"5266",56,0,0.217618277768636,0.217618277768636,0.723946255407711
"5267",52,1,0.751509686240487,1.10823158358014,0.751509686240487
"5268",58,0,0.206118054483143,0.206118054483143,0.256519743627272
"5269",52,0,0.16804978380292,0.16804978380292,1.27623828621458
"5270",58,0,0.377360243149447,0.377360243149447,0.471769970271878
"5271",52,0,1.19674339801498,1.19674339801498,0.651464882631435
"5272",54,1,0.311431050893084,0.601873553173142,0.311431050893084
"5273",58,0,0.0818646623081845,0.0818646623081845,1.07170771245175
"5274",52,0,1.24735352898205,1.24735352898205,0.742335973126576
"5275",54,0,0.545910104097814,0.545910104097814,0.864561626171622
"5276",54,0,0.821430255406824,0.821430255406824,0.461172362521849
"5277",52,0,1.01798422770611,1.01798422770611,0.979213144780715
"5278",52,1,0.634408253223837,0.727846647869343,0.634408253223837
"5279",54,0,0.429698055906298,0.429698055906298,0.447779638184237
"5280",56,0,0.79373033528267,0.79373033528267,0.420952024402586
"5281",54,0,0.696627752854627,0.696627752854627,0.757403484820622
"5282",54,1,0.251458597512669,0.426361820766651,0.251458597512669
"5283",60,1,0.360061288230168,0.00448233210994438,0.360061288230168
"5284",56,0,0.182783769287963,0.182783769287963,0.689296366547756
"5285",58,1,0.545889494673843,-0.273173351578959,0.545889494673843
"5286",56,0,0.288274420370841,0.288274420370841,0.751240433991001
"5287",52,0,0.920688823136437,0.920688823136437,1.12397865469241
"5288",54,0,0.918554608717208,0.918554608717208,0.85698646731867
"5289",56,1,0.706063097706266,0.518708433911415,0.706063097706266
"5290",52,0,0.908852600039675,0.908852600039675,0.111931541138876
"5291",56,0,0.533391842434929,0.533391842434929,0.830558169865238
"5292",56,0,0.2029789488748,0.2029789488748,0.267671505320365
"5293",58,0,0.187379578824131,0.187379578824131,0.0888310625138138
"5294",58,1,0.642995833110462,0.26328227164775,0.642995833110462
"5295",54,1,0.916296895333213,0.514206133475248,0.916296895333213
"5296",58,1,0.605044815635558,-0.149632906071574,0.605044815635558
"5297",58,1,0.506649752569256,0.125952322835435,0.506649752569256
"5298",58,0,0.402581339611328,0.402581339611328,0.86549024577429
"5299",58,0,0.0795584291507675,0.0795584291507675,0.468502514393788
"5300",58,1,0.481443790997437,0.382210819752318,0.481443790997437
"5301",60,0,-0.11874836202254,-0.11874836202254,0.245656037559778
"5302",56,1,1.07230116026738,0.806476382463242,1.07230116026738
"5303",54,1,0.864310326897699,0.526584997721844,0.864310326897699
"5304",56,1,0.474209975589156,0.190767862388446,0.474209975589156
"5305",56,1,0.185516453466993,0.323516079688903,0.185516453466993
"5306",54,1,0.496095541558901,0.319387402562841,0.496095541558901
"5307",58,0,0.555908872758748,0.555908872758748,0.715603734019636
"5308",52,1,1.02950056084748,1.33950368963301,1.02950056084748
"5309",56,1,0.725103517690546,0.904890667687243,0.725103517690546
"5310",50,0,0.707034473738094,0.707034473738094,0.890945682459293
"5311",56,1,0.461768244040892,0.48523598018189,0.461768244040892
"5312",56,1,0.877567043320419,0.393710553334973,0.877567043320419
"5313",60,0,-0.312009992154536,-0.312009992154536,0.672247116767296
"5314",52,0,0.870088739656119,0.870088739656119,1.06115718785901
"5315",58,0,-0.228940534138384,-0.228940534138384,0.517795244418522
"5316",56,0,0.148355570250556,0.148355570250556,0.629570462708652
"5317",56,0,0.133487503041034,0.133487503041034,-0.0777649456084623
"5318",58,1,0.555197679333227,0.0112513998829827,0.555197679333227
"5319",50,0,0.989026535615714,0.989026535615714,1.15998865522824
"5320",60,0,0.250277830317211,0.250277830317211,0.522886677034119
"5321",54,0,0.693023103649363,0.693023103649363,0.706082923899159
"5322",58,0,0.459639729998899,0.459639729998899,0.926063810158887
"5323",58,1,0.967693776888499,0.742589076272215,0.967693776888499
"5324",56,1,0.546991620296777,0.423571581764073,0.546991620296777
"5325",54,1,0.577180226808224,0.680769804225075,0.577180226808224
"5326",54,0,0.925972942210268,0.925972942210268,0.692777609336571
"5327",50,0,0.740421250593466,0.740421250593466,0.764703767531883
"5328",52,0,0.95420164927616,0.95420164927616,0.912150313586482
"5329",56,0,0.616657532839042,0.616657532839042,0.707503053793151
"5330",54,0,0.80241367304657,0.80241367304657,0.202973800348091
"5331",52,0,0.735772720601286,0.735772720601286,0.812985882418454
"5332",54,0,0.35008646826469,0.35008646826469,0.478210042670175
"5333",54,0,0.322196932588495,0.322196932588495,0.615181753996442
"5334",54,0,0.607904925184977,0.607904925184977,0.438527652905063
"5335",54,0,0.345034183335521,0.345034183335521,0.847825137152106
"5336",54,0,0.27122378375972,0.27122378375972,1.09616501883993
"5337",52,1,0.882676266846699,0.625526044264614,0.882676266846699
"5338",56,0,0.258864168792044,0.258864168792044,0.455515812370452
"5339",54,0,0.512126894758084,0.512126894758084,0.0422864134304399
"5340",56,0,0.098530664819428,0.098530664819428,0.534212549963789
"5341",54,0,0.850470875437049,0.850470875437049,0.801146302975679
"5342",56,1,0.686460347341208,0.339162451335536,0.686460347341208
"5343",54,0,0.692269899828268,0.692269899828268,0.340142786038643
"5344",50,0,0.680725715405317,0.680725715405317,1.14293754457895
"5345",52,1,0.999075435264612,0.829642840098576,0.999075435264612
"5346",56,0,0.462130505110666,0.462130505110666,0.516234921572263
"5347",54,0,0.864367092611681,0.864367092611681,0.629790002743563
"5348",54,0,0.836863028699116,0.836863028699116,0.30820177214803
"5349",52,1,0.492445896294396,1.1215458567898,0.492445896294396
"5350",52,0,0.731138716509353,0.731138716509353,0.863889892445868
"5351",60,0,0.378252547204134,0.378252547204134,0.437943481392975
"5352",52,1,0.495784830104775,0.770264804366534,0.495784830104775
"5353",58,0,0.391178981274275,0.391178981274275,-0.0254100669133437
"5354",58,0,0.374214086837822,0.374214086837822,0.302520346322339
"5355",56,1,0.649192485123792,0.360804460672338,0.649192485123792
"5356",54,0,0.501734822416792,0.501734822416792,0.73722521814748
"5357",60,1,0.696226735044051,-0.140750640066173,0.696226735044051
"5358",52,1,0.848447964843892,0.986110495926839,0.848447964843892
"5359",52,1,1.10245997228688,1.18489817078359,1.10245997228688
"5360",54,0,0.506316611996085,0.506316611996085,0.86935480700835
"5361",58,0,0.517485560381299,0.517485560381299,0.571372752780674
"5362",60,0,-0.00236343647843792,-0.00236343647843792,0.81289434754151
"5363",52,0,0.590818724847213,0.590818724847213,0.718654820002969
"5364",56,0,0.846607163282185,0.846607163282185,0.633415771181934
"5365",54,0,0.629165487787611,0.629165487787611,0.730557046595183
"5366",58,0,-0.0170511683853124,-0.0170511683853124,0.387759223663549
"5367",56,0,0.684965105194461,0.684965105194461,0.62534862526127
"5368",56,0,0.762255935490983,0.762255935490983,0.557669589634172
"5369",52,0,0.855577502728102,0.855577502728102,0.899193221724046
"5370",54,1,0.244105020630414,1.06810256094433,0.244105020630414
"5371",54,0,0.581900153414031,0.581900153414031,1.26415242168424
"5372",58,0,0.374891496902481,0.374891496902481,1.08227528900464
"5373",60,0,0.176330836188483,0.176330836188483,0.19654153715566
"5374",58,1,0.699295751178546,-0.0782943214953175,0.699295751178546
"5375",60,1,0.531456284175428,0.123187358972024,0.531456284175428
"5376",60,0,-0.110484299788986,-0.110484299788986,0.990254335630801
"5377",52,0,0.808574429487617,0.808574429487617,0.465958414687971
"5378",56,1,0.275325729667788,0.284839872279908,0.275325729667788
"5379",54,0,0.686987488219733,0.686987488219733,0.906421797399491
"5380",56,0,0.200787117779393,0.200787117779393,0.243097230493609
"5381",58,0,0.0814911063520939,0.0814911063520939,0.770851831353041
"5382",54,0,0.224954804789911,0.224954804789911,0.78569930425842
"5383",50,0,1.13822412986864,1.13822412986864,1.1822356947815
"5384",56,1,0.446833313737927,0.211949734024469,0.446833313737927
"5385",54,0,0.673995751527088,0.673995751527088,0.454217913371822
"5386",56,1,0.48743311072046,0.371848709441147,0.48743311072046
"5387",58,0,0.66985412262698,0.66985412262698,0.094796614402052
"5388",60,1,0.835735614536251,-0.237215149037089,0.835735614536251
"5389",56,1,0.793454924610634,0.530624252029003,0.793454924610634
"5390",58,1,0.264750473917584,0.0566858774759425,0.264750473917584
"5391",54,1,0.98512161269872,0.399049550224744,0.98512161269872
"5392",54,0,0.52350781804465,0.52350781804465,0.704922890167199
"5393",52,1,0.201965650241124,0.766471807595928,0.201965650241124
"5394",54,1,0.846254057958037,0.75866464723552,0.846254057958037
"5395",58,1,0.89364082055446,0.645529929987406,0.89364082055446
"5396",58,0,0.0312851164453495,0.0312851164453495,0.302418064449229
"5397",60,1,1.07217988414172,-0.045340836257605,1.07217988414172
"5398",52,0,0.824879488932797,0.824879488932797,0.547542804741961
"5399",50,0,0.818176809927892,0.818176809927892,1.30714005996066
"5400",52,0,0.904750579095374,0.904750579095374,0.862370369926684
"5401",54,1,0.524740685137987,0.360383788101093,0.524740685137987
"5402",56,0,0.405183931802402,0.405183931802402,0.73479376167168
"5403",60,1,0.591477973430441,-0.352157722726543,0.591477973430441
"5404",56,1,1.04084870656582,0.392940540406499,1.04084870656582
"5405",56,0,0.561794452471018,0.561794452471018,0.890053918660508
"5406",58,1,0.535583338204243,-0.048716488584669,0.535583338204243
"5407",54,0,0.919067320897582,0.919067320897582,0.79899842282459
"5408",54,1,0.879255749492258,0.694904358177168,0.879255749492258
"5409",52,1,0.586088859240314,0.803002635853179,0.586088859240314
"5410",60,0,0.402545953719131,0.402545953719131,0.273373397774329
"5411",54,1,0.19007495157621,0.366785532196423,0.19007495157621
"5412",56,1,0.707891771506175,0.237814808286172,0.707891771506175
"5413",58,1,0.411616737535797,0.0777548074534905,0.411616737535797
"5414",52,0,0.680465825036991,0.680465825036991,1.05463582199845
"5415",56,0,0.203322049414114,0.203322049414114,0.585614210710928
"5416",52,1,0.664781053902747,1.0713956188393,0.664781053902747
"5417",54,0,0.766655373242508,0.766655373242508,0.651142072081453
"5418",56,0,0.720813371477828,0.720813371477828,1.00891743875048
"5419",52,0,0.719846747573102,0.719846747573102,0.631052483282228
"5420",56,0,0.55524102692376,0.55524102692376,0.0824159172243106
"5421",54,1,0.487589148716085,0.395372016442666,0.487589148716085
"5422",54,1,0.944277790835336,0.251274795095174,0.944277790835336
"5423",52,0,0.872598621906361,0.872598621906361,0.703483030387996
"5424",56,0,0.0987453184077702,0.0987453184077702,0.166036194071537
"5425",60,1,0.860208862425845,0.136822563033489,0.860208862425845
"5426",52,0,0.871670828472098,0.871670828472098,0.670011498463423
"5427",60,0,0.221841326159771,0.221841326159771,0.553281636162944
"5428",60,0,-0.222669223557605,-0.222669223557605,0.296435391928298
"5429",58,1,0.566787543603522,-0.0430026646167993,0.566787543603522
"5430",54,0,0.267974507773918,0.267974507773918,0.529238346397321
"5431",56,0,-0.057061188368314,-0.057061188368314,0.766721567947917
"5432",52,0,1.01918922568023,1.01918922568023,0.928720581108397
"5433",54,0,0.842050861225941,0.842050861225941,0.236057258522795
"5434",56,1,0.292792832168751,0.683152646842854,0.292792832168751
"5435",60,0,0.0534659317583467,0.0534659317583467,0.125137870129523
"5436",56,0,0.588747259145961,0.588747259145961,0.315069062459373
"5437",50,0,0.83768796227986,0.83768796227986,1.08170858894525
"5438",52,1,0.559054184024674,1.41993198078749,0.559054184024674
"5439",58,0,0.559880889191171,0.559880889191171,0.267946156862371
"5440",52,0,0.723527496575346,0.723527496575346,0.711527854393942
"5441",56,1,0.693726057372593,0.247378712382037,0.693726057372593
"5442",58,0,-0.0143004411434072,-0.0143004411434072,0.711172249057021
"5443",58,0,-0.195290964105187,-0.195290964105187,0.613119559227459
"5444",50,0,0.905688595671621,0.905688595671621,0.895298432378705
"5445",60,0,-0.274885868983578,-0.274885868983578,0.507594279951033
"5446",52,0,0.613927517054432,0.613927517054432,0.701047816543207
"5447",54,0,0.43184778965928,0.43184778965928,0.432236875842178
"5448",60,0,-0.297348842016075,-0.297348842016075,0.394911115763526
"5449",56,0,0.513126553730007,0.513126553730007,0.971355386523971
"5450",56,1,0.565007009368648,0.507662834983877,0.565007009368648
"5451",50,0,1.05790864776103,1.05790864776103,1.34617594098556
"5452",58,0,0.625967126932042,0.625967126932042,0.717525159288082
"5453",54,0,0.521765472343086,0.521765472343086,0.390706854868141
"5454",50,0,0.761592172166185,0.761592172166185,1.5833687016019
"5455",58,1,0.552276217172112,0.0536901850393978,0.552276217172112
"5456",56,1,0.94444075099872,0.516258329933218,0.94444075099872
"5457",60,0,0.0899441627225388,0.0899441627225388,0.50330767641444
"5458",52,1,1.11293955885694,0.564121984504613,1.11293955885694
"5459",52,1,0.586256580737196,0.568030495328096,0.586256580737196
"5460",58,1,0.398036268347851,0.0659882580700542,0.398036268347851
"5461",56,1,0.308869481087259,-0.154876101810701,0.308869481087259
"5462",60,0,0.0223942016451717,0.0223942016451717,0.771491208328914
"5463",56,0,0.184702870721048,0.184702870721048,0.590709839904781
"5464",54,0,0.618491795601288,0.618491795601288,0.48513208710548
"5465",60,0,0.053292732052591,0.053292732052591,0.526264962440597
"5466",58,1,0.518642311814782,-0.0687979776945931,0.518642311814782
"5467",54,0,0.4506944854766,0.4506944854766,0.663055511544571
"5468",54,0,0.479539876258756,0.479539876258756,0.486651224109606
"5469",54,0,1.07149101047232,1.07149101047232,0.649557561344558
"5470",60,0,-0.236947744801472,-0.236947744801472,0.43256931372739
"5471",52,0,0.48517953632319,0.48517953632319,1.10533283055401
"5472",60,0,0.0270723395896144,0.0270723395896144,0.599254788417619
"5473",54,1,0.263655410070725,0.708974315505755,0.263655410070725
"5474",56,0,1.04699006298472,1.04699006298472,0.754612527777935
"5475",52,0,1.11130176201836,1.11130176201836,0.649651037456999
"5476",58,1,0.370578464793414,0.113946319156968,0.370578464793414
"5477",54,0,0.632279793207292,0.632279793207292,0.921943671542
"5478",56,1,0.376938336710181,0.218306670503338,0.376938336710181
"5479",52,0,1.14111946551784,1.14111946551784,0.512766210424482
"5480",56,0,0.0856084770409205,0.0856084770409205,0.970413318597653
"5481",54,1,0.412759174905238,0.72763336372466,0.412759174905238
"5482",56,0,0.639689160446177,0.639689160446177,0.712630346511991
"5483",52,0,0.813815025565567,0.813815025565567,0.849994677694937
"5484",58,1,0.403692911487139,0.187427673799887,0.403692911487139
"5485",60,1,0.61987261266203,0.2801097389102,0.61987261266203
"5486",54,1,0.728864464810616,0.288151186698434,0.728864464810616
"5487",52,1,0.894484246403509,0.930831085413045,0.894484246403509
"5488",54,0,0.576945016207183,0.576945016207183,0.823331024279605
"5489",54,0,0.809186380940612,0.809186380940612,0.509187550415457
"5490",56,0,-0.0696067478812279,-0.0696067478812279,0.950372959803833
"5491",54,1,0.677336024362434,0.533299839030688,0.677336024362434
"5492",54,1,0.32451744438266,0.627156552348878,0.32451744438266
"5493",58,1,0.807193215205287,0.349171670270142,0.807193215205287
"5494",50,0,1.18691465804,1.18691465804,0.81407310094047
"5495",58,0,0.0514215255160449,0.0514215255160449,0.613665584178822
"5496",58,1,0.0920231802112859,0.370912425449856,0.0920231802112859
"5497",54,0,0.907209992013272,0.907209992013272,0.720115246479066
"5498",60,1,0.586315953254736,0.0742126847608465,0.586315953254736
"5499",52,0,0.69030005597992,0.69030005597992,0.987127732340735
"5500",58,0,0.344134940171502,0.344134940171502,0.653045755610253
"5501",56,1,0.799347093893647,0.272936688562838,0.799347093893647
"5502",60,0,0.158461734227469,0.158461734227469,0.323872266692333
"5503",58,1,0.14354743669443,-0.208116126782145,0.14354743669443
"5504",56,1,0.163125911865167,0.753975711695094,0.163125911865167
"5505",54,0,0.57717032460156,0.57717032460156,0.739735954268251
"5506",50,0,0.690274939155165,0.690274939155165,1.40821586177114
"5507",58,0,-0.289471460770245,-0.289471460770245,0.892072705665104
"5508",54,0,0.644546579399161,0.644546579399161,0.448527017515124
"5509",56,0,0.475598590136897,0.475598590136897,0.369091698288273
"5510",58,1,0.417026656751716,0.261780991354446,0.417026656751716
"5511",50,1,1.26291883241189,1.00536923284593,1.26291883241189
"5512",52,0,0.913872531329229,0.913872531329229,1.0588964073623
"5513",58,1,0.428258167420003,0.059505511374554,0.428258167420003
"5514",54,0,0.435383319385799,0.435383319385799,0.524377069928145
"5515",52,0,0.880774458768659,0.880774458768659,0.820430497723538
"5516",52,0,0.817105003262731,0.817105003262731,0.754368640873182
"5517",60,1,0.36926643966111,-0.226508704175335,0.36926643966111
"5518",58,0,-0.21490248842468,-0.21490248842468,0.545882366796309
"5519",56,1,0.687884459346028,0.273286149102822,0.687884459346028
"5520",56,1,0.643276556540639,-0.00533602241731607,0.643276556540639
"5521",60,1,0.524337845301168,0.422065757469297,0.524337845301168
"5522",54,1,0.190216628938356,1.05044691037633,0.190216628938356
"5523",54,0,1.14722376722486,1.14722376722486,0.0803876889733935
"5524",60,1,0.380641734984391,0.187311845207034,0.380641734984391
"5525",50,0,0.875343708657325,0.875343708657325,0.554122148236127
"5526",56,0,0.269222074454079,0.269222074454079,1.16090579165766
"5527",50,0,0.510476246383408,0.510476246383408,1.32615645051865
"5528",54,0,0.725930279114495,0.725930279114495,1.02260590498529
"5529",60,1,0.49603201324776,-0.234124966523539,0.49603201324776
"5530",56,0,0.595382429005938,0.595382429005938,0.536877524928103
"5531",52,0,0.484415342888993,0.484415342888993,1.00232884300907
"5532",58,0,0.774854283970406,0.774854283970406,0.515689773852519
"5533",52,1,1.04753175218558,0.581760199838426,1.04753175218558
"5534",58,0,0.362998249859383,0.362998249859383,0.706000666588642
"5535",56,0,0.26010825431657,0.26010825431657,0.818775725257643
"5536",56,0,0.446432698267617,0.446432698267617,0.812203845008705
"5537",54,0,0.774204888966357,0.774204888966357,0.220642453991474
"5538",56,1,0.584550064714546,0.213419282764831,0.584550064714546
"5539",52,0,0.549686593185654,0.549686593185654,0.802700200813589
"5540",58,0,0.281382171935093,0.281382171935093,0.527767497095733
"5541",50,0,1.0939159324001,1.0939159324001,1.08796748362828
"5542",56,1,0.817940690682516,0.624774053766158,0.817940690682516
"5543",54,0,0.524678733721536,0.524678733721536,0.432075190464855
"5544",58,1,0.318657829431755,0.257491653471768,0.318657829431755
"5545",56,0,0.929997262646835,0.929997262646835,0.672921306914423
"5546",58,0,0.535707097404915,0.535707097404915,0.447610900416004
"5547",54,1,0.941441405746595,0.498709227817466,0.941441405746595
"5548",52,0,0.819175855609555,0.819175855609555,0.695459795041663
"5549",54,0,0.836236202439099,0.836236202439099,0.882659333595876
"5550",50,0,0.696720762697827,0.696720762697827,1.21573163085283
"5551",54,0,0.153830744405335,0.153830744405335,1.10052289870171
"5552",58,0,0.0584791903422435,0.0584791903422435,0.556073218779493
"5553",56,0,0.141991790084499,0.141991790084499,0.43629464747358
"5554",58,0,0.19642686500974,0.19642686500974,0.90559049746323
"5555",58,1,0.362860569349746,0.241591939183399,0.362860569349746
"5556",54,0,0.550470515109021,0.550470515109021,0.471014945887589
"5557",60,0,-0.0806873938880529,-0.0806873938880529,0.440805610200109
"5558",54,0,1.03147941944243,1.03147941944243,0.244198625186771
"5559",50,0,0.564182372648012,0.564182372648012,0.721591612914775
"5560",56,0,0.301716151124037,0.301716151124037,0.703816025745933
"5561",56,1,0.632763086255144,0.54278891532314,0.632763086255144
"5562",58,1,0.436054914404576,-0.230053354273886,0.436054914404576
"5563",54,1,0.862081816746001,0.67026844299865,0.862081816746001
"5564",58,0,0.454946108528977,0.454946108528977,0.446465599707021
"5565",58,0,0.161005275624255,0.161005275624255,0.288793188241392
"5566",56,0,0.379348324168505,0.379348324168505,0.852280891494458
"5567",60,1,1.16258135192875,0.40653429632644,1.16258135192875
"5568",56,0,-0.00864490827856135,-0.00864490827856135,0.657161514330437
"5569",54,1,0.878283029189199,0.718297989292694,0.878283029189199
"5570",58,0,-0.178472288896603,-0.178472288896603,0.209716676513032
"5571",56,0,0.573277641126859,0.573277641126859,1.08161395872928
"5572",58,0,0.526079443169834,0.526079443169834,0.619645400086371
"5573",58,0,-0.474440536127067,-0.474440536127067,0.64886244843879
"5574",56,0,0.386267962549123,0.386267962549123,0.516814011261654
"5575",60,0,-0.0912680668556846,-0.0912680668556846,0.789941955724608
"5576",56,1,0.401884957253341,0.248614502912749,0.401884957253341
"5577",58,1,0.57608490378424,0.298480589193233,0.57608490378424
"5578",60,1,0.174583745216872,0.244925165492341,0.174583745216872
"5579",50,1,0.844095675197965,1.29788676191011,0.844095675197965
"5580",60,0,0.21474334570397,0.21474334570397,0.231529509659197
"5581",52,0,1.15208741006054,1.15208741006054,0.895838056741084
"5582",56,0,0.30114282476685,0.30114282476685,0.17518902516988
"5583",54,1,0.196120446621788,0.417695913212059,0.196120446621788
"5584",54,0,0.526494740981119,0.526494740981119,0.712207213073119
"5585",60,0,-0.0435186295655705,-0.0435186295655705,1.20954894387389
"5586",52,0,0.630330199817302,0.630330199817302,0.581144611928577
"5587",56,0,0.216468713107751,0.216468713107751,0.710112551804681
"5588",52,0,1.12652540839117,1.12652540839117,0.556505037814023
"5589",56,1,0.71469640042594,-0.0843108271643214,0.71469640042594
"5590",56,1,0.272481179382003,0.442915496482022,0.272481179382003
"5591",56,0,0.372804260643372,0.372804260643372,0.585339224166868
"5592",52,0,1.41405021165727,1.41405021165727,0.584314138694385
"5593",58,1,0.76255086423593,0.268027429250688,0.76255086423593
"5594",60,1,0.532756560676123,-0.0225785946140581,0.532756560676123
"5595",58,1,0.877457210126885,0.304584695988194,0.877457210126885
"5596",54,0,0.533253639236459,0.533253639236459,0.371039655374655
"5597",58,0,0.472853783692529,0.472853783692529,0.179605214538951
"5598",54,0,0.512150591496208,0.512150591496208,0.922518391955385
"5599",50,1,1.14993482905359,0.81746961272246,1.14993482905359
"5600",54,0,0.625915174401361,0.625915174401361,0.705961310896626
"5601",50,0,1.0330842976906,1.0330842976906,1.43172164336779
"5602",52,0,0.833296846562341,0.833296846562341,0.850526720319556
"5603",54,0,0.710182573939582,0.710182573939582,0.351750583332584
"5604",60,1,-0.0842217048735882,-0.0978442819967996,-0.0842217048735882
"5605",58,1,0.745041173021682,0.359046060246027,0.745041173021682
"5606",50,0,1.3129615580803,1.3129615580803,1.09376831972036
"5607",50,0,0.726457858671038,0.726457858671038,1.00440047424197
"5608",58,1,0.814325975543781,0.375321221009116,0.814325975543781
"5609",58,1,0.218189652560926,0.23456331990726,0.218189652560926
"5610",60,1,0.0811497503544853,-0.233772137395466,0.0811497503544853
"5611",52,0,0.804034457143778,0.804034457143778,0.805063490647376
"5612",50,0,1.27874171477873,1.27874171477873,1.23008788890165
"5613",56,0,1.0145052519042,1.0145052519042,0.611511893518523
"5614",58,0,0.119791973330545,0.119791973330545,0.468850259238997
"5615",54,1,0.471671274870924,0.358798307028176,0.471671274870924
"5616",52,1,0.951226960572419,0.756360540031128,0.951226960572419
"5617",52,0,0.488272081611031,0.488272081611031,0.692426274370774
"5618",52,0,1.10149148404028,1.10149148404028,0.501141795410793
"5619",60,1,0.316752897514026,-0.160524761722998,0.316752897514026
"5620",54,0,0.692852328730762,0.692852328730762,0.804672038342453
"5621",58,0,0.344658295858503,0.344658295858503,0.692254853028254
"5622",50,0,1.29544235192319,1.29544235192319,0.9082646422528
"5623",60,0,-0.491535264288751,-0.491535264288751,0.5296956797884
"5624",54,1,0.841820699920826,0.222944757446763,0.841820699920826
"5625",58,0,-0.253087935552943,-0.253087935552943,0.453756009222188
"5626",54,1,0.403492243369009,0.847743702011602,0.403492243369009
"5627",54,0,-0.0390865532598872,-0.0390865532598872,0.482143411736724
"5628",54,1,0.669444052986591,0.746395726646806,0.669444052986591
"5629",54,1,0.4609328550339,0.749887064883782,0.4609328550339
"5630",56,0,0.419226532690685,0.419226532690685,0.403789421208938
"5631",52,0,0.764430755431063,0.764430755431063,1.23741776435179
"5632",60,0,0.219913911579446,0.219913911579446,0.99132901710611
"5633",50,1,1.14069718279832,0.694250929524251,1.14069718279832
"5634",58,1,0.683008266638307,-0.158254042898446,0.683008266638307
"5635",50,0,0.685891898067696,0.685891898067696,1.18549441352426
"5636",60,1,0.696496908670464,-0.258868016134662,0.696496908670464
"5637",56,1,0.296015280764741,0.394396604258203,0.296015280764741
"5638",54,0,0.409462525781722,0.409462525781722,0.809620655093759
"5639",60,0,-0.176058789672856,-0.176058789672856,0.214193809840587
"5640",54,0,0.59547934870426,0.59547934870426,0.117523897322331
"5641",56,0,0.65446644108465,0.65446644108465,0.877992666939879
"5642",58,0,-0.0198678885237589,-0.0198678885237589,0.502219636145242
"5643",54,1,0.838128047154026,0.26654867045944,0.838128047154026
"5644",54,0,0.524625304235328,0.524625304235328,1.02277343607289
"5645",58,0,0.238074836557503,0.238074836557503,0.652287318834467
"5646",50,0,0.932635109428788,0.932635109428788,1.18448177882828
"5647",56,0,0.290264939681807,0.290264939681807,0.556080345050496
"5648",52,0,0.659306916276817,0.659306916276817,0.453226879280522
"5649",58,1,0.977868543562242,0.48090580788787,0.977868543562242
"5650",60,1,0.22491454557376,-0.268265625396565,0.22491454557376
"5651",56,0,-0.168239577215075,-0.168239577215075,0.292948282381817
"5652",60,0,0.166190482682443,0.166190482682443,0.704098472239866
"5653",54,0,0.573872339101356,0.573872339101356,0.55043018851648
"5654",58,0,0.0925497359827966,0.0925497359827966,0.196410817090946
"5655",58,1,0.423579675015027,0.625839355448236,0.423579675015027
"5656",58,0,-0.191407902857742,-0.191407902857742,0.422836206425252
"5657",56,0,0.641505021506918,0.641505021506918,0.860611757458494
"5658",52,1,1.22214951366189,0.759097452054785,1.22214951366189
"5659",50,0,0.960353518416822,0.960353518416822,0.663312983826139
"5660",60,0,-0.251429992604506,-0.251429992604506,0.0250530421309406
"5661",58,0,0.23801291713307,0.23801291713307,0.549438778005975
"5662",56,0,0.0414980066437243,0.0414980066437243,0.290383470208421
"5663",60,1,0.452117353357587,-0.0255985282198112,0.452117353357587
"5664",52,1,0.883774260207918,1.20095318938067,0.883774260207918
"5665",56,0,0.0506807618159877,0.0506807618159877,0.541604844319701
"5666",54,0,0.530661145790566,0.530661145790566,0.91037167091527
"5667",60,0,-0.301895669043742,-0.301895669043742,0.46362729443698
"5668",52,0,1.10217244487853,1.10217244487853,0.314907201958126
"5669",56,1,0.317751614884227,0.575927429647343,0.317751614884227
"5670",52,0,1.29139967817092,1.29139967817092,0.785055246119116
"5671",58,1,0.432273364312334,-0.253905623191853,0.432273364312334
"5672",52,0,0.662933361986056,0.662933361986056,0.463950422933311
"5673",54,1,0.460631094951268,0.771659979496975,0.460631094951268
"5674",54,0,0.948013661631293,0.948013661631293,0.737805301951968
"5675",50,0,0.958450162824573,0.958450162824573,0.841938863068896
"5676",50,1,1.20378869091797,0.713674481236431,1.20378869091797
"5677",52,0,0.350086768915444,0.350086768915444,0.87119745052084
"5678",58,0,0.410668303410997,0.410668303410997,0.770946071406095
"5679",54,0,1.26590811022042,1.26590811022042,0.570537603228953
"5680",56,1,0.831073715234215,0.658289527766772,0.831073715234215
"5681",52,0,0.991594728570112,0.991594728570112,0.70253579278242
"5682",52,0,1.01619961053481,1.01619961053481,1.22155804884604
"5683",50,0,0.956210806502352,0.956210806502352,1.08470964005967
"5684",58,1,0.687694123628409,0.146670794401167,0.687694123628409
"5685",54,1,1.13764177549132,0.56911885789624,1.13764177549132
"5686",56,0,0.209164920617599,0.209164920617599,0.663212164909343
"5687",52,0,0.663398769891087,0.663398769891087,1.54256786815277
"5688",56,0,0.491620240895884,0.491620240895884,0.610561018430941
"5689",60,0,-0.285655384417744,-0.285655384417744,0.519702905751027
"5690",58,1,0.304326042967419,0.114539623753282,0.304326042967419
"5691",56,1,0.437776550226985,0.502358565992825,0.437776550226985
"5692",56,1,0.109799566402867,0.11265003688897,0.109799566402867
"5693",56,0,0.423738630294426,0.423738630294426,0.581500525714899
"5694",56,1,0.528153166528227,0.623538541081197,0.528153166528227
"5695",56,1,0.871672120709744,0.193574112010417,0.871672120709744
"5696",54,0,1.15730009487075,1.15730009487075,1.05572376370751
"5697",56,0,0.369645854099757,0.369645854099757,0.532552130116706
"5698",56,0,0.578250264346331,0.578250264346331,0.325008092697866
"5699",58,0,0.18925224096236,0.18925224096236,0.425811735823605
"5700",58,1,0.761109022062865,0.341364386054592,0.761109022062865
"5701",58,0,-0.428389051211834,-0.428389051211834,0.466735659206432
"5702",56,1,0.63125733493031,0.422824703563604,0.63125733493031
"5703",58,0,0.295729286387648,0.295729286387648,0.145315607174233
"5704",52,0,0.761057660243474,0.761057660243474,0.919679659987152
"5705",58,0,0.225507384804988,0.225507384804988,0.698670381943945
"5706",58,0,0.253703303015963,0.253703303015963,0.717222109623032
"5707",58,0,0.575372337782891,0.575372337782891,0.368153597532217
"5708",54,0,0.45815165609828,0.45815165609828,0.622064994876272
"5709",56,1,0.22479858475818,0.435560288913952,0.22479858475818
"5710",52,1,0.556087585033839,0.763389238874548,0.556087585033839
"5711",52,1,0.945299644803433,0.7795895639336,0.945299644803433
"5712",54,1,0.688387438749049,0.509387436645669,0.688387438749049
"5713",50,0,0.854335414308965,0.854335414308965,0.97420189965167
"5714",50,1,1.2773137214744,1.30311449401974,1.2773137214744
"5715",54,0,0.710309478069579,0.710309478069579,0.775010142192708
"5716",56,1,0.677740993440667,0.477925503256122,0.677740993440667
"5717",50,0,1.03515726485129,1.03515726485129,1.11892998322835
"5718",60,0,0.416839952482914,0.416839952482914,0.137515583002476
"5719",54,0,0.264456332480308,0.264456332480308,0.678775251640774
"5720",56,1,0.624856796248603,0.0806171877042076,0.624856796248603
"5721",54,0,0.929921887897031,0.929921887897031,0.62139445206029
"5722",58,0,0.0675545728566986,0.0675545728566986,0.442712265273475
"5723",56,0,0.482534503383093,0.482534503383093,0.79577440673086
"5724",54,0,0.776154955185819,0.776154955185819,0.781613860250329
"5725",60,0,-0.0837413745579059,-0.0837413745579059,0.489844032403601
"5726",52,0,0.873389185581534,0.873389185581534,0.807957715534822
"5727",60,1,1.15228471851499,-0.0548257351473495,1.15228471851499
"5728",52,1,1.1582573000589,0.874534582560821,1.1582573000589
"5729",58,0,0.536635221973204,0.536635221973204,0.558071547994404
"5730",54,0,0.459694699823163,0.459694699823163,0.542209909906006
"5731",56,0,0.0556690069271367,0.0556690069271367,0.324071391789033
"5732",56,0,0.640489374259159,0.640489374259159,0.503327135965543
"5733",56,0,0.553776095911379,0.553776095911379,0.451045695271418
"5734",58,0,-0.293494753960138,-0.293494753960138,0.401955347807722
"5735",54,0,0.192729608907769,0.192729608907769,0.68479155110492
"5736",56,1,1.28048471074269,0.938328895395984,1.28048471074269
"5737",50,0,0.970630612507001,0.970630612507001,1.09981999926188
"5738",54,1,0.398256099459696,0.491652946853483,0.398256099459696
"5739",60,0,0.0333398836915608,0.0333398836915608,0.236325417951671
"5740",56,1,0.790081748758559,0.101015260302845,0.790081748758559
"5741",58,0,0.00773738354898926,0.00773738354898926,0.457995116956185
"5742",54,1,0.597329024014082,0.766763791510822,0.597329024014082
"5743",58,0,0.325444443313421,0.325444443313421,0.435821802028016
"5744",56,1,0.206758878066849,0.297228764950776,0.206758878066849
"5745",54,1,0.340813596590702,0.512953887563155,0.340813596590702
"5746",58,0,-0.160588297739999,-0.160588297739999,0.48124494786076
"5747",58,1,0.0589562387599472,-0.128830572268514,0.0589562387599472
"5748",54,0,0.208247916937475,0.208247916937475,1.10558284554209
"5749",56,0,0.390504012437041,0.390504012437041,0.4893893557654
"5750",54,0,0.846682353394168,0.846682353394168,0.559213550816917
"5751",50,0,1.02219205699419,1.02219205699419,1.22286335863334
"5752",54,0,0.762350746289006,0.762350746289006,0.838437679245563
"5753",54,1,0.937779059839375,0.851038295078975,0.937779059839375
"5754",54,0,0.25918087796566,0.25918087796566,1.19760036657022
"5755",56,0,0.494615550472792,0.494615550472792,0.850552551976073
"5756",54,0,0.871427182507954,0.871427182507954,0.681970728243816
"5757",56,0,0.87604124149078,0.87604124149078,0.765624925970249
"5758",56,1,0.955600198829388,0.837124518450858,0.955600198829388
"5759",52,0,0.70908878304921,0.70908878304921,0.396496912793511
"5760",60,0,-0.139303056049767,-0.139303056049767,0.597759802868588
"5761",60,1,0.256204065851495,-0.159966970058822,0.256204065851495
"5762",50,0,1.23016211512458,1.23016211512458,0.766393211276003
"5763",60,1,0.38963794372623,-0.218917191802739,0.38963794372623
"5764",54,1,0.52667388062811,1.36622843237994,0.52667388062811
"5765",58,1,0.847690563074977,0.379352786225118,0.847690563074977
"5766",58,1,0.531331504110097,0.301116193924485,0.531331504110097
"5767",52,0,0.844640050151488,0.844640050151488,1.15638279843047
"5768",56,0,0.975490742872907,0.975490742872907,0.179562545148455
"5769",52,1,1.17315108351053,0.82044483770365,1.17315108351053
"5770",54,1,0.795524736812687,0.826788311525132,0.795524736812687
"5771",50,0,0.701896369270551,0.701896369270551,0.68848800505563
"5772",56,0,0.860597793652188,0.860597793652188,0.684582368794586
"5773",52,0,0.994090337033683,0.994090337033683,1.1865166703128
"5774",60,0,-0.0878194723176753,-0.0878194723176753,1.0489437086194
"5775",50,1,0.738394792089311,0.875427885299496,0.738394792089311
"5776",56,0,0.719695264827702,0.719695264827702,0.235969340945493
"5777",56,1,0.885891297134607,0.0538950456196121,0.885891297134607
"5778",56,0,0.148064805272332,0.148064805272332,-0.107874317617863
"5779",50,0,1.01189100056655,1.01189100056655,0.850097100091778
"5780",56,0,0.350579534828428,0.350579534828428,0.453579177728759
"5781",52,0,1.10948070302397,1.10948070302397,0.364388690112408
"5782",58,0,0.206055072128219,0.206055072128219,0.552106800641219
"5783",58,1,0.038230090234348,0.194026306974106,0.038230090234348
"5784",54,0,0.627254314474664,0.627254314474664,0.418811185052358
"5785",56,0,0.453717775294702,0.453717775294702,0.307432758829698
"5786",58,1,0.0650251726496966,0.333478704454102,0.0650251726496966
"5787",58,1,0.576452276911965,0.371145947291976,0.576452276911965
"5788",54,0,0.0751610196993657,0.0751610196993657,0.876445166880911
"5789",56,0,-0.0027019484467809,-0.0027019484467809,0.470959744100082
"5790",56,0,0.357789471946664,0.357789471946664,0.345690175586753
"5791",54,0,1.18869760653338,1.18869760653338,0.954106390015081
"5792",50,0,1.1149714584994,1.1149714584994,0.993547694171369
"5793",56,1,0.831366681731493,0.206922484916587,0.831366681731493
"5794",58,0,0.262459076739292,0.262459076739292,0.376537652567118
"5795",50,0,0.896854769654519,0.896854769654519,0.881169258158153
"5796",58,1,0.766546343941494,0.517742498469941,0.766546343941494
"5797",56,0,0.532516671234006,0.532516671234006,0.736185779009123
"5798",58,0,-0.163609259143874,-0.163609259143874,0.469473911517423
"5799",56,0,0.764152888987285,0.764152888987285,0.55887553455439
"5800",58,1,0.415805310374604,-0.214159318760585,0.415805310374604
"5801",58,1,0.312620947776302,0.292754533410328,0.312620947776302
"5802",56,0,0.698479819883152,0.698479819883152,0.481310067812552
"5803",54,0,0.597406177719298,0.597406177719298,0.557588634880673
"5804",56,0,0.726163931045091,0.726163931045091,0.88296011933564
"5805",56,0,0.5978274746671,0.5978274746671,0.66412874232266
"5806",56,1,0.873191683053815,0.605466809324957,0.873191683053815
"5807",50,0,1.25348657900521,1.25348657900521,0.831481069114637
"5808",52,0,0.915530413714205,0.915530413714205,0.624063214218816
"5809",58,1,0.43222429129595,0.0713910242845318,0.43222429129595
"5810",50,0,0.916619557949725,0.916619557949725,0.784326404823525
"5811",50,0,1.00643994733265,1.00643994733265,1.11216958685691
"5812",52,0,0.589070105595519,0.589070105595519,0.396495041181691
"5813",56,1,0.326366245448197,0.821583400032132,0.326366245448197
"5814",52,1,0.99484200256986,0.88068319876132,0.99484200256986
"5815",56,1,0.433288500565829,0.0937709571562971,0.433288500565829
"5816",56,1,0.828231061509102,0.48294012742973,0.828231061509102
"5817",60,0,-0.191637620808623,-0.191637620808623,0.446614968916772
"5818",50,0,0.812239629777972,0.812239629777972,0.992146072026518
"5819",58,0,0.228883295258714,0.228883295258714,0.285249985776837
"5820",50,1,0.904402359536703,0.9447418397981,0.904402359536703
"5821",58,1,0.235472411712134,-0.0505704280650695,0.235472411712134
"5822",52,1,1.09537582082892,0.79687506641513,1.09537582082892
"5823",50,0,0.960745089116828,0.960745089116828,1.19954574602596
"5824",58,1,0.424048595170387,0.0392799898907336,0.424048595170387
"5825",60,0,0.279867349497807,0.279867349497807,0.838503119089133
"5826",54,1,1.0700765712744,0.392807628683553,1.0700765712744
"5827",54,1,0.0721386051971805,0.830436948642671,0.0721386051971805
"5828",54,0,0.875902141907535,0.875902141907535,0.805015425649501
"5829",60,1,0.432931506240072,0.164696456710644,0.432931506240072
"5830",56,1,0.693824200842277,0.0508896767920422,0.693824200842277
"5831",52,0,0.894603112151789,0.894603112151789,0.713922500346533
"5832",56,0,0.437791944946608,0.437791944946608,1.06357506261193
"5833",52,1,0.464207546230508,1.11997815031714,0.464207546230508
"5834",58,0,0.296838991775588,0.296838991775588,1.24110306882047
"5835",58,0,0.318586401449062,0.318586401449062,0.306697230691859
"5836",52,0,0.916860260588954,0.916860260588954,1.02200493721108
"5837",54,1,0.357871459233111,0.967066204405576,0.357871459233111
"5838",58,0,-0.0071109980365473,-0.0071109980365473,0.677391283840189
"5839",58,0,-0.123863821098643,-0.123863821098643,0.456024195063046
"5840",52,0,0.75176533324894,0.75176533324894,0.39700675469042
"5841",54,0,0.905739559526962,0.905739559526962,0.844740405430602
"5842",52,0,1.10554503425195,1.10554503425195,0.593449175393986
"5843",52,0,0.78680914695048,0.78680914695048,0.804825231853077
"5844",52,0,0.44499900767884,0.44499900767884,0.611167392691866
"5845",58,1,0.483445967447111,0.104519268777745,0.483445967447111
"5846",58,0,0.545682558212541,0.545682558212541,0.836034728438743
"5847",54,0,0.596831190914839,0.596831190914839,0.725057368129363
"5848",52,0,0.557485367516845,0.557485367516845,0.252455475927738
"5849",58,0,0.551966052874596,0.551966052874596,0.346431793025084
"5850",52,0,1.41441836379532,1.41441836379532,0.632363111313157
"5851",58,0,0.0170699531590051,0.0170699531590051,0.0413796378547721
"5852",54,0,0.775524981578903,0.775524981578903,0.542424898058771
"5853",54,0,0.775203524829412,0.775203524829412,0.623663994289012
"5854",54,0,0.817119981967366,0.817119981967366,0.0569031040310778
"5855",56,1,0.309951769039622,0.506175599899382,0.309951769039622
"5856",56,0,0.583574024836208,0.583574024836208,0.645715779045272
"5857",56,0,0.789166687654844,0.789166687654844,0.374602598387308
"5858",54,0,0.124564659787764,0.124564659787764,0.742847369492011
"5859",52,0,0.331296609383814,0.331296609383814,0.902455831540291
"5860",54,1,0.903162716450765,0.578151075035966,0.903162716450765
"5861",52,1,0.371888477798638,0.76441188943295,0.371888477798638
"5862",58,0,-0.286648086788439,-0.286648086788439,0.355095971254718
"5863",56,0,0.21602574926964,0.21602574926964,0.60965678810493
"5864",50,0,0.872543971041756,0.872543971041756,1.36193394571908
"5865",60,1,0.320762917188251,-0.0468882574110479,0.320762917188251
"5866",52,0,0.843682204800521,0.843682204800521,0.575488706505893
"5867",58,0,-0.00752110370762504,-0.00752110370762504,0.591403613758248
"5868",58,0,-0.0450356587685469,-0.0450356587685469,0.860198427968998
"5869",56,0,0.378828213725961,0.378828213725961,0.719074133668062
"5870",50,0,0.529253461471223,0.529253461471223,1.04387500749781
"5871",58,0,0.145838341454761,0.145838341454761,0.113500153073542
"5872",56,1,0.615546844118297,0.323503510216206,0.615546844118297
"5873",56,0,0.232272016510062,0.232272016510062,0.266396367818003
"5874",58,0,0.703444893186193,0.703444893186193,0.542018033343505
"5875",52,0,0.350796326550183,0.350796326550183,0.686040137219543
"5876",56,0,0.57308920470804,0.57308920470804,0.716315576603606
"5877",58,0,0.574584398995825,0.574584398995825,0.745128867889038
"5878",50,0,0.780163710992649,0.780163710992649,0.987566271172103
"5879",52,0,0.535472155371169,0.535472155371169,0.806051023500669
"5880",56,0,0.572605091379238,0.572605091379238,0.611539685810302
"5881",52,0,0.826951870246801,0.826951870246801,0.75823672389862
"5882",54,0,0.462706976322185,0.462706976322185,1.06984006318259
"5883",56,1,0.0107069537746902,0.133675931468006,0.0107069537746902
"5884",52,1,0.468673330133696,0.658100018635292,0.468673330133696
"5885",60,1,0.838433870716871,0.0346983581284687,0.838433870716871
"5886",58,0,-0.211548267519435,-0.211548267519435,0.54492875850524
"5887",52,1,0.507007258009959,0.51755986029995,0.507007258009959
"5888",56,0,0.102813113766008,0.102813113766008,0.400587395222413
"5889",58,1,0.282914249732755,-0.105424339394896,0.282914249732755
"5890",54,0,0.737914580437003,0.737914580437003,0.668829701730941
"5891",54,0,0.605495257323776,0.605495257323776,0.792181236702583
"5892",50,0,1.14766795259915,1.14766795259915,0.710663288437446
"5893",56,0,0.761950143302305,0.761950143302305,0.465148664524978
"5894",50,1,0.917172779149286,0.749178280362052,0.917172779149286
"5895",50,0,1.16374396253934,1.16374396253934,1.02779054811595
"5896",56,1,0.132340997316024,0.302491720107043,0.132340997316024
"5897",52,0,0.772151348944049,0.772151348944049,0.886303040617026
"5898",52,0,0.961743640825826,0.961743640825826,1.10430702882354
"5899",60,1,0.505771695183518,0.620457245205039,0.505771695183518
"5900",58,1,0.365237991045352,0.190035222957571,0.365237991045352
"5901",56,0,-0.00972523618386695,-0.00972523618386695,0.103433324160955
"5902",54,0,0.667602012207078,0.667602012207078,0.392304394479761
"5903",56,1,0.703107416982002,0.405675785657859,0.703107416982002
"5904",52,0,0.817754072498653,0.817754072498653,0.601852614770982
"5905",50,0,0.793419896709737,0.793419896709737,0.469858083750636
"5906",52,0,0.0535331899794373,0.0535331899794373,1.1207151304158
"5907",58,1,0.703092835725064,0.369917669441244,0.703092835725064
"5908",52,1,0.388422276349112,0.918548174521916,0.388422276349112
"5909",54,0,0.481997431861944,0.481997431861944,0.43628762422581
"5910",58,1,0.562269785791651,0.204197056799393,0.562269785791651
"5911",56,1,0.276750803447931,0.433141616927485,0.276750803447931
"5912",54,0,0.601497460168581,0.601497460168581,1.17790306179161
"5913",56,0,0.921596541973636,0.921596541973636,0.0597565727639712
"5914",52,0,0.388817615744235,0.388817615744235,0.715736050197453
"5915",56,0,0.131807343013932,0.131807343013932,0.318415622098904
"5916",60,0,-0.180706063943524,-0.180706063943524,0.746317572695725
"5917",54,1,0.751642363093375,0.391345730278663,0.751642363093375
"5918",56,0,0.335240954206665,0.335240954206665,0.903008101927883
"5919",60,1,0.350315445730786,0.142755760429448,0.350315445730786
"5920",56,1,0.788400457787532,0.48389658651338,0.788400457787532
"5921",56,0,0.397035738718993,0.397035738718993,0.390610128138537
"5922",58,0,0.955242634186065,0.955242634186065,0.667949640158062
"5923",54,0,0.920959048926119,0.920959048926119,0.932705437028809
"5924",52,1,1.0736942352791,0.492377348631493,1.0736942352791
"5925",60,0,-0.00156149018916129,-0.00156149018916129,0.0476063597467216
"5926",56,0,0.312715515521488,0.312715515521488,0.360001303751793
"5927",54,0,0.778532323685661,0.778532323685661,0.304495403146242
"5928",56,0,0.484395431028519,0.484395431028519,0.771148845424687
"5929",50,0,0.921960948400812,0.921960948400812,1.20945360335414
"5930",56,0,0.208432468873624,0.208432468873624,0.533385478022952
"5931",50,0,1.13677532434101,1.13677532434101,1.10033189946995
"5932",58,0,0.44919210749895,0.44919210749895,0.58012237600961
"5933",54,0,0.402657143125595,0.402657143125595,0.6468534879363
"5934",50,0,0.986314643060386,0.986314643060386,0.938127985696764
"5935",52,0,0.953064916768861,0.953064916768861,1.04796080456568
"5936",58,1,0.770564680598463,0.231907995596067,0.770564680598463
"5937",54,0,0.785842420038282,0.785842420038282,0.421343525091522
"5938",54,1,1.08136888612813,0.887390198753816,1.08136888612813
"5939",56,0,0.0954500045494178,0.0954500045494178,0.503363401097829
"5940",52,0,0.88135693934627,0.88135693934627,0.624907262179897
"5941",60,1,0.679353725119158,0.130098257116499,0.679353725119158
"5942",54,0,0.57306245129736,0.57306245129736,0.257553746735589
"5943",58,1,0.744291561769986,-0.191927927727518,0.744291561769986
"5944",54,1,0.660692636914703,1.05072516919471,0.660692636914703
"5945",54,1,0.342389002426916,0.505246592170255,0.342389002426916
"5946",56,0,0.388529722497016,0.388529722497016,0.25038842726667
"5947",58,0,0.403921238378327,0.403921238378327,0.532083034517181
"5948",56,0,0.768552063570277,0.768552063570277,0.368333960151593
"5949",54,0,0.734365049750611,0.734365049750611,0.672208510215797
"5950",58,0,-0.343923686451557,-0.343923686451557,0.409274634865217
"5951",56,1,0.547827954611456,0.0672915715228785,0.547827954611456
"5952",54,1,0.401563278200793,0.615491438190517,0.401563278200793
"5953",58,1,0.508321100074299,0.120934041562428,0.508321100074299
"5954",54,0,0.588669410859401,0.588669410859401,0.47216734671567
"5955",54,1,1.00731495588266,0.424002834972926,1.00731495588266
"5956",50,0,1.12242012844899,1.12242012844899,0.597799350434335
"5957",50,0,1.04042979052043,1.04042979052043,1.26864146056367
"5958",58,0,0.430862938050418,0.430862938050418,0.674087235772915
"5959",54,0,0.782717412041819,0.782717412041819,0.324661885922326
"5960",52,1,0.217320743640062,0.858026951780979,0.217320743640062
"5961",60,1,0.871069819620711,-0.0908661179734735,0.871069819620711
"5962",54,0,1.16634524313236,1.16634524313236,0.685082650246155
"5963",54,0,0.672537641288065,0.672537641288065,0.771989643414763
"5964",52,0,0.750679094263377,0.750679094263377,0.913366347426854
"5965",58,0,0.0491193031609719,0.0491193031609719,0.42528959955892
"5966",52,1,0.329084515364502,0.835684843416526,0.329084515364502
"5967",56,0,0.396727282962842,0.396727282962842,0.63674720731266
"5968",58,0,0.340688599001646,0.340688599001646,0.788047422966707
"5969",56,1,0.596403450958272,0.593963707130163,0.596403450958272
"5970",60,1,0.680458173294271,-0.457292717091291,0.680458173294271
"5971",50,0,0.903970837947762,0.903970837947762,1.08062603104802
"5972",58,1,0.466650638123379,0.0379135661217275,0.466650638123379
"5973",58,1,0.497238297965371,0.344500940955933,0.497238297965371
"5974",60,1,0.348616352266416,-0.480927422566604,0.348616352266416
"5975",52,0,0.661696132187335,0.661696132187335,0.639960691738849
"5976",56,0,0.650481870941591,0.650481870941591,0.842511011153639
"5977",54,1,0.892993666909601,0.648137638477382,0.892993666909601
"5978",56,1,0.508354502607572,0.464579878308477,0.508354502607572
"5979",52,0,0.643145051670679,0.643145051670679,1.11702731782773
"5980",56,1,0.08430823961727,0.0458884586437805,0.08430823961727
"5981",60,1,0.700369128518795,0.277960098663008,0.700369128518795
"5982",58,1,0.173343883443975,0.547878372602509,0.173343883443975
"5983",52,0,0.87412901432487,0.87412901432487,0.497338486784275
"5984",54,1,0.874782227583575,0.378646420337425,0.874782227583575
"5985",50,0,0.829418207880181,0.829418207880181,0.775686918303285
"5986",54,0,0.645653709442508,0.645653709442508,0.221807445030582
"5987",58,0,0.184673475677332,0.184673475677332,0.449796046122489
"5988",54,1,0.640147629444122,0.520541762229762,0.640147629444122
"5989",58,0,0.188147814817691,0.188147814817691,0.396183811585598
"5990",50,1,0.745433326404661,1.17028755204023,0.745433326404661
"5991",54,1,1.05191506311134,0.651427761963101,1.05191506311134
"5992",58,0,-0.490354388815181,-0.490354388815181,0.312265696848984
"5993",54,0,0.49226258407901,0.49226258407901,0.432951047757882
"5994",58,0,0.451805506677552,0.451805506677552,0.736698239856186
"5995",60,1,0.900825393065987,0.461672222675186,0.900825393065987
"5996",52,1,0.829439563261486,0.36925689468195,0.829439563261486
"5997",50,1,1.03309609951945,0.828907223459234,1.03309609951945
"5998",52,0,0.819958436015334,0.819958436015334,0.704734680849669
"5999",52,1,0.650956931223649,1.09022726480738,0.650956931223649
"6000",52,0,0.909412669693834,0.909412669693834,0.712154674083085
"6001",58,0,0.414408525595449,0.414408525595449,0.230110642937121
"6002",56,0,-0.00634878730528465,-0.00634878730528465,0.986227528551253
"6003",56,1,0.583927074081493,0.341430422269605,0.583927074081493
"6004",50,1,0.66350321785505,0.741836387402134,0.66350321785505
"6005",60,1,1.06828793452298,-0.285285304275235,1.06828793452298
"6006",52,0,0.419515774586886,0.419515774586886,0.85050345502051
"6007",52,0,0.611277013862095,0.611277013862095,1.00676424187942
"6008",52,0,0.683309521720861,0.683309521720861,0.582778537201338
"6009",50,1,1.09139917478041,1.01477121304694,1.09139917478041
"6010",58,0,0.553324559661454,0.553324559661454,0.486338344999816
"6011",58,1,0.297494735893536,0.373464277983415,0.297494735893536
"6012",54,0,0.856767169085514,0.856767169085514,0.455835717452701
"6013",60,0,-0.228321285107157,-0.228321285107157,-0.038359652929446
"6014",54,1,0.902799676825498,0.126076664798324,0.902799676825498
"6015",54,0,0.534442174439782,0.534442174439782,0.12625450596187
"6016",60,1,0.792334979005953,0.138663656062326,0.792334979005953
"6017",60,0,-0.118501509874587,-0.118501509874587,0.406034065151018
"6018",60,1,0.59909837720038,-0.0229137525175806,0.59909837720038
"6019",60,1,0.543293039914857,-0.246402353205205,0.543293039914857
"6020",56,1,0.942999946816177,0.0803948201746082,0.942999946816177
"6021",56,0,0.55213200599235,0.55213200599235,0.495889988524131
"6022",52,0,0.542340127344479,0.542340127344479,0.782232475501992
"6023",56,0,0.334257283539296,0.334257283539296,0.292382196670825
"6024",56,0,0.727550995165181,0.727550995165181,0.556992823493893
"6025",52,0,0.69517663777984,0.69517663777984,0.903435334936292
"6026",50,0,1.10604917079036,1.10604917079036,1.11470533041137
"6027",60,1,0.314243091845217,-0.0103984527211982,0.314243091845217
"6028",54,0,0.417363242766797,0.417363242766797,0.832728022414274
"6029",56,1,0.85749922477619,0.316015186222319,0.85749922477619
"6030",60,0,0.22994117199473,0.22994117199473,0.786111788998361
"6031",54,0,0.601210459297502,0.601210459297502,0.399096937360026
"6032",54,0,0.641202098726069,0.641202098726069,0.820933010939713
"6033",52,0,0.433239166701971,0.433239166701971,0.728458319616976
"6034",54,0,0.544873786088945,0.544873786088945,0.38516740360863
"6035",50,1,0.975520814833504,1.87384578527161,0.975520814833504
"6036",56,0,0.325915402241703,0.325915402241703,0.378111216921601
"6037",54,0,0.82491789369622,0.82491789369622,0.73360112384526
"6038",60,0,0.322023012220393,0.322023012220393,0.556822047894663
"6039",52,1,0.89882888789804,0.435399528498658,0.89882888789804
"6040",52,0,0.620576043252922,0.620576043252922,1.12887619997435
"6041",56,0,0.385737018300288,0.385737018300288,0.960609815760217
"6042",54,0,0.500374030234843,0.500374030234843,0.736495635778528
"6043",60,0,0.012468313098223,0.012468313098223,0.688756942675817
"6044",56,0,0.384463184658992,0.384463184658992,0.615140346445624
"6045",58,0,0.156644961380725,0.156644961380725,0.670703015642002
"6046",58,1,0.694420101133426,-0.0547524890685527,0.694420101133426
"6047",50,0,1.06429486401857,1.06429486401857,0.718206463000484
"6048",56,0,0.520579713818788,0.520579713818788,0.521377615036948
"6049",56,1,0.579077454940467,0.627361462061467,0.579077454940467
"6050",54,0,0.71431025909567,0.71431025909567,0.646733735529874
"6051",52,0,1.15407824341463,1.15407824341463,0.68741021782457
"6052",54,0,0.463502751275331,0.463502751275331,0.618100612061673
"6053",50,0,1.37575115284282,1.37575115284282,1.04092753580448
"6054",56,1,0.478218288136946,0.266750719818126,0.478218288136946
"6055",52,0,0.738636483095231,0.738636483095231,0.328539470848461
"6056",60,1,0.217849270158304,-0.119378350508744,0.217849270158304
"6057",50,0,0.919536524215382,0.919536524215382,0.83070034156134
"6058",58,1,0.00162637500592799,0.61632741372611,0.00162637500592799
"6059",52,0,1.57976873326674,1.57976873326674,0.754684967048868
"6060",52,0,1.22741876713482,1.22741876713482,0.776648177360108
"6061",60,1,0.670152258393941,0.120788044200667,0.670152258393941
"6062",54,1,0.852633006716947,0.576634777317223,0.852633006716947
"6063",50,0,0.580891852203864,0.580891852203864,1.13873644689326
"6064",50,0,0.794622643872774,0.794622643872774,1.00441031099654
"6065",56,0,0.865070101293842,0.865070101293842,0.612635901260482
"6066",56,0,0.767138352543784,0.767138352543784,0.242875780807285
"6067",56,0,0.272025139901636,0.272025139901636,0.596370888080567
"6068",58,0,0.221453530773974,0.221453530773974,0.0164436609938459
"6069",54,0,0.256730661271817,0.256730661271817,0.62045886111838
"6070",56,0,0.83114069066449,0.83114069066449,1.16788171766404
"6071",54,0,0.689536438019251,0.689536438019251,0.580992253000258
"6072",56,1,0.797668365974802,0.248301740646296,0.797668365974802
"6073",54,0,0.50333217740484,0.50333217740484,0.904157907962539
"6074",56,0,0.195486335119828,0.195486335119828,0.357815624890292
"6075",54,1,1.00232182987371,0.735027378114287,1.00232182987371
"6076",58,0,0.502955206654588,0.502955206654588,0.231461842510067
"6077",60,0,0.258228131522065,0.258228131522065,0.533456284897132
"6078",58,1,0.359331030817586,0.358461327567878,0.359331030817586
"6079",60,1,0.702486908230307,-0.00344943639739026,0.702486908230307
"6080",50,0,0.82069024486004,0.82069024486004,0.593363037609055
"6081",56,1,-0.0809584154048294,0.0267805504445824,-0.0809584154048294
"6082",52,0,0.529845587463892,0.529845587463892,1.15614257567208
"6083",54,0,0.681704868379076,0.681704868379076,0.71288177070132
"6084",54,1,0.78736025158062,0.377451174265202,0.78736025158062
"6085",58,0,0.119160811478318,0.119160811478318,0.421166292643609
"6086",58,0,0.600858508581549,0.600858508581549,0.647039206222088
"6087",50,1,0.607768844514023,1.30396078236953,0.607768844514023
"6088",54,0,0.567282485980894,0.567282485980894,0.46933882315009
"6089",54,0,0.58681797407853,0.58681797407853,0.502751248025987
"6090",56,1,0.91333802492527,0.355567122005877,0.91333802492527
"6091",56,0,0.529259423412817,0.529259423412817,0.381547276351068
"6092",56,1,0.0996345493845884,0.0920302788661606,0.0996345493845884
"6093",58,1,0.323614697523376,0.509171602034458,0.323614697523376
"6094",52,0,1.40163764676788,1.40163764676788,0.997417862177799
"6095",54,1,0.587524316226455,0.212166194640279,0.587524316226455
"6096",58,1,0.260274863005105,-0.2380551990068,0.260274863005105
"6097",60,1,0.295272218423855,-0.180186491771646,0.295272218423855
"6098",58,0,0.219139038457171,0.219139038457171,0.933336225257817
"6099",52,1,0.663212556292445,0.821885728268716,0.663212556292445
"6100",56,1,0.657924407477936,0.127975592441476,0.657924407477936
"6101",52,0,0.741782844485585,0.741782844485585,0.697247225022038
"6102",56,0,0.352591770546689,0.352591770546689,1.02432270352998
"6103",60,1,0.693658764970619,-0.576667265749652,0.693658764970619
"6104",50,0,1.01546691237312,1.01546691237312,1.41026856602204
"6105",58,0,0.230228265343526,0.230228265343526,0.704351695684557
"6106",50,0,0.961158751482147,0.961158751482147,0.803292105423682
"6107",54,0,0.512934565607996,0.512934565607996,0.470742134584415
"6108",54,1,0.506099097546818,0.587118489574459,0.506099097546818
"6109",52,0,0.978384477703636,0.978384477703636,0.558365857756881
"6110",58,1,0.660267596523988,0.0746585135870447,0.660267596523988
"6111",56,0,0.344563520424657,0.344563520424657,0.950066284087975
"6112",58,0,0.318580061629988,0.318580061629988,0.703404527117393
"6113",56,0,0.634701179560988,0.634701179560988,0.451402641875575
"6114",54,1,0.836613491298811,0.422376066913942,0.836613491298811
"6115",50,0,1.00513238221037,1.00513238221037,1.07875060992288
"6116",56,1,0.549594792316331,0.252032287885559,0.549594792316331
"6117",54,0,0.673248804074503,0.673248804074503,0.996776916490629
"6118",52,0,0.509577176086696,0.509577176086696,0.359758227343518
"6119",58,1,0.544020134261676,0.822005403224507,0.544020134261676
"6120",52,0,0.396728824180647,0.396728824180647,0.956195833818198
"6121",56,0,0.690912999194945,0.690912999194945,0.279562947156129
"6122",50,0,0.564380239748579,0.564380239748579,0.668962197779877
"6123",52,0,0.913154653269026,0.913154653269026,0.79250447072111
"6124",60,1,0.500604927659292,-0.393030747401903,0.500604927659292
"6125",60,0,0.101576087941853,0.101576087941853,0.0902224198266683
"6126",54,0,0.29550384465556,0.29550384465556,0.691550646913985
"6127",52,0,0.429189701197281,0.429189701197281,0.445806182261567
"6128",60,0,0.0968840547067061,0.0968840547067061,0.570765956823165
"6129",56,1,0.425669994130418,0.479382556715055,0.425669994130418
"6130",56,0,-0.0104249893030016,-0.0104249893030016,0.405525312721302
"6131",58,1,0.424822732933157,-0.0566721401340653,0.424822732933157
"6132",50,1,1.12685725257255,1.22278105957849,1.12685725257255
"6133",56,0,-0.0808193013106767,-0.0808193013106767,0.739025670568173
"6134",56,0,1.07598383719578,1.07598383719578,0.38882310054967
"6135",60,1,0.642827142236124,-0.0299824057103449,0.642827142236124
"6136",58,1,0.0423957381688407,0.412375024685664,0.0423957381688407
"6137",60,1,0.5073750464832,-0.111073330991812,0.5073750464832
"6138",58,1,0.429171864552986,0.464077622403921,0.429171864552986
"6139",58,0,0.368010767154868,0.368010767154868,0.48411912962489
"6140",60,1,0.149041990095131,0.31364936544442,0.149041990095131
"6141",58,0,0.402177073430671,0.402177073430671,0.405954769358853
"6142",58,1,0.43914877005015,-0.0565342174099249,0.43914877005015
"6143",52,0,0.968421879169913,0.968421879169913,0.951211916604054
"6144",58,1,0.393488144378424,-0.0349609039153892,0.393488144378424
"6145",60,1,0.304468498108905,0.0785916394484831,0.304468498108905
"6146",54,0,0.503458750795694,0.503458750795694,0.864164337534887
"6147",54,0,0.551540297885535,0.551540297885535,0.706630743801082
"6148",50,0,0.635745938284077,0.635745938284077,1.29698243596625
"6149",56,0,0.0124674193356085,0.0124674193356085,0.602692974216375
"6150",52,1,0.704482262575201,0.815759251978477,0.704482262575201
"6151",56,0,0.697771604210579,0.697771604210579,0.673107477643079
"6152",54,0,1.02373113001517,1.02373113001517,0.633119780730546
"6153",54,0,0.67327981432082,0.67327981432082,1.14403144795777
"6154",56,1,0.550668229250105,0.12920415964625,0.550668229250105
"6155",60,0,-0.0855812050778942,-0.0855812050778942,0.788478490709672
"6156",58,0,0.153293109593475,0.153293109593475,0.39414449467836
"6157",60,1,0.786115202069193,0.0673960527947568,0.786115202069193
"6158",58,1,0.378325539565881,-0.226462704076709,0.378325539565881
"6159",52,0,0.491579403025882,0.491579403025882,1.06324109505349
"6160",52,0,0.521277943543144,0.521277943543144,1.08744112824577
"6161",54,1,0.734837912860204,0.726465251601409,0.734837912860204
"6162",52,1,1.10649417602315,0.962590550827993,1.10649417602315
"6163",54,1,0.975593890271575,0.821420415271305,0.975593890271575
"6164",54,0,0.512143116142995,0.512143116142995,0.403251286236953
"6165",52,0,0.937020217625064,0.937020217625064,0.387604281082992
"6166",54,1,0.816011737718308,0.629225557107285,0.816011737718308
"6167",58,1,0.220028673313463,0.428324326675673,0.220028673313463
"6168",58,0,-0.246864965299728,-0.246864965299728,0.43441779473586
"6169",58,0,0.0660242730641561,0.0660242730641561,0.528066408343232
"6170",52,0,0.670152106499976,0.670152106499976,0.608091109807177
"6171",60,1,0.548038186962726,0.409081285220114,0.548038186962726
"6172",50,0,1.22030384711635,1.22030384711635,1.03746075749415
"6173",52,0,1.1308545675519,1.1308545675519,0.456624054943147
"6174",52,1,0.734205024325141,0.836939161052177,0.734205024325141
"6175",58,0,0.336809007792461,0.336809007792461,0.00555777445704264
"6176",58,1,0.588403396550421,-0.0527945578306981,0.588403396550421
"6177",58,0,0.462555338419957,0.462555338419957,0.794099079864438
"6178",56,0,0.641961490090896,0.641961490090896,0.286846479455147
"6179",54,1,1.0278752552644,0.547767661899468,1.0278752552644
"6180",52,0,0.78599271817597,0.78599271817597,0.892341770972758
"6181",52,0,1.3168443280182,1.3168443280182,0.373690567870124
"6182",56,0,0.512891980139665,0.512891980139665,0.0447804069158898
"6183",54,0,0.730825101403537,0.730825101403537,0.770820618175351
"6184",56,0,0.686973723996939,0.686973723996939,0.59142457471426
"6185",60,1,0.789782382755264,0.061233065043111,0.789782382755264
"6186",54,0,0.539030281200263,0.539030281200263,1.0142062096126
"6187",58,0,0.515849901317703,0.515849901317703,0.485889343024809
"6188",58,0,0.00443155586046062,0.00443155586046062,0.342052344770723
"6189",58,0,0.138803059845437,0.138803059845437,0.803175283498298
"6190",58,1,0.364009850077777,0.170156926928262,0.364009850077777
"6191",50,1,0.842506928311461,1.08689211666613,0.842506928311461
"6192",54,0,0.672944186460186,0.672944186460186,0.559328350839402
"6193",56,0,0.164891587093224,0.164891587093224,0.709367602970802
"6194",54,1,0.522042780530809,0.232519879596219,0.522042780530809
"6195",58,1,0.196392397178726,0.407890657780644,0.196392397178726
"6196",52,1,0.403053614691051,0.782561744696153,0.403053614691051
"6197",52,0,1.00304549731837,1.00304549731837,0.965637210617612
"6198",52,0,0.97373130537043,0.97373130537043,0.781601535377334
"6199",54,0,0.764672599525797,0.764672599525797,0.919417341286197
"6200",56,0,0.531140475466919,0.531140475466919,0.240519780000965
"6201",56,1,0.849476872509213,0.254747965164743,0.849476872509213
"6202",54,1,0.929468880472584,1.33212046245849,0.929468880472584
"6203",56,0,0.302650018072499,0.302650018072499,0.393235834165746
"6204",52,0,0.965590537794403,0.965590537794403,0.64060883088035
"6205",58,0,0.249945242666789,0.249945242666789,0.960738208841101
"6206",52,0,0.69340053413709,0.69340053413709,0.336837681363199
"6207",54,0,0.949803421151423,0.949803421151423,0.523088314098672
"6208",58,1,0.716301604917669,0.376099239326063,0.716301604917669
"6209",54,0,1.11106624693197,1.11106624693197,0.741989864208613
"6210",54,0,0.59856800749501,0.59856800749501,0.751690162968537
"6211",58,1,0.677050787211552,-0.251514654501544,0.677050787211552
"6212",60,0,-0.0623838377421224,-0.0623838377421224,0.339097410831579
"6213",56,1,0.745356216650973,0.216278033188134,0.745356216650973
"6214",56,1,0.680695397624408,0.451102007834317,0.680695397624408
"6215",50,0,0.953495034187193,0.953495034187193,1.69930662826534
"6216",50,0,0.993942206824226,0.993942206824226,0.912974387127528
"6217",52,0,0.921263510297435,0.921263510297435,1.21351929824904
"6218",54,0,0.415101810530464,0.415101810530464,0.769676271737083
"6219",58,1,0.184996890823094,0.175520002840603,0.184996890823094
"6220",50,0,0.410550155478134,0.410550155478134,0.505438798664388
"6221",58,1,0.418248019078806,-0.0462991728147773,0.418248019078806
"6222",52,0,0.437040357038872,0.437040357038872,0.907587895775728
"6223",58,0,0.38082591317697,0.38082591317697,0.79796429334149
"6224",56,1,0.0759053290792259,0.586364936285296,0.0759053290792259
"6225",58,0,-0.153951950888442,-0.153951950888442,0.789239989172646
"6226",58,0,0.179947015043079,0.179947015043079,0.786590283479854
"6227",58,1,0.668245744575543,0.601239275899496,0.668245744575543
"6228",52,1,1.11286812028799,0.837255252467422,1.11286812028799
"6229",54,1,0.628913630051509,0.329905487929891,0.628913630051509
"6230",60,1,-0.224011216365272,-0.368827989451783,-0.224011216365272
"6231",60,1,0.753833389756768,-0.116317664067235,0.753833389756768
"6232",50,0,0.951375272606751,0.951375272606751,0.938064453806481
"6233",50,0,0.769098252068145,0.769098252068145,1.19394059778629
"6234",58,1,0.698276894897675,0.0395660753890435,0.698276894897675
"6235",58,0,0.0826536286017082,0.0826536286017082,0.317645044940282
"6236",60,0,-0.0498110536524821,-0.0498110536524821,0.0545575340131597
"6237",54,0,0.582842696640913,0.582842696640913,0.962583341694845
"6238",58,0,0.273535218087296,0.273535218087296,0.553615113258823
"6239",58,1,1.07911349242861,0.448622872828502,1.07911349242861
"6240",60,0,-0.188920031985322,-0.188920031985322,0.730594087346373
"6241",54,1,0.715574485445198,0.631706266718197,0.715574485445198
"6242",52,1,0.89851171226883,1.01190982621991,0.89851171226883
"6243",54,0,0.326401310829631,0.326401310829631,0.874477191145429
"6244",50,0,0.826693470323905,0.826693470323905,0.651630986177865
"6245",56,0,0.756253698287525,0.756253698287525,0.567214733740594
"6246",50,0,1.11434838191755,1.11434838191755,1.17668823696044
"6247",56,0,0.24323391977231,0.24323391977231,0.381984787461655
"6248",56,1,0.481035964943909,0.226027534986179,0.481035964943909
"6249",54,1,0.708312499265306,0.458506510095357,0.708312499265306
"6250",52,0,0.34757496423481,0.34757496423481,0.69647090079018
"6251",54,0,1.04139039368883,1.04139039368883,0.431320118511192
"6252",58,0,0.633319678938401,0.633319678938401,0.325658197240491
"6253",52,0,0.660978226629023,0.660978226629023,0.832698788820477
"6254",54,1,0.449297111093084,0.701836499141658,0.449297111093084
"6255",58,1,0.799053646043743,0.332939458590211,0.799053646043743
"6256",58,1,0.593887185203178,0.0665284298162512,0.593887185203178
"6257",56,1,0.998731730881078,0.651290221667264,0.998731730881078
"6258",56,0,0.455714868922201,0.455714868922201,0.785469876457111
"6259",56,0,0.575533343507192,0.575533343507192,0.708144930203762
"6260",56,1,0.814018608145916,0.323627512090499,0.814018608145916
"6261",60,0,0.0424904033508476,0.0424904033508476,0.425974096076261
"6262",58,0,0.505282907530044,0.505282907530044,0.291990022826746
"6263",60,0,-0.348213426270384,-0.348213426270384,0.767030464497173
"6264",52,0,0.854851663735911,0.854851663735911,0.649329229943847
"6265",60,0,-0.347789182014382,-0.347789182014382,0.553933105898015
"6266",56,1,0.805932755172665,0.361377707750937,0.805932755172665
"6267",54,0,0.280350893422558,0.280350893422558,0.570327407186053
"6268",56,0,0.495841524927607,0.495841524927607,0.663037659698739
"6269",58,0,-0.319596311530976,-0.319596311530976,0.699667445453356
"6270",56,0,0.58388827502273,0.58388827502273,0.78582515752881
"6271",60,1,0.468349002082888,0.344901200390185,0.468349002082888
"6272",50,0,0.957030255979148,0.957030255979148,0.763748118614535
"6273",50,0,1.27433926715187,1.27433926715187,1.38876676029416
"6274",52,1,0.457080123410174,0.586809581860546,0.457080123410174
"6275",50,1,0.965898106623732,0.738796146863759,0.965898106623732
"6276",54,0,0.222997169972585,0.222997169972585,0.23946734438015
"6277",56,0,0.608294403661272,0.608294403661272,0.379019327034069
"6278",52,1,0.703970655283291,1.10339333736414,0.703970655283291
"6279",52,0,1.08234190650956,1.08234190650956,1.0509390868648
"6280",54,0,1.12267194924241,1.12267194924241,0.625333276590261
"6281",60,1,0.513707230862914,0.0611309415180634,0.513707230862914
"6282",58,0,0.291851535594983,0.291851535594983,1.1107546385049
"6283",58,1,0.510066080592206,0.274017468048135,0.510066080592206
"6284",58,1,1.10593946881687,0.0446481567176531,1.10593946881687
"6285",50,0,0.868116593194265,0.868116593194265,1.33736013580935
"6286",56,0,0.548778142360595,0.548778142360595,1.03948916945612
"6287",50,0,0.980873539196068,0.980873539196068,0.741606528623753
"6288",56,0,-0.00967316331875551,-0.00967316331875551,0.605343355436386
"6289",58,0,0.135976256399893,0.135976256399893,0.533470478930498
"6290",54,1,0.852699390222451,0.397228555041403,0.852699390222451
"6291",56,0,0.173711848232592,0.173711848232592,0.35398696073131
"6292",56,0,0.44668610094376,0.44668610094376,0.178421442787888
"6293",60,1,0.66769907236401,0.0704310491465014,0.66769907236401
"6294",52,0,0.813727648228944,0.813727648228944,1.31204771583321
"6295",56,1,0.405439151145886,0.537202536627066,0.405439151145886
"6296",56,0,0.494541368148239,0.494541368148239,0.446753427539642
"6297",60,1,0.402744780185522,0.147428922593246,0.402744780185522
"6298",56,0,0.610246531289319,0.610246531289319,0.578719979511393
"6299",50,0,1.16532463047117,1.16532463047117,0.85379269942227
"6300",58,0,0.0458231126744314,0.0458231126744314,0.457593572776866
"6301",52,1,0.595228304538268,1.20634652016801,0.595228304538268
"6302",60,1,0.363554894472077,0.0881229562671536,0.363554894472077
"6303",56,0,0.570583694466221,0.570583694466221,0.589472928897316
"6304",58,0,0.0984261057618833,0.0984261057618833,0.336137699108477
"6305",54,0,0.582873797069042,0.582873797069042,0.356131407772682
"6306",58,0,0.243356354529638,0.243356354529638,0.90733464219077
"6307",52,1,0.967684657386933,0.886960465036317,0.967684657386933
"6308",58,0,0.289079315488328,0.289079315488328,0.556623276455484
"6309",52,0,0.817884624347904,0.817884624347904,0.856013649002498
"6310",56,0,0.103313301629695,0.103313301629695,0.660383016372147
"6311",52,0,0.727827936745201,0.727827936745201,0.599071813569425
"6312",50,1,0.695134864186618,1.1128497678076,0.695134864186618
"6313",50,1,0.908835321723985,0.858562791673111,0.908835321723985
"6314",60,0,0.100028192393034,0.100028192393034,0.762459457864363
"6315",52,0,1.06526728905867,1.06526728905867,0.698206821879386
"6316",56,0,0.489773071242912,0.489773071242912,0.447615972331935
"6317",58,0,0.151344413583538,0.151344413583538,0.616282610490534
"6318",54,0,0.675318542001507,0.675318542001507,0.7302901975018
"6319",52,0,0.740129292277073,0.740129292277073,0.912436363415816
"6320",52,0,1.30048580763126,1.30048580763126,0.525086980104746
"6321",58,1,0.515370176516458,0.418162974212216,0.515370176516458
"6322",56,0,0.168114877791166,0.168114877791166,0.944351377844404
"6323",56,0,0.340311630172383,0.340311630172383,0.699338995672987
"6324",54,0,0.631650049546683,0.631650049546683,0.935423803413897
"6325",56,0,0.404629526922482,0.404629526922482,1.20182429665863
"6326",52,0,0.838034604947261,0.838034604947261,1.21394188350551
"6327",50,0,1.15735786524645,1.15735786524645,0.816252276602981
"6328",54,0,0.725267735621737,0.725267735621737,0.52123037050621
"6329",50,0,1.19307283341903,1.19307283341903,1.04289879743946
"6330",56,0,0.57961129096327,0.57961129096327,0.434026654251279
"6331",56,0,0.17057622685285,0.17057622685285,0.758947004606793
"6332",52,1,1.10162899414991,1.13743531256758,1.10162899414991
"6333",60,1,0.437698073739225,-0.185322918218673,0.437698073739225
"6334",58,0,-0.0416776653047734,-0.0416776653047734,0.570808785752819
"6335",58,0,-0.00628842876191685,-0.00628842876191685,-0.120161902119377
"6336",54,0,0.80577983334908,0.80577983334908,0.675196535073655
"6337",54,0,0.805169926362845,0.805169926362845,1.23720738685685
"6338",52,0,0.716032507844636,0.716032507844636,0.698797138998385
"6339",58,0,0.309675620953245,0.309675620953245,0.568134074856624
"6340",58,1,0.632740200310038,-0.084842509001418,0.632740200310038
"6341",54,1,0.453259165722506,0.999713022511909,0.453259165722506
"6342",56,0,0.057482349591526,0.057482349591526,0.851886080625599
"6343",54,0,0.442730213705601,0.442730213705601,0.33272165579628
"6344",60,0,0.224563803532277,0.224563803532277,0.509605347174853
"6345",60,1,0.466345045394784,0.186666078431989,0.466345045394784
"6346",56,0,1.03920477117084,1.03920477117084,0.640892084139515
"6347",52,0,1.39018249012537,1.39018249012537,1.03687599605866
"6348",52,1,0.656230273331589,0.730467054915243,0.656230273331589
"6349",54,1,0.513351919694373,0.636898788547617,0.513351919694373
"6350",56,1,0.422673305155132,0.5797415920495,0.422673305155132
"6351",52,0,0.710935402251618,0.710935402251618,0.72333873780053
"6352",56,1,0.473907515042544,0.254861472850181,0.473907515042544
"6353",52,0,1.48329505308907,1.48329505308907,0.832714254439677
"6354",50,0,0.781912590916352,0.781912590916352,1.01730068910587
"6355",50,1,0.913392112686629,1.06855686192223,0.913392112686629
"6356",56,0,0.457547617485871,0.457547617485871,0.5810728393624
"6357",56,0,0.588620195526342,0.588620195526342,0.790054054804553
"6358",56,0,0.403216254581908,0.403216254581908,0.425952995380145
"6359",58,0,0.236077917917436,0.236077917917436,1.04731884135048
"6360",50,0,0.893927658549996,0.893927658549996,0.953354268114354
"6361",54,1,1.24963509094297,1.11801899547303,1.24963509094297
"6362",50,1,1.36902922270042,0.701272948646608,1.36902922270042
"6363",54,1,0.565358646271982,0.436093439683747,0.565358646271982
"6364",54,0,0.507306924356892,0.507306924356892,0.674845790975093
"6365",58,1,0.706074139374542,0.227758853025307,0.706074139374542
"6366",58,1,0.661326351719572,0.154954598272562,0.661326351719572
"6367",60,1,0.636199925062689,-0.339817531469321,0.636199925062689
"6368",56,1,0.666365592107548,0.270915936157959,0.666365592107548
"6369",58,1,0.114793632400279,0.264258247014034,0.114793632400279
"6370",54,0,0.53177702790031,0.53177702790031,1.0042520015972
"6371",58,0,0.161612889896829,0.161612889896829,0.957370278285495
"6372",56,1,0.857918818063175,-0.0697647191724945,0.857918818063175
"6373",60,0,-0.128290232009599,-0.128290232009599,0.40815693407179
"6374",50,1,1.18568631821842,1.10451484078185,1.18568631821842
"6375",52,0,0.647956351878479,0.647956351878479,1.08936285374102
"6376",56,0,0.769709449220417,0.769709449220417,0.487840309768118
"6377",54,0,0.383682563020039,0.383682563020039,0.495747306833283
"6378",52,0,0.659390252290774,0.659390252290774,0.579208141909193
"6379",58,0,0.389019699922945,0.389019699922945,0.792634276512943
"6380",52,0,0.672202584752858,0.672202584752858,0.665797120885202
"6381",52,1,0.815786541691212,0.955484930767086,0.815786541691212
"6382",54,0,0.164832917817263,0.164832917817263,1.02209354688694
"6383",58,1,0.379774337663732,-0.087262258518037,0.379774337663732
"6384",50,0,0.84657767299828,0.84657767299828,0.895638898118305
"6385",56,0,0.396634212055507,0.396634212055507,1.08900050428011
"6386",56,0,0.744728472302101,0.744728472302101,0.759235201986156
"6387",58,0,0.419660025828174,0.419660025828174,0.501108312512358
"6388",54,0,0.713901267046397,0.713901267046397,0.868375483124566
"6389",50,0,0.809084846327274,0.809084846327274,1.33264513008256
"6390",52,0,0.689622112500912,0.689622112500912,0.685967708893039
"6391",56,1,0.0164799327347795,0.508712421290963,0.0164799327347795
"6392",56,0,0.58925970247953,0.58925970247953,0.740707585159185
"6393",58,1,0.938111252160737,0.110022833020625,0.938111252160737
"6394",60,1,0.671454919915919,0.0979596929996687,0.671454919915919
"6395",58,1,0.566401197641205,0.519911918783503,0.566401197641205
"6396",60,0,-0.317900286477641,-0.317900286477641,0.0207680337197277
"6397",60,1,0.486327488220127,0.291810979731594,0.486327488220127
"6398",58,0,0.284347979443141,0.284347979443141,0.213228197905957
"6399",54,0,0.814708424165648,0.814708424165648,1.16778440570755
"6400",60,0,0.114267814613201,0.114267814613201,0.715938101603278
"6401",54,0,0.401058544679556,0.401058544679556,0.842968956166567
"6402",58,0,0.170526285156678,0.170526285156678,0.131684570367947
"6403",58,1,0.131255404121578,-0.118863268268486,0.131255404121578
"6404",52,0,1.47330582316254,1.47330582316254,0.93118773324826
"6405",54,0,0.735086847686646,0.735086847686646,0.365678995464392
"6406",60,1,0.480884205065727,-0.108346497363147,0.480884205065727
"6407",60,0,-0.454913854927988,-0.454913854927988,0.617591504238603
"6408",50,0,0.530425036095222,0.530425036095222,1.24468174372621
"6409",60,0,-0.219156652342247,-0.219156652342247,0.437589700398896
"6410",54,1,0.680414900508288,0.769749033392486,0.680414900508288
"6411",52,0,1.06772148042244,1.06772148042244,1.03150470544081
"6412",56,1,0.633626430488022,0.498159804280099,0.633626430488022
"6413",52,0,0.717110745140651,0.717110745140651,0.892779193635492
"6414",56,1,0.330096525081748,0.55756801745144,0.330096525081748
"6415",60,1,0.648650682649871,0.560579264856467,0.648650682649871
"6416",54,0,0.864376370493885,0.864376370493885,0.936750387886458
"6417",58,1,0.582996870973858,0.128847065227089,0.582996870973858
"6418",54,1,0.884180994285752,0.432168028992718,0.884180994285752
"6419",58,0,0.325453911632225,0.325453911632225,0.311949015453021
"6420",56,0,0.189944230880829,0.189944230880829,0.955686918742153
"6421",52,0,1.00209671177811,1.00209671177811,0.922669027194449
"6422",56,1,0.453229206173716,0.256024904024419,0.453229206173716
"6423",56,0,0.62095677086367,0.62095677086367,0.690879977189979
"6424",56,1,0.449424172824356,0.45055251757586,0.449424172824356
"6425",58,1,0.470919918534982,1.03227856593069,0.470919918534982
"6426",56,1,0.730418675923751,0.361271717259651,0.730418675923751
"6427",54,0,0.350892121678604,0.350892121678604,0.917694172609634
"6428",58,0,0.0899440254339936,0.0899440254339936,0.405052175128027
"6429",56,0,0.58279076412328,0.58279076412328,0.90003979429486
"6430",52,0,0.607821964695505,0.607821964695505,0.514422947268092
"6431",50,1,1.12785921038373,1.25495198463365,1.12785921038373
"6432",56,1,0.359757497282165,0.434236229820156,0.359757497282165
"6433",58,1,0.610119562459263,0.161198434197827,0.610119562459263
"6434",54,0,0.862501689136475,0.862501689136475,0.434407863140756
"6435",50,1,1.17699772820002,0.888002571024843,1.17699772820002
"6436",60,0,0.015006080755616,0.015006080755616,0.267316416875328
"6437",50,0,1.17969801418145,1.17969801418145,1.02122475226757
"6438",58,1,0.365591891565205,0.24879296506444,0.365591891565205
"6439",60,1,-0.268399437088222,0.154063819209442,-0.268399437088222
"6440",52,0,0.376469075743494,0.376469075743494,0.674278195246871
"6441",58,1,0.817406782471293,0.000107865900863813,0.817406782471293
"6442",54,1,0.409481826402049,0.448705810952073,0.409481826402049
"6443",52,0,0.543649127319244,0.543649127319244,1.22788104073037
"6444",52,0,0.71672982099668,0.71672982099668,0.65795371810775
"6445",54,0,0.656065214622372,0.656065214622372,0.507276137855658
"6446",52,1,0.997062697067517,0.266398840390854,0.997062697067517
"6447",58,0,0.0106069648567196,0.0106069648567196,0.591864807931985
"6448",60,0,0.0749139572307233,0.0749139572307233,0.297330868294514
"6449",58,1,0.25484931612271,0.341868780274118,0.25484931612271
"6450",58,1,0.391268547679397,0.347628616464362,0.391268547679397
"6451",54,0,0.648053400688303,0.648053400688303,0.637134134091433
"6452",52,1,1.04579065589914,1.22415499370242,1.04579065589914
"6453",52,0,0.978341519682089,0.978341519682089,0.430838891518508
"6454",54,0,0.487174117792849,0.487174117792849,0.66343659446427
"6455",54,0,0.490029829746765,0.490029829746765,0.631332274389038
"6456",52,1,0.392497575755936,1.09695102540576,0.392497575755936
"6457",56,0,0.174296794775376,0.174296794775376,0.320344366460471
"6458",54,0,0.725226367450919,0.725226367450919,0.84882491689296
"6459",54,0,0.865566923781593,0.865566923781593,0.460870351226138
"6460",52,0,1.41547271832593,1.41547271832593,1.31545697431946
"6461",52,0,1.19007887122223,1.19007887122223,0.299721777079085
"6462",60,1,0.507645684198065,-0.429399956922132,0.507645684198065
"6463",52,0,0.882050332330802,0.882050332330802,0.882416916932504
"6464",54,0,0.375119457912143,0.375119457912143,0.633691013712839
"6465",54,0,0.234306273359416,0.234306273359416,1.0171574366035
"6466",58,1,0.755971809648926,0.268197142454912,0.755971809648926
"6467",54,0,0.672525607566512,0.672525607566512,0.113221191281463
"6468",54,0,0.356639453893101,0.356639453893101,0.484512978977119
"6469",54,0,0.829470264734651,0.829470264734651,0.965571678417099
"6470",54,1,1.1654853162992,0.388441209250332,1.1654853162992
"6471",54,0,0.732249954499944,0.732249954499944,0.638416098938764
"6472",58,0,0.125602620340282,0.125602620340282,0.565319722718522
"6473",56,0,0.202616398901664,0.202616398901664,0.173714264019989
"6474",60,1,0.423547325720651,0.173862404497153,0.423547325720651
"6475",56,1,0.787434531725619,0.291264529460545,0.787434531725619
"6476",56,1,0.368226966677815,0.238544536699783,0.368226966677815
"6477",60,0,-0.114711045832147,-0.114711045832147,0.662707553158133
"6478",50,0,0.811074159324786,0.811074159324786,1.49049715966724
"6479",60,1,-0.003114753762817,0.0316071780116524,-0.003114753762817
"6480",58,1,0.303887475699676,0.283290758428118,0.303887475699676
"6481",56,0,0.491350272120022,0.491350272120022,1.31926310443231
"6482",58,1,0.653502985976009,0.727163262074821,0.653502985976009
"6483",52,0,0.610509397440014,0.610509397440014,0.664155992344435
"6484",54,0,-0.13817782633489,-0.13817782633489,0.467122674942506
"6485",58,1,0.52990479523828,0.0762264342282486,0.52990479523828
"6486",58,1,0.676100684519292,0.465390238090062,0.676100684519292
"6487",52,0,0.468606311866744,0.468606311866744,0.179540320037195
"6488",52,1,1.19646566451167,0.812440674960422,1.19646566451167
"6489",60,1,0.348763040385984,0.05603621304918,0.348763040385984
"6490",58,0,0.216961447005806,0.216961447005806,0.565930896310812
"6491",52,0,0.0589444576289634,0.0589444576289634,0.701175996200396
"6492",56,1,0.442388059904125,0.209209750300535,0.442388059904125
"6493",56,1,0.700402354946561,0.289490716409571,0.700402354946561
"6494",54,0,0.465035539765659,0.465035539765659,0.454298964867857
"6495",60,1,0.329749731122168,-0.0333426436795995,0.329749731122168
"6496",56,0,0.27879965761523,0.27879965761523,0.263809409793844
"6497",58,0,-0.139622098914824,-0.139622098914824,0.262553437740387
"6498",52,0,1.06998291735636,1.06998291735636,0.590926354466042
"6499",56,0,0.892798137304856,0.892798137304856,0.381226843546713
"6500",52,1,1.00920094666262,0.834491925995384,1.00920094666262
"6501",58,1,0.842934176327085,0.0197662624381314,0.842934176327085
"6502",52,1,1.5388060537984,0.264063149380373,1.5388060537984
"6503",60,1,0.383699587461956,-0.559282387008069,0.383699587461956
"6504",54,1,0.34918692144229,0.848528822191079,0.34918692144229
"6505",52,0,1.01376719113256,1.01376719113256,0.962277567403943
"6506",58,1,0.997081613211052,0.322112750562442,0.997081613211052
"6507",58,0,-0.145169866247489,-0.145169866247489,0.495276516516121
"6508",50,0,0.74044336721667,0.74044336721667,1.28568528028696
"6509",60,0,-0.542143880963341,-0.542143880963341,0.571775313206931
"6510",52,1,0.758919879406045,1.01444358080077,0.758919879406045
"6511",52,0,0.737372398948356,0.737372398948356,0.939629706166989
"6512",58,1,0.603785749376877,0.320608795052769,0.603785749376877
"6513",58,0,0.375897780080818,0.375897780080818,0.768317791620792
"6514",50,0,1.06296297470637,1.06296297470637,1.23393596594933
"6515",54,0,0.382561448404561,0.382561448404561,1.07950524252437
"6516",54,0,0.546707581070688,0.546707581070688,0.705013259743393
"6517",56,0,0.319375189423439,0.319375189423439,0.345892710230023
"6518",52,0,0.628616238523759,0.628616238523759,0.731555466399146
"6519",58,1,0.44327488215722,0.447799013863961,0.44327488215722
"6520",60,0,-0.268736612808426,-0.268736612808426,0.381057063852138
"6521",54,0,0.499677329425744,0.499677329425744,0.941139412115291
"6522",56,1,0.729379059207436,0.693241112836593,0.729379059207436
"6523",54,1,0.427410032257957,0.562866483545085,0.427410032257957
"6524",54,1,0.685916254903789,0.58991824443128,0.685916254903789
"6525",54,1,0.63131954448695,0.692622298409028,0.63131954448695
"6526",54,0,0.812506972780358,0.812506972780358,0.0468363221256637
"6527",52,0,0.912588562144217,0.912588562144217,1.22809633806212
"6528",50,0,0.714500218757796,0.714500218757796,1.0109006599622
"6529",50,0,0.62458857619545,0.62458857619545,1.10032531626497
"6530",50,0,1.06991736894998,1.06991736894998,1.20994241893258
"6531",52,0,0.984409846286304,0.984409846286304,1.23884887154212
"6532",58,1,0.525073394075473,-0.194365305996781,0.525073394075473
"6533",60,0,0.0100105909008689,0.0100105909008689,1.10069480246364
"6534",52,0,0.910680678628286,0.910680678628286,0.600528310857219
"6535",54,0,0.730195277131898,0.730195277131898,0.998205322440095
"6536",54,0,0.788268570275526,0.788268570275526,0.0216008876177689
"6537",52,1,0.965018639761719,0.652455870726602,0.965018639761719
"6538",56,0,0.305873740477975,0.305873740477975,0.343635263098527
"6539",52,0,0.686990543172883,0.686990543172883,0.661065141912149
"6540",54,0,0.677599489222211,0.677599489222211,0.306555626284273
"6541",50,1,1.11758988576938,0.584774488174352,1.11758988576938
"6542",56,0,0.0484466742684863,0.0484466742684863,0.398373707679319
"6543",50,0,1.05389148764497,1.05389148764497,1.01238174381488
"6544",54,0,0.53148925440204,0.53148925440204,0.970983959460405
"6545",58,1,0.562589515206213,-0.183950734435572,0.562589515206213
"6546",56,0,0.420538536432273,0.420538536432273,0.675006087062279
"6547",54,0,0.712240982792498,0.712240982792498,0.729026715514247
"6548",50,1,0.739226098101339,1.07012714577496,0.739226098101339
"6549",58,1,0.529110944740783,-0.0333413996069862,0.529110944740783
"6550",58,0,0.267294690673082,0.267294690673082,0.0588022262636276
"6551",52,0,0.64541137382965,0.64541137382965,1.00277023317455
"6552",56,0,0.588758871186908,0.588758871186908,0.648370865647233
"6553",50,0,1.3027817246939,1.3027817246939,0.916608868809462
"6554",56,0,0.565881298117467,0.565881298117467,0.633763828466955
"6555",52,1,0.809418326323478,0.794569452518806,0.809418326323478
"6556",60,0,-0.150424144293059,-0.150424144293059,0.509911714242791
"6557",52,1,0.965039983432955,0.68085215919975,0.965039983432955
"6558",52,1,0.596749301877584,0.743078324135741,0.596749301877584
"6559",52,1,0.823732109719207,1.1108171516973,0.823732109719207
"6560",58,0,-0.0296817619205501,-0.0296817619205501,0.188268375003864
"6561",54,0,0.801625057903936,0.801625057903936,0.520575141507147
"6562",56,0,0.561365094311322,0.561365094311322,0.279934476763002
"6563",58,1,0.323175407297676,-0.0963780812803405,0.323175407297676
"6564",54,0,0.674426853213106,0.674426853213106,0.452121240551428
"6565",56,0,0.18180094292627,0.18180094292627,0.757947912057746
"6566",50,0,0.679077484938206,0.679077484938206,1.33064673928523
"6567",50,0,1.22591135163976,1.22591135163976,0.402382909712873
"6568",52,0,0.902033687304984,0.902033687304984,0.997875083048557
"6569",60,0,0.0355950610580096,0.0355950610580096,0.690552832684799
"6570",58,1,0.206583336152293,0.0360053606063681,0.206583336152293
"6571",58,0,0.606804521824264,0.606804521824264,0.813970178677132
"6572",54,0,0.526506100408759,0.526506100408759,0.852054794570156
"6573",60,0,0.167960027689654,0.167960027689654,0.631454413540882
"6574",54,1,0.6876701371364,0.302220503222431,0.6876701371364
"6575",54,0,0.819697978053373,0.819697978053373,0.550415269299385
"6576",56,0,0.621583693059926,0.621583693059926,0.811887149012764
"6577",60,0,0.417787734234107,0.417787734234107,0.992237965686492
"6578",52,0,0.800903237674157,0.800903237674157,0.428342318985079
"6579",56,0,0.199203296806027,0.199203296806027,0.659768156881253
"6580",56,0,0.314143309888745,0.314143309888745,0.623311127523507
"6581",54,1,0.588067378747406,0.612050851453045,0.588067378747406
"6582",52,1,0.792781825533926,0.313526106646374,0.792781825533926
"6583",52,0,0.827268553932046,0.827268553932046,1.04353638037589
"6584",52,1,0.862071851354304,1.1001326027948,0.862071851354304
"6585",50,1,1.00271324574474,0.830566255615091,1.00271324574474
"6586",54,1,0.782084001371718,0.823974945235529,0.782084001371718
"6587",58,0,0.323885937799708,0.323885937799708,0.668655985753349
"6588",56,0,0.187644834919851,0.187644834919851,0.635565369639914
"6589",60,1,0.810136278029335,0.0314591671969658,0.810136278029335
"6590",52,0,1.13943806694319,1.13943806694319,0.922147503571678
"6591",58,0,-0.19044565193389,-0.19044565193389,0.973303759418899
"6592",56,0,0.655401443126773,0.655401443126773,0.521857341778108
"6593",58,0,0.23123022719941,0.23123022719941,0.666420687225045
"6594",56,0,0.974637792652164,0.974637792652164,0.568182799482674
"6595",56,1,0.117378247823929,0.292665884137103,0.117378247823929
"6596",54,0,0.766846625930186,0.766846625930186,0.482810610657555
"6597",56,0,0.162953176033541,0.162953176033541,0.31061644743821
"6598",58,0,0.406291333716083,0.406291333716083,0.641107844708056
"6599",60,0,-0.234686029515105,-0.234686029515105,0.370634858233305
"6600",60,0,-0.21748333767787,-0.21748333767787,0.721453778957421
"6601",54,1,0.519996109424768,0.358467818861187,0.519996109424768
"6602",52,0,0.40395971270244,0.40395971270244,0.913233667527209
"6603",52,1,0.556516528651506,0.640365495396853,0.556516528651506
"6604",56,0,0.330333967158034,0.330333967158034,0.429996643417673
"6605",56,0,0.679529690720711,0.679529690720711,0.498402298090886
"6606",54,1,0.65219992576394,0.693915113122409,0.65219992576394
"6607",52,1,0.944979687583547,0.833838119337447,0.944979687583547
"6608",58,1,0.659873709338935,0.393836347004894,0.659873709338935
"6609",52,0,0.654623162847456,0.654623162847456,0.962309037282405
"6610",56,1,0.41172788487419,0.573363240121662,0.41172788487419
"6611",52,0,0.830391291759198,0.830391291759198,0.849947090108548
"6612",50,1,0.78169157657026,1.02407879801436,0.78169157657026
"6613",56,0,-0.0187434962831245,-0.0187434962831245,0.666980502155727
"6614",56,0,0.191309942839348,0.191309942839348,0.494710502550454
"6615",60,1,0.267697113785254,-0.0019834430354197,0.267697113785254
"6616",58,1,0.637277057815431,-0.0643999001990466,0.637277057815431
"6617",60,0,0.364106042602394,0.364106042602394,0.401917478666406
"6618",58,1,0.337504475953455,0.392979109676998,0.337504475953455
"6619",52,0,1.07422949398003,1.07422949398003,0.469666187778143
"6620",52,0,0.311816119574219,0.311816119574219,1.0254098874248
"6621",56,0,0.161650056393989,0.161650056393989,0.457881049826792
"6622",60,1,0.400635733892922,0.522582597211074,0.400635733892922
"6623",60,0,-0.163565751810912,-0.163565751810912,1.1250490976049
"6624",52,0,0.987617240525527,0.987617240525527,0.979556627324473
"6625",60,1,0.22909258582876,-0.39013071596947,0.22909258582876
"6626",58,0,0.25876069892085,0.25876069892085,0.449338132240068
"6627",58,1,0.470272872487435,-0.0182480401361377,0.470272872487435
"6628",58,0,0.291333710553136,0.291333710553136,0.17147128812454
"6629",56,0,0.151124517509689,0.151124517509689,0.558477438623069
"6630",52,0,0.82376689359184,0.82376689359184,0.777442592977905
"6631",58,1,0.0707265100532821,0.449181093720505,0.0707265100532821
"6632",52,0,0.395604234015035,0.395604234015035,1.04247591114716
"6633",58,0,0.685279881730162,0.685279881730162,0.729876553572917
"6634",52,1,0.974328571736721,0.676434385029565,0.974328571736721
"6635",54,0,0.177799253791598,0.177799253791598,0.497437829475877
"6636",58,1,1.06809023925747,0.46287945531591,1.06809023925747
"6637",52,0,0.788209654714696,0.788209654714696,0.655740107144509
"6638",54,0,0.691512086019602,0.691512086019602,0.84247187827944
"6639",54,1,0.288938160658401,0.608928054920883,0.288938160658401
"6640",58,0,-0.115609983371701,-0.115609983371701,0.764014896122137
"6641",50,0,1.22201788760551,1.22201788760551,0.598230444889494
"6642",52,0,1.0638891445585,1.0638891445585,1.16446742209508
"6643",58,1,0.594491577705291,0.0472644579930269,0.594491577705291
"6644",54,0,0.824598066349099,0.824598066349099,0.388692460363899
"6645",54,1,0.538941374627796,0.360519142508667,0.538941374627796
"6646",52,1,0.501819307538464,0.670175550851199,0.501819307538464
"6647",50,1,1.04850360507927,0.547977244577368,1.04850360507927
"6648",56,1,1.02842867858542,0.549214313751536,1.02842867858542
"6649",52,0,0.670451239875104,0.670451239875104,1.00307626100491
"6650",54,1,0.696225471750403,0.60189085727576,0.696225471750403
"6651",56,0,0.544812610751807,0.544812610751807,0.60669461947935
"6652",58,0,0.30860878768124,0.30860878768124,0.274397613221607
"6653",58,1,0.377446902813502,0.218977561381638,0.377446902813502
"6654",60,0,0.0645517177705226,0.0645517177705226,0.619117158735028
"6655",56,1,0.626718886954222,0.722967265729415,0.626718886954222
"6656",54,0,0.766644132654007,0.766644132654007,0.598102872563251
"6657",52,1,0.86500980826556,1.07338106150295,0.86500980826556
"6658",56,0,0.512992780336277,0.512992780336277,0.756602917828289
"6659",52,1,0.922248912814794,0.455778446841091,0.922248912814794
"6660",58,1,0.621549988614828,0.12246418009546,0.621549988614828
"6661",60,0,0.278184743423173,0.278184743423173,0.908247013949926
"6662",54,1,0.374518584599469,0.526654706892729,0.374518584599469
"6663",60,1,0.50647156821952,0.253158098017012,0.50647156821952
"6664",50,0,0.964876472120334,0.964876472120334,0.871180661077407
"6665",56,0,0.0500040793165432,0.0500040793165432,0.633181674356604
"6666",54,1,1.04980484415933,0.739308680381457,1.04980484415933
"6667",54,1,0.399419637040348,0.559292933940999,0.399419637040348
"6668",58,1,0.55167053471102,0.400427149199489,0.55167053471102
"6669",54,0,0.676598887111093,0.676598887111093,0.640969264160445
"6670",56,0,0.527906821201141,0.527906821201141,0.684427906975353
"6671",58,0,0.11361678442131,0.11361678442131,0.447976069231238
"6672",58,1,0.56405589029508,0.435073486770751,0.56405589029508
"6673",54,0,0.516335745569153,0.516335745569153,1.24078792491255
"6674",58,1,0.333941482871871,0.363223127878285,0.333941482871871
"6675",52,1,0.658300913492264,1.03036260172023,0.658300913492264
"6676",52,0,0.786185598205283,0.786185598205283,0.848916097039066
"6677",54,0,0.502320187585615,0.502320187585615,0.475277672634021
"6678",58,1,0.508856318055321,0.635537644133313,0.508856318055321
"6679",56,0,0.689512400544862,0.689512400544862,0.428394629920751
"6680",52,0,0.725107939398106,0.725107939398106,0.664755060159377
"6681",58,1,0.29490365091995,-0.206879167188092,0.29490365091995
"6682",52,0,0.596711996222206,0.596711996222206,0.877028262305353
"6683",50,0,0.963012713510091,0.963012713510091,0.719471057536349
"6684",58,0,0.27670998653652,0.27670998653652,0.30188005624179
"6685",60,0,0.233047062666944,0.233047062666944,0.520330152195775
"6686",54,0,0.525243073422816,0.525243073422816,0.468632954960238
"6687",56,1,0.544952424697919,0.770463460377182,0.544952424697919
"6688",56,0,0.0673067058746484,0.0673067058746484,0.457932540259629
"6689",56,0,0.670070851672103,0.670070851672103,0.33327279289888
"6690",58,0,0.705038547408455,0.705038547408455,0.525556329077017
"6691",58,1,0.728885331841484,0.476857624954914,0.728885331841484
"6692",56,0,0.132773478128398,0.132773478128398,0.754990501113903
"6693",52,0,0.839977865571521,0.839977865571521,0.869548534535615
"6694",50,0,1.20648179196542,1.20648179196542,0.822167854202996
"6695",52,0,0.865097053950857,0.865097053950857,0.39734884942063
"6696",54,1,0.633446574885427,0.642991920664257,0.633446574885427
"6697",52,1,0.957109713734955,0.882612152280781,0.957109713734955
"6698",58,0,0.0156053792919473,0.0156053792919473,0.784681224481806
"6699",58,1,0.329000930336228,0.235128582338267,0.329000930336228
"6700",58,1,0.904989223947434,0.514126994615947,0.904989223947434
"6701",58,1,0.21216433852034,-0.334398951002473,0.21216433852034
"6702",54,1,0.0159240526771235,0.742665374510773,0.0159240526771235
"6703",52,1,0.791605585166752,1.20739863863801,0.791605585166752
"6704",54,0,0.868003296188569,0.868003296188569,0.550865092648821
"6705",54,0,0.457802098841815,0.457802098841815,0.794544612322946
"6706",54,0,0.0598948014237372,0.0598948014237372,0.432005742256598
"6707",50,1,0.826971691819608,0.305344308936149,0.826971691819608
"6708",58,1,0.516585561728463,0.116409510048611,0.516585561728463
"6709",56,1,0.512093419338877,0.376470950598804,0.512093419338877
"6710",54,1,1.15540830312505,0.762780123208008,1.15540830312505
"6711",54,0,0.68222976066039,0.68222976066039,0.467675607976462
"6712",56,0,0.311546605488624,0.311546605488624,0.495840513988627
"6713",52,0,0.838746817432402,0.838746817432402,1.05945186573201
"6714",58,0,0.308313206479619,0.308313206479619,0.364353251496583
"6715",56,0,0.668336417969337,0.668336417969337,0.632818750094347
"6716",52,1,0.742900034246015,0.721714406898163,0.742900034246015
"6717",58,1,0.246263116070193,0.449740686272237,0.246263116070193
"6718",54,0,0.305121621391519,0.305121621391519,0.903133345451258
"6719",50,0,1.36493460581759,1.36493460581759,1.2935659912941
"6720",52,0,0.731447757298648,0.731447757298648,1.16248614632069
"6721",54,0,0.491607514455807,0.491607514455807,1.10423118560762
"6722",54,1,0.483591398229291,0.941335154582361,0.483591398229291
"6723",60,1,-0.164330270932858,0.0956556501561135,-0.164330270932858
"6724",52,0,0.633127585871141,0.633127585871141,0.939412944874754
"6725",58,0,0.0728005376936399,0.0728005376936399,0.751527864070264
"6726",50,0,0.746820039494675,0.746820039494675,0.892021774513263
"6727",60,1,0.463423457059214,-0.0663587919727374,0.463423457059214
"6728",58,1,0.846389710919676,0.136599913687652,0.846389710919676
"6729",50,0,1.33763390638587,1.33763390638587,0.882934037484053
"6730",58,0,-0.01481086239392,-0.01481086239392,0.674425650638344
"6731",56,0,0.38386616645266,0.38386616645266,0.562390695611464
"6732",54,0,0.805585654935954,0.805585654935954,0.60638926438989
"6733",52,1,0.89564805523044,0.637213338934693,0.89564805523044
"6734",60,0,-0.285360935617109,-0.285360935617109,0.192029423856857
"6735",58,1,0.128127028713427,0.522178719872607,0.128127028713427
"6736",54,1,0.795705151589429,0.811659226560933,0.795705151589429
"6737",60,0,0.0532833690930005,0.0532833690930005,0.40931996925565
"6738",60,1,0.312793957513744,0.103411625971291,0.312793957513744
"6739",56,0,0.84480265970118,0.84480265970118,0.602599963139081
"6740",52,0,0.522795677623987,0.522795677623987,0.65216340709622
"6741",60,1,0.434222342183833,-0.716968441762868,0.434222342183833
"6742",58,0,0.068344779696433,0.068344779696433,0.249781575984539
"6743",58,1,0.325984300812554,0.499096547789021,0.325984300812554
"6744",54,1,0.28322655613624,0.768746528807144,0.28322655613624
"6745",50,0,0.689033976939742,0.689033976939742,0.886476902520947
"6746",56,1,0.53109612325001,0.45618772419502,0.53109612325001
"6747",54,0,0.549702046076033,0.549702046076033,0.697794147868878
"6748",54,0,1.16027481364488,1.16027481364488,0.867339273431929
"6749",58,1,0.412108560566742,0.133575386184293,0.412108560566742
"6750",50,1,1.59947798349212,1.20848863673205,1.59947798349212
"6751",50,1,1.10455625993508,0.335702565927412,1.10455625993508
"6752",54,1,0.784533744160439,0.817013159776317,0.784533744160439
"6753",56,0,0.682965741271374,0.682965741271374,0.471781089917761
"6754",50,0,0.841891616883092,0.841891616883092,1.35797583474208
"6755",54,1,0.233171686270402,0.778713618222434,0.233171686270402
"6756",56,1,0.299903393809011,0.428435830149788,0.299903393809011
"6757",54,1,0.533143371152227,0.746999699471439,0.533143371152227
"6758",56,1,0.563995180660839,0.994540333720447,0.563995180660839
"6759",52,0,0.788675505599587,0.788675505599587,1.10240440482261
"6760",50,0,1.09382533261758,1.09382533261758,1.22709867321864
"6761",56,0,0.593199717959002,0.593199717959002,0.636498528161515
"6762",52,1,0.824530211181095,0.40311480145676,0.824530211181095
"6763",56,1,0.213302020193602,0.724010588495738,0.213302020193602
"6764",56,1,0.51198129017607,0.647574464426691,0.51198129017607
"6765",58,0,0.31601522541355,0.31601522541355,0.568451293909635
"6766",58,0,0.0462359919513644,0.0462359919513644,0.736265002244735
"6767",56,1,0.918448533250408,0.325679327604532,0.918448533250408
"6768",54,0,0.793138736854021,0.793138736854021,0.714488906138808
"6769",56,0,0.459048658905063,0.459048658905063,0.800244209183786
"6770",54,0,0.364059199412106,0.364059199412106,0.789111266435944
"6771",58,0,0.150867605843456,0.150867605843456,0.503445558876323
"6772",54,0,0.252192152619172,0.252192152619172,0.44813834935035
"6773",52,0,0.957754064224192,0.957754064224192,0.796523585783672
"6774",54,0,0.474394564339477,0.474394564339477,0.961301496072254
"6775",58,0,0.250659802979715,0.250659802979715,0.463669116630181
"6776",58,0,0.209457151910082,0.209457151910082,0.742375833373533
"6777",58,0,0.656094924651768,0.656094924651768,0.295025984072581
"6778",58,1,0.655787553775162,0.515014601075384,0.655787553775162
"6779",56,0,0.631496906989884,0.631496906989884,0.338915637159838
"6780",54,0,0.927120111020713,0.927120111020713,0.868604224549305
"6781",54,0,0.545640796954274,0.545640796954274,0.270196583006982
"6782",52,0,0.71401681690874,0.71401681690874,0.941997415455405
"6783",56,1,0.643383257699983,0.808612923116603,0.643383257699983
"6784",54,0,0.569475874736355,0.569475874736355,0.790194697872534
"6785",58,0,0.118468185389564,0.118468185389564,0.310796963154275
"6786",50,0,0.737641661281528,0.737641661281528,0.552855356085525
"6787",54,0,0.513458340490886,0.513458340490886,0.752274684756862
"6788",54,1,0.580974093791229,0.563708124421084,0.580974093791229
"6789",58,1,0.814084262887379,0.392549658414081,0.814084262887379
"6790",58,1,0.595373413641301,0.233533430219911,0.595373413641301
"6791",58,0,0.0461753164686321,0.0461753164686321,1.09001834092793
"6792",56,0,0.720125386480686,0.720125386480686,0.460772659421244
"6793",50,0,0.995810340483733,0.995810340483733,1.21393832249804
"6794",52,1,0.844140966614515,0.879925958604092,0.844140966614515
"6795",52,1,0.655450698925689,1.1623984062869,0.655450698925689
"6796",56,0,0.258239028169667,0.258239028169667,0.664651677497468
"6797",52,0,1.22309408205654,1.22309408205654,1.07183492818203
"6798",52,1,0.842802963670084,0.855932700343897,0.842802963670084
"6799",58,1,0.826054894141799,-0.0116387109322891,0.826054894141799
"6800",54,0,0.690919569076756,0.690919569076756,0.814047162546178
"6801",52,0,1.14582436204876,1.14582436204876,0.731830876115097
"6802",52,0,1.09503539666334,1.09503539666334,0.506195859706082
"6803",54,0,0.706973490700393,0.706973490700393,0.49579879723683
"6804",58,1,0.287828758340338,-0.238628231778365,0.287828758340338
"6805",54,0,0.468351458218518,0.468351458218518,0.859524007602136
"6806",56,0,0.531030416403456,0.531030416403456,0.434415744052734
"6807",58,0,0.305770870729981,0.305770870729981,0.60859228995288
"6808",54,0,0.546874707409754,0.546874707409754,0.884529554368165
"6809",58,1,0.546102877172098,0.237433534160666,0.546102877172098
"6810",56,1,0.95272419588705,0.207277202071508,0.95272419588705
"6811",54,0,0.878158111498706,0.878158111498706,1.13483884023775
"6812",56,1,0.575240611313421,0.650850887987161,0.575240611313421
"6813",52,0,1.37481907116443,1.37481907116443,0.948941122437715
"6814",58,0,0.0951669534000502,0.0951669534000502,0.669450603448189
"6815",56,0,0.49247074444484,0.49247074444484,0.480758919927672
"6816",58,1,0.518806107646001,-0.111998265912025,0.518806107646001
"6817",54,0,0.200022410798261,0.200022410798261,0.405087409002636
"6818",56,1,0.493281017988922,0.163920002876032,0.493281017988922
"6819",50,0,1.23219786328024,1.23219786328024,1.25903840370769
"6820",54,0,0.459731991908061,0.459731991908061,0.432561460476796
"6821",58,0,0.203186860446058,0.203186860446058,0.655569699103761
"6822",58,1,0.335642770761398,0.174616261056679,0.335642770761398
"6823",56,0,0.13403850612064,0.13403850612064,0.713913479379122
"6824",58,0,0.244759675978116,0.244759675978116,0.929308626952219
"6825",54,1,0.549448816755982,0.732854029166763,0.549448816755982
"6826",52,0,1.4305739209811,1.4305739209811,0.727846735882329
"6827",56,1,0.0291851987926102,0.458699031218079,0.0291851987926102
"6828",52,0,1.06984143352096,1.06984143352096,0.790937346341279
"6829",52,1,0.950086441132362,0.466198747011615,0.950086441132362
"6830",58,0,0.236531821586394,0.236531821586394,0.587873151329817
"6831",60,1,0.411992021480291,-0.390780018159042,0.411992021480291
"6832",56,1,0.464734775539014,0.333591130274531,0.464734775539014
"6833",56,1,0.792691131448956,0.774534219477115,0.792691131448956
"6834",52,1,0.563811336981459,0.932950172183967,0.563811336981459
"6835",60,1,0.606870546394577,-0.0136888448047631,0.606870546394577
"6836",58,1,0.548522550613048,0.027592282518736,0.548522550613048
"6837",60,1,0.359127106120935,0.51743685325085,0.359127106120935
"6838",58,0,0.0281459092532832,0.0281459092532832,0.800749859717953
"6839",52,0,0.85696481625555,0.85696481625555,1.005754355088
"6840",60,1,0.0604632811537312,-0.448314956182606,0.0604632811537312
"6841",52,1,1.12586750747354,0.728674487272209,1.12586750747354
"6842",54,0,0.621206228455337,0.621206228455337,0.907112880198256
"6843",56,0,0.0318544588129577,0.0318544588129577,0.648969716543383
"6844",50,0,1.22320044940613,1.22320044940613,0.394402592165093
"6845",54,0,0.793720685534829,0.793720685534829,0.827423076381994
"6846",56,0,0.204855363779784,0.204855363779784,0.958952964396796
"6847",58,1,0.569995595650607,-0.274043742550384,0.569995595650607
"6848",58,0,0.115063952049337,0.115063952049337,0.827488848623966
"6849",56,0,0.535734420366398,0.535734420366398,0.593620456708396
"6850",52,1,1.06401483564303,0.910720863279563,1.06401483564303
"6851",56,0,0.329969652863854,0.329969652863854,0.495063168585197
"6852",52,0,0.719966998177536,0.719966998177536,0.74861251454627
"6853",50,1,1.32839448100196,1.24953591540324,1.32839448100196
"6854",56,1,0.118752824216085,0.600899430536119,0.118752824216085
"6855",52,0,0.890441259347762,0.890441259347762,1.05332787113224
"6856",54,1,1.19665040743939,0.451332734653164,1.19665040743939
"6857",56,1,0.69179383752904,0.708288839462683,0.69179383752904
"6858",56,0,0.534210543129427,0.534210543129427,0.821221745453187
"6859",56,1,0.490447458451598,-0.31488091063621,0.490447458451598
"6860",54,0,0.455612527078758,0.455612527078758,0.908568834756953
"6861",52,1,0.59778978757987,1.5754250542703,0.59778978757987
"6862",50,0,0.920565324706532,0.920565324706532,1.57825959153857
"6863",56,1,0.38660760277691,0.092201722897663,0.38660760277691
"6864",60,1,0.674839164072955,0.192281502443043,0.674839164072955
"6865",54,1,0.396677147564332,0.741798240338717,0.396677147564332
"6866",56,0,0.375387121614973,0.375387121614973,0.210890692763471
"6867",58,1,0.219980505019299,0.0986164990730194,0.219980505019299
"6868",58,0,0.382375921759325,0.382375921759325,0.491167657467826
"6869",56,1,0.771736482391677,0.570028485329952,0.771736482391677
"6870",58,1,0.404991680826513,0.342982340689622,0.404991680826513
"6871",56,0,0.745826492922848,0.745826492922848,0.872611654270931
"6872",58,0,0.568792666391093,0.568792666391093,0.413281553611957
"6873",58,1,0.374175087903372,0.261321060679131,0.374175087903372
"6874",58,1,0.522486761216416,0.0305869330905457,0.522486761216416
"6875",54,0,1.035130543399,1.035130543399,0.655465819216016
"6876",50,0,0.762690574511181,0.762690574511181,1.06948203700857
"6877",56,0,0.0998185872894645,0.0998185872894645,0.52163542918439
"6878",58,0,0.234922706752692,0.234922706752692,0.649818476023188
"6879",56,0,0.501991870861586,0.501991870861586,0.824021703695783
"6880",60,1,0.244611045670424,0.0279927143277156,0.244611045670424
"6881",56,0,0.102651498164802,0.102651498164802,0.69507641193843
"6882",56,0,0.448634985040706,0.448634985040706,0.693205541833574
"6883",56,0,0.636622136626602,0.636622136626602,0.379885189546257
"6884",52,0,0.743898631333403,0.743898631333403,0.41557474355881
"6885",58,0,0.185787005459601,0.185787005459601,0.292233419255299
"6886",58,1,0.504231172336609,0.366081833436211,0.504231172336609
"6887",56,0,0.430715144844805,0.430715144844805,0.946888202236062
"6888",58,0,0.207976001468081,0.207976001468081,0.361285213165258
"6889",56,1,-0.0210564035050284,0.506458234603761,-0.0210564035050284
"6890",60,0,0.139964785460918,0.139964785460918,0.523796231108626
"6891",54,1,0.76928121617022,0.585559475612323,0.76928121617022
"6892",56,0,0.517606166409406,0.517606166409406,0.488056410679975
"6893",58,1,0.293942131810662,-0.0126211232609096,0.293942131810662
"6894",54,1,0.75879505355791,0.59309910955122,0.75879505355791
"6895",58,0,0.59593979301637,0.59593979301637,0.243097518454264
"6896",56,0,0.6415281047096,0.6415281047096,0.94172530823069
"6897",54,1,0.57961497837947,0.839994987999475,0.57961497837947
"6898",52,1,0.739373178580911,1.20033067308127,0.739373178580911
"6899",56,0,0.631859119414868,0.631859119414868,0.52596865695755
"6900",60,1,0.647402750839918,-0.183969953248286,0.647402750839918
"6901",52,1,0.997684966502459,1.24177481669909,0.997684966502459
"6902",56,1,0.820642574329038,0.523913620534772,0.820642574329038
"6903",54,1,0.320588600042229,1.13595534781333,0.320588600042229
"6904",58,0,0.204053778797846,0.204053778797846,1.12440328058658
"6905",50,0,0.75481257998882,0.75481257998882,1.09718444894697
"6906",58,0,0.352810543702725,0.352810543702725,0.679544509252986
"6907",52,0,1.17908845857033,1.17908845857033,1.07185529351994
"6908",54,0,0.396060950557005,0.396060950557005,0.814688758150603
"6909",56,0,0.0359698292293163,0.0359698292293163,0.45570104686145
"6910",58,0,-0.183177896086761,-0.183177896086761,0.556865460320041
"6911",60,0,0.0559773166082289,0.0559773166082289,0.408600071278563
"6912",56,0,0.233201825626501,0.233201825626501,0.0470163014021833
"6913",50,0,1.07394962386676,1.07394962386676,0.67007585147414
"6914",54,0,0.658771918775953,0.658771918775953,0.600802221117957
"6915",56,1,0.248341178232776,0.656794639505032,0.248341178232776
"6916",50,0,1.42762377329861,1.42762377329861,0.982206437218354
"6917",52,1,0.640178336887368,0.933482529496415,0.640178336887368
"6918",52,0,0.599384965232593,0.599384965232593,0.59243266094047
"6919",54,0,0.640324047315912,0.640324047315912,0.332133307587655
"6920",56,1,0.562885066231583,0.558571186751111,0.562885066231583
"6921",58,1,0.363125137192097,-0.0598149612340969,0.363125137192097
"6922",58,1,1.06840396282779,-0.016750089527851,1.06840396282779
"6923",52,0,0.595280772938821,0.595280772938821,0.842996949910006
"6924",50,0,1.21395127973507,1.21395127973507,0.780057156112103
"6925",52,0,0.869135309723009,0.869135309723009,1.27245077076919
"6926",52,0,0.810703622538628,0.810703622538628,0.797107534738202
"6927",54,0,0.797838085601783,0.797838085601783,0.952197614610347
"6928",58,1,0.600546220004922,0.847808603852552,0.600546220004922
"6929",50,0,1.20441338537449,1.20441338537449,0.920606329626155
"6930",58,0,0.226092654104916,0.226092654104916,0.76102768551031
"6931",50,0,0.947538064992284,0.947538064992284,1.6821006900291
"6932",56,0,0.951864876904193,0.951864876904193,0.331850327941948
"6933",54,1,0.69485404426658,0.305594940614055,0.69485404426658
"6934",52,1,0.82854273437181,1.0643200215121,0.82854273437181
"6935",54,0,0.950628073502531,0.950628073502531,0.716730546977595
"6936",58,0,0.153459000514016,0.153459000514016,0.113275530887694
"6937",50,0,0.833955509960745,0.833955509960745,1.11097366967962
"6938",52,0,0.689627656844718,0.689627656844718,1.2067853781741
"6939",52,1,0.537620547824937,0.741373607292673,0.537620547824937
"6940",54,0,0.798637015814984,0.798637015814984,0.237794872119959
"6941",56,1,0.285707909786349,0.774869908047052,0.285707909786349
"6942",58,1,0.400179558999069,0.184638224540275,0.400179558999069
"6943",50,0,1.44913127459175,1.44913127459175,1.45708630288162
"6944",52,1,0.634979030636713,0.775397323186287,0.634979030636713
"6945",60,0,0.32066959593396,0.32066959593396,0.12710404881028
"6946",56,0,0.722387391209137,0.722387391209137,0.452876999648136
"6947",50,1,0.879100043757331,1.08958080105428,0.879100043757331
"6948",52,0,0.948469334659154,0.948469334659154,0.551703038420566
"6949",52,1,1.01034779832855,0.601507661651644,1.01034779832855
"6950",56,0,0.345793478483544,0.345793478483544,0.696425268268782
"6951",56,1,0.818189775725503,0.306661135408854,0.818189775725503
"6952",52,0,0.804408676161927,0.804408676161927,0.377721376494127
"6953",52,0,0.832368814236491,0.832368814236491,0.80106541552932
"6954",58,1,0.89602561556254,0.259818388519332,0.89602561556254
"6955",54,0,0.318297058284929,0.318297058284929,0.913138976666823
"6956",52,0,1.03473567607971,1.03473567607971,0.743675834109739
"6957",52,0,0.895720098796135,0.895720098796135,0.422062917072057
"6958",60,0,-0.027821861315944,-0.027821861315944,0.473934157304653
"6959",58,0,0.681239872924455,0.681239872924455,0.679391654011386
"6960",52,1,0.48142035628916,0.683461291446944,0.48142035628916
"6961",56,0,-0.111834998607428,-0.111834998607428,0.38252833773191
"6962",54,1,0.552842695106995,1.25289885391568,0.552842695106995
"6963",58,1,0.661956498288437,0.107189626597338,0.661956498288437
"6964",60,1,0.523858584093577,0.0469053533286095,0.523858584093577
"6965",56,1,0.486243821212507,0.60373982965826,0.486243821212507
"6966",60,0,0.074243143413903,0.074243143413903,-0.00086686776687972
"6967",60,1,0.516572904011372,0.312574426693572,0.516572904011372
"6968",54,1,0.972749445255965,0.74835331654096,0.972749445255965
"6969",54,1,0.851499077477868,0.623605160762435,0.851499077477868
"6970",58,0,0.192323219663996,0.192323219663996,0.836060391387947
"6971",56,0,0.206765962394413,0.206765962394413,0.608331424860062
"6972",52,0,1.18983225602805,1.18983225602805,1.11943273418371
"6973",50,0,1.19987389977445,1.19987389977445,1.35809738094441
"6974",54,0,0.829696954768071,0.829696954768071,0.692565815222323
"6975",54,1,0.435324218887449,0.239353955575033,0.435324218887449
"6976",56,1,0.528513591341324,0.209246924546244,0.528513591341324
"6977",58,0,0.200772739844336,0.200772739844336,0.913305512785529
"6978",60,0,-0.0330581672173298,-0.0330581672173298,0.311225337982198
"6979",56,0,0.436937632382791,0.436937632382791,0.786580849183382
"6980",60,1,0.802370297844336,-0.0684758954377362,0.802370297844336
"6981",60,0,0.179458340822761,0.179458340822761,0.357151119309286
"6982",60,1,0.370621761992555,-0.16178500772033,0.370621761992555
"6983",60,0,0.0983220747550038,0.0983220747550038,0.236119749165688
"6984",58,0,0.402033949110036,0.402033949110036,0.305701161805522
"6985",52,0,0.627961026238562,0.627961026238562,0.685259326122503
"6986",52,0,0.544366077697346,0.544366077697346,0.957075895191522
"6987",50,0,1.42143019320713,1.42143019320713,1.19263550722291
"6988",52,0,0.754878325760454,0.754878325760454,0.626948935918325
"6989",58,1,0.946767517722803,0.0736427656673959,0.946767517722803
"6990",54,0,0.508221684860693,0.508221684860693,0.93533917117557
"6991",60,1,0.647785931776081,-0.0144361625206704,0.647785931776081
"6992",60,0,-0.125101182111557,-0.125101182111557,0.384071146713564
"6993",58,1,0.969312734770906,0.209740321904641,0.969312734770906
"6994",52,0,0.718912901129662,0.718912901129662,0.84207534622803
"6995",54,1,0.523335581384958,0.791847820430278,0.523335581384958
"6996",60,0,0.442211658359934,0.442211658359934,1.08835974995872
"6997",56,0,0.525208528428912,0.525208528428912,0.753281635643891
"6998",54,1,0.944459710697268,0.929620458922516,0.944459710697268
"6999",56,1,0.777073954998724,0.105445379310868,0.777073954998724
"7000",54,0,0.605907054184159,0.605907054184159,0.744139650507593
"7001",56,0,0.662404285300747,0.662404285300747,0.732061181133269
"7002",54,1,0.798899186349533,0.672580933602773,0.798899186349533
"7003",56,0,0.710531555686158,0.710531555686158,0.628176771345566
"7004",56,0,0.228728574013412,0.228728574013412,1.08968151525052
"7005",52,0,0.63305796784909,0.63305796784909,0.984353598731559
"7006",60,0,0.235228446526665,0.235228446526665,0.384722900874703
"7007",52,1,0.745679730087244,1.04883283474357,0.745679730087244
"7008",58,0,0.455251094008497,0.455251094008497,-0.148371066196372
"7009",56,1,0.480564303156199,0.598148961765447,0.480564303156199
"7010",58,1,0.899671540058337,-0.144307324824127,0.899671540058337
"7011",52,0,0.846105600060919,0.846105600060919,0.399311049339194
"7012",58,0,0.300773066525995,0.300773066525995,0.616210745260966
"7013",56,1,0.489803329606628,0.62361468589506,0.489803329606628
"7014",56,0,0.267424638856633,0.267424638856633,-0.190907327966949
"7015",56,1,0.0753425860930631,0.357292795993248,0.0753425860930631
"7016",52,0,0.729994638283953,0.729994638283953,0.801778577286992
"7017",54,1,0.865650252166469,0.600018850649362,0.865650252166469
"7018",58,0,0.0848633122688614,0.0848633122688614,0.492793008614437
"7019",54,1,0.306021116953965,0.421340702758232,0.306021116953965
"7020",58,0,-0.259617318676596,-0.259617318676596,0.774535489112609
"7021",56,1,0.826550379503783,0.124666851842189,0.826550379503783
"7022",56,0,0.197864014514269,0.197864014514269,0.44049933040681
"7023",60,1,0.511712991731512,-0.117991933525133,0.511712991731512
"7024",54,1,0.770717537516059,0.920742428028823,0.770717537516059
"7025",52,0,1.05507296646478,1.05507296646478,0.59328406372459
"7026",58,0,0.0674307131902406,0.0674307131902406,0.784758144408053
"7027",52,0,0.883001522714073,0.883001522714073,1.0441259222229
"7028",50,1,0.940177976836046,1.23529558515437,0.940177976836046
"7029",60,0,-0.0849829825719824,-0.0849829825719824,0.799412217166686
"7030",60,0,0.450224711440851,0.450224711440851,0.226967286050984
"7031",50,0,1.55658843929253,1.55658843929253,0.996818151686925
"7032",52,0,0.725059898405644,0.725059898405644,0.505157278586984
"7033",58,0,-0.223401830351602,-0.223401830351602,0.507561077263226
"7034",52,1,0.91297185834801,0.90585858933861,0.91297185834801
"7035",50,0,1.18459780522403,1.18459780522403,0.728562375435685
"7036",60,0,0.0300275924671573,0.0300275924671573,0.84880367354516
"7037",56,1,0.44219059209752,0.449038185257694,0.44219059209752
"7038",54,1,1.05673704283043,0.619607249621504,1.05673704283043
"7039",56,0,0.410868710580263,0.410868710580263,0.585762748941083
"7040",52,1,0.855775406355651,0.948897220477606,0.855775406355651
"7041",54,1,1.12797243048348,0.396664139522653,1.12797243048348
"7042",52,0,0.576611930768596,0.576611930768596,0.742148282259661
"7043",52,1,0.659799939678132,0.501972108976285,0.659799939678132
"7044",58,0,0.104192382687284,0.104192382687284,0.399166963981655
"7045",56,0,0.673259943871504,0.673259943871504,0.989129527313529
"7046",56,1,0.749998647901361,0.308341519424042,0.749998647901361
"7047",50,0,0.599230067198706,0.599230067198706,1.2221582807095
"7048",52,0,0.864092537621129,0.864092537621129,0.675365483386862
"7049",56,1,0.437813666877684,0.505038781377022,0.437813666877684
"7050",52,0,1.03428917473448,1.03428917473448,0.693069780185254
"7051",54,0,0.438188382470168,0.438188382470168,0.543507291199331
"7052",58,1,0.320706268966755,0.230728744337131,0.320706268966755
"7053",58,0,0.184348611708039,0.184348611708039,0.759335894833638
"7054",52,1,0.554224520752499,0.698494649881198,0.554224520752499
"7055",60,1,0.702525468729779,-0.602423606222667,0.702525468729779
"7056",52,1,0.391752030538024,1.1639217540413,0.391752030538024
"7057",52,0,1.19948314567501,1.19948314567501,1.10842908859007
"7058",54,0,0.695638266404169,0.695638266404169,0.724277038758148
"7059",54,0,0.748405439089218,0.748405439089218,0.675419833654267
"7060",50,1,1.43680321976909,1.04598226568668,1.43680321976909
"7061",56,0,0.569584054934697,0.569584054934697,0.666442790859197
"7062",50,1,0.661701363624527,0.997469165224409,0.661701363624527
"7063",58,1,0.978465184387124,0.154177143626655,0.978465184387124
"7064",56,0,0.502272795974793,0.502272795974793,0.0821378520474291
"7065",60,0,-0.0380274157432037,-0.0380274157432037,0.401954727156644
"7066",50,0,0.681069713093366,0.681069713093366,0.50331034660219
"7067",60,1,0.423035926191411,-0.244692211683533,0.423035926191411
"7068",56,0,0.415457242424272,0.415457242424272,0.828158191247489
"7069",54,1,1.19887519593484,0.476794309103797,1.19887519593484
"7070",54,0,0.130554497655125,0.130554497655125,0.691640710464689
"7071",58,1,0.248145396720408,0.227567314745534,0.248145396720408
"7072",60,1,0.185215673414066,-0.0359325160437115,0.185215673414066
"7073",58,1,0.201259419058933,0.303948727295061,0.201259419058933
"7074",52,1,0.875791382074062,1.19484060050935,0.875791382074062
"7075",60,1,0.594433995704948,-0.339426860481726,0.594433995704948
"7076",52,0,0.120334068443089,0.120334068443089,0.79586756907279
"7077",52,0,0.60764975042483,0.60764975042483,0.891088527968479
"7078",54,0,0.490456281296055,0.490456281296055,0.597194017274175
"7079",60,0,-0.382934598271395,-0.382934598271395,0.253179302659608
"7080",56,1,0.639303770687105,0.672900118151351,0.639303770687105
"7081",58,0,0.624163634699251,0.624163634699251,0.264947314642416
"7082",52,1,0.909128724456936,0.687149803172467,0.909128724456936
"7083",58,0,0.485842651611273,0.485842651611273,0.476201604550167
"7084",58,1,0.589904361505517,0.0287961052279131,0.589904361505517
"7085",52,1,0.687587937275486,1.39110125650213,0.687587937275486
"7086",56,0,0.27756077815005,0.27756077815005,0.464601682991105
"7087",54,0,0.725756325018635,0.725756325018635,0.815281530245146
"7088",56,0,0.98021205981776,0.98021205981776,0.568975438130846
"7089",54,1,0.896714772574622,0.407674509138043,0.896714772574622
"7090",58,1,0.398289264955711,-0.150520531924109,0.398289264955711
"7091",52,0,0.627421975759138,0.627421975759138,0.838678407009404
"7092",58,1,0.374563969126364,0.235653079250931,0.374563969126364
"7093",52,1,1.01707111250773,1.39883386261532,1.01707111250773
"7094",52,0,0.768117519823753,0.768117519823753,0.700859646471704
"7095",52,0,0.948591265243525,0.948591265243525,1.11034997006505
"7096",52,0,0.571139210722437,0.571139210722437,0.47631476259471
"7097",56,0,0.400676176692869,0.400676176692869,-0.0637631701200997
"7098",52,0,0.994155741181504,0.994155741181504,0.901028449696013
"7099",58,1,0.280780495368809,0.247063228632861,0.280780495368809
"7100",58,1,0.0029207305449569,0.333920196530559,0.0029207305449569
"7101",52,0,0.9638178335816,0.9638178335816,0.757768814219992
"7102",56,0,0.193422027549531,0.193422027549531,0.962675755008478
"7103",50,0,1.46807255142026,1.46807255142026,0.585741096150625
"7104",52,1,1.23400670563898,0.853083585536521,1.23400670563898
"7105",56,0,0.723592448637495,0.723592448637495,0.562167480189896
"7106",54,1,0.868562871246218,0.910286164701183,0.868562871246218
"7107",56,0,0.106425012662956,0.106425012662956,0.620484174608747
"7108",56,0,0.724733593141119,0.724733593141119,0.492022582073107
"7109",56,0,0.441691521254343,0.441691521254343,0.754417578007947
"7110",52,1,0.984444918045802,1.12581949804697,0.984444918045802
"7111",58,1,0.4965456253702,0.839193686142709,0.4965456253702
"7112",52,0,0.554917452408436,0.554917452408436,1.00519952928479
"7113",50,1,0.940252998711817,1.11947196358645,0.940252998711817
"7114",52,0,0.850081804342797,0.850081804342797,0.648818867385868
"7115",60,1,0.413414635569012,-0.0166890173995056,0.413414635569012
"7116",52,0,0.86081049427115,0.86081049427115,1.03592900660696
"7117",56,1,0.447413976316271,0.793299101719585,0.447413976316271
"7118",58,0,0.301964650877264,0.301964650877264,0.319253090489468
"7119",56,1,0.494608156525177,0.0753229034907933,0.494608156525177
"7120",50,1,0.835795394300686,1.02731983855283,0.835795394300686
"7121",52,0,0.522719968842252,0.522719968842252,0.856117594789888
"7122",56,0,0.0985645278214016,0.0985645278214016,0.0641081300793956
"7123",56,0,0.720646842446848,0.720646842446848,0.468449342298853
"7124",52,0,0.671126762926188,0.671126762926188,1.18930543467755
"7125",52,0,0.922957098654251,0.922957098654251,0.529704239731183
"7126",58,1,0.766956702851924,0.4723435046135,0.766956702851924
"7127",56,0,0.517271537773012,0.517271537773012,0.369267552831861
"7128",56,0,0.181606356842964,0.181606356842964,0.252977373281435
"7129",54,0,0.812751079693319,0.812751079693319,0.857469509133741
"7130",56,0,0.218627450094325,0.218627450094325,0.602757050251158
"7131",56,0,0.53722935487348,0.53722935487348,0.750076578492654
"7132",56,0,0.834901135940688,0.834901135940688,0.536024505897883
"7133",58,0,0.226857938165603,0.226857938165603,0.357980305228899
"7134",52,0,0.80892678898791,0.80892678898791,0.872844097813162
"7135",54,1,0.512590489347887,0.616966428072209,0.512590489347887
"7136",58,1,0.774430683122555,0.645722281984908,0.774430683122555
"7137",54,0,0.713509542196249,0.713509542196249,0.261149903088776
"7138",58,1,0.504488530255198,-0.381078900500026,0.504488530255198
"7139",52,0,0.928840760040764,0.928840760040764,0.924563408815262
"7140",50,0,0.80122203873299,0.80122203873299,1.51699449011224
"7141",54,1,0.253067398872275,0.322183372295571,0.253067398872275
"7142",60,0,0.14636946422254,0.14636946422254,0.670138218122767
"7143",54,0,0.449549945488451,0.449549945488451,0.0271163525222018
"7144",58,0,-0.147559327437843,-0.147559327437843,0.44695545526562
"7145",58,0,0.185043116764706,0.185043116764706,0.473134428306817
"7146",58,1,0.227662961375541,0.132120614368052,0.227662961375541
"7147",56,0,0.0242649709984843,0.0242649709984843,0.299293126118284
"7148",56,0,0.117798801886275,0.117798801886275,0.789024698299555
"7149",54,0,0.542820267342534,0.542820267342534,0.466640025641242
"7150",52,1,0.954795400537274,0.911600032533659,0.954795400537274
"7151",56,0,0.226706220278004,0.226706220278004,0.286821822975082
"7152",56,0,0.362091672532674,0.362091672532674,0.589546213655745
"7153",54,0,0.550441157629872,0.550441157629872,1.39287910716586
"7154",54,0,0.033600689890261,0.033600689890261,0.484782673833978
"7155",60,1,0.42515209484908,0.0738930087549472,0.42515209484908
"7156",50,0,0.762719157821488,0.762719157821488,0.755827904691284
"7157",52,0,0.855366261610327,0.855366261610327,0.841644619352699
"7158",52,0,0.331979467598434,0.331979467598434,0.770624021002261
"7159",54,0,0.49894931145336,0.49894931145336,0.860010017604101
"7160",52,1,0.971647957070545,1.05792793405873,0.971647957070545
"7161",58,1,0.741180943301909,0.175942343272221,0.741180943301909
"7162",50,0,0.974153007202913,0.974153007202913,1.05398553750063
"7163",52,1,0.709007863537867,0.407840529525462,0.709007863537867
"7164",60,0,0.125548149171641,0.125548149171641,0.379895868993627
"7165",54,0,0.784965709938764,0.784965709938764,0.307596611331081
"7166",58,0,0.3297707435131,0.3297707435131,0.624972295005457
"7167",56,0,0.821348092696582,0.821348092696582,0.504056674140147
"7168",50,0,1.0808180865853,1.0808180865853,0.778035608115395
"7169",52,1,0.783183925723732,0.998549523978196,0.783183925723732
"7170",58,1,0.766771530581131,0.481143988074901,0.766771530581131
"7171",58,0,0.21518380153335,0.21518380153335,0.642644130811937
"7172",58,0,0.0215267523209968,0.0215267523209968,0.561625714841792
"7173",50,0,1.23767576330939,1.23767576330939,1.23122304107328
"7174",52,1,0.978768602543448,0.33032684485345,0.978768602543448
"7175",54,0,0.556764557222396,0.556764557222396,0.796165486286044
"7176",52,0,0.729229692327399,0.729229692327399,0.919764337266169
"7177",50,1,0.695788341958017,1.41679846504852,0.695788341958017
"7178",54,0,0.628961907454936,0.628961907454936,0.59164982191981
"7179",52,0,0.356628820216685,0.356628820216685,1.11862649575106
"7180",60,0,0.111428098375372,0.111428098375372,0.883946682848972
"7181",60,0,-0.177399267367502,-0.177399267367502,0.323158190650901
"7182",56,0,0.602925431281646,0.602925431281646,0.38718649557305
"7183",54,0,0.9367316953467,0.9367316953467,0.56674514312055
"7184",52,1,0.451336272968827,0.642466685618977,0.451336272968827
"7185",60,0,0.217328163887557,0.217328163887557,0.130392557303924
"7186",60,1,0.335523974743579,0.247925768750456,0.335523974743579
"7187",54,0,0.498194447616446,0.498194447616446,0.740840149781672
"7188",60,1,0.458605152889488,0.176822446191462,0.458605152889488
"7189",52,0,0.59632227513914,0.59632227513914,1.00906908562898
"7190",52,1,0.983941696402022,0.904875146587992,0.983941696402022
"7191",52,0,0.665996404291727,0.665996404291727,0.935678664725521
"7192",52,0,0.854292716740015,0.854292716740015,0.5970935545988
"7193",58,1,0.834983599476756,-0.0192513839770455,0.834983599476756
"7194",50,1,1.07200670157989,1.10980739003702,1.07200670157989
"7195",52,0,0.918802597623633,0.918802597623633,1.22232185108043
"7196",54,0,0.00666369396599631,0.00666369396599631,0.606596673727336
"7197",58,1,0.244459507658559,0.90047040955209,0.244459507658559
"7198",52,0,0.939318250348892,0.939318250348892,1.00616013560039
"7199",52,1,0.817723411041598,0.544111351430362,0.817723411041598
"7200",54,1,0.598279473636492,0.80426264071013,0.598279473636492
"7201",60,1,0.340863705375146,0.0750806875546095,0.340863705375146
"7202",54,0,0.568127721638473,0.568127721638473,0.654434733517251
"7203",52,0,0.748380289781456,0.748380289781456,1.17183952295278
"7204",58,0,-0.214843476556825,-0.214843476556825,0.520776953981116
"7205",50,0,1.13480957036509,1.13480957036509,1.17466378937237
"7206",60,1,0.424636227265651,-0.145271796273298,0.424636227265651
"7207",60,0,-0.517670850369634,-0.517670850369634,0.529320551734825
"7208",60,0,-0.195187761173206,-0.195187761173206,0.374029094637914
"7209",58,0,0.231011248144371,0.231011248144371,0.798749526464827
"7210",58,0,0.658706696995459,0.658706696995459,0.422820853380929
"7211",52,0,0.767136689865165,0.767136689865165,0.663750918287192
"7212",52,0,0.99075687752383,0.99075687752383,0.574300930108338
"7213",52,0,0.568006127494225,0.568006127494225,1.31433373019033
"7214",54,0,0.491979452841921,0.491979452841921,0.896001892785469
"7215",54,1,0.754992005593723,0.254302950580975,0.754992005593723
"7216",52,0,0.711784079514799,0.711784079514799,0.498574411467105
"7217",58,0,-0.019168029198784,-0.019168029198784,0.64594430070433
"7218",52,1,0.928280795965222,0.574396389400594,0.928280795965222
"7219",54,0,0.46420838838576,0.46420838838576,0.877094461391268
"7220",54,0,0.304949732591431,0.304949732591431,0.670501020523324
"7221",54,0,1.10042738041532,1.10042738041532,0.426610350806911
"7222",60,1,0.799705957647487,-0.336788353038822,0.799705957647487
"7223",56,1,0.270974973841773,0.396990594334969,0.270974973841773
"7224",56,0,0.400388135494604,0.400388135494604,0.675990267769114
"7225",58,0,0.398707748575418,0.398707748575418,0.791651902871389
"7226",60,0,-0.130415803337713,-0.130415803337713,0.886741114650074
"7227",52,0,1.10783741301845,1.10783741301845,0.739101961217794
"7228",56,1,0.892379515993034,0.513812473577586,0.892379515993034
"7229",60,0,-0.0215648484859123,-0.0215648484859123,0.182461365430992
"7230",54,0,0.903998692589321,0.903998692589321,0.745123877850563
"7231",50,0,1.43550461342585,1.43550461342585,1.07646806559452
"7232",50,0,1.18121037414855,1.18121037414855,1.23611928125487
"7233",50,0,0.999149190848764,0.999149190848764,1.07546835249251
"7234",56,0,0.504269981769757,0.504269981769757,0.430704385958605
"7235",54,0,0.412136766437853,0.412136766437853,0.530504424115893
"7236",54,0,0.505681235027475,0.505681235027475,0.65218209015646
"7237",54,1,0.494998234255397,0.296603432229051,0.494998234255397
"7238",52,0,0.36791285972621,0.36791285972621,0.85357250064731
"7239",56,0,0.349860315736147,0.349860315736147,0.839097484593699
"7240",56,0,1.10934406633788,1.10934406633788,0.363901131494978
"7241",54,0,0.995410880358681,0.995410880358681,0.889034709220435
"7242",60,0,0.377019173666291,0.377019173666291,0.456644679115823
"7243",54,0,0.438255514997268,0.438255514997268,0.788105093998277
"7244",50,0,1.07339001016015,1.07339001016015,1.09663656555067
"7245",54,0,0.746929091604678,0.746929091604678,0.712128209756809
"7246",54,0,0.573006862917385,0.573006862917385,0.550050793184229
"7247",58,1,0.77988536744297,0.175906611544747,0.77988536744297
"7248",52,0,1.27749571768081,1.27749571768081,0.553661207670232
"7249",54,0,0.530558052934443,0.530558052934443,0.67795507000893
"7250",54,0,0.592193873797497,0.592193873797497,0.59108948262135
"7251",54,1,0.31998041482697,0.516033588913204,0.31998041482697
"7252",52,0,1.27590122026059,1.27590122026059,0.769454721924361
"7253",50,0,0.443706195146712,0.443706195146712,1.07729174372973
"7254",52,1,1.05915255312086,0.316121200370355,1.05915255312086
"7255",50,0,0.866598256351226,0.866598256351226,1.3795280868815
"7256",58,1,0.52653079699671,0.10022987041298,0.52653079699671
"7257",54,1,0.878725407842806,0.552677723437952,0.878725407842806
"7258",52,0,0.762376994130764,0.762376994130764,0.68276723328849
"7259",52,0,1.5538457033127,1.5538457033127,0.675382974865233
"7260",58,0,0.399248195116105,0.399248195116105,0.211377857245992
"7261",50,0,1.24486644852929,1.24486644852929,1.113248526751
"7262",54,0,0.850923945384364,0.850923945384364,0.301674123994784
"7263",50,1,1.07754703562363,0.919285633297979,1.07754703562363
"7264",52,0,0.677310288892948,0.677310288892948,1.11470005408561
"7265",58,1,0.408405211417087,0.151748243362684,0.408405211417087
"7266",56,0,0.738826677858781,0.738826677858781,1.02915409833198
"7267",56,0,0.5696246459269,0.5696246459269,0.573140500603972
"7268",58,0,-0.206899740467748,-0.206899740467748,0.475620442225002
"7269",56,1,0.464532132455542,0.927187549403369,0.464532132455542
"7270",50,1,1.29616943707311,0.971901061714215,1.29616943707311
"7271",50,0,0.960591658812774,0.960591658812774,1.08755889611417
"7272",60,0,-0.14472243954782,-0.14472243954782,0.506296687061037
"7273",52,0,0.882547573936586,0.882547573936586,1.26314473995925
"7274",50,1,0.733673971527094,1.18779640627358,0.733673971527094
"7275",54,1,0.796282759158442,0.596863937170138,0.796282759158442
"7276",54,1,0.883069064091116,0.796681590052853,0.883069064091116
"7277",52,0,1.13102236162794,1.13102236162794,0.566600858304161
"7278",56,0,0.944736112562019,0.944736112562019,0.70791887462077
"7279",56,1,0.87336845796522,0.0282894484771926,0.87336845796522
"7280",56,0,0.549750660412179,0.549750660412179,0.702075231033797
"7281",52,1,0.776412967036497,0.95951611352851,0.776412967036497
"7282",50,0,0.570300171664998,0.570300171664998,0.955573738510085
"7283",60,1,0.778905511346231,-0.00992972073330796,0.778905511346231
"7284",52,0,0.717311883215155,0.717311883215155,0.821456401906377
"7285",58,0,0.371248409122028,0.371248409122028,0.239818897791295
"7286",54,1,0.686627907996851,0.751639188498977,0.686627907996851
"7287",54,0,0.463151855833929,0.463151855833929,0.739550682391802
"7288",56,0,0.989009992679351,0.989009992679351,0.433344010026568
"7289",56,1,0.640562111580608,0.305057301960386,0.640562111580608
"7290",54,0,0.73419143002315,0.73419143002315,1.38162479736431
"7291",54,0,0.4819067295123,0.4819067295123,0.778115752681625
"7292",58,1,0.442901266362202,-0.720726329854422,0.442901266362202
"7293",58,0,0.437103669069618,0.437103669069618,0.302256746607358
"7294",58,1,1.08337975805969,-0.0543541093829351,1.08337975805969
"7295",58,0,0.486762492545145,0.486762492545145,0.753411286260864
"7296",50,1,0.81827434616764,0.843703270483052,0.81827434616764
"7297",54,0,1.03497501338828,1.03497501338828,0.25339581219843
"7298",52,0,0.686511171102928,0.686511171102928,0.501526923367853
"7299",54,1,0.504715807555427,0.127365570765663,0.504715807555427
"7300",58,1,0.89735157788002,0.521300124574006,0.89735157788002
"7301",60,0,0.331710971275499,0.331710971275499,0.197551966690982
"7302",56,1,0.592671149926769,0.405222983246022,0.592671149926769
"7303",56,0,0.65114664633548,0.65114664633548,0.843207357092756
"7304",56,0,0.623135776184311,0.623135776184311,0.742396312305662
"7305",52,0,1.54635126536471,1.54635126536471,0.684341356358444
"7306",54,1,0.30176831748241,0.406537350519337,0.30176831748241
"7307",56,1,0.224289210598643,0.419238933721845,0.224289210598643
"7308",60,0,-0.26653531329162,-0.26653531329162,0.553462665455479
"7309",56,0,0.179554053596775,0.179554053596775,0.87154139010464
"7310",54,0,0.560985789373988,0.560985789373988,0.158284566217968
"7311",50,1,1.05870137202939,1.29655213776889,1.05870137202939
"7312",60,1,0.59220056178724,-0.569356064365076,0.59220056178724
"7313",56,0,0.586369533748375,0.586369533748375,0.409961522114372
"7314",56,0,0.287493901898668,0.287493901898668,0.859735525728108
"7315",58,1,0.718947017507963,0.256915823963091,0.718947017507963
"7316",56,0,0.447707719432679,0.447707719432679,0.762743908166035
"7317",54,1,0.661069643871958,0.493095707724012,0.661069643871958
"7318",52,0,0.735760315420603,0.735760315420603,0.519615985716083
"7319",58,1,0.440114565197623,0.393138138940176,0.440114565197623
"7320",54,1,1.03520691992894,0.745300859545276,1.03520691992894
"7321",56,1,0.526040993304111,0.112875983100396,0.526040993304111
"7322",60,1,0.355545367726448,0.00080047069732589,0.355545367726448
"7323",58,0,0.411287345909818,0.411287345909818,1.11430188350697
"7324",54,0,0.278245754651152,0.278245754651152,0.768520650801074
"7325",54,0,1.1743302813823,1.1743302813823,0.705955246669268
"7326",54,1,0.618411039942658,0.663274418793552,0.618411039942658
"7327",56,0,0.127171277881435,0.127171277881435,0.211298714053656
"7328",50,0,1.03254004360973,1.03254004360973,0.725255212651331
"7329",54,1,0.698075642522825,1.01072719813522,0.698075642522825
"7330",52,0,1.19862527677508,1.19862527677508,0.721456576967709
"7331",58,1,0.744562648382722,-0.0316993873716337,0.744562648382722
"7332",50,1,0.577340465628819,1.1781109881764,0.577340465628819
"7333",54,1,1.16893567838989,0.994477393354368,1.16893567838989
"7334",58,1,0.395215823648003,-0.0282780554336968,0.395215823648003
"7335",60,0,0.061147754798761,0.061147754798761,-0.0992908006238055
"7336",58,1,0.167151240704828,0.434613322115222,0.167151240704828
"7337",54,1,0.772943523318975,0.456546750357882,0.772943523318975
"7338",56,0,0.629881382478857,0.629881382478857,0.206453779669022
"7339",52,0,0.635816192729174,0.635816192729174,0.907015739911474
"7340",56,1,0.458525091467922,0.667364322755233,0.458525091467922
"7341",52,0,0.645274268391705,0.645274268391705,0.744703363042903
"7342",52,1,1.23235707971358,0.405068323100867,1.23235707971358
"7343",56,0,0.111348151264825,0.111348151264825,0.82681769776141
"7344",60,0,-0.245730173988187,-0.245730173988187,0.656759833876073
"7345",58,1,0.394009712180097,-0.463722491459458,0.394009712180097
"7346",54,1,0.608946519506417,0.756558918724657,0.608946519506417
"7347",60,1,0.748630755126895,-0.414076535896781,0.748630755126895
"7348",52,1,0.676178732939326,0.980603442776557,0.676178732939326
"7349",58,0,0.258362511015785,0.258362511015785,0.863951734865363
"7350",58,1,0.336674630228072,0.184878997028482,0.336674630228072
"7351",50,0,0.528348885403131,0.528348885403131,1.2696826652061
"7352",60,1,0.345153796918078,-0.2244680643107,0.345153796918078
"7353",58,1,0.660736554961257,0.271849971666256,0.660736554961257
"7354",56,0,0.362732322457775,0.362732322457775,0.192261757940228
"7355",60,0,-0.225864465854899,-0.225864465854899,0.718049443788435
"7356",52,0,1.07979915787506,1.07979915787506,1.20521712152225
"7357",56,1,0.41115022786762,0.213592290810207,0.41115022786762
"7358",54,0,0.269767157151517,0.269767157151517,0.760163316527427
"7359",50,1,1.15900577725606,1.00320280314132,1.15900577725606
"7360",60,0,0.259150297625582,0.259150297625582,0.192433655684911
"7361",56,0,0.684831072366711,0.684831072366711,0.593161650566655
"7362",50,0,0.604387822769939,0.604387822769939,0.936935171769555
"7363",52,0,0.865794979953565,0.865794979953565,0.470616786496538
"7364",56,0,0.0337424484367203,0.0337424484367203,0.541343129813048
"7365",54,1,0.953230672308597,0.36535100094881,0.953230672308597
"7366",58,1,0.744732809147444,0.390610302734177,0.744732809147444
"7367",52,1,0.366315998130091,0.953673459392452,0.366315998130091
"7368",56,1,0.100374301766522,0.614810880051777,0.100374301766522
"7369",54,1,0.717770556363037,0.441880264625307,0.717770556363037
"7370",54,1,0.395519004061722,0.839851807314508,0.395519004061722
"7371",56,0,0.568322659323648,0.568322659323648,0.363515417927257
"7372",56,0,0.315662403942294,0.315662403942294,0.799351977840514
"7373",50,0,0.961548622449962,0.961548622449962,0.989153909808871
"7374",58,1,0.838212217709807,0.242271902849384,0.838212217709807
"7375",56,1,0.902633284337262,0.576404199575063,0.902633284337262
"7376",54,0,0.551010249854204,0.551010249854204,0.809742283979624
"7377",52,0,0.715012329250055,0.715012329250055,0.861718944012352
"7378",56,0,0.665018861709633,0.665018861709633,1.03918984004068
"7379",56,0,0.450511383610183,0.450511383610183,0.897226976037364
"7380",60,1,0.750991590000874,-0.215850879269422,0.750991590000874
"7381",52,1,1.36826380564605,0.3444999296859,1.36826380564605
"7382",60,1,0.755136277479811,-0.156393412817046,0.755136277479811
"7383",58,0,-0.0263501136696525,-0.0263501136696525,0.43643776169907
"7384",54,0,0.792968209111578,0.792968209111578,0.45831685321614
"7385",56,1,0.372085033548301,0.625314734068434,0.372085033548301
"7386",58,1,0.869260387509074,0.0679446758600145,0.869260387509074
"7387",50,0,0.874219034472687,0.874219034472687,1.25369464111427
"7388",52,1,0.387406561818594,1.10289380254844,0.387406561818594
"7389",52,1,0.732433262958785,0.745193579460997,0.732433262958785
"7390",56,0,0.475603556089871,0.475603556089871,0.196080447153577
"7391",54,0,0.432834630928059,0.432834630928059,0.880369540948756
"7392",56,0,0.184483870791701,0.184483870791701,0.551364776598947
"7393",56,1,0.604139840490363,0.273481613307678,0.604139840490363
"7394",58,0,0.391338669785469,0.391338669785469,-0.0181594047179
"7395",58,0,0.249451238542447,0.249451238542447,0.289460188352032
"7396",60,0,0.139006773449331,0.139006773449331,0.529180951207619
"7397",60,1,0.112785485093586,0.0721617189982217,0.112785485093586
"7398",56,1,0.563280672923511,0.0484774981478745,0.563280672923511
"7399",52,0,0.862439743956648,0.862439743956648,0.72926555957697
"7400",60,0,-0.0447801090371774,-0.0447801090371774,0.497361025717858
"7401",58,0,0.173749645209468,0.173749645209468,1.00539140246796
"7402",56,1,0.120793250872933,0.108221658430814,0.120793250872933
"7403",50,0,0.955909932808251,0.955909932808251,0.611515311934444
"7404",58,1,0.455327576918048,0.189396800255601,0.455327576918048
"7405",54,0,0.567164344246732,0.567164344246732,0.827616727759696
"7406",56,0,0.657753312287553,0.657753312287553,0.515372731833199
"7407",52,0,0.676973192200045,0.676973192200045,0.983387351797838
"7408",58,1,0.540933301725851,0.28253878490909,0.540933301725851
"7409",56,0,0.094467723426046,0.094467723426046,0.772388952978819
"7410",60,1,0.457863465831063,-0.333052099900744,0.457863465831063
"7411",52,0,1.12304901328336,1.12304901328336,0.492751825978299
"7412",58,0,0.0164800980606044,0.0164800980606044,1.08194298688496
"7413",60,1,0.371265242438877,0.0791172375435631,0.371265242438877
"7414",52,0,0.873453920437968,0.873453920437968,0.646852026174183
"7415",58,0,-0.0680016893557151,-0.0680016893557151,1.0561062942556
"7416",52,0,1.06239414899585,1.06239414899585,0.249134148602113
"7417",54,0,0.561472883874946,0.561472883874946,0.682900712704904
"7418",56,0,0.204787130625994,0.204787130625994,0.853187223139946
"7419",50,0,0.763219793955656,0.763219793955656,0.689524138994401
"7420",54,1,0.618616821448782,0.39373440054277,0.618616821448782
"7421",52,1,1.05615678466439,0.327536515902893,1.05615678466439
"7422",50,0,0.714301697260486,0.714301697260486,1.34522353557785
"7423",54,0,0.425198410785068,0.425198410785068,0.380812506916126
"7424",54,1,0.900191898164754,0.764229257381126,0.900191898164754
"7425",50,0,0.899621889400695,0.899621889400695,1.49919993793924
"7426",58,0,0.220868431017827,0.220868431017827,0.569123469201893
"7427",52,1,0.389646969331713,0.75578319157626,0.389646969331713
"7428",56,0,0.57813171891248,0.57813171891248,0.358418834724801
"7429",58,0,0.504743962008511,0.504743962008511,0.570188950305655
"7430",58,1,0.892994183990275,-0.0574211765495538,0.892994183990275
"7431",58,0,-0.0621372607330433,-0.0621372607330433,0.562980487478574
"7432",56,1,0.592240292731688,0.59083840617977,0.592240292731688
"7433",54,1,1.09005303770807,0.234608263583009,1.09005303770807
"7434",54,1,0.841086540484155,0.430577015690863,0.841086540484155
"7435",56,1,0.864417242791047,0.597317958137164,0.864417242791047
"7436",58,0,0.200068291103735,0.200068291103735,0.303590470216372
"7437",52,1,1.16617162374515,0.587807277997625,1.16617162374515
"7438",50,0,1.07697667617614,1.07697667617614,0.818878130207832
"7439",52,1,0.797561987695397,0.691956045219386,0.797561987695397
"7440",60,1,0.912303088145339,0.0620332095654315,0.912303088145339
"7441",54,1,0.594627005361949,0.887661423188581,0.594627005361949
"7442",52,0,0.390788202765112,0.390788202765112,0.604445712383321
"7443",58,1,0.265709806826782,0.176200481524865,0.265709806826782
"7444",54,0,0.672705030626944,0.672705030626944,0.610061405874483
"7445",58,0,0.217422627249152,0.217422627249152,0.93927781680964
"7446",58,0,-0.065447835220453,-0.065447835220453,0.119496141826516
"7447",54,0,0.544052593955954,0.544052593955954,0.989916946616412
"7448",50,0,0.953350722507267,0.953350722507267,0.74657949664705
"7449",58,0,0.341005437913683,0.341005437913683,0.840075975610403
"7450",52,0,0.977871258217731,0.977871258217731,0.48682909425352
"7451",50,0,1.33835151940911,1.33835151940911,0.92126015767971
"7452",54,1,0.675021416625435,0.774801035258874,0.675021416625435
"7453",54,0,0.969322351475727,0.969322351475727,0.86596395186222
"7454",50,1,0.905725073857253,1.32131699277876,0.905725073857253
"7455",60,0,0.038331535578325,0.038331535578325,0.6323207288313
"7456",56,0,0.198995148223886,0.198995148223886,0.790983452554762
"7457",60,1,0.90517791159444,0.138372175417666,0.90517791159444
"7458",52,0,0.688403854853081,0.688403854853081,1.0908838602537
"7459",58,0,0.428112020751364,0.428112020751364,0.323270337670953
"7460",56,0,0.345366436408241,0.345366436408241,0.44581063607951
"7461",56,0,0.429350934123977,0.429350934123977,0.55844026654499
"7462",52,0,0.551067735565916,0.551067735565916,0.6646538760547
"7463",56,1,0.935992804687341,0.171589090818196,0.935992804687341
"7464",58,1,0.126223800939591,0.616701440499632,0.126223800939591
"7465",54,0,0.255360087353708,0.255360087353708,0.391244362371012
"7466",56,0,0.467300906662222,0.467300906662222,0.744265400400452
"7467",52,1,1.21058970307961,0.496088195842283,1.21058970307961
"7468",56,0,0.442998747827981,0.442998747827981,0.482714692437558
"7469",52,0,0.364964235593416,0.364964235593416,0.75796725567937
"7470",52,0,1.26115476305612,1.26115476305612,0.727001497516569
"7471",54,0,0.552726221593041,0.552726221593041,0.550308020131121
"7472",58,0,0.587120327860672,0.587120327860672,1.09330108251663
"7473",50,0,1.4897636130041,1.4897636130041,0.752485782140295
"7474",52,1,1.03955646465654,0.419353898890081,1.03955646465654
"7475",54,0,0.584600561404677,0.584600561404677,1.02685743499608
"7476",58,0,0.42672093354828,0.42672093354828,0.926061326562045
"7477",60,1,0.61886094357467,0.138667817219616,0.61886094357467
"7478",52,0,0.946257179898018,0.946257179898018,0.523857139422805
"7479",52,0,0.785769246748108,0.785769246748108,0.892344906199655
"7480",54,0,0.718594386122088,0.718594386122088,1.38876142459328
"7481",50,0,0.857413183592631,0.857413183592631,1.08820689092237
"7482",56,1,0.531344365505637,0.751103702809101,0.531344365505637
"7483",52,0,0.842620295595617,0.842620295595617,0.93179287701181
"7484",52,0,0.683390252491737,0.683390252491737,0.85647519715621
"7485",58,1,0.320674712691608,0.0498144314223398,0.320674712691608
"7486",58,0,0.331482440091818,0.331482440091818,0.370528821205268
"7487",52,0,1.15538500371928,1.15538500371928,0.763897575908484
"7488",50,0,0.810215491654332,0.810215491654332,0.636848867919713
"7489",60,1,0.804244165852439,0.10847642552028,0.804244165852439
"7490",52,0,1.2167298287299,1.2167298287299,0.581552056456828
"7491",52,1,1.06058347368701,0.59283474935468,1.06058347368701
"7492",56,0,0.116348070001633,0.116348070001633,0.65416397638851
"7493",54,0,0.512453922566691,0.512453922566691,0.617450034161007
"7494",56,1,0.734072867079221,0.690169097483301,0.734072867079221
"7495",52,0,1.35000908745744,1.35000908745744,0.82648587478863
"7496",58,0,0.599047907333385,0.599047907333385,0.401867382454476
"7497",52,0,0.505345333551503,0.505345333551503,0.916048861828568
"7498",54,0,0.32157375343471,0.32157375343471,0.711351017051194
"7499",52,1,0.762058246092566,0.439825048531001,0.762058246092566
"7500",54,0,1.00099331082526,1.00099331082526,1.30770658533715
"7501",50,0,0.383124311999571,0.383124311999571,1.12034590102547
"7502",56,1,0.671112087713737,0.224983597453443,0.671112087713737
"7503",50,0,1.41156766319193,1.41156766319193,1.01227783306622
"7504",54,0,0.446769384498621,0.446769384498621,1.00851200520397
"7505",58,1,0.807567699782565,0.073148874475951,0.807567699782565
"7506",58,0,0.450155007660876,0.450155007660876,0.416178266991077
"7507",60,0,0.297746785701798,0.297746785701798,0.78887683853744
"7508",50,0,0.705551260431486,0.705551260431486,0.879630258027903
"7509",52,0,1.08645535767664,1.08645535767664,0.576146407424109
"7510",54,0,0.368898054913793,0.368898054913793,0.130015981455623
"7511",54,0,0.848996963752844,0.848996963752844,0.471442690972144
"7512",50,1,0.778594973026309,1.00866342927892,0.778594973026309
"7513",50,0,0.681425585985137,0.681425585985137,0.534965977758994
"7514",52,0,0.730966319586176,0.730966319586176,0.567507003406075
"7515",52,0,0.751624490381222,0.751624490381222,0.909027881705348
"7516",54,1,0.51605670076374,0.471905871648403,0.51605670076374
"7517",56,0,0.865237647222854,0.865237647222854,0.551610997656481
"7518",54,1,0.818085618265652,0.344132773053067,0.818085618265652
"7519",52,0,0.779295159828616,0.779295159828616,0.872803279716283
"7520",54,0,1.12391030577227,1.12391030577227,0.731122726618747
"7521",56,1,0.231020676730433,0.675524841236373,0.231020676730433
"7522",54,1,1.13074661534223,0.906298386547852,1.13074661534223
"7523",54,0,0.626529312235657,0.626529312235657,0.633665988802395
"7524",54,1,0.631107321459367,0.514534672761471,0.631107321459367
"7525",50,0,0.861026400012652,0.861026400012652,1.44538606512343
"7526",58,0,0.592581681063636,0.592581681063636,0.551285129214114
"7527",52,1,0.561198615925277,0.848847723620882,0.561198615925277
"7528",58,0,0.397685973418486,0.397685973418486,0.182174631186475
"7529",50,0,0.972877818903807,0.972877818903807,0.936245416734069
"7530",52,0,0.897490987600695,0.897490987600695,0.727021558415191
"7531",52,1,0.928649518316636,0.82285476991199,0.928649518316636
"7532",60,0,0.0726871139047245,0.0726871139047245,0.343684632304887
"7533",60,1,0.24881000478829,-0.159509786190003,0.24881000478829
"7534",58,1,0.615343768135723,0.598637357008433,0.615343768135723
"7535",52,0,0.755391675884757,0.755391675884757,0.717202312071763
"7536",60,1,0.5588607887343,0.0301450920284588,0.5588607887343
"7537",52,0,0.736727976309681,0.736727976309681,0.955627827785481
"7538",56,0,0.433292166590342,0.433292166590342,1.10000808091154
"7539",52,0,0.774483455546977,0.774483455546977,1.2393575021751
"7540",58,1,0.468217900514326,-0.067445798680161,0.468217900514326
"7541",58,0,0.162451792657271,0.162451792657271,0.533702248048223
"7542",54,1,0.644449941465471,0.866441058604407,0.644449941465471
"7543",58,1,0.602883912708398,0.174574002626359,0.602883912708398
"7544",56,0,0.723844361296521,0.723844361296521,0.826765804803748
"7545",60,0,0.27856863920025,0.27856863920025,0.379223794856167
"7546",60,0,0.2100550295196,0.2100550295196,0.651025400906145
"7547",58,0,-0.311003697414362,-0.311003697414362,0.644594734909026
"7548",56,0,0.356740190416457,0.356740190416457,0.649646223498618
"7549",54,0,1.17191712572476,1.17191712572476,1.01633033005237
"7550",56,1,1.11618775334004,0.111978847951396,1.11618775334004
"7551",58,0,-0.178742936281791,-0.178742936281791,0.557831716588264
"7552",56,1,0.1441997267712,0.472604078744652,0.1441997267712
"7553",56,0,0.671355666882856,0.671355666882856,0.370462971774522
"7554",54,1,0.675019823049951,0.457640348450349,0.675019823049951
"7555",60,1,0.306885645024416,-0.443735230339815,0.306885645024416
"7556",52,0,0.880022030136655,0.880022030136655,1.11008528049527
"7557",56,0,0.110790368560216,0.110790368560216,0.744093206324209
"7558",54,0,0.640214316414265,0.640214316414265,0.363754455643681
"7559",56,0,0.218524826387908,0.218524826387908,0.668909141237604
"7560",52,1,0.973144058306896,0.603217920718449,0.973144058306896
"7561",52,0,0.780562905953003,0.780562905953003,0.806942957023578
"7562",52,0,1.04344823426895,1.04344823426895,1.35535897391579
"7563",56,0,0.895150183626484,0.895150183626484,0.590284744247772
"7564",50,0,0.96047702316162,0.96047702316162,1.31121682323805
"7565",58,0,0.652485204067251,0.652485204067251,0.627800826485914
"7566",60,0,0.356605752517987,0.356605752517987,0.471193853086152
"7567",60,1,0.453546861558037,0.171340723726974,0.453546861558037
"7568",60,0,0.0320790526156539,0.0320790526156539,0.858761461933861
"7569",58,0,-0.0394681615204154,-0.0394681615204154,0.315351696510234
"7570",54,1,0.408251365033439,0.677721975717702,0.408251365033439
"7571",58,1,0.929248733813302,0.202173937204491,0.929248733813302
"7572",50,0,1.07391022840039,1.07391022840039,1.28237343072258
"7573",58,0,0.326799536032539,0.326799536032539,0.807310178546471
"7574",58,1,0.612132020106053,0.0134257878454287,0.612132020106053
"7575",56,1,0.967622344765627,0.178528611996585,0.967622344765627
"7576",54,0,0.501627546093677,0.501627546093677,1.3150910061097
"7577",54,1,0.956964577973615,0.335142201150288,0.956964577973615
"7578",54,0,0.573147988349809,0.573147988349809,1.18094868507936
"7579",56,1,0.717629380118299,0.259961541890679,0.717629380118299
"7580",58,0,0.411218457184836,0.411218457184836,0.454891644573411
"7581",52,0,0.84678954153442,0.84678954153442,1.04394024901859
"7582",60,0,0.0336189223104872,0.0336189223104872,0.226039757029407
"7583",54,0,0.559279542571452,0.559279542571452,0.219482286812523
"7584",52,0,1.30730483446425,1.30730483446425,0.954127978339348
"7585",58,1,0.542721291631978,0.310644047242747,0.542721291631978
"7586",56,1,0.397403623366254,0.260528182750852,0.397403623366254
"7587",58,0,0.0243933567569738,0.0243933567569738,0.335580614923594
"7588",54,0,0.780155008094326,0.780155008094326,1.04312080132971
"7589",54,0,0.684722913515374,0.684722913515374,0.750580729228629
"7590",50,0,0.970462841728756,0.970462841728756,0.995713879290959
"7591",56,0,0.418585088989961,0.418585088989961,0.50276450439475
"7592",54,0,1.07657432242462,1.07657432242462,0.28491660357332
"7593",54,1,1.0801701549002,0.00228095608826107,1.0801701549002
"7594",52,0,0.758999097996486,0.758999097996486,0.671808350386612
"7595",52,1,0.626759281029543,1.31211820041295,0.626759281029543
"7596",56,0,0.546401551352208,0.546401551352208,0.933195824963003
"7597",54,1,1.07945592335949,0.97873507295083,1.07945592335949
"7598",54,0,0.7181975836571,0.7181975836571,0.492388879474064
"7599",50,0,0.719345925165854,0.719345925165854,0.799105948710985
"7600",54,1,0.958495457547527,0.209763271849884,0.958495457547527
"7601",52,0,0.66926719397008,0.66926719397008,1.02983413619673
"7602",60,0,-0.263220769454012,-0.263220769454012,0.318705807529138
"7603",54,1,0.384260483577442,0.492943409958877,0.384260483577442
"7604",56,1,0.237314199905006,0.453178538711407,0.237314199905006
"7605",52,0,0.876986051837823,0.876986051837823,1.3859363985265
"7606",52,0,0.680236623751884,0.680236623751884,1.18278769084499
"7607",56,1,0.614722706864413,0.568783040114973,0.614722706864413
"7608",56,0,0.550118954064135,0.550118954064135,0.205681345778342
"7609",52,0,0.742291804700744,0.742291804700744,0.949931025489564
"7610",54,1,0.79863322394818,0.757595241077224,0.79863322394818
"7611",60,1,0.531750287321113,-0.224387006715538,0.531750287321113
"7612",58,1,0.552884266295875,0.0674743144351701,0.552884266295875
"7613",56,0,0.307641057297329,0.307641057297329,0.930011774715255
"7614",54,1,0.346331246712255,0.74560338833649,0.346331246712255
"7615",52,0,0.924147812981736,0.924147812981736,0.628310133956309
"7616",56,0,0.030637780581336,0.030637780581336,-0.00615729045111735
"7617",52,0,0.826130964852787,0.826130964852787,0.547352270312431
"7618",56,0,0.446450848009829,0.446450848009829,0.332393252604338
"7619",52,1,0.454632224994695,1.03206572935961,0.454632224994695
"7620",60,0,0.600377768991574,0.600377768991574,0.066075408445059
"7621",52,0,0.62137042427055,0.62137042427055,0.97301956080318
"7622",54,0,0.836019608092802,0.836019608092802,0.630556845743542
"7623",58,0,-0.0927626882912366,-0.0927626882912366,0.382510055191856
"7624",58,1,0.402715498266561,0.400583087544935,0.402715498266561
"7625",52,1,0.865346052284305,1.05995091416707,0.865346052284305
"7626",52,0,1.28476855654315,1.28476855654315,0.685191678490751
"7627",50,0,1.11971082758742,1.11971082758742,0.937618823920756
"7628",60,0,0.474095933840788,0.474095933840788,0.543525475491277
"7629",58,0,0.354407528457411,0.354407528457411,-0.215970421064901
"7630",52,0,1.01532301244928,1.01532301244928,0.516884567924837
"7631",58,0,0.0960677954695505,0.0960677954695505,0.809311318055834
"7632",52,0,0.91709486797035,0.91709486797035,0.786688014632314
"7633",58,0,0.0639526613289921,0.0639526613289921,0.373350404428051
"7634",60,1,0.215105695981181,0.592768089989578,0.215105695981181
"7635",54,0,0.494822965054833,0.494822965054833,0.636564346162953
"7636",58,0,0.478636751588917,0.478636751588917,0.260751165657001
"7637",58,1,0.580537650407371,0.302145025008494,0.580537650407371
"7638",52,0,0.339099789676898,0.339099789676898,0.738181938841091
"7639",56,0,0.883396576629822,0.883396576629822,0.488361951169175
"7640",56,0,0.549298566606828,0.549298566606828,0.69237111959393
"7641",50,0,0.313150379618241,0.313150379618241,0.892784373316262
"7642",54,0,0.780001858717003,0.780001858717003,1.08340023550535
"7643",58,0,0.551149634245181,0.551149634245181,0.194182129323962
"7644",52,0,0.905451245694409,0.905451245694409,0.988563464409672
"7645",52,0,0.44433474756179,0.44433474756179,0.304460294662755
"7646",58,1,-0.0569223493129453,-0.113677983858021,-0.0569223493129453
"7647",60,1,0.594246438344838,-0.0510887177104279,0.594246438344838
"7648",56,1,0.354970811128817,0.377120979298235,0.354970811128817
"7649",58,0,0.097926127820809,0.097926127820809,0.464371726776965
"7650",58,1,0.912116874161281,0.0231749591948277,0.912116874161281
"7651",60,1,0.127982343682517,0.185815240858985,0.127982343682517
"7652",52,0,0.874071649476341,0.874071649476341,1.11384554228331
"7653",60,0,0.0370207126368139,0.0370207126368139,0.540640966169211
"7654",58,0,-0.0126883638327459,-0.0126883638327459,0.683995626894387
"7655",56,1,0.273183358076878,0.63455284643525,0.273183358076878
"7656",58,0,0.0165816561577389,0.0165816561577389,0.408155303372722
"7657",54,1,0.636577152406552,0.624899030492563,0.636577152406552
"7658",58,0,-0.0900047500194552,-0.0900047500194552,0.636581411657653
"7659",50,0,0.864135273345978,0.864135273345978,1.25693641387219
"7660",50,0,1.09665864398025,1.09665864398025,1.1100324437551
"7661",58,0,0.337761261565492,0.337761261565492,0.857657190768013
"7662",52,0,0.762357515366026,0.762357515366026,0.857695771857737
"7663",52,0,0.745846273242174,0.745846273242174,0.608280021732775
"7664",56,1,1.08854808454553,0.429330162345895,1.08854808454553
"7665",60,0,0.0931492787958121,0.0931492787958121,0.448170578345756
"7666",52,1,0.881624217069855,1.26935850288522,0.881624217069855
"7667",56,0,0.232215002761223,0.232215002761223,0.0302920724700914
"7668",54,0,0.601637007655407,0.601637007655407,0.526816599690479
"7669",54,0,0.776728010347067,0.776728010347067,0.702157479072017
"7670",60,0,0.206556498222676,0.206556498222676,0.484002353649535
"7671",58,0,0.149931474402685,0.149931474402685,0.601628054821729
"7672",54,0,0.211404652822869,0.211404652822869,0.454060499865511
"7673",52,1,0.622277681845835,0.93953480303894,0.622277681845835
"7674",52,0,0.767599543075528,0.767599543075528,1.16798933393903
"7675",60,0,-0.081236281502873,-0.081236281502873,0.445743388088317
"7676",56,1,0.53665200632561,0.415350959734976,0.53665200632561
"7677",54,1,0.942378436061787,0.992556998996411,0.942378436061787
"7678",54,0,0.746086828240805,0.746086828240805,0.876372466849813
"7679",56,1,0.5389779672088,0.633426969007947,0.5389779672088
"7680",54,0,0.259502233470254,0.259502233470254,0.966598120488633
"7681",52,0,0.824991975956867,0.824991975956867,1.37677919658235
"7682",58,1,0.469573736799076,0.0878888922568362,0.469573736799076
"7683",56,0,0.597417140373434,0.597417140373434,0.477697699860351
"7684",56,0,0.435866883049638,0.435866883049638,0.364349465150021
"7685",58,0,0.427642836070186,0.427642836070186,0.441730824298782
"7686",56,1,1.0621914852384,0.527759727584965,1.0621914852384
"7687",50,1,0.692451301257406,0.817727711449375,0.692451301257406
"7688",56,0,0.431735094037175,0.431735094037175,0.43564217690759
"7689",54,0,0.931105806705289,0.931105806705289,0.751634947462892
"7690",52,0,0.746190044504551,0.746190044504551,0.917504358612342
"7691",58,1,0.517116815845745,0.0234410944145236,0.517116815845745
"7692",56,1,0.70571678829738,0.537754584142069,0.70571678829738
"7693",52,0,0.613390257332611,0.613390257332611,1.03282406167116
"7694",56,0,0.472663975508246,0.472663975508246,0.24020903724401
"7695",58,1,0.576205223130412,-0.393573069072055,0.576205223130412
"7696",58,0,0.501457999898493,0.501457999898493,0.202173028305271
"7697",54,0,0.636322355024636,0.636322355024636,1.35424751707349
"7698",50,0,0.874004268223377,0.874004268223377,0.701386862294887
"7699",58,1,0.292316850776251,0.27659813294675,0.292316850776251
"7700",60,1,0.0468052444092291,0.104338154140994,0.0468052444092291
"7701",56,0,0.456949798086705,0.456949798086705,0.564533951405522
"7702",50,0,1.2804448103435,1.2804448103435,1.46641560272848
"7703",50,0,0.757699953111593,0.757699953111593,0.892245534719045
"7704",56,0,0.467740023875977,0.467740023875977,0.480950212876616
"7705",58,1,0.536218914013701,-0.324985627524212,0.536218914013701
"7706",52,0,0.695152207122874,0.695152207122874,1.05784173709209
"7707",54,0,1.15636532076506,1.15636532076506,0.950021422059667
"7708",56,0,0.297164238434201,0.297164238434201,0.675012918491213
"7709",60,1,0.505872196801214,0.0111040215872038,0.505872196801214
"7710",58,1,0.647977736266579,-0.0809239695885612,0.647977736266579
"7711",52,0,0.997568960527672,0.997568960527672,0.428398171706685
"7712",50,0,0.98291329560321,0.98291329560321,1.17259267201407
"7713",60,0,0.00183356704774441,0.00183356704774441,0.750166554788268
"7714",52,0,0.813785289859127,0.813785289859127,0.862013452582486
"7715",52,1,1.07516312250346,0.883610889693954,1.07516312250346
"7716",50,0,1.13960279366534,1.13960279366534,1.02745988348191
"7717",58,0,-0.134772608052066,-0.134772608052066,0.561470736356153
"7718",56,0,0.455406835025229,0.455406835025229,0.514664726503298
"7719",60,1,0.403661949895233,0.537561433568273,0.403661949895233
"7720",56,1,0.517190990751043,0.421994222533144,0.517190990751043
"7721",54,1,0.509708353115514,0.293058537660092,0.509708353115514
"7722",58,0,-0.354613057925769,-0.354613057925769,0.63910534229086
"7723",56,1,0.85568132274035,-0.14057048519753,0.85568132274035
"7724",54,0,0.683579345966109,0.683579345966109,0.710719599365704
"7725",52,0,0.853338350056252,0.853338350056252,1.15093549571101
"7726",60,1,0.473931416499549,-0.0353207954510367,0.473931416499549
"7727",58,0,0.39888109842008,0.39888109842008,0.447665074285438
"7728",58,0,0.798653118294947,0.798653118294947,0.854930630471716
"7729",58,1,0.78594858108644,0.261780689713946,0.78594858108644
"7730",56,0,0.734071502830337,0.734071502830337,0.588708364896576
"7731",52,0,0.598507191942578,0.598507191942578,0.70755420338975
"7732",56,0,-0.0573201169023556,-0.0573201169023556,1.03909197288919
"7733",56,1,0.453005681405805,-0.0304741650795001,0.453005681405805
"7734",54,0,0.600753047109443,0.600753047109443,0.98654545651144
"7735",60,1,0.36302559560533,0.151144286938564,0.36302559560533
"7736",54,1,0.537348202297152,-0.0199428552235811,0.537348202297152
"7737",54,1,0.802825935050523,0.415595402883305,0.802825935050523
"7738",58,0,0.697470414893549,0.697470414893549,0.544286787520859
"7739",52,1,0.710591346839637,0.82560661010158,0.710591346839637
"7740",58,1,0.118933604537829,0.251491966145582,0.118933604537829
"7741",58,0,-0.0690423110110941,-0.0690423110110941,0.524374851875167
"7742",52,0,0.154003206298523,0.154003206298523,0.831930435779843
"7743",56,0,0.262363807622682,0.262363807622682,0.494794640979416
"7744",52,0,0.917713293120753,0.917713293120753,0.786352262122132
"7745",52,0,1.11913756974224,1.11913756974224,0.578293415089664
"7746",52,0,1.09782644150682,1.09782644150682,0.86811126014033
"7747",56,0,0.349276006052581,0.349276006052581,0.681184375865521
"7748",50,0,0.861581893111013,0.861581893111013,1.32143990862415
"7749",50,0,1.27594039481658,1.27594039481658,0.632149941475946
"7750",50,1,1.02532329945792,1.3354770944127,1.02532329945792
"7751",52,0,0.950962816454688,0.950962816454688,1.17152570374236
"7752",54,0,0.358507420164032,0.358507420164032,1.27228074667209
"7753",52,1,1.18540561891913,0.758428676506487,1.18540561891913
"7754",52,1,0.595619217551397,0.89042512470466,0.595619217551397
"7755",54,0,0.252017396868998,0.252017396868998,0.878521378890307
"7756",54,1,0.378471328864904,0.549584977219865,0.378471328864904
"7757",50,0,0.817805591539288,0.817805591539288,0.84610403645324
"7758",60,1,0.221113513264311,0.0172416918884356,0.221113513264311
"7759",58,1,0.567611878952048,0.12742757678021,0.567611878952048
"7760",58,1,0.325160620114198,0.152124677197593,0.325160620114198
"7761",58,1,0.590707146789866,0.444418454816172,0.590707146789866
"7762",54,1,0.698553606040232,0.219370340152982,0.698553606040232
"7763",52,0,0.929547056862116,0.929547056862116,0.748366572505627
"7764",54,0,0.476532631412761,0.476532631412761,0.629958015394401
"7765",54,0,0.512107879441678,0.512107879441678,0.784746761513014
"7766",52,0,1.14244412782848,1.14244412782848,1.16838416875802
"7767",54,1,0.788978854105691,0.325977733955115,0.788978854105691
"7768",50,0,1.20709729698686,1.20709729698686,1.08581402195469
"7769",52,0,0.426941700940669,0.426941700940669,0.839131885420189
"7770",54,0,0.653055060378942,0.653055060378942,0.432358366030658
"7771",54,0,0.41692844085224,0.41692844085224,0.152683743825054
"7772",54,0,0.608926157775751,0.608926157775751,0.617787395885505
"7773",60,1,0.513918970687455,0.295248313199598,0.513918970687455
"7774",54,0,1.12356421406038,1.12356421406038,0.442370915709823
"7775",52,0,0.992051157533535,0.992051157533535,1.0051456655041
"7776",54,0,0.291793507176975,0.291793507176975,0.413589316441011
"7777",58,0,-0.124207167802868,-0.124207167802868,0.0735520674076486
"7778",54,0,0.551095052079722,0.551095052079722,0.665818021050469
"7779",56,0,0.531838054074979,0.531838054074979,0.395571113336312
"7780",56,0,0.191115639310369,0.191115639310369,0.524181741670935
"7781",50,0,0.930390295554404,0.930390295554404,1.36253440765567
"7782",58,1,0.541193704027028,0.269940484084701,0.541193704027028
"7783",50,0,1.25331334521738,1.25331334521738,1.06226874938783
"7784",60,0,-0.335342205770489,-0.335342205770489,0.632633097976432
"7785",58,0,0.238074166734321,0.238074166734321,0.310739510654083
"7786",60,0,-0.299604125362417,-0.299604125362417,0.593904981395546
"7787",52,0,0.825596403833785,0.825596403833785,0.914966853489967
"7788",52,0,0.774707758251937,0.774707758251937,0.857537639809999
"7789",52,0,0.727856369473955,0.727856369473955,0.514622901434807
"7790",58,1,0.885232581794191,0.0302203265173975,0.885232581794191
"7791",60,0,0.141238147217365,0.141238147217365,0.0375964450637516
"7792",52,0,0.5712027472941,0.5712027472941,0.639318880001646
"7793",54,1,0.373674282697042,0.763861125414279,0.373674282697042
"7794",58,0,0.152233503080132,0.152233503080132,0.35051671104987
"7795",56,0,0.358955786830168,0.358955786830168,0.749335668734321
"7796",52,1,0.616454750708751,0.988703980807849,0.616454750708751
"7797",54,0,0.713291013248758,0.713291013248758,0.586338981916687
"7798",50,0,1.14108695127812,1.14108695127812,0.857981875311481
"7799",58,1,0.694136679761519,0.0579596454197599,0.694136679761519
"7800",54,0,0.663091062362844,0.663091062362844,0.628803872213436
"7801",56,1,0.69591976494666,0.509703554718272,0.69591976494666
"7802",54,0,0.990151050089489,0.990151050089489,0.874108313877396
"7803",56,0,0.215393796336543,0.215393796336543,0.601526732570335
"7804",52,0,1.09542729055516,1.09542729055516,0.772923107457858
"7805",58,1,0.0950671733440503,0.063814719969981,0.0950671733440503
"7806",56,0,0.447150849604911,0.447150849604911,0.583820728129911
"7807",58,1,1.05978165935089,0.187255502436758,1.05978165935089
"7808",58,1,0.423438578885176,0.521758727836879,0.423438578885176
"7809",56,1,0.683284227642437,0.528575836447281,0.683284227642437
"7810",54,1,0.459113851413656,0.166588799098571,0.459113851413656
"7811",58,1,0.319619613332034,0.20714364428237,0.319619613332034
"7812",56,0,0.165460656442955,0.165460656442955,0.902196111480166
"7813",58,0,0.322730513213222,0.322730513213222,1.06759175458231
"7814",52,1,0.59104824941095,0.653466825284852,0.59104824941095
"7815",56,1,0.665535787292243,0.258885289781823,0.665535787292243
"7816",60,1,0.363532074791423,-0.0406666645283421,0.363532074791423
"7817",54,0,0.540106915605571,0.540106915605571,0.547211558563076
"7818",50,0,1.6221660410102,1.6221660410102,1.28459287324292
"7819",58,0,0.122244082414026,0.122244082414026,0.853391912591536
"7820",54,1,0.69881020038256,0.575400118105653,0.69881020038256
"7821",54,0,0.746628191375542,0.746628191375542,0.363513827843746
"7822",52,0,0.77264970692869,0.77264970692869,0.28881682550767
"7823",52,0,1.0365274148005,1.0365274148005,0.883872092908
"7824",54,0,0.128704594499044,0.128704594499044,0.743345762905583
"7825",56,0,0.567305451581322,0.567305451581322,0.613517303778599
"7826",52,0,0.84618552549796,0.84618552549796,0.493960084144047
"7827",56,0,0.711822469235731,0.711822469235731,0.297013770081389
"7828",56,1,0.538005150983718,0.203997994827967,0.538005150983718
"7829",52,0,0.997810056185949,0.997810056185949,0.568772627449497
"7830",52,0,0.888266034181622,0.888266034181622,1.04071488022955
"7831",52,0,0.690277598409956,0.690277598409956,0.672636731065653
"7832",52,0,0.931276117019079,0.931276117019079,1.07279699764305
"7833",52,0,0.713883647058856,0.713883647058856,0.642344244489092
"7834",50,0,1.27222725397002,1.27222725397002,0.561396709855983
"7835",52,0,0.816974326105089,0.816974326105089,1.0734856093447
"7836",56,0,0.400966860893737,0.400966860893737,0.768245935268732
"7837",54,1,0.193902475735698,0.728152660296265,0.193902475735698
"7838",50,0,0.985713996730818,0.985713996730818,0.783079959790927
"7839",50,0,1.2099413394321,1.2099413394321,1.16565820404676
"7840",60,0,0.513750478132417,0.513750478132417,0.892277341981978
"7841",50,0,1.09663829408599,1.09663829408599,1.16183247156374
"7842",56,0,0.374195114855872,0.374195114855872,0.617763938492779
"7843",50,0,0.852145862528439,0.852145862528439,1.02636145700202
"7844",56,1,0.228460410904968,0.463252544251075,0.228460410904968
"7845",56,0,0.0239842358008291,0.0239842358008291,0.965359881149167
"7846",54,0,1.06334953949104,1.06334953949104,0.670733701427278
"7847",56,0,-0.148976414515805,-0.148976414515805,0.645971924264868
"7848",60,0,-0.243876434119238,-0.243876434119238,0.626069262364233
"7849",54,0,1.04907785969171,1.04907785969171,1.35369325665056
"7850",56,1,0.688062238902287,0.299249049598167,0.688062238902287
"7851",54,0,0.393609408575041,0.393609408575041,0.094621838166569
"7852",56,0,0.122433190769015,0.122433190769015,0.540586478072664
"7853",60,0,0.287535258540428,0.287535258540428,0.228141397451074
"7854",50,1,0.942555991160613,1.32871021116313,0.942555991160613
"7855",52,0,0.681745003651668,0.681745003651668,0.682188813155725
"7856",50,0,1.23823097459863,1.23823097459863,1.0817488016574
"7857",58,0,0.598932817896635,0.598932817896635,0.77118534216016
"7858",52,0,0.628187821463202,0.628187821463202,1.11963122118055
"7859",54,0,0.577801633584426,0.577801633584426,1.02575770203595
"7860",56,0,0.533575232199676,0.533575232199676,0.742799830719046
"7861",54,0,0.765119262893003,0.765119262893003,0.528983034991163
"7862",52,0,0.86475508890359,0.86475508890359,1.41821976584651
"7863",50,1,1.2228725726873,1.2563198518322,1.2228725726873
"7864",52,0,1.15216252580854,1.15216252580854,0.941139900953236
"7865",54,0,0.971108995266496,0.971108995266496,0.648727040805372
"7866",50,0,1.08522782965811,1.08522782965811,0.843916130382285
"7867",58,0,-0.158805487984328,-0.158805487984328,0.405350322348837
"7868",56,1,0.386197466495381,0.466639158284175,0.386197466495381
"7869",50,0,0.712718127473851,0.712718127473851,1.08219954598787
"7870",54,0,0.595928048907287,0.595928048907287,0.428754122193169
"7871",52,0,0.954763495759985,0.954763495759985,1.18485335262818
"7872",50,0,1.27880088549637,1.27880088549637,0.57212929606529
"7873",56,0,0.231102268291546,0.231102268291546,0.218640969723836
"7874",52,0,0.496009847707297,0.496009847707297,0.994818224370697
"7875",58,1,0.677399401327978,-0.00957628228875157,0.677399401327978
"7876",54,0,0.410411777502806,0.410411777502806,0.457187543624413
"7877",52,0,0.425303496198859,0.425303496198859,1.05868646420627
"7878",52,0,0.643457543030188,0.643457543030188,0.800786695204768
"7879",54,0,0.599294232619508,0.599294232619508,0.703494295914969
"7880",50,0,0.560274843326388,0.560274843326388,0.785866745241192
"7881",56,1,0.266451438601809,0.279050272000117,0.266451438601809
"7882",60,0,-0.0349616287489924,-0.0349616287489924,0.724561203894155
"7883",54,0,0.588438646675478,0.588438646675478,0.642563655357906
"7884",54,1,1.04420666216089,0.666267537487952,1.04420666216089
"7885",58,1,0.999799599438745,0.327072373866949,0.999799599438745
"7886",54,0,0.511584530179874,0.511584530179874,0.746777229079341
"7887",60,1,0.869201714737362,-0.151536495296653,0.869201714737362
"7888",54,0,0.736032325906032,0.736032325906032,0.443684308679999
"7889",56,1,0.632299871605417,0.490260551337365,0.632299871605417
"7890",56,0,0.445790336761976,0.445790336761976,0.665313093428581
"7891",56,0,0.48353605670588,0.48353605670588,0.37514502516281
"7892",58,1,0.554969838201254,0.622935224922325,0.554969838201254
"7893",54,1,1.01286081874929,0.641622543753079,1.01286081874929
"7894",58,1,1.00399513728527,0.134988618651479,1.00399513728527
"7895",58,0,-0.163582787327918,-0.163582787327918,0.285145933135622
"7896",54,0,0.341927549711097,0.341927549711097,0.777715505842569
"7897",58,1,0.554132514369385,0.172512767854724,0.554132514369385
"7898",58,1,0.695064099586009,0.29763989072812,0.695064099586009
"7899",56,1,0.328792978839027,0.764405656706038,0.328792978839027
"7900",54,1,0.391280989188266,0.352636230564042,0.391280989188266
"7901",60,0,0.332490818749381,0.332490818749381,0.263264586106861
"7902",56,1,1.06152826162183,-0.324435718645165,1.06152826162183
"7903",56,1,0.90695173712078,0.471089334443074,0.90695173712078
"7904",58,0,0.171527346107592,0.171527346107592,0.367207498411682
"7905",54,0,0.678990116229567,0.678990116229567,0.866754165977253
"7906",58,1,0.57464095026229,0.180387849102997,0.57464095026229
"7907",54,0,0.516699988691347,0.516699988691347,0.827789984136764
"7908",50,0,1.45409052337387,1.45409052337387,0.673867711448936
"7909",54,0,0.584852596601683,0.584852596601683,1.28583588840899
"7910",52,1,0.655481062647908,0.941211964542727,0.655481062647908
"7911",54,0,0.497648034127166,0.497648034127166,0.357012041353782
"7912",60,0,-0.0811666654325482,-0.0811666654325482,0.429947217136452
"7913",56,1,0.921845454148127,0.56072240218971,0.921845454148127
"7914",54,1,0.450963161826561,0.378988194603125,0.450963161826561
"7915",58,0,0.76835041096497,0.76835041096497,0.660193691410247
"7916",54,0,0.355601137038994,0.355601137038994,0.36477922194185
"7917",56,1,0.827465217585375,0.624566096422317,0.827465217585375
"7918",54,1,0.111036642041757,0.671598149617323,0.111036642041757
"7919",58,1,0.646297968216954,0.490132524585483,0.646297968216954
"7920",54,0,-0.0285205904529136,-0.0285205904529136,0.529523943434826
"7921",54,0,0.429914285978301,0.429914285978301,0.54446695105246
"7922",56,1,0.809103907622352,0.211137388515107,0.809103907622352
"7923",54,0,0.587982634196667,0.587982634196667,1.08313874274439
"7924",50,0,0.313698286428569,0.313698286428569,1.21226264332684
"7925",58,0,-0.0751472171315533,-0.0751472171315533,0.604514373637188
"7926",58,1,0.697495507635882,-0.184096873946984,0.697495507635882
"7927",52,1,0.48440871075586,0.550247322848655,0.48440871075586
"7928",52,0,1.18478210945192,1.18478210945192,1.02381370981916
"7929",58,0,0.353969308607975,0.353969308607975,0.575501889922073
"7930",52,0,1.00352710033202,1.00352710033202,0.872796686055799
"7931",60,1,0.687734499892143,0.195038215378081,0.687734499892143
"7932",52,1,0.769750970854069,0.668652643855994,0.769750970854069
"7933",54,0,0.580361540458867,0.580361540458867,0.51384865874518
"7934",58,0,0.00552199987548815,0.00552199987548815,-0.145363714270022
"7935",58,0,0.0699925837706398,0.0699925837706398,0.417284748560297
"7936",56,1,0.642874384508432,0.612759768791177,0.642874384508432
"7937",58,0,0.151193853572511,0.151193853572511,0.754626817571546
"7938",56,1,0.980146453662023,0.478173343138959,0.980146453662023
"7939",56,0,0.143713377252301,0.143713377252301,0.541726229018909
"7940",58,0,0.450291364649404,0.450291364649404,1.00046914526329
"7941",52,0,0.512722370295055,0.512722370295055,0.85597917426342
"7942",56,0,0.290459953319501,0.290459953319501,0.582445750539443
"7943",50,0,1.22113556092845,1.22113556092845,1.44776189082176
"7944",52,0,1.31799708351236,1.31799708351236,0.771273771084011
"7945",56,0,0.324147711414554,0.324147711414554,0.602398513036275
"7946",56,0,0.333881406717758,0.333881406717758,0.32587474342201
"7947",56,0,0.738286788124543,0.738286788124543,0.369901152285794
"7948",54,0,0.988254118887629,0.988254118887629,0.783158412106237
"7949",52,1,0.974923688034625,0.969560311122195,0.974923688034625
"7950",56,1,0.495503425057345,0.637081575311328,0.495503425057345
"7951",50,0,0.596010030821332,0.596010030821332,0.918996238394658
"7952",50,0,0.664256298349947,0.664256298349947,0.77753546302391
"7953",52,0,1.05638108769055,1.05638108769055,1.00938467926623
"7954",56,1,0.650769689992158,0.711073197129002,0.650769689992158
"7955",58,1,0.330177804062571,-0.0534115383103276,0.330177804062571
"7956",56,1,0.582957946722716,0.760588012612138,0.582957946722716
"7957",52,0,0.755971440897531,0.755971440897531,0.742695323496073
"7958",56,1,0.477380808357625,0.671525545784223,0.477380808357625
"7959",54,1,0.508615288666281,0.778032857771156,0.508615288666281
"7960",54,0,0.610025548730849,0.610025548730849,0.525017765197107
"7961",58,1,0.680440203056296,0.302407204793655,0.680440203056296
"7962",58,1,0.416429419770744,-0.0985103928799466,0.416429419770744
"7963",50,0,1.28826566588449,1.28826566588449,1.44197129625317
"7964",60,1,0.478279668729029,0.00229304259755919,0.478279668729029
"7965",56,0,0.687003141901574,0.687003141901574,0.391143000294322
"7966",52,0,0.781236602053976,0.781236602053976,0.440298180060806
"7967",56,1,0.368060742730255,-0.0127047296996579,0.368060742730255
"7968",50,1,1.10153021539581,0.757141746546983,1.10153021539581
"7969",50,0,0.770597946807951,0.770597946807951,0.785120125205038
"7970",58,0,0.330956633253841,0.330956633253841,0.240096495086909
"7971",52,0,0.717319183528254,0.717319183528254,0.921520781032723
"7972",54,1,0.70650795320285,0.183475120905113,0.70650795320285
"7973",54,0,0.337201624367985,0.337201624367985,0.478711754392325
"7974",56,1,0.651850836935618,0.357973188769486,0.651850836935618
"7975",52,0,0.987046331522871,0.987046331522871,1.36167852598902
"7976",56,1,0.527137837505402,0.496340667106493,0.527137837505402
"7977",52,0,0.322246630956582,0.322246630956582,0.468269623300529
"7978",54,0,1.03199754807193,1.03199754807193,0.894649224772042
"7979",54,0,0.73618054201392,0.73618054201392,0.470944992813392
"7980",56,0,0.629592554917701,0.629592554917701,0.534882517278671
"7981",58,1,0.598924757459412,-0.246641764588688,0.598924757459412
"7982",50,0,1.09029879977896,1.09029879977896,0.862203513489406
"7983",54,0,0.959744435542052,0.959744435542052,0.513645132436117
"7984",58,0,0.0137949220678722,0.0137949220678722,0.647563750205629
"7985",52,0,0.457843673837214,0.457843673837214,0.532228878738414
"7986",52,0,1.17170169070239,1.17170169070239,1.02086809011939
"7987",58,0,0.0511093895891144,0.0511093895891144,0.336515191085966
"7988",52,0,0.679902740188442,0.679902740188442,1.46965332934732
"7989",58,1,0.684122760290142,0.0998857346659928,0.684122760290142
"7990",58,0,0.355966251399466,0.355966251399466,0.473800825882772
"7991",54,1,0.357614660233928,0.427913867164764,0.357614660233928
"7992",54,0,0.329689191140217,0.329689191140217,0.628117100975382
"7993",58,0,0.301279479641316,0.301279479641316,0.350268952057261
"7994",54,0,0.459161387398029,0.459161387398029,1.26765287457595
"7995",54,0,0.361687649381807,0.361687649381807,0.803732683894768
"7996",56,0,0.540246888359159,0.540246888359159,0.637917176538394
"7997",54,0,0.491902128958132,0.491902128958132,0.312313511366744
"7998",60,0,-0.0840439101380269,-0.0840439101380269,0.809478832119836
"7999",52,0,0.526112067933503,0.526112067933503,0.509637671019503
"8000",58,1,0.774887390727568,0.286688372902533,0.774887390727568
"8001",52,1,1.0625695791277,1.03785247319639,1.0625695791277
"8002",52,1,0.814819159033268,0.914274664616228,0.814819159033268
"8003",58,1,0.445921964805336,0.110326635911696,0.445921964805336
"8004",54,0,0.338534660370418,0.338534660370418,0.860193474043201
"8005",58,0,0.276883631302728,0.276883631302728,1.03753509085407
"8006",52,0,1.29859689300859,1.29859689300859,0.708449649746757
"8007",50,0,0.542427791752308,0.542427791752308,1.07376911959182
"8008",52,1,0.947154245969211,1.13607776381431,0.947154245969211
"8009",50,0,0.62982676589898,0.62982676589898,0.665642113629667
"8010",56,1,0.719371852608942,0.220694477405651,0.719371852608942
"8011",58,0,-0.000122138858935084,-0.000122138858935084,0.634454993017274
"8012",56,0,0.526664832950565,0.526664832950565,0.696973095188998
"8013",50,1,0.728950126899687,1.19069405618643,0.728950126899687
"8014",50,0,0.442072811232604,0.442072811232604,0.992217496922666
"8015",60,0,-0.01406858845893,-0.01406858845893,0.377303667758513
"8016",54,0,0.847511227285903,0.847511227285903,0.420158069288591
"8017",60,1,0.359800740664459,0.0521596735294238,0.359800740664459
"8018",58,1,0.671419419311089,0.326508585881437,0.671419419311089
"8019",60,0,0.0304709055015466,0.0304709055015466,0.220916637143245
"8020",58,1,0.429839762518226,0.0235010773895057,0.429839762518226
"8021",52,0,0.918972838460911,0.918972838460911,0.945850026672622
"8022",52,0,0.950369433623273,0.950369433623273,0.905145669208005
"8023",50,0,1.19248731271988,1.19248731271988,0.831217496624504
"8024",54,0,0.611548716967034,0.611548716967034,0.564597683567471
"8025",54,0,0.846353955696405,0.846353955696405,0.714592817429338
"8026",56,0,0.591060696157552,0.591060696157552,0.445061628539756
"8027",56,0,0.564613474140187,0.564613474140187,0.780979719981102
"8028",56,0,0.470933267146801,0.470933267146801,0.735936130972183
"8029",54,0,0.76106210250397,0.76106210250397,0.626825794664708
"8030",58,1,0.721607067884572,0.513127514030879,0.721607067884572
"8031",54,0,0.594158489054269,0.594158489054269,0.547487643488691
"8032",50,0,0.496681941432979,0.496681941432979,0.849294825379285
"8033",52,0,0.687853089804188,0.687853089804188,0.584739871374475
"8034",58,0,0.236844989293065,0.236844989293065,0.57099683853002
"8035",60,0,-0.357158115072979,-0.357158115072979,0.542264676798469
"8036",50,1,0.983916768921202,1.1556544097978,0.983916768921202
"8037",52,0,0.957490172929012,0.957490172929012,0.934528771968381
"8038",60,0,-0.404603252061733,-0.404603252061733,0.22975714089899
"8039",56,1,0.516161719414968,0.53303775284479,0.516161719414968
"8040",50,0,1.28636678390842,1.28636678390842,1.06653657185061
"8041",54,1,0.398743673167034,0.705922303474921,0.398743673167034
"8042",56,0,0.328040530073358,0.328040530073358,0.972966811238982
"8043",52,0,0.551235424344056,0.551235424344056,0.658613249988829
"8044",54,0,0.694741707760613,0.694741707760613,0.793884648935566
"8045",52,0,0.790224022191825,0.790224022191825,0.727169061880873
"8046",58,1,0.23523412527428,0.618039692178154,0.23523412527428
"8047",50,0,1.14802000357874,1.14802000357874,1.02849908442788
"8048",54,1,0.690789234301132,0.130413385316849,0.690789234301132
"8049",54,0,0.745628201375746,0.745628201375746,0.392664858467638
"8050",52,0,0.726563968925027,0.726563968925027,1.12018727234154
"8051",56,0,0.179033811191766,0.179033811191766,0.635728584402483
"8052",56,0,0.10035939683011,0.10035939683011,0.602457269169943
"8053",56,1,0.249711031760003,0.532572175730442,0.249711031760003
"8054",58,0,0.328501965197001,0.328501965197001,0.452017805576799
"8055",60,1,0.814016246863549,0.311572954702102,0.814016246863549
"8056",54,1,0.603325243084239,0.19488838848429,0.603325243084239
"8057",50,0,1.15943101559836,1.15943101559836,1.22528531995634
"8058",52,1,0.822972377999455,0.894465115531213,0.822972377999455
"8059",52,1,1.04101606038753,0.35353266573611,1.04101606038753
"8060",52,0,0.978823995851287,0.978823995851287,1.08783469370063
"8061",50,0,0.205950916188279,0.205950916188279,0.801388499356131
"8062",56,0,0.539798090680978,0.539798090680978,0.78006494446663
"8063",56,0,0.588484372078126,0.588484372078126,0.919909988244046
"8064",56,0,0.3735133167104,0.3735133167104,0.734156683257436
"8065",60,1,0.694825028590929,-0.0230233622503123,0.694825028590929
"8066",54,0,0.788474955610935,0.788474955610935,0.0191968173337501
"8067",58,1,0.527467404347296,0.357312590450894,0.527467404347296
"8068",56,0,0.588390451699015,0.588390451699015,0.196459951409661
"8069",54,0,0.583117516465645,0.583117516465645,0.384460040455472
"8070",56,0,0.442535539821089,0.442535539821089,0.620767908459958
"8071",60,0,0.113041795078531,0.113041795078531,0.3281009676033
"8072",60,0,-0.139115715573862,-0.139115715573862,0.571541288128008
"8073",54,0,0.897284634696184,0.897284634696184,1.0235482914334
"8074",60,1,0.640150591672457,0.0306399978208989,0.640150591672457
"8075",56,0,0.4439713357465,0.4439713357465,0.621350045120561
"8076",54,1,0.8258015016162,0.765496320418332,0.8258015016162
"8077",54,0,0.468454823373137,0.468454823373137,0.583777558236053
"8078",56,1,0.676270860660788,0.358583295831618,0.676270860660788
"8079",56,1,0.370302053399169,0.420356197238578,0.370302053399169
"8080",56,0,0.414871021648959,0.414871021648959,0.507344562441962
"8081",58,0,0.6636805212861,0.6636805212861,0.218711094849888
"8082",52,0,0.444718617030196,0.444718617030196,1.05442208151043
"8083",52,0,0.996779105874523,0.996779105874523,0.57876189066336
"8084",52,1,0.745015237554876,0.882138912723156,0.745015237554876
"8085",60,1,0.414965764439249,-0.375071003000213,0.414965764439249
"8086",52,0,0.440664626606091,0.440664626606091,0.562946157101968
"8087",54,0,0.67259667780436,0.67259667780436,0.382692846688074
"8088",56,0,0.151909834175496,0.151909834175496,0.271517710562811
"8089",56,0,0.573939295007225,0.573939295007225,0.55102607807684
"8090",50,0,1.16383099764667,1.16383099764667,1.11265962187293
"8091",60,0,0.376096162353779,0.376096162353779,0.369760965677494
"8092",58,0,0.144616674094038,0.144616674094038,0.352747865476279
"8093",54,0,0.53433402777706,0.53433402777706,0.242013616713637
"8094",54,0,0.602791739295543,0.602791739295543,0.372416325938431
"8095",52,1,0.784252287076132,0.690554988236115,0.784252287076132
"8096",56,1,0.881845390381007,0.555009899234311,0.881845390381007
"8097",60,1,0.332041237570543,-0.000697656419886651,0.332041237570543
"8098",54,0,0.059428070097206,0.059428070097206,0.734287683210099
"8099",52,0,0.615659629826944,0.615659629826944,0.784095285132294
"8100",60,0,0.101196838144248,0.101196838144248,0.453097165132731
"8101",56,1,0.732831938273943,0.240269737146788,0.732831938273943
"8102",50,0,1.02505319865587,1.02505319865587,0.883912743926838
"8103",54,1,0.460336997364234,0.588706388934287,0.460336997364234
"8104",58,1,0.537974372169411,0.263950994949725,0.537974372169411
"8105",54,0,0.794865128473055,0.794865128473055,0.892777227435193
"8106",52,1,1.12100769502932,0.840913135858489,1.12100769502932
"8107",54,0,1.02217555555519,1.02217555555519,1.21223970866053
"8108",52,0,0.689683817992019,0.689683817992019,1.02471530158424
"8109",52,1,0.690509668298044,0.518747857234348,0.690509668298044
"8110",56,1,0.174532853094127,0.427164254892836,0.174532853094127
"8111",50,1,1.27161274332839,0.741358360329372,1.27161274332839
"8112",58,1,0.705393661668981,0.00530578828452632,0.705393661668981
"8113",58,0,0.170464120134794,0.170464120134794,0.836068967091462
"8114",50,0,1.43452137715613,1.43452137715613,0.240211465612356
"8115",58,0,0.541301074059469,0.541301074059469,0.694509450773695
"8116",56,1,0.77346512191603,0.459985256490986,0.77346512191603
"8117",52,0,0.636720720932535,0.636720720932535,0.903376755000132
"8118",56,1,0.787934566191776,0.36460066292365,0.787934566191776
"8119",50,1,0.707007021121797,1.17401255367314,0.707007021121797
"8120",60,1,0.477258466748911,-0.256984823106814,0.477258466748911
"8121",54,0,0.564767642124118,0.564767642124118,0.320735112396935
"8122",52,1,0.796322174680137,0.76909410230041,0.796322174680137
"8123",58,1,0.0859124261380809,-0.0594444389957562,0.0859124261380809
"8124",50,0,0.471705832165038,0.471705832165038,1.2884714414246
"8125",52,0,0.637826706911057,0.637826706911057,0.670182811063448
"8126",56,0,0.452919230361644,0.452919230361644,0.766776485530533
"8127",52,1,1.03398189752251,1.41324935295419,1.03398189752251
"8128",56,0,0.673463524155752,0.673463524155752,0.563317705729559
"8129",52,0,0.433924674395725,0.433924674395725,0.990640117883911
"8130",56,1,0.742187867914644,0.318569707132889,0.742187867914644
"8131",58,1,0.654492838468799,0.116979052441947,0.654492838468799
"8132",50,1,0.999789088658325,0.548494267188822,0.999789088658325
"8133",58,0,0.384885661815463,0.384885661815463,0.00272831790628103
"8134",56,1,0.870736135254432,0.325863183838151,0.870736135254432
"8135",58,1,1.05249097881781,0.262431285257144,1.05249097881781
"8136",50,1,1.34334118258953,1.21238890083165,1.34334118258953
"8137",52,0,1.03565587868784,1.03565587868784,0.975619561847335
"8138",52,0,0.486429240870453,0.486429240870453,0.552879072382873
"8139",52,0,1.04774713378791,1.04774713378791,0.96645055628218
"8140",54,1,1.04099841059075,0.439417465171075,1.04099841059075
"8141",56,0,0.116680885283043,0.116680885283043,0.642626680823484
"8142",58,1,0.484213806933451,0.0228009368861692,0.484213806933451
"8143",58,1,0.623998838669341,0.750097036466242,0.623998838669341
"8144",50,0,0.999372563751578,0.999372563751578,1.08808126503508
"8145",56,1,0.626126456097134,-0.0114855737941813,0.626126456097134
"8146",56,0,0.67362717607547,0.67362717607547,0.574789091320401
"8147",54,1,0.538146291103398,1.21367210858542,0.538146291103398
"8148",50,0,0.67703965224999,0.67703965224999,0.939929118164211
"8149",58,0,0.846191847558992,0.846191847558992,0.744421813554068
"8150",56,1,0.513835384873825,0.569191428265456,0.513835384873825
"8151",56,1,0.655411121040152,0.468712958144982,0.655411121040152
"8152",58,1,0.698731867738731,0.657468119285145,0.698731867738731
"8153",56,0,0.249026416173936,0.249026416173936,0.509860364910567
"8154",58,0,0.256369669734516,0.256369669734516,0.743346933973871
"8155",50,0,1.05438957477917,1.05438957477917,1.15737135979867
"8156",56,0,0.490540448775091,0.490540448775091,0.458978765664932
"8157",54,0,0.378060426741793,0.378060426741793,0.3002992079517
"8158",50,0,0.42253269207062,0.42253269207062,0.612326718377737
"8159",56,0,0.325176286601073,0.325176286601073,0.432430150909507
"8160",58,0,0.369928099528028,0.369928099528028,0.702695546498522
"8161",52,0,0.633418359589316,0.633418359589316,0.691759154416268
"8162",58,0,0.130783767158587,0.130783767158587,0.7206840535536
"8163",56,1,0.825576053160277,-0.0697974675700248,0.825576053160277
"8164",56,0,0.55545712193194,0.55545712193194,0.883973123737031
"8165",58,0,-0.10986059499357,-0.10986059499357,0.959070454549404
"8166",60,0,0.160202676233781,0.160202676233781,0.291013409415747
"8167",52,0,0.816044886560942,0.816044886560942,0.646421727473321
"8168",50,0,1.06377289234257,1.06377289234257,1.22350214483096
"8169",56,1,0.399091048098736,0.547624392551739,0.399091048098736
"8170",52,1,0.63437231907225,0.503209612662639,0.63437231907225
"8171",52,0,0.820292279855854,0.820292279855854,0.752858437223354
"8172",58,0,-0.0275052003076882,-0.0275052003076882,0.589990236660129
"8173",56,0,0.460494826391332,0.460494826391332,0.257650869119841
"8174",60,0,0.0229451561138029,0.0229451561138029,0.517814831052641
"8175",54,1,0.818453342339097,0.541459414857243,0.818453342339097
"8176",54,0,0.14749906551452,0.14749906551452,0.637621882909893
"8177",58,0,0.106083004219189,0.106083004219189,0.448392275207429
"8178",56,0,0.150369531274597,0.150369531274597,0.837900484095906
"8179",52,0,1.09861260244949,1.09861260244949,0.74091509449291
"8180",52,0,0.889110818314077,0.889110818314077,0.824308899506983
"8181",58,1,0.730294962786741,0.150628671353889,0.730294962786741
"8182",58,0,0.402660768282375,0.402660768282375,0.090165571679274
"8183",54,1,0.980490871669721,0.359374525699875,0.980490871669721
"8184",52,1,0.981524288160845,0.731783150044934,0.981524288160845
"8185",54,0,0.77885886732568,0.77885886732568,0.717464380168169
"8186",58,1,0.592889413137353,0.270104783962625,0.592889413137353
"8187",56,0,0.732086275935248,0.732086275935248,0.9724338073128
"8188",54,1,0.72910317074942,0.0233745471268095,0.72910317074942
"8189",60,1,0.211606832069642,-0.0246996125300513,0.211606832069642
"8190",52,0,0.716973041490672,0.716973041490672,1.26759711865862
"8191",54,1,0.424391249748255,0.254617727051885,0.424391249748255
"8192",56,0,0.163775512783288,0.163775512783288,0.479541046150374
"8193",58,1,0.725332614358012,-0.0979453829038223,0.725332614358012
"8194",52,0,1.06889731450789,1.06889731450789,1.11149044570305
"8195",50,0,0.958815260322324,0.958815260322324,1.15600181599259
"8196",54,0,0.414825055318344,0.414825055318344,0.710645810283186
"8197",52,0,0.587580971039266,0.587580971039266,0.574086347204117
"8198",50,0,0.785756005477453,0.785756005477453,1.15435017488011
"8199",54,0,0.518066494143779,0.518066494143779,0.893603791347682
"8200",54,0,0.452198910052558,0.452198910052558,1.00424871763762
"8201",56,0,0.174100678964532,0.174100678964532,0.912710638769911
"8202",50,0,0.722599148561582,0.722599148561582,0.962887023291379
"8203",56,0,0.35940477409842,0.35940477409842,0.210492768023147
"8204",60,1,0.44653205017142,0.207469792528317,0.44653205017142
"8205",52,1,0.875228311771105,0.8935795650607,0.875228311771105
"8206",58,0,0.685534245610074,0.685534245610074,0.430735420050768
"8207",54,0,0.51314129532265,0.51314129532265,0.7010271413281
"8208",56,1,0.346409348118394,0.326952974172723,0.346409348118394
"8209",56,0,0.201951448976564,0.201951448976564,0.447540806642267
"8210",56,0,-0.100386591256058,-0.100386591256058,0.420114405474246
"8211",52,0,1.0437732324162,1.0437732324162,0.907266021309276
"8212",58,0,0.559739245869575,0.559739245869575,1.05201064316694
"8213",58,0,0.195448428063493,0.195448428063493,0.738556198114646
"8214",60,0,-0.0291673091325961,-0.0291673091325961,0.344602874944507
"8215",56,0,0.851969371220949,0.851969371220949,0.775886491791998
"8216",58,1,0.183182308651476,0.180427787467633,0.183182308651476
"8217",56,0,0.536992775668675,0.536992775668675,0.929967742615531
"8218",50,0,1.23107037671938,1.23107037671938,0.84828351291086
"8219",56,1,0.646934945198445,0.490535754573779,0.646934945198445
"8220",52,0,0.914223241251221,0.914223241251221,0.821611652386066
"8221",52,0,0.63102138947006,0.63102138947006,0.634960188859381
"8222",54,1,0.559066753916787,0.398199572374758,0.559066753916787
"8223",58,0,0.245937831704593,0.245937831704593,0.812252536347563
"8224",52,0,0.729136824657661,0.729136824657661,0.503930458256671
"8225",56,1,0.743748342228542,0.0618502468196896,0.743748342228542
"8226",60,0,-0.177083025370711,-0.177083025370711,0.221881162620875
"8227",60,0,-0.215079233846293,-0.215079233846293,0.555364786219836
"8228",58,1,0.490492358696928,0.493217962246496,0.490492358696928
"8229",50,1,0.654811067461363,1.09081769851582,0.654811067461363
"8230",54,0,0.631307251777432,0.631307251777432,0.731918113257925
"8231",58,1,0.386295002456489,0.183655707225194,0.386295002456489
"8232",56,1,0.294627877897751,0.243514689007613,0.294627877897751
"8233",50,0,1.34323008993353,1.34323008993353,0.797423850364072
"8234",58,0,0.365591858888986,0.365591858888986,0.461830252154878
"8235",52,0,0.489755703211286,0.489755703211286,1.27316823860422
"8236",58,1,0.80602092490681,-0.00713438783201034,0.80602092490681
"8237",54,0,0.448145683437009,0.448145683437009,0.946786250273285
"8238",56,0,0.4131679911081,0.4131679911081,0.437592585391048
"8239",54,0,0.560362513653926,0.560362513653926,1.07314998379138
"8240",54,1,0.951511729090337,0.793261356474505,0.951511729090337
"8241",54,0,0.812814001285982,0.812814001285982,0.92431667310582
"8242",54,0,0.786580418541794,0.786580418541794,0.632274486389659
"8243",52,1,0.793619370772236,1.36349417425884,0.793619370772236
"8244",52,0,0.818537630447375,0.818537630447375,1.14071150859869
"8245",50,1,0.870848509461387,1.19766037005644,0.870848509461387
"8246",54,0,0.653224796111775,0.653224796111775,1.02472268650653
"8247",56,1,0.468542068180701,0.245421137582334,0.468542068180701
"8248",52,0,0.646141260416151,0.646141260416151,1.05230961740242
"8249",50,0,1.12879271096297,1.12879271096297,0.451464452916126
"8250",56,0,0.420551219320905,0.420551219320905,0.319657287781803
"8251",56,0,0.474470869073432,0.474470869073432,0.657133966944469
"8252",56,1,0.549156378310232,0.150327162381805,0.549156378310232
"8253",54,1,1.19066214609528,0.662281566591513,1.19066214609528
"8254",52,1,0.793962563824337,0.912474131156573,0.793962563824337
"8255",58,0,0.579068293229555,0.579068293229555,0.704441339202684
"8256",56,1,0.691874243787547,0.450706440721574,0.691874243787547
"8257",56,1,0.379130689047205,0.494100653271759,0.379130689047205
"8258",56,0,0.326768733721671,0.326768733721671,0.311836243694387
"8259",50,0,0.920446421553024,0.920446421553024,1.47585380896768
"8260",54,1,0.758475027160304,1.22387729363429,0.758475027160304
"8261",54,0,0.16617858878625,0.16617858878625,0.390085327628204
"8262",54,1,0.910224491631546,0.757603079128502,0.910224491631546
"8263",56,0,0.29167328429929,0.29167328429929,0.20242770196907
"8264",58,1,1.09900819535814,0.322291588207859,1.09900819535814
"8265",56,0,0.914016913501669,0.914016913501669,0.446430476265515
"8266",58,1,0.332168608630017,-0.0309574558892442,0.332168608630017
"8267",58,0,0.665444789024831,0.665444789024831,0.18975724291646
"8268",54,0,0.69620620062094,0.69620620062094,0.81254132274508
"8269",58,1,0.694149455100224,0.444060088225007,0.694149455100224
"8270",60,1,0.514293630803868,-0.078692567053878,0.514293630803868
"8271",52,1,0.642490751432506,0.499043562846562,0.642490751432506
"8272",52,0,1.04572704946696,1.04572704946696,1.07014756849293
"8273",54,0,0.6513994603313,0.6513994603313,0.587565989287826
"8274",50,0,0.98915869319139,0.98915869319139,1.20121330038679
"8275",58,0,0.271368672331185,0.271368672331185,0.389953681459725
"8276",52,0,0.947404379069771,0.947404379069771,0.766836028725622
"8277",56,0,0.0591677008128178,0.0591677008128178,0.308983153971089
"8278",50,0,0.641900130059638,0.641900130059638,1.15735181915727
"8279",56,0,0.520665623868522,0.520665623868522,0.574856766756929
"8280",60,0,-0.23363069802893,-0.23363069802893,0.537739080756934
"8281",60,1,0.196850232956696,0.25350496369644,0.196850232956696
"8282",58,0,0.40499753676279,0.40499753676279,0.742494805909804
"8283",56,0,0.556280506005332,0.556280506005332,0.870462848623632
"8284",60,1,0.621416364215294,0.0401455450555982,0.621416364215294
"8285",52,0,1.28975985443988,1.28975985443988,0.884702288698722
"8286",54,1,0.421840531399269,0.605793826626498,0.421840531399269
"8287",60,1,0.515310035186438,0.119398686249586,0.515310035186438
"8288",52,1,0.225408093092742,1.02840140499336,0.225408093092742
"8289",60,0,0.109348241164745,0.109348241164745,0.84317548658079
"8290",52,0,0.811051463664665,0.811051463664665,0.9232205859214
"8291",56,1,0.179209967763418,0.515147665549022,0.179209967763418
"8292",58,0,0.34258753364357,0.34258753364357,0.371337653431659
"8293",58,0,0.353006234906336,0.353006234906336,0.467629181568824
"8294",58,1,1.15118755982688,0.101013833618318,1.15118755982688
"8295",52,1,0.447598142293079,0.816036593490104,0.447598142293079
"8296",50,0,0.875738886046317,0.875738886046317,0.976640622501134
"8297",50,0,1.02461490698725,1.02461490698725,0.652153393696237
"8298",56,0,0.179052037104154,0.179052037104154,0.530730518551461
"8299",54,1,0.431794555507087,0.898650292543619,0.431794555507087
"8300",50,0,0.848786536366923,0.848786536366923,1.25603747289953
"8301",50,1,0.956597275716367,1.20167592375362,0.956597275716367
"8302",58,1,0.686917145941518,-0.00256593376055333,0.686917145941518
"8303",60,0,-0.0293450920582072,-0.0293450920582072,0.664760776341865
"8304",54,0,0.335798108531693,0.335798108531693,0.413044050432617
"8305",58,0,0.0920835938371317,0.0920835938371317,0.396504926488761
"8306",58,1,0.390131272487139,0.0581137427955903,0.390131272487139
"8307",52,0,0.373902481132549,0.373902481132549,0.865617221812822
"8308",56,1,0.449176769751054,0.371684145655355,0.449176769751054
"8309",60,0,-0.336538022150388,-0.336538022150388,0.213371834747336
"8310",54,0,0.925471635021572,0.925471635021572,0.902801282735017
"8311",54,1,0.273482153205385,0.58197071724853,0.273482153205385
"8312",54,0,0.919564310544154,0.919564310544154,0.415950364303685
"8313",56,0,0.435037845088725,0.435037845088725,0.790785001857908
"8314",54,0,0.333750727997383,0.333750727997383,0.802795192040327
"8315",54,0,0.630417690766914,0.630417690766914,0.473854372634005
"8316",50,0,0.890182310791143,0.890182310791143,1.16840811356255
"8317",56,0,0.316195043074362,0.316195043074362,0.716365849071361
"8318",60,1,0.36975967730636,-0.209802732142111,0.36975967730636
"8319",56,1,0.112067343868389,0.696865847341493,0.112067343868389
"8320",58,0,0.504766452593245,0.504766452593245,0.866582147829832
"8321",52,0,0.502082029590906,0.502082029590906,0.498730730778405
"8322",50,0,1.27030759412682,1.27030759412682,0.859369442803932
"8323",56,1,0.75563144009262,0.32096346564322,0.75563144009262
"8324",56,0,0.693696863635227,0.693696863635227,-0.0544112166334573
"8325",52,1,1.08899122818712,0.605501692157537,1.08899122818712
"8326",56,0,0.380082465777749,0.380082465777749,0.352954713193637
"8327",54,0,0.00651031339687547,0.00651031339687547,0.742338884598352
"8328",50,0,1.3397186583593,1.3397186583593,1.02801534886584
"8329",54,1,0.918975857196809,0.74057322554114,0.918975857196809
"8330",54,1,0.650198845368688,0.666522109851424,0.650198845368688
"8331",50,0,1.17766344685334,1.17766344685334,0.915388232529446
"8332",52,0,0.3960425291788,0.3960425291788,0.802701168407218
"8333",54,0,0.481189066229927,0.481189066229927,1.03099820507573
"8334",58,1,0.537459730120023,0.0193376350345119,0.537459730120023
"8335",58,0,0.7049876292862,0.7049876292862,0.361486341856075
"8336",50,0,1.12519666008169,1.12519666008169,0.521613575957103
"8337",56,0,0.28345922489835,0.28345922489835,0.548993314577492
"8338",58,0,-0.105916529528022,-0.105916529528022,0.52977982582462
"8339",52,0,0.530205232519453,0.530205232519453,0.910975525346934
"8340",56,0,0.564071582704419,0.564071582704419,0.825768773272291
"8341",58,1,0.367824539325053,0.021699512276196,0.367824539325053
"8342",54,0,0.13348264348829,0.13348264348829,0.247512537527066
"8343",54,1,0.474872685944071,0.542037420793648,0.474872685944071
"8344",54,0,1.13825168452953,1.13825168452953,0.320837712801797
"8345",60,1,0.886408440757598,0.212135337314803,0.886408440757598
"8346",50,1,1.04039486944617,0.985006776952914,1.04039486944617
"8347",56,0,0.792687105984641,0.792687105984641,0.22611155719119
"8348",50,0,0.866162442627333,0.866162442627333,1.05580412829339
"8349",54,0,0.673598237296489,0.673598237296489,0.674348434754446
"8350",54,0,0.785928100896885,0.785928100896885,0.958165871096235
"8351",58,1,0.280154504965107,0.0717323793756474,0.280154504965107
"8352",52,0,0.520389312545589,0.520389312545589,0.784202541674492
"8353",56,0,0.258803269489661,0.258803269489661,0.985123762909469
"8354",52,0,0.885307300491832,0.885307300491832,0.51107463444807
"8355",52,0,1.4124526580713,1.4124526580713,0.927344713778051
"8356",54,1,0.893675694548182,1.07847806660031,0.893675694548182
"8357",60,1,0.663956539317909,-0.109920726894558,0.663956539317909
"8358",54,0,0.75518259133555,0.75518259133555,0.645942768158848
"8359",52,0,0.768166972884867,0.768166972884867,0.862095566235332
"8360",58,1,0.682289998326041,0.51391630037222,0.682289998326041
"8361",52,0,0.988317509562795,0.988317509562795,0.391573358871216
"8362",56,1,1.13601515222747,0.30489317317477,1.13601515222747
"8363",54,0,0.434134590345688,0.434134590345688,0.547026907285465
"8364",58,1,0.927307109976882,0.216605814304469,0.927307109976882
"8365",56,0,0.0540120795455634,0.0540120795455634,0.841295755773015
"8366",58,0,0.31514161389616,0.31514161389616,0.863092120354759
"8367",54,1,0.513279133822864,0.306408833526627,0.513279133822864
"8368",58,1,0.577918654709216,0.656670805236964,0.577918654709216
"8369",56,1,0.636912681879748,0.230612018865275,0.636912681879748
"8370",58,0,0.402659296712914,0.402659296712914,-0.0169844466503661
"8371",58,0,-0.0510368154829371,-0.0510368154829371,0.72132616569613
"8372",50,0,0.907829447904488,0.907829447904488,1.00854957340433
"8373",54,1,0.567041391946055,0.745984470560041,0.567041391946055
"8374",56,0,0.159595448085819,0.159595448085819,1.10298985486197
"8375",60,1,0.295518745654811,0.18839968724614,0.295518745654811
"8376",56,0,0.201441308620542,0.201441308620542,0.676385961016677
"8377",50,0,0.88529440552195,0.88529440552195,0.78915676343996
"8378",50,0,1.04524323166994,1.04524323166994,1.23928760461552
"8379",52,0,0.974371979147172,0.974371979147172,0.620708701468635
"8380",52,0,0.770425693050154,0.770425693050154,0.995866103287608
"8381",58,0,0.140712746274435,0.140712746274435,0.473231457966143
"8382",52,0,0.78420539140352,0.78420539140352,0.315273173358475
"8383",56,0,0.275928837842581,0.275928837842581,0.259873641081274
"8384",56,0,0.539419684931385,0.539419684931385,0.456515500974168
"8385",56,0,0.599404150254907,0.599404150254907,0.530922018848757
"8386",54,1,0.661657174090361,0.984198531249729,0.661657174090361
"8387",56,0,0.39663035354122,0.39663035354122,0.72129740210046
"8388",60,0,-0.029322849790089,-0.029322849790089,0.579127747632764
"8389",54,1,1.18414653727099,1.04842698762629,1.18414653727099
"8390",52,0,0.761706577354066,0.761706577354066,0.773320359238435
"8391",52,0,0.307063943493281,0.307063943493281,0.808241264116673
"8392",50,0,1.00022539180123,1.00022539180123,1.31169750578473
"8393",56,1,0.61642457716511,0.317754029530487,0.61642457716511
"8394",54,0,0.415685334192294,0.415685334192294,0.429567791986803
"8395",54,0,0.707019638348769,0.707019638348769,0.83096107101541
"8396",56,0,0.952813665489609,0.952813665489609,0.530981573172946
"8397",56,1,1.21177870326381,0.500187067956225,1.21177870326381
"8398",52,1,0.598890927522352,0.653663149923303,0.598890927522352
"8399",50,1,1.21205634382993,0.82083292715916,1.21205634382993
"8400",58,1,0.0384050602348764,0.10326985724982,0.0384050602348764
"8401",50,0,0.770131943951007,0.770131943951007,1.6322554565803
"8402",54,1,0.649868712373229,0.344551686520494,0.649868712373229
"8403",58,0,-0.0964852125839756,-0.0964852125839756,0.553647119418715
"8404",58,1,0.911584897945888,0.514130562952826,0.911584897945888
"8405",50,0,1.42411302758262,1.42411302758262,1.02022837119552
"8406",58,0,0.379964751695751,0.379964751695751,0.444150202590783
"8407",50,0,0.665579221790065,0.665579221790065,1.22445657410595
"8408",58,0,0.18954867600391,0.18954867600391,0.981281188373312
"8409",56,1,0.461530409128428,0.541851312399387,0.461530409128428
"8410",54,0,0.85160860508962,0.85160860508962,0.910506819850796
"8411",56,1,0.787229575722528,0.294533979103082,0.787229575722528
"8412",50,0,0.450224004845266,0.450224004845266,1.42080524526712
"8413",54,1,0.56721710658376,0.462609872815458,0.56721710658376
"8414",60,1,0.630842994924117,0.111319078480293,0.630842994924117
"8415",58,0,0.11274152633372,0.11274152633372,1.15201227042205
"8416",52,0,0.553177202629334,0.553177202629334,0.575315314641637
"8417",52,0,0.883742556705208,0.883742556705208,0.541730393163326
"8418",56,0,0.432341075932563,0.432341075932563,0.392956609820922
"8419",58,1,0.910992356865683,0.170669145460877,0.910992356865683
"8420",54,0,0.648534218145596,0.648534218145596,0.457157309372785
"8421",52,0,1.01933344180259,1.01933344180259,0.91255341456945
"8422",60,1,0.877507538087334,0.475198563938149,0.877507538087334
"8423",60,1,0.0694289635965482,-0.0160273468569125,0.0694289635965482
"8424",50,0,0.901682090540224,0.901682090540224,1.44520545850195
"8425",58,0,0.490106503358562,0.490106503358562,1.16764577418589
"8426",58,1,0.417133351812893,-0.148169346410006,0.417133351812893
"8427",58,0,-0.201676979706914,-0.201676979706914,0.808356256741718
"8428",58,1,0.640610279300433,0.383307099184683,0.640610279300433
"8429",58,1,0.823748860058976,-0.166921536534974,0.823748860058976
"8430",52,1,0.65564254282025,0.54078618395176,0.65564254282025
"8431",60,0,-0.129045389045558,-0.129045389045558,0.571009655206168
"8432",58,0,-0.123291696534694,-0.123291696534694,0.46699445853667
"8433",58,0,0.118695234451118,0.118695234451118,0.223134290633962
"8434",54,1,0.629908732530539,0.312207904887658,0.629908732530539
"8435",58,1,0.786146745188856,0.0654829595528781,0.786146745188856
"8436",58,1,0.51755537472755,0.216890605278326,0.51755537472755
"8437",50,1,1.54821603680703,0.739400290358992,1.54821603680703
"8438",56,0,0.594963217070253,0.594963217070253,0.357990759109711
"8439",52,0,0.339147232962083,0.339147232962083,0.781028729324805
"8440",52,0,0.659729906220848,0.659729906220848,0.62918650116537
"8441",58,0,0.404162530794035,0.404162530794035,0.547469030725839
"8442",58,0,0.113072982148411,0.113072982148411,0.574700563899851
"8443",54,1,0.485114811380486,0.916314528477537,0.485114811380486
"8444",52,0,0.377713122185498,0.377713122185498,0.613370404710002
"8445",56,1,0.668986807829143,0.458530104906975,0.668986807829143
"8446",52,0,0.57750443460996,0.57750443460996,0.834918357980643
"8447",56,0,0.623228390043444,0.623228390043444,0.811517904355369
"8448",52,1,0.96593478532223,0.382056397317765,0.96593478532223
"8449",54,0,1.10647423811182,1.10647423811182,0.872453138681349
"8450",58,0,0.320636068688253,0.320636068688253,0.546952170317224
"8451",52,1,0.508546789930367,0.852268310227018,0.508546789930367
"8452",60,1,0.882261971535645,0.68798925655358,0.882261971535645
"8453",52,0,0.699135928390281,0.699135928390281,0.824423934118657
"8454",60,0,0.185890330302416,0.185890330302416,0.310665811600697
"8455",50,0,0.686099268558988,0.686099268558988,1.09879667616708
"8456",54,1,0.455660505007781,0.469329512399704,0.455660505007781
"8457",54,0,0.296079444459309,0.296079444459309,0.522778486754261
"8458",50,0,0.51975880467942,0.51975880467942,0.697748145416191
"8459",56,0,0.0789601403773231,0.0789601403773231,0.901422988587406
"8460",58,0,0.348737480030198,0.348737480030198,0.714620648368288
"8461",52,0,0.857558237853709,0.857558237853709,0.493562087346333
"8462",60,1,0.573362397942666,-0.13588361577031,0.573362397942666
"8463",58,1,0.417463893661065,-0.467490000601295,0.417463893661065
"8464",60,0,-0.142791056615283,-0.142791056615283,0.135262591599062
"8465",58,0,0.83139280529034,0.83139280529034,0.356348841502905
"8466",56,0,0.189583294171441,0.189583294171441,0.665161568721178
"8467",56,0,0.425205158517862,0.425205158517862,0.353987548672172
"8468",56,1,0.636196423511893,0.45060856891792,0.636196423511893
"8469",50,0,0.762765355453284,0.762765355453284,0.706609588457783
"8470",56,0,0.308712196963089,0.308712196963089,0.281663335857167
"8471",54,0,1.04517289598732,1.04517289598732,0.712750824505672
"8472",56,0,0.357895037645882,0.357895037645882,0.6319583277136
"8473",56,0,-0.00812877293332392,-0.00812877293332392,0.283068770787875
"8474",58,1,0.32217693449151,0.00893789202155781,0.32217693449151
"8475",56,1,0.724139093886187,0.403256650377649,0.724139093886187
"8476",54,0,0.606805950808465,0.606805950808465,0.456262914849408
"8477",58,0,0.227458217850998,0.227458217850998,0.563454762182512
"8478",52,0,1.11683336509413,1.11683336509413,1.25573508316481
"8479",54,1,0.237219093522202,0.296847419362785,0.237219093522202
"8480",52,0,0.868137515537517,0.868137515537517,0.860261233030008
"8481",58,0,0.352226366932372,0.352226366932372,0.803499579711225
"8482",54,1,0.929881886695689,0.703447449205528,0.929881886695689
"8483",52,1,1.38690193635174,0.870554448962218,1.38690193635174
"8484",52,0,0.773002781540895,0.773002781540895,1.31280264037805
"8485",58,1,0.325315877401333,-0.233713332669684,0.325315877401333
"8486",52,1,0.778764737400308,0.90073299165178,0.778764737400308
"8487",54,0,0.464798403170233,0.464798403170233,1.59269409182348
"8488",56,1,0.391458464332619,0.295306146635225,0.391458464332619
"8489",54,0,0.49611017913988,0.49611017913988,0.499172731067295
"8490",58,0,0.147920293245456,0.147920293245456,0.681690027201331
"8491",60,0,-0.0390093704305557,-0.0390093704305557,0.738594987899164
"8492",52,0,0.780906515258764,0.780906515258764,0.867411436860063
"8493",52,0,0.954902664704744,0.954902664704744,0.246694396140627
"8494",52,0,0.20121607710799,0.20121607710799,0.82647744045651
"8495",60,1,0.392651313241602,-0.0684693638869618,0.392651313241602
"8496",50,0,1.04045455875343,1.04045455875343,1.18475073527844
"8497",56,1,0.357397788277533,0.396014265436716,0.357397788277533
"8498",54,0,0.69303898077531,0.69303898077531,1.08054829331134
"8499",56,1,0.654043880378276,0.478219559813344,0.654043880378276
"8500",54,0,0.639810331012974,0.639810331012974,0.841650216533641
"8501",56,0,0.0788056716420532,0.0788056716420532,0.711577177085088
"8502",52,0,1.30782392315066,1.30782392315066,0.525822256777047
"8503",50,1,0.70839589673964,0.61457307959304,0.70839589673964
"8504",54,0,0.889791841281349,0.889791841281349,1.00037877012174
"8505",60,1,0.693242623443299,0.0126295752526631,0.693242623443299
"8506",60,0,0.536720275601231,0.536720275601231,0.974348267274142
"8507",60,1,0.133222644253944,-0.00424010948688034,0.133222644253944
"8508",56,0,0.425770234631053,0.425770234631053,0.231939450259476
"8509",54,0,0.724629275064026,0.724629275064026,0.946810863689502
"8510",52,0,0.468723805515871,0.468723805515871,1.25920250188456
"8511",52,0,1.09378494644037,1.09378494644037,0.826587091333354
"8512",54,1,0.466215321161217,1.13329119031113,0.466215321161217
"8513",52,1,0.512625959573113,0.987766188367117,0.512625959573113
"8514",58,1,0.259685443512428,0.451314267142388,0.259685443512428
"8515",52,0,0.591064666277379,0.591064666277379,0.53454883107364
"8516",52,0,1.0318119110085,1.0318119110085,1.28857826772647
"8517",52,0,1.17498882453008,1.17498882453008,0.564729228476819
"8518",50,0,1.22804010787048,1.22804010787048,0.901216991290545
"8519",56,0,0.49050179962022,0.49050179962022,0.670572545954318
"8520",56,0,0.617405462355259,0.617405462355259,0.61139911780434
"8521",54,0,0.922813433478338,0.922813433478338,0.859367163913986
"8522",52,0,0.746462340672969,0.746462340672969,0.659091642261946
"8523",50,0,0.894816274310067,0.894816274310067,0.833634554202759
"8524",58,0,-0.285972672687453,-0.285972672687453,0.486818244207927
"8525",52,0,0.450384708445488,0.450384708445488,1.13151495613925
"8526",60,1,0.63100659416296,-0.0956414384457867,0.63100659416296
"8527",54,1,0.677175406271233,0.300300132675444,0.677175406271233
"8528",56,1,0.951579518627288,0.589508266920886,0.951579518627288
"8529",58,0,-0.100021807357063,-0.100021807357063,0.698469461075023
"8530",52,0,0.78468169499932,0.78468169499932,0.742210651944144
"8531",52,1,0.314852379327496,0.501228259792542,0.314852379327496
"8532",54,0,0.355816295015415,0.355816295015415,0.0290742647465623
"8533",52,1,0.000504961597313502,1.30491800832636,0.000504961597313502
"8534",52,0,0.668139443536294,0.668139443536294,0.575884006374836
"8535",60,0,-0.0300755238481346,-0.0300755238481346,0.621838861925645
"8536",56,1,0.478839176106178,0.0876832039943567,0.478839176106178
"8537",58,0,0.339679930090144,0.339679930090144,1.07231909471047
"8538",52,0,1.12477356246697,1.12477356246697,1.12690267244938
"8539",50,0,1.02364190266254,1.02364190266254,0.675138715845376
"8540",60,1,0.340845549168147,0.14362975671833,0.340845549168147
"8541",56,0,0.187453066262946,0.187453066262946,0.449223160852095
"8542",52,0,1.07097737375264,1.07097737375264,0.616605519262352
"8543",50,0,0.745458811407293,0.745458811407293,0.927009601284734
"8544",52,0,0.791371507526504,0.791371507526504,0.841887647498288
"8545",58,0,0.227252006692128,0.227252006692128,0.12148735344216
"8546",60,1,0.524728994973825,0.625685165233516,0.524728994973825
"8547",50,0,0.7035657453541,0.7035657453541,0.839691283751951
"8548",54,0,0.56548695209556,0.56548695209556,0.731129372737972
"8549",52,0,1.12055538762536,1.12055538762536,0.840146140509231
"8550",50,1,1.04029635607041,1.09932606005652,1.04029635607041
"8551",58,0,0.231116520999333,0.231116520999333,0.0169107353209007
"8552",52,0,0.275861726338846,0.275861726338846,0.996372516065341
"8553",52,0,0.927570545622815,0.927570545622815,0.816194355547264
"8554",54,0,0.347967248324457,0.347967248324457,0.774363686602768
"8555",56,0,1.12025864428213,1.12025864428213,0.999421716519878
"8556",58,0,-0.131275880600866,-0.131275880600866,0.349559176177707
"8557",58,0,0.251655267628032,0.251655267628032,0.554499521183769
"8558",54,1,0.789859092202869,0.369417385506238,0.789859092202869
"8559",52,0,0.730359319237363,0.730359319237363,1.0914916813421
"8560",58,1,0.81756420665695,0.246578412398536,0.81756420665695
"8561",56,1,0.236560939382349,0.338792495318426,0.236560939382349
"8562",54,0,0.591445047292644,0.591445047292644,0.74493885514172
"8563",58,1,0.622964848516747,0.343949461829638,0.622964848516747
"8564",60,1,0.279513539772626,0.228910588968532,0.279513539772626
"8565",52,0,0.872125457115429,0.872125457115429,1.04910915631522
"8566",50,1,1.12916996081299,1.1143157334684,1.12916996081299
"8567",56,0,0.321380535615748,0.321380535615748,0.512533109438311
"8568",52,0,0.669797090021644,0.669797090021644,0.644129285905397
"8569",52,0,0.856822639080024,0.856822639080024,0.744728655832594
"8570",54,0,0.764755610874209,0.764755610874209,0.47896666668428
"8571",56,0,-0.0729506782660386,-0.0729506782660386,0.869138495511719
"8572",58,0,0.494754201145595,0.494754201145595,0.342415186109912
"8573",52,0,0.649678209540603,0.649678209540603,0.861631915442223
"8574",52,0,1.10794815846694,1.10794815846694,0.73759017550144
"8575",56,0,0.534459448062622,0.534459448062622,0.403940810836114
"8576",50,0,0.952004003442614,0.952004003442614,0.907884043910533
"8577",54,0,0.491543519727268,0.491543519727268,0.877315432517687
"8578",52,0,0.683688392987333,0.683688392987333,1.19722569076136
"8579",52,1,0.95450519958269,0.966907877116925,0.95450519958269
"8580",60,0,-0.374325800614275,-0.374325800614275,0.298682044015316
"8581",60,1,0.361645302279148,0.063349228594342,0.361645302279148
"8582",54,0,0.466809031962047,0.466809031962047,0.402292917001219
"8583",56,1,0.997090846082354,0.600075689681158,0.997090846082354
"8584",58,0,-0.0196914532769596,-0.0196914532769596,0.669645406796527
"8585",60,1,0.281974873588225,0.125162202885471,0.281974873588225
"8586",52,0,-0.0436377699448698,-0.0436377699448698,0.512322110094468
"8587",54,1,0.772450261053258,0.374753918148618,0.772450261053258
"8588",58,1,0.635147199305705,0.296147903345593,0.635147199305705
"8589",52,0,0.698337524186854,0.698337524186854,0.796068524767946
"8590",52,0,0.94911729781633,0.94911729781633,1.11864217790861
"8591",54,0,0.962399259545115,0.962399259545115,0.705490057109134
"8592",60,0,-0.297817995966248,-0.297817995966248,0.302793653708214
"8593",56,1,0.35456917875483,0.169696301525123,0.35456917875483
"8594",56,0,-0.0189693778010559,-0.0189693778010559,0.352089398292113
"8595",60,0,-0.0231300300329189,-0.0231300300329189,-0.182287874792729
"8596",54,0,1.25112925789792,1.25112925789792,0.879715798652283
"8597",54,1,0.652749828492785,0.48398118195514,0.652749828492785
"8598",60,1,0.506859186823059,-0.287570955293922,0.506859186823059
"8599",58,0,-0.00754307923697789,-0.00754307923697789,0.650349953092464
"8600",60,0,0.27676465217772,0.27676465217772,0.886739678763716
"8601",54,1,0.424102409209772,0.437659979068565,0.424102409209772
"8602",54,0,0.381617832142989,0.381617832142989,0.268662666955744
"8603",58,0,0.293698902800443,0.293698902800443,0.456902952166584
"8604",58,0,0.207806580630937,0.207806580630937,0.675115204624867
"8605",52,0,0.60650781198067,0.60650781198067,1.02586077613149
"8606",52,1,0.811127025999465,0.903774852298889,0.811127025999465
"8607",58,1,0.22692710644052,-0.188797019743213,0.22692710644052
"8608",54,1,0.792303277617762,0.631633367753074,0.792303277617762
"8609",56,1,0.66312147434308,0.335462881657295,0.66312147434308
"8610",50,1,0.585661594165043,1.31643456941197,0.585661594165043
"8611",52,0,0.711226882878113,0.711226882878113,0.687276967802086
"8612",58,0,-0.420055757704122,-0.420055757704122,1.10024040149001
"8613",58,1,0.590252637569881,0.0289249824804884,0.590252637569881
"8614",56,0,0.0657542777450837,0.0657542777450837,0.272376830177217
"8615",54,0,1.28916447146463,1.28916447146463,0.456269239423976
"8616",54,0,0.584499068657149,0.584499068657149,1.03348505838594
"8617",52,0,0.838869401106016,0.838869401106016,0.719993085217771
"8618",50,1,1.49718183388767,1.06453107271404,1.49718183388767
"8619",50,0,1.13443671619878,1.13443671619878,1.14442380641206
"8620",54,0,0.677929031123733,0.677929031123733,0.665913986016643
"8621",60,1,0.00815603493747102,0.155584037914039,0.00815603493747102
"8622",58,0,-0.0354590304109888,-0.0354590304109888,0.495826793672549
"8623",60,0,0.181259132622711,0.181259132622711,0.601127508405739
"8624",52,0,0.904718503710953,0.904718503710953,0.877302985000142
"8625",54,0,0.750932378455731,0.750932378455731,0.596260933292712
"8626",60,0,0.19438469540304,0.19438469540304,0.779818823154687
"8627",60,0,-0.10192099014467,-0.10192099014467,0.31512387802948
"8628",52,1,0.350878023505308,0.842282682981036,0.350878023505308
"8629",56,1,0.410280721279433,0.195358889916997,0.410280721279433
"8630",60,0,0.63048203088957,0.63048203088957,0.384484079163616
"8631",52,0,0.927252492566358,0.927252492566358,0.717872391942759
"8632",54,1,-0.100036353138385,0.635515521264234,-0.100036353138385
"8633",56,0,0.837248024272707,0.837248024272707,0.472484393652236
"8634",58,0,0.333201058698555,0.333201058698555,1.06054926917846
"8635",54,0,0.87673922612667,0.87673922612667,0.85518955213082
"8636",60,0,-0.191939755393121,-0.191939755393121,0.758970783010145
"8637",58,0,0.0861045495876061,0.0861045495876061,0.0511637823268353
"8638",54,0,0.913325920931563,0.913325920931563,1.15676179902019
"8639",54,0,0.785852349469899,0.785852349469899,0.583877074883288
"8640",54,0,0.409419507820889,0.409419507820889,0.454199994211615
"8641",58,1,0.363877833440147,0.046200915311363,0.363877833440147
"8642",56,0,0.585246380560386,0.585246380560386,0.632724213932586
"8643",58,0,0.204047150438693,0.204047150438693,0.320196056784675
"8644",58,0,0.520586807475939,0.520586807475939,0.14290904827817
"8645",54,0,0.569120721719715,0.569120721719715,0.668297021685867
"8646",52,1,1.12031158278391,0.596009459657288,1.12031158278391
"8647",58,1,0.607230334994248,0.273676356220108,0.607230334994248
"8648",52,0,0.968549089433653,0.968549089433653,1.05082054056855
"8649",50,1,0.973033966925196,0.686672499189737,0.973033966925196
"8650",58,1,0.21792832981096,0.180402754463626,0.21792832981096
"8651",52,0,0.401487601076424,0.401487601076424,1.05467217900597
"8652",58,0,-0.256543575343666,-0.256543575343666,0.280396838504647
"8653",56,1,0.167027586651777,0.269107323730608,0.167027586651777
"8654",60,0,0.134952708984955,0.134952708984955,0.955689646287598
"8655",52,1,1.01149816943127,1.00488117508637,1.01149816943127
"8656",58,0,0.526326513700193,0.526326513700193,0.618457785646091
"8657",50,1,1.41225629822026,0.750781005548795,1.41225629822026
"8658",56,1,0.690140450001343,0.386065213884506,0.690140450001343
"8659",54,0,0.30097199239323,0.30097199239323,0.763675049844145
"8660",52,0,1.0099677685935,1.0099677685935,0.877306307960477
"8661",54,0,0.446565010643174,0.446565010643174,0.48780823041591
"8662",56,1,0.570381461023768,0.190468530981362,0.570381461023768
"8663",52,0,0.800350952289951,0.800350952289951,1.17209807172312
"8664",58,1,0.451225693770369,-0.0152243469626207,0.451225693770369
"8665",50,0,0.932939200306932,0.932939200306932,0.688626776012325
"8666",50,0,0.917785624779528,0.917785624779528,0.767845949768158
"8667",56,1,0.479801259483917,0.366495196495556,0.479801259483917
"8668",50,0,1.17943576757004,1.17943576757004,1.28819334614613
"8669",58,0,0.241146474544912,0.241146474544912,0.817186577723571
"8670",56,0,0.280537144465075,0.280537144465075,0.461359073028982
"8671",56,0,0.23203630604372,0.23203630604372,0.425051204032511
"8672",58,0,-0.133023172513293,-0.133023172513293,0.205875619680757
"8673",58,1,0.718907277703568,0.212980902681054,0.718907277703568
"8674",60,0,0.166743405237433,0.166743405237433,0.801146358793564
"8675",58,0,0.200660714266202,0.200660714266202,0.478236039505836
"8676",58,0,0.545368414742248,0.545368414742248,0.669972945998958
"8677",56,0,0.67150317648779,0.67150317648779,0.585708129835716
"8678",58,1,0.283463253727747,0.278624628177742,0.283463253727747
"8679",58,0,0.181802159247323,0.181802159247323,1.09155048182932
"8680",58,0,0.38673055865173,0.38673055865173,0.287387658586313
"8681",54,0,1.01420378531596,1.01420378531596,0.721581057796395
"8682",54,0,0.402555191124129,0.402555191124129,0.948463310594665
"8683",50,0,0.889487239891401,0.889487239891401,0.903526495055853
"8684",56,0,0.0818408371475094,0.0818408371475094,0.490975416636274
"8685",54,0,0.803382452368086,0.803382452368086,0.723949015359887
"8686",52,0,0.868784998789656,0.868784998789656,0.499018062825066
"8687",54,0,0.71886224326014,0.71886224326014,0.802134613619878
"8688",56,1,0.581071977303402,0.299379708766621,0.581071977303402
"8689",60,1,0.310861476194637,0.192609959512855,0.310861476194637
"8690",58,0,-0.0520217114604237,-0.0520217114604237,0.488109186105081
"8691",52,0,1.15766767511248,1.15766767511248,1.2909368653513
"8692",54,0,0.493123799601734,0.493123799601734,0.977590461138472
"8693",58,0,-0.0130178413259696,-0.0130178413259696,0.640079758855614
"8694",52,1,1.04153705083963,0.513870574124565,1.04153705083963
"8695",54,0,0.605634107084681,0.605634107084681,0.451230976975692
"8696",52,0,0.557671589747424,0.557671589747424,1.2925116104721
"8697",52,1,0.85128778777175,0.643321587581411,0.85128778777175
"8698",58,0,-0.0793312156253099,-0.0793312156253099,0.439560295572594
"8699",54,0,0.703795704710071,0.703795704710071,0.870826344416986
"8700",58,0,0.319576408650169,0.319576408650169,0.839818201153527
"8701",60,0,-0.0725378879251122,-0.0725378879251122,0.111849199403247
"8702",58,0,0.274349784981022,0.274349784981022,0.164337814277622
"8703",56,0,0.520797011307099,0.520797011307099,0.384071567244816
"8704",58,0,0.336484148490883,0.336484148490883,0.563130473896983
"8705",52,0,0.628159495033988,0.628159495033988,0.556338469024065
"8706",54,0,0.956049032319198,0.956049032319198,0.971899436742621
"8707",58,0,0.693227715057262,0.693227715057262,1.27429369069963
"8708",56,1,0.332599385760295,0.261831307762525,0.332599385760295
"8709",56,1,0.698650687469199,0.223448608603188,0.698650687469199
"8710",54,1,0.345061270264315,0.0623618615814987,0.345061270264315
"8711",56,0,-0.0195696176296786,-0.0195696176296786,0.569316240675911
"8712",60,0,0.112942579352078,0.112942579352078,0.328146217315106
"8713",56,0,0.33467844897666,0.33467844897666,0.469578170443807
"8714",60,0,-0.0215970548861589,-0.0215970548861589,0.936542080101353
"8715",56,0,0.323656344121754,0.323656344121754,0.688851384646531
"8716",60,1,0.910608338507758,-0.214930694952079,0.910608338507758
"8717",54,0,0.768903650181939,0.768903650181939,0.954649563634203
"8718",58,0,0.430242142323367,0.430242142323367,0.803279573666865
"8719",56,1,0.623357378361143,0.651435672939386,0.623357378361143
"8720",60,0,-0.230482100315941,-0.230482100315941,0.729825358933435
"8721",52,0,0.882942894196745,0.882942894196745,-0.089761255603207
"8722",58,1,0.441013486709504,0.483870400921463,0.441013486709504
"8723",58,0,0.0626311949027161,0.0626311949027161,0.733076450066234
"8724",54,0,0.890075246580968,0.890075246580968,1.17650712131327
"8725",54,1,0.365659207594968,0.814589485371327,0.365659207594968
"8726",60,0,0.495247746116961,0.495247746116961,0.568360788035236
"8727",56,0,0.505590379863673,0.505590379863673,0.921241802820357
"8728",54,0,0.442376694968671,0.442376694968671,0.525587120807839
"8729",60,0,0.318312054143895,0.318312054143895,0.228144036416297
"8730",56,0,0.223471324201152,0.223471324201152,0.762358646929317
"8731",52,0,0.641183127057999,0.641183127057999,1.36090111675611
"8732",60,1,0.975471243979465,-0.0932318212020407,0.975471243979465
"8733",56,0,0.297064599980451,0.297064599980451,0.391150155096541
"8734",60,1,0.367013707484734,-0.0386284630063492,0.367013707484734
"8735",58,1,0.510890004841145,0.184594595548487,0.510890004841145
"8736",54,1,0.37610444609896,0.601151082342062,0.37610444609896
"8737",58,1,1.01621100930694,0.282270168911992,1.01621100930694
"8738",58,0,0.0445381435083977,0.0445381435083977,0.586669997124689
"8739",54,1,0.0384930613370235,0.526614143323563,0.0384930613370235
"8740",54,0,0.776756017951851,0.776756017951851,0.733104121940759
"8741",52,0,0.623599848656064,0.623599848656064,0.599481551489199
"8742",52,0,0.760875072744643,0.760875072744643,0.791471856196366
"8743",58,1,0.987452040276746,0.258381545160534,0.987452040276746
"8744",52,1,0.249033327718694,1.08824931473979,0.249033327718694
"8745",52,1,0.679741293680909,0.511045281130637,0.679741293680909
"8746",54,1,0.512453760330286,0.586606615442429,0.512453760330286
"8747",54,0,0.528284686598938,0.528284686598938,1.14401243566189
"8748",52,0,0.848585094924604,0.848585094924604,0.476875456757228
"8749",56,1,0.740081637696144,0.2031962325975,0.740081637696144
"8750",60,1,0.695109815287124,-0.216554632335282,0.695109815287124
"8751",56,1,0.820104932203413,0.735364223377158,0.820104932203413
"8752",50,0,0.727595968156225,0.727595968156225,1.19098840420378
"8753",56,0,0.477655091821896,0.477655091821896,0.189451592507902
"8754",54,1,0.519715482546715,0.717853667795549,0.519715482546715
"8755",56,1,0.446065517642211,0.542863880482407,0.446065517642211
"8756",52,0,0.912537422127136,0.912537422127136,1.14897708658243
"8757",56,0,0.451329813884557,0.451329813884557,0.361419890061294
"8758",56,1,0.82392365952419,0.514925543578936,0.82392365952419
"8759",58,1,0.862332949774544,0.427410797681979,0.862332949774544
"8760",52,0,0.522479750246277,0.522479750246277,0.495758678217196
"8761",50,0,1.15917415331339,1.15917415331339,0.959833486199787
"8762",52,0,0.896879918438698,0.896879918438698,1.0532577488533
"8763",58,1,0.044611611378639,0.148428311104106,0.044611611378639
"8764",54,0,0.708543048222995,0.708543048222995,0.512793177891277
"8765",60,1,0.535965362187036,-0.0133527555202835,0.535965362187036
"8766",54,0,0.893061247902898,0.893061247902898,0.419342413490019
"8767",54,1,0.37506849600006,0.75387371449576,0.37506849600006
"8768",58,0,-0.039058471235291,-0.039058471235291,0.5926434264594
"8769",54,0,1.3189188342586,1.3189188342586,0.576549190887406
"8770",58,0,0.511351633001178,0.511351633001178,0.61980321431409
"8771",50,0,1.60221394738856,1.60221394738856,0.737802516905362
"8772",50,0,1.12624890557094,1.12624890557094,0.855429220210788
"8773",50,1,1.06699527271948,1.18794660739818,1.06699527271948
"8774",58,1,0.634106682222842,0.408267312853577,0.634106682222842
"8775",60,0,-0.156382344597518,-0.156382344597518,0.0822576282920067
"8776",54,0,0.808017927343948,0.808017927343948,0.233910189587369
"8777",58,0,0.414516776538446,0.414516776538446,0.732201249977799
"8778",50,0,1.07843518543172,1.07843518543172,0.832838057395352
"8779",58,0,-0.0930416584026697,-0.0930416584026697,0.436559061405955
"8780",56,0,0.469701364770521,0.469701364770521,0.730467173432305
"8781",58,1,0.305977559142897,-0.041220374038542,0.305977559142897
"8782",52,0,0.827619404192226,0.827619404192226,1.35186859701901
"8783",54,0,0.566475545418523,0.566475545418523,0.375413900061855
"8784",52,0,0.993672260481199,0.993672260481199,0.485049519965279
"8785",60,0,0.0675421282634436,0.0675421282634436,0.388412422721705
"8786",58,0,0.322325322661419,0.322325322661419,0.663748078371457
"8787",58,0,0.153338748856705,0.153338748856705,0.943949576375723
"8788",54,0,0.850949514781542,0.850949514781542,0.427079285177749
"8789",52,1,0.665244218969799,0.887480237845814,0.665244218969799
"8790",52,0,0.761557578941313,0.761557578941313,0.509085679625971
"8791",56,0,0.491581280788036,0.491581280788036,0.371497690918244
"8792",50,0,1.15760015736546,1.15760015736546,0.510127782378909
"8793",56,0,0.658135121446966,0.658135121446966,0.498200317481613
"8794",54,0,0.535165512252405,0.535165512252405,0.640126657383197
"8795",50,1,0.725423549049133,0.697049193859136,0.725423549049133
"8796",52,0,0.861757903045521,0.861757903045521,0.91193952806392
"8797",56,1,0.578088960635004,0.0803655322157655,0.578088960635004
"8798",54,0,0.562870140534483,0.562870140534483,0.323073579221242
"8799",56,1,0.250231992652298,0.0566781427494579,0.250231992652298
"8800",58,0,0.180524142104935,0.180524142104935,0.807157887520154
"8801",52,0,1.06989190570557,1.06989190570557,0.734016958439967
"8802",56,0,0.0636418849121256,0.0636418849121256,-0.202463307478735
"8803",56,0,0.388871976062666,0.388871976062666,0.766880129082816
"8804",58,1,0.553924693931581,0.40300209924248,0.553924693931581
"8805",54,1,0.663075463489944,0.387218648803413,0.663075463489944
"8806",52,1,0.485799942601032,0.96152161503651,0.485799942601032
"8807",58,0,0.217256908923886,0.217256908923886,0.90314725842033
"8808",50,0,0.69109548590854,0.69109548590854,0.657721661056963
"8809",52,1,0.903556730391257,0.791749580941752,0.903556730391257
"8810",52,1,0.691939610298912,0.468498817536081,0.691939610298912
"8811",54,0,0.670461188254699,0.670461188254699,0.637396570438077
"8812",50,1,1.12822276585638,1.07537704451138,1.12822276585638
"8813",52,0,1.08480896405232,1.08480896405232,0.846482898089514
"8814",58,0,-0.0603174269633142,-0.0603174269633142,0.328428682391916
"8815",56,0,0.279664084854124,0.279664084854124,-0.195972116644278
"8816",58,0,0.272687555440221,0.272687555440221,0.232839485545574
"8817",50,0,0.378747346650845,0.378747346650845,0.796997516800457
"8818",60,0,0.602823899751472,0.602823899751472,0.720348112363744
"8819",56,0,0.570994176888535,0.570994176888535,0.681354844507025
"8820",52,1,0.60470001487615,0.564015682131751,0.60470001487615
"8821",52,0,0.811634017102951,0.811634017102951,0.914162104410361
"8822",54,0,0.296456593566249,0.296456593566249,0.575339520957112
"8823",52,0,1.18312964425581,1.18312964425581,0.84809806948855
"8824",58,0,0.169608409639138,0.169608409639138,0.330960257732619
"8825",52,0,0.939712268115766,0.939712268115766,0.846385157123969
"8826",58,1,0.605615659363974,0.142910686199476,0.605615659363974
"8827",56,1,1.12486760604059,0.384750187120305,1.12486760604059
"8828",58,0,0.370391361905663,0.370391361905663,0.104173668342702
"8829",58,0,0.320385095985525,0.320385095985525,0.512183538392981
"8830",60,0,-0.192067332427269,-0.192067332427269,0.180686707179456
"8831",54,1,0.527324907497217,0.445091772789332,0.527324907497217
"8832",52,0,0.787929086767287,0.787929086767287,0.618496966036094
"8833",52,1,0.764545722851404,0.828732749959843,0.764545722851404
"8834",50,0,0.852851470583607,0.852851470583607,1.16293484902387
"8835",60,1,0.650805270487417,-0.322690632938433,0.650805270487417
"8836",58,0,0.223725597300653,0.223725597300653,0.314779848470683
"8837",50,1,1.42955066913016,1.17235102664828,1.42955066913016
"8838",56,0,0.441156605740557,0.441156605740557,0.579055477828644
"8839",54,0,0.864690661394207,0.864690661394207,1.04056730931488
"8840",54,0,0.237563671887638,0.237563671887638,0.582762490818362
"8841",54,0,0.871693075599762,0.871693075599762,0.696967804892383
"8842",54,0,0.584064722175219,0.584064722175219,0.770393829750095
"8843",58,0,0.241196195476041,0.241196195476041,0.288006727021729
"8844",56,0,0.305779493138848,0.305779493138848,0.68170031441856
"8845",54,0,0.54422625515995,0.54422625515995,0.496482696835787
"8846",54,0,0.58518265667167,0.58518265667167,0.970547961328334
"8847",58,0,0.228292910022367,0.228292910022367,0.107070610921141
"8848",52,0,0.632365808950329,0.632365808950329,0.413176024997661
"8849",60,0,0.633366819593655,0.633366819593655,0.2349193129073
"8850",54,1,0.835618315736509,0.439566629942746,0.835618315736509
"8851",58,1,0.54007460442293,0.159280429705023,0.54007460442293
"8852",54,1,0.720515261010958,0.718835787654554,0.720515261010958
"8853",52,0,0.678511425622744,0.678511425622744,0.823689964087792
"8854",54,1,0.74581024988473,0.755274538332882,0.74581024988473
"8855",58,1,0.623018088074189,-0.0414451430863813,0.623018088074189
"8856",54,1,0.461532287308536,0.533172124241176,0.461532287308536
"8857",54,0,0.310510378219349,0.310510378219349,-0.00951543747086159
"8858",52,0,0.77348680943033,0.77348680943033,0.668526606054282
"8859",54,0,0.708335543001183,0.708335543001183,0.914207859903073
"8860",54,0,0.594838527603586,0.594838527603586,0.0638334280276387
"8861",56,1,0.883202839551528,0.644753373455843,0.883202839551528
"8862",54,1,0.807791928080691,0.343522044934567,0.807791928080691
"8863",58,0,0.20389269465609,0.20389269465609,0.750664104759056
"8864",54,0,0.318856459189809,0.318856459189809,0.456723064552317
"8865",60,0,-0.312654989478024,-0.312654989478024,0.345109905030291
"8866",56,1,0.507450340267379,0.373789980180664,0.507450340267379
"8867",58,0,-0.166471435202845,-0.166471435202845,0.623200713082987
"8868",56,1,0.792334604122489,0.303709267476721,0.792334604122489
"8869",54,1,0.563847607925334,0.847192639307736,0.563847607925334
"8870",58,1,0.00204470562915582,0.209880890230584,0.00204470562915582
"8871",56,0,-0.100987724074031,-0.100987724074031,0.574492107048334
"8872",54,0,0.422564147849423,0.422564147849423,0.801370946696176
"8873",56,0,0.842372232518669,0.842372232518669,0.696302768002614
"8874",56,0,1.00658747916061,1.00658747916061,0.311801787967465
"8875",60,1,0.885907632903157,0.0834634828696949,0.885907632903157
"8876",52,0,0.967099109329121,0.967099109329121,0.592943639542441
"8877",54,0,0.791252915626396,0.791252915626396,0.768761870454146
"8878",54,0,0.681507890820445,0.681507890820445,0.526362908875486
"8879",56,1,0.495864924415322,0.456363340497314,0.495864924415322
"8880",52,0,1.13953638922311,1.13953638922311,0.552668169170252
"8881",52,0,0.506365130066186,0.506365130066186,0.383127951322836
"8882",58,1,0.339230807671387,0.675181510095705,0.339230807671387
"8883",54,0,0.365684467869996,0.365684467869996,0.603403387241034
"8884",52,0,0.888310018744312,0.888310018744312,0.69556984384082
"8885",56,1,0.229080065176253,0.523601953407508,0.229080065176253
"8886",60,1,1.10437194679765,-0.39682089052692,1.10437194679765
"8887",50,0,1.08786709595911,1.08786709595911,1.37183553718786
"8888",52,1,1.14522918449005,0.83051808581737,1.14522918449005
"8889",58,0,-0.0245501276691547,-0.0245501276691547,0.485212497450173
"8890",56,0,0.0313625783580733,0.0313625783580733,0.484727520103159
"8891",54,0,0.484470482336423,0.484470482336423,0.556514915076605
"8892",52,1,1.15726565916062,0.737006461375602,1.15726565916062
"8893",54,0,0.731392417371369,0.731392417371369,0.715856009340439
"8894",58,0,0.167051915368193,0.167051915368193,0.498005100531547
"8895",50,0,1.07431815223808,1.07431815223808,1.04151569120361
"8896",56,0,0.286247784522935,0.286247784522935,0.620729657930664
"8897",56,0,0.615395649010474,0.615395649010474,0.573569388214888
"8898",60,0,0.0955399722121574,0.0955399722121574,0.502464459067379
"8899",58,0,0.273974423113391,0.273974423113391,0.150275712816683
"8900",52,1,0.955764199229957,1.06183594195387,0.955764199229957
"8901",58,0,-0.032227273215971,-0.032227273215971,0.839375912569387
"8902",52,0,0.585708164754607,0.585708164754607,0.977213582742582
"8903",50,1,0.818612024661208,1.09914763992328,0.818612024661208
"8904",58,1,0.324074135277699,-0.0823076007598023,0.324074135277699
"8905",54,0,0.675091764565276,0.675091764565276,0.603860100513123
"8906",52,0,0.620899757191493,0.620899757191493,0.238080622416685
"8907",54,0,0.620244604976398,0.620244604976398,0.593628206756555
"8908",54,0,0.69253468683484,0.69253468683484,0.839724907122011
"8909",56,1,0.418645408713352,0.0785865749017644,0.418645408713352
"8910",52,1,0.913157141892286,0.837836799540289,0.913157141892286
"8911",58,1,-0.00209409850593711,0.38781149470905,-0.00209409850593711
"8912",56,1,0.244169497300261,0.384975193336794,0.244169497300261
"8913",52,0,0.947892996542862,0.947892996542862,0.931954150964758
"8914",52,0,0.479546132212589,0.479546132212589,0.815642359825676
"8915",58,1,0.555349509710335,0.27284539824926,0.555349509710335
"8916",54,1,1.06578558798906,0.381657357044608,1.06578558798906
"8917",52,0,1.03387864474372,1.03387864474372,1.19121819480482
"8918",54,0,0.557751415253251,0.557751415253251,0.260454505990513
"8919",52,0,1.03119458598191,1.03119458598191,0.747942265889846
"8920",54,1,1.03270562463909,0.625749421501321,1.03270562463909
"8921",60,1,0.505908464920808,0.139986970091599,0.505908464920808
"8922",54,0,0.524192830617029,0.524192830617029,0.609289633336656
"8923",54,0,0.684383749169102,0.684383749169102,0.860069427091713
"8924",58,0,0.0477646881138125,0.0477646881138125,0.593919900853318
"8925",50,0,1.1821644945168,1.1821644945168,0.85819914084039
"8926",58,1,0.076814387056427,0.149486048708586,0.076814387056427
"8927",54,0,0.615739676891985,0.615739676891985,0.835804992108891
"8928",56,0,0.380689002915472,0.380689002915472,0.250730328659337
"8929",56,1,0.601844707573247,0.447576679287892,0.601844707573247
"8930",58,1,1.10604599287173,0.312473837366825,1.10604599287173
"8931",50,0,0.958483246924252,0.958483246924252,1.4468971030149
"8932",58,0,0.54543869013679,0.54543869013679,0.361268731809754
"8933",60,0,0.252357132515829,0.252357132515829,0.800485781159445
"8934",50,0,0.975263304941354,0.975263304941354,0.858948290443015
"8935",56,1,0.73865567528565,-0.090010119795767,0.73865567528565
"8936",58,1,0.512278266775146,0.121715771097426,0.512278266775146
"8937",54,0,0.670435726750665,0.670435726750665,0.735564314082749
"8938",54,1,0.28827929366225,0.927382312153471,0.28827929366225
"8939",52,0,0.85559945441633,0.85559945441633,0.927258921345453
"8940",56,1,0.676694010531015,0.440225831224559,0.676694010531015
"8941",52,1,0.268550375651927,0.804399634074703,0.268550375651927
"8942",52,0,0.94331800390579,0.94331800390579,1.03942945461081
"8943",58,0,0.407672085897572,0.407672085897572,0.233520717040887
"8944",58,0,0.42045862861769,0.42045862861769,0.423623693167352
"8945",54,1,0.706034719004954,0.56942408610193,0.706034719004954
"8946",56,0,0.928819315171855,0.928819315171855,0.305573567373429
"8947",60,1,0.861095223070995,-0.141693204289389,0.861095223070995
"8948",54,0,0.772324001301893,0.772324001301893,0.233424907143098
"8949",52,0,1.1091768303313,1.1091768303313,0.786122567600186
"8950",50,0,1.39087254267088,1.39087254267088,0.970185349153958
"8951",54,0,0.594599721924132,0.594599721924132,1.12395115420654
"8952",56,1,0.155341072742045,0.921646721872099,0.155341072742045
"8953",50,0,1.14995172699903,1.14995172699903,0.987198871542622
"8954",58,1,0.20168432195621,0.259153576338801,0.20168432195621
"8955",54,0,0.470504301108661,0.470504301108661,0.907965768115465
"8956",60,0,-0.401727510346887,-0.401727510346887,0.845771448795255
"8957",60,0,-0.274439221211458,-0.274439221211458,0.222502245937377
"8958",60,1,-0.0964634449462376,0.408717790907507,-0.0964634449462376
"8959",54,0,0.544972498295164,0.544972498295164,0.324388963032781
"8960",58,0,-0.108598404323419,-0.108598404323419,0.209938867656486
"8961",58,0,0.250845445053162,0.250845445053162,0.294131349496068
"8962",56,1,0.256872773908928,-0.138538306846351,0.256872773908928
"8963",58,0,0.29567607312448,0.29567607312448,0.504956605480735
"8964",52,0,0.694651523510245,0.694651523510245,0.954498981184107
"8965",56,0,-0.156251406436394,-0.156251406436394,0.656516861792239
"8966",56,0,0.0870594927562583,0.0870594927562583,0.245454696757049
"8967",54,0,0.434195257440966,0.434195257440966,1.08397691666361
"8968",52,1,1.23785680355151,0.841300010074908,1.23785680355151
"8969",56,0,0.529620541819395,0.529620541819395,0.377455432724262
"8970",54,1,0.540280854719522,0.672683927326943,0.540280854719522
"8971",58,0,0.300235091194799,0.300235091194799,0.656153250739755
"8972",56,0,0.682782439973885,0.682782439973885,0.334647675096226
"8973",54,0,0.451805343063558,0.451805343063558,0.572424475956041
"8974",58,1,0.441490467205484,0.624047766213725,0.441490467205484
"8975",56,1,0.717763395863657,-0.053146910870855,0.717763395863657
"8976",56,0,0.142198624856189,0.142198624856189,0.825334947305269
"8977",50,0,1.49581921720407,1.49581921720407,0.964378539398066
"8978",58,1,0.427047036442585,0.13307503130337,0.427047036442585
"8979",56,1,0.232338780067127,0.572241002278242,0.232338780067127
"8980",54,1,0.684045758163075,0.493252961592407,0.684045758163075
"8981",56,1,0.898206099126464,0.054705361041371,0.898206099126464
"8982",56,1,0.446747876829556,0.172155902111624,0.446747876829556
"8983",60,0,-0.20696611386986,-0.20696611386986,0.634670281568954
"8984",50,0,1.36218307121237,1.36218307121237,1.28754885853007
"8985",54,0,0.959408942553124,0.959408942553124,0.94546257426616
"8986",50,1,0.817387715617002,1.17531199114028,0.817387715617002
"8987",58,1,0.437024170431104,0.385593569027109,0.437024170431104
"8988",50,0,0.95168773164767,0.95168773164767,0.653533726552476
"8989",56,0,0.801828689324978,0.801828689324978,0.650342934689155
"8990",52,1,1.20729607119458,0.802152809593743,1.20729607119458
"8991",60,1,0.332903564693487,0.100528000808289,0.332903564693487
"8992",56,0,0.554605214545684,0.554605214545684,0.826366242297153
"8993",56,0,0.201494953764654,0.201494953764654,0.963869737306424
"8994",58,0,0.480656345686182,0.480656345686182,0.575685918634521
"8995",52,1,0.534144051385496,0.762140508291744,0.534144051385496
"8996",58,0,0.0705735085429813,0.0705735085429813,0.685081242877736
"8997",54,0,0.300195478784406,0.300195478784406,0.588291380438168
"8998",58,0,0.358288785713617,0.358288785713617,0.159581929390131
"8999",52,0,1.15610847519594,1.15610847519594,0.754998235701013
"9000",54,0,0.354284412052763,0.354284412052763,1.1855583873373
"9001",60,0,-0.51942810161912,-0.51942810161912,0.365623424965602
"9002",60,0,-0.113615228635392,-0.113615228635392,1.06984306533886
"9003",52,1,1.17802281401194,0.758610021306075,1.17802281401194
"9004",52,0,1.0244130219102,1.0244130219102,0.964329809293346
"9005",50,0,0.992627711004111,0.992627711004111,1.25465707895506
"9006",58,0,0.664597107681851,0.664597107681851,0.455178783522677
"9007",52,0,0.497809582005446,0.497809582005446,0.787284922142324
"9008",58,0,-0.225527072324053,-0.225527072324053,1.0995740636651
"9009",50,0,0.796426089104026,0.796426089104026,0.551206404806426
"9010",52,1,1.02669240271384,1.11752914452215,1.02669240271384
"9011",58,0,0.307071273528518,0.307071273528518,0.704546869934979
"9012",58,1,0.417424302173033,0.0505302185521636,0.417424302173033
"9013",60,1,0.800279732967988,-0.132222362755317,0.800279732967988
"9014",58,0,0.268260737138841,0.268260737138841,0.679021769232316
"9015",58,1,0.402841684709482,0.0256791908125333,0.402841684709482
"9016",52,0,1.05505426964748,1.05505426964748,1.16237743345597
"9017",60,1,0.3660503036257,0.105772981182093,0.3660503036257
"9018",50,0,0.838375878224696,0.838375878224696,0.812399606093876
"9019",54,0,0.690299386610014,0.690299386610014,0.577099090814775
"9020",52,0,0.918907418514444,0.918907418514444,0.612865061929937
"9021",58,0,0.0352900947188372,0.0352900947188372,0.382012145658138
"9022",54,0,0.593177649672661,0.593177649672661,0.0860585496930539
"9023",50,1,1.10166660813923,0.923057675736943,1.10166660813923
"9024",58,0,0.409809577810545,0.409809577810545,0.403535928450378
"9025",54,0,0.766022263895437,0.766022263895437,0.583551151289835
"9026",52,0,0.561011386396963,0.561011386396963,0.917234781075859
"9027",54,0,0.250679755617687,0.250679755617687,0.466749453429536
"9028",54,1,0.966062249512324,0.554164917856156,0.966062249512324
"9029",52,1,1.10148098324755,0.745818739372317,1.10148098324755
"9030",58,0,0.348042344273427,0.348042344273427,0.327875741132576
"9031",56,1,0.749734482016664,0.461763718037111,0.749734482016664
"9032",58,1,0.345015450335614,0.228248996267303,0.345015450335614
"9033",54,1,0.686662843905433,0.395780721684624,0.686662843905433
"9034",56,1,0.761637458736191,0.0141043859042898,0.761637458736191
"9035",54,0,0.648672241124365,0.648672241124365,0.838070351849714
"9036",58,0,0.0695385649366237,0.0695385649366237,0.77604203389728
"9037",56,0,0.363112770661301,0.363112770661301,0.884420245804211
"9038",60,0,-0.315928564076047,-0.315928564076047,0.571178684854305
"9039",56,0,0.308026352899099,0.308026352899099,0.368750395075483
"9040",56,0,-0.048125300584475,-0.048125300584475,0.930912601069661
"9041",56,1,0.276808837375996,0.424258346017815,0.276808837375996
"9042",60,1,0.182433426235377,-0.379072079932501,0.182433426235377
"9043",52,1,0.859210105146023,0.829822106134762,0.859210105146023
"9044",54,0,0.200591004669993,0.200591004669993,0.732553788546952
"9045",56,0,0.0256820556528205,0.0256820556528205,0.642778015898698
"9046",56,0,0.300505107854899,0.300505107854899,0.64531895081055
"9047",52,0,0.893259500546314,0.893259500546314,0.695748843051743
"9048",56,0,0.156099103667652,0.156099103667652,0.675305845908562
"9049",56,1,0.825374086306787,0.435115387507601,0.825374086306787
"9050",54,0,0.299569263455251,0.299569263455251,0.605723091492617
"9051",50,0,0.985630509678639,0.985630509678639,1.06362608527902
"9052",56,1,0.588877405556654,0.115117039543719,0.588877405556654
"9053",60,0,-0.0848586789355159,-0.0848586789355159,0.681531638733074
"9054",50,0,1.28978522494696,1.28978522494696,0.774680527214657
"9055",56,0,0.563058403686033,0.563058403686033,0.369993999978453
"9056",52,1,1.00545590358484,0.774997866947523,1.00545590358484
"9057",50,0,0.916018559619232,0.916018559619232,1.09869733191802
"9058",54,0,0.309384738054862,0.309384738054862,0.688902741566636
"9059",54,0,0.734458113579249,0.734458113579249,0.549598659941953
"9060",50,0,0.732548399436172,0.732548399436172,0.792539026300945
"9061",50,0,0.742043002973948,0.742043002973948,1.01440945344341
"9062",54,0,0.603173207800908,0.603173207800908,0.828584410076027
"9063",56,0,0.346755456950289,0.346755456950289,0.646806134241478
"9064",60,1,0.354870489546669,-0.0112001516169808,0.354870489546669
"9065",50,0,1.28366801756537,1.28366801756537,0.602716352346002
"9066",56,0,0.208192080936709,0.208192080936709,0.87203458328672
"9067",54,0,0.684358145089417,0.684358145089417,0.953637864414731
"9068",54,1,1.17068350188846,0.636248857210828,1.17068350188846
"9069",54,0,0.91465385412908,0.91465385412908,1.0052820182095
"9070",58,1,0.115204092424684,-0.233383236351632,0.115204092424684
"9071",54,1,0.500449147227481,0.49471656614139,0.500449147227481
"9072",58,0,0.161706756934319,0.161706756934319,1.09624007092796
"9073",52,1,0.525298360280407,0.786657522801355,0.525298360280407
"9074",58,1,0.359100020965214,0.169190764497355,0.359100020965214
"9075",58,0,0.231551608411735,0.231551608411735,0.275457394581534
"9076",50,0,1.19065776932785,1.19065776932785,0.599852138785874
"9077",58,1,0.337765159775869,0.319816297269976,0.337765159775869
"9078",52,0,0.0803040435236355,0.0803040435236355,1.22557669745082
"9079",50,1,0.586671088606519,0.674974745787478,0.586671088606519
"9080",56,0,0.454395124705677,0.454395124705677,0.561265544813516
"9081",54,1,0.333229998230668,0.243978333410488,0.333229998230668
"9082",56,0,0.182575756234464,0.182575756234464,0.730128549258577
"9083",52,1,1.03664713708739,1.03558047868045,1.03664713708739
"9084",52,1,0.833949086679698,0.583164587815576,0.833949086679698
"9085",52,0,1.34559653523995,1.34559653523995,1.09956283697769
"9086",60,0,-0.268880200730043,-0.268880200730043,0.246342672483964
"9087",58,0,-0.313691078662629,-0.313691078662629,0.386910277946714
"9088",54,0,0.848067816703811,0.848067816703811,0.167339909028783
"9089",50,0,1.35144835744841,1.35144835744841,0.860644486785821
"9090",54,0,0.329963680260466,0.329963680260466,0.180901709997033
"9091",58,0,0.177161475367723,0.177161475367723,0.326237017298578
"9092",58,0,0.376419224620515,0.376419224620515,0.903266120141579
"9093",52,0,0.811459586044143,0.811459586044143,0.518258600482494
"9094",58,1,0.415127810551349,0.0914080687797616,0.415127810551349
"9095",56,1,0.829982769571705,0.750589025774941,0.829982769571705
"9096",58,1,0.379233523565823,-0.0832486908051208,0.379233523565823
"9097",60,1,1.00847651094204,-0.464884876032623,1.00847651094204
"9098",50,1,1.09999466606352,1.26482346974521,1.09999466606352
"9099",56,1,0.123421213912631,0.313382087520789,0.123421213912631
"9100",50,1,1.02506447796988,0.952472154296526,1.02506447796988
"9101",52,0,0.714693942902371,0.714693942902371,0.324454764935613
"9102",54,0,-0.00465973114631402,-0.00465973114631402,0.770170972547663
"9103",58,0,0.476105299300772,0.476105299300772,0.496067369852022
"9104",56,1,0.399169600560278,0.254456276864314,0.399169600560278
"9105",52,1,0.789597892612029,0.643494948506175,0.789597892612029
"9106",58,1,0.501258662128138,0.671499100444794,0.501258662128138
"9107",60,0,-0.299854502886678,-0.299854502886678,0.799332165547718
"9108",58,0,0.477483704375309,0.477483704375309,0.165801423941795
"9109",58,0,0.0206829045059815,0.0206829045059815,0.229021286328711
"9110",56,1,0.443042875299497,0.395271972558812,0.443042875299497
"9111",56,1,0.515188437040771,0.16006161552307,0.515188437040771
"9112",56,1,0.713981675657824,0.321036315503882,0.713981675657824
"9113",56,1,0.716870477838854,0.0464437364226478,0.716870477838854
"9114",58,0,-0.0482245329429032,-0.0482245329429032,0.418183336336943
"9115",54,0,1.15409633982774,1.15409633982774,0.730871806644445
"9116",58,0,0.293879974070778,0.293879974070778,0.879750778281643
"9117",50,0,1.19151819635486,1.19151819635486,0.740666376819892
"9118",56,1,-0.0781159270626212,0.0679762749661012,-0.0781159270626212
"9119",60,1,0.53039891179103,-0.0206784668711644,0.53039891179103
"9120",52,0,0.503331976105904,0.503331976105904,0.690966279360902
"9121",56,0,0.892074918289564,0.892074918289564,0.291354561405619
"9122",58,0,-0.0355053640866764,-0.0355053640866764,0.571203912135862
"9123",52,0,0.836049527227993,0.836049527227993,0.976724837949544
"9124",52,1,0.590889597603408,0.606165532006722,0.590889597603408
"9125",54,0,0.572767116193713,0.572767116193713,0.552868287665736
"9126",54,0,0.507180590351779,0.507180590351779,0.789076925572963
"9127",52,0,0.763129068491916,0.763129068491916,0.896736338031309
"9128",60,1,0.636854067106262,0.179354646881737,0.636854067106262
"9129",56,0,0.0766023153270448,0.0766023153270448,0.717939622591937
"9130",58,0,0.545415501808503,0.545415501808503,0.440882628032678
"9131",52,0,1.02121462420095,1.02121462420095,1.08141450463812
"9132",58,1,0.606398737960447,0.21832827270879,0.606398737960447
"9133",50,0,0.622895372628347,0.622895372628347,1.50438434509794
"9134",56,1,-0.130716373522785,0.252727396831992,-0.130716373522785
"9135",54,1,0.450612094416959,0.399678535803107,0.450612094416959
"9136",52,0,0.348115475552226,0.348115475552226,0.994079419281855
"9137",50,0,1.31745289616554,1.31745289616554,1.59829044292344
"9138",58,1,0.468389049604913,0.276983499129449,0.468389049604913
"9139",54,0,0.414036206253022,0.414036206253022,0.97452452698241
"9140",56,0,0.575020496306754,0.575020496306754,0.456279673310231
"9141",52,0,0.707988924397302,0.707988924397302,0.772512578888251
"9142",52,1,1.01246774898584,0.455280259086742,1.01246774898584
"9143",58,0,0.251051096609921,0.251051096609921,-0.0681140228817974
"9144",56,1,0.195653939586875,0.279496816365484,0.195653939586875
"9145",56,0,0.564573072904057,0.564573072904057,0.453883486624274
"9146",58,0,0.00138993531749654,0.00138993531749654,0.405918493597774
"9147",60,0,-0.256164392564946,-0.256164392564946,0.586624726860561
"9148",56,1,0.346710997552694,0.38328299884668,0.346710997552694
"9149",54,0,1.01395625700761,1.01395625700761,0.0174072441868176
"9150",58,0,-0.0256895416752392,-0.0256895416752392,0.41575296618924
"9151",50,1,0.449372854064975,0.824461088211875,0.449372854064975
"9152",58,1,0.920857028280204,0.428099704494567,0.920857028280204
"9153",54,0,0.502374114702609,0.502374114702609,0.565383321749176
"9154",50,0,0.955366840970068,0.955366840970068,1.09655207083213
"9155",58,1,0.836602261351798,0.00850194445650174,0.836602261351798
"9156",56,0,0.279267441703902,0.279267441703902,0.664701606629095
"9157",54,0,0.231889575149922,0.231889575149922,0.739845825740978
"9158",56,0,0.122751990640192,0.122751990640192,0.608668436418859
"9159",58,1,0.642059384238958,0.16504921609496,0.642059384238958
"9160",50,1,1.26829011153773,0.917312104838268,1.26829011153773
"9161",54,0,0.511622035522021,0.511622035522021,0.327367661510925
"9162",54,0,0.772588058543163,0.772588058543163,0.579958856501047
"9163",56,0,0.519159460590294,0.519159460590294,0.919022687019435
"9164",54,0,1.20211307611371,1.20211307611371,0.669531991024581
"9165",56,1,0.205834529059317,0.82814768344639,0.205834529059317
"9166",60,0,-0.0350431210489818,-0.0350431210489818,0.104914933063884
"9167",54,0,0.701147200674254,0.701147200674254,0.800694600901803
"9168",54,1,1.09225549856659,0.253862907536085,1.09225549856659
"9169",52,0,0.498256669341853,0.498256669341853,1.3275985017622
"9170",56,0,0.270658895770068,0.270658895770068,0.485743107965779
"9171",50,0,0.625517620980108,0.625517620980108,1.20622941951439
"9172",58,0,-0.457498449403753,-0.457498449403753,0.749837669607208
"9173",52,0,1.29702261083222,1.29702261083222,0.726038530024415
"9174",54,0,0.71044201817009,0.71044201817009,0.488328234207542
"9175",58,1,0.706038798127202,0.565927957707829,0.706038798127202
"9176",58,0,0.157518532950186,0.157518532950186,0.297652005137795
"9177",60,0,0.0573566944036196,0.0573566944036196,0.727494486816878
"9178",52,0,1.01315101841274,1.01315101841274,0.462916963304858
"9179",56,0,0.395138291010983,0.395138291010983,0.462877394476078
"9180",50,0,1.15765407703215,1.15765407703215,1.01366390922356
"9181",50,0,0.951957766466333,0.951957766466333,0.600221227632036
"9182",58,0,-0.192225340081976,-0.192225340081976,0.798298166637509
"9183",58,0,0.218782609969608,0.218782609969608,0.490877308898034
"9184",50,0,1.1152783357237,1.1152783357237,1.55101726861341
"9185",52,0,0.645211815762099,0.645211815762099,0.960835224828201
"9186",52,1,0.795817052993007,0.673426784826443,0.795817052993007
"9187",54,0,0.552084550900393,0.552084550900393,0.66369474349148
"9188",60,0,0.301269299461883,0.301269299461883,0.717029994645422
"9189",56,0,0.342200946838975,0.342200946838975,0.367129123135868
"9190",52,1,0.604457980813377,0.75336592056534,0.604457980813377
"9191",56,1,0.479407108935367,0.170460784921889,0.479407108935367
"9192",58,1,0.502806216584497,-0.240061844629239,0.502806216584497
"9193",56,1,0.878447935815402,0.0250686396040982,0.878447935815402
"9194",58,0,0.31260261265656,0.31260261265656,0.505976906469955
"9195",54,0,0.567661424849317,0.567661424849317,0.393327303305258
"9196",56,0,0.525428220561762,0.525428220561762,0.803106614697319
"9197",52,0,0.836744207843439,0.836744207843439,0.727147305190525
"9198",58,0,0.504640391552688,0.504640391552688,0.490001462744306
"9199",58,0,0.368349931514429,0.368349931514429,0.00644587255760398
"9200",54,1,1.23324559836607,0.641752049318182,1.23324559836607
"9201",52,0,1.07621793537368,1.07621793537368,0.874956205021175
"9202",56,0,0.577767279620402,0.577767279620402,0.194694736638212
"9203",50,1,1.10075167157914,0.860620228547664,1.10075167157914
"9204",52,1,1.02084990760366,0.873822355627421,1.02084990760366
"9205",56,1,1.01120717277976,0.20195148324368,1.01120717277976
"9206",60,0,-0.0960072196678062,-0.0960072196678062,0.446470524153075
"9207",52,0,1.03035170920787,1.03035170920787,0.654629822171326
"9208",54,0,0.502879424337533,0.502879424337533,0.40607078343352
"9209",56,1,0.550518826846023,0.369396819139077,0.550518826846023
"9210",54,0,0.325752646135941,0.325752646135941,0.825779643348002
"9211",58,1,0.434983453098913,0.297637655085539,0.434983453098913
"9212",56,0,0.503727019477184,0.503727019477184,0.51974628869463
"9213",56,0,0.206506220301407,0.206506220301407,0.458914174495947
"9214",58,1,0.00248011155517425,0.0581169387430724,0.00248011155517425
"9215",56,0,0.491946282443811,0.491946282443811,0.600410477405305
"9216",50,0,1.0356855197593,1.0356855197593,0.956729860787596
"9217",52,0,0.82345343780852,0.82345343780852,1.23186096166844
"9218",56,1,0.104721676751176,0.467745136279729,0.104721676751176
"9219",58,0,0.634689419679838,0.634689419679838,0.423468598229907
"9220",52,1,0.993167746088005,0.922045166050462,0.993167746088005
"9221",54,0,0.129746146926707,0.129746146926707,0.709290969980904
"9222",58,0,-0.0528529075052501,-0.0528529075052501,0.537211235378876
"9223",60,0,-0.272876088731872,-0.272876088731872,0.811982474935506
"9224",58,1,0.511565406890695,0.170690071509451,0.511565406890695
"9225",54,0,0.0575310675749381,0.0575310675749381,0.633048627249995
"9226",54,0,0.637290518932132,0.637290518932132,0.702056536689334
"9227",60,1,0.28351335845193,0.567918919587746,0.28351335845193
"9228",50,0,1.06870144953176,1.06870144953176,0.937118360006141
"9229",52,1,0.561760390867826,0.869768885927147,0.561760390867826
"9230",60,0,-0.545392576738654,-0.545392576738654,0.232555453716838
"9231",52,0,0.976647906509224,0.976647906509224,0.562877553092826
"9232",58,0,-0.28521783486131,-0.28521783486131,0.578394089995377
"9233",56,0,0.779744027256558,0.779744027256558,0.624490019636515
"9234",56,0,0.497896761802944,0.497896761802944,0.616412172886008
"9235",50,1,0.99711748744588,1.11566238805982,0.99711748744588
"9236",52,0,1.0091197256314,1.0091197256314,0.789248303171282
"9237",58,0,-0.135828258188417,-0.135828258188417,0.47601251766223
"9238",52,1,0.860291384737271,1.18546800138054,0.860291384737271
"9239",54,1,0.836340557504414,0.855627021390352,0.836340557504414
"9240",58,1,0.313562846428068,0.0248018281462764,0.313562846428068
"9241",54,0,0.0435550208085597,0.0435550208085597,0.806341159385895
"9242",52,1,0.97132629552937,0.30828717658514,0.97132629552937
"9243",56,1,0.839055423575753,0.367787412927064,0.839055423575753
"9244",54,1,0.259866247180783,0.495612909333823,0.259866247180783
"9245",54,0,0.686754672126522,0.686754672126522,0.271032972679851
"9246",60,0,-0.0597523379330466,-0.0597523379330466,0.329710769612297
"9247",58,0,-0.11170959989558,-0.11170959989558,0.480262147522966
"9248",56,1,0.491176950242887,0.469474634902174,0.491176950242887
"9249",56,0,-0.192207653074838,-0.192207653074838,0.292840293820099
"9250",54,1,0.332305006804096,0.596231109235099,0.332305006804096
"9251",58,1,0.892298769399599,0.527861503102931,0.892298769399599
"9252",52,0,0.496953814934515,0.496953814934515,0.951353120081607
"9253",58,0,0.171580445977603,0.171580445977603,0.148680856464974
"9254",50,0,1.29585774067298,1.29585774067298,1.03799100735689
"9255",52,0,1.33266689560899,1.33266689560899,0.797501377550435
"9256",60,0,-0.0484395168863957,-0.0484395168863957,0.148959323118067
"9257",60,0,-0.568274012475467,-0.568274012475467,0.301121090911344
"9258",50,1,0.750132859959738,1.35273366006971,0.750132859959738
"9259",56,0,0.560256462080704,0.560256462080704,0.192179778533223
"9260",50,0,0.747639810133512,0.747639810133512,0.980290358073333
"9261",54,0,0.18154533649688,0.18154533649688,0.932564400261228
"9262",52,1,1.00833003902452,1.07155912626014,1.00833003902452
"9263",56,0,0.365988532168796,0.365988532168796,0.743786868862355
"9264",58,1,0.648560164390893,0.121207418388538,0.648560164390893
"9265",50,0,1.26208974133943,1.26208974133943,1.31633537521335
"9266",54,0,0.542346616869663,0.542346616869663,1.06571361167206
"9267",54,0,0.348256674661499,0.348256674661499,0.96096957607146
"9268",58,0,0.114769361510397,0.114769361510397,0.600284235057277
"9269",54,0,0.436867017186501,0.436867017186501,1.2014995884207
"9270",60,0,-0.0695788983455439,-0.0695788983455439,0.45523479622473
"9271",60,1,0.759686181796907,-0.0375119757996754,0.759686181796907
"9272",56,0,0.449163209825741,0.449163209825741,1.02397712622783
"9273",60,0,0.251544517019113,0.251544517019113,0.363903343444689
"9274",56,1,0.676432520794484,0.628131455649647,0.676432520794484
"9275",56,0,0.502593915308037,0.502593915308037,0.0602239201682372
"9276",60,1,0.646693298705144,0.601017897486503,0.646693298705144
"9277",54,0,0.719802671876876,0.719802671876876,0.347904423230914
"9278",58,0,0.775724272354552,0.775724272354552,0.68901528283182
"9279",58,1,0.463655317922727,0.243701958755451,0.463655317922727
"9280",52,0,0.605787509885084,0.605787509885084,0.873552084050684
"9281",54,1,0.585049984510159,0.474334570666664,0.585049984510159
"9282",56,1,0.764074873140971,-0.104195731483263,0.764074873140971
"9283",56,1,0.31223467388504,0.446585186255254,0.31223467388504
"9284",58,0,0.0043743004319983,0.0043743004319983,0.197147227066394
"9285",52,1,0.892389117175544,0.543847195997906,0.892389117175544
"9286",54,1,0.913592159930603,0.583993067299916,0.913592159930603
"9287",60,1,0.109427102672788,0.00560054415706191,0.109427102672788
"9288",54,0,0.577004584811733,0.577004584811733,0.423978550225473
"9289",60,1,0.592678123719248,0.177665909594448,0.592678123719248
"9290",50,0,1.02972884715216,1.02972884715216,1.16400022069108
"9291",56,0,0.498089333874105,0.498089333874105,0.694400660337187
"9292",58,1,0.368145024322733,0.340403315190798,0.368145024322733
"9293",54,1,0.652475840812306,0.491534842303368,0.652475840812306
"9294",52,0,1.19165580482297,1.19165580482297,0.437619914804192
"9295",52,0,0.94858596740592,0.94858596740592,1.06189449127028
"9296",50,0,0.567031497895047,0.567031497895047,1.41802820273188
"9297",54,0,0.447509055802333,0.447509055802333,1.35696408405306
"9298",54,0,0.401144737165119,0.401144737165119,1.23887436147783
"9299",54,0,0.799187897263448,0.799187897263448,0.524732076140728
"9300",58,0,0.0936579861600183,0.0936579861600183,0.546385244435077
"9301",56,1,0.265989397370273,0.183145693599517,0.265989397370273
"9302",54,0,0.59610948600028,0.59610948600028,0.45141097268354
"9303",56,0,0.248202974843828,0.248202974843828,0.285007429987331
"9304",56,1,0.780030840176632,0.516677097590029,0.780030840176632
"9305",58,1,0.649793707510402,0.501523328269609,0.649793707510402
"9306",52,1,0.748748788301566,0.994602340604315,0.748748788301566
"9307",60,1,0.665836679930384,-0.150866495681351,0.665836679930384
"9308",54,1,0.652797866280843,0.668662517161508,0.652797866280843
"9309",56,0,0.342427724587969,0.342427724587969,1.0235564480512
"9310",52,0,0.793184230863006,0.793184230863006,0.592887125320986
"9311",56,0,0.0608799664069045,0.0608799664069045,0.890741039415268
"9312",52,0,0.513906863359965,0.513906863359965,0.705738869448336
"9313",54,0,0.257072529617367,0.257072529617367,0.313580950110706
"9314",56,0,0.597238650331442,0.597238650331442,0.389373663429711
"9315",56,0,0.195410739973232,0.195410739973232,0.892736387915795
"9316",60,1,-0.0100583665798638,0.215446970700877,-0.0100583665798638
"9317",52,0,0.832681007426232,0.832681007426232,0.473570479184938
"9318",56,0,0.413188954928879,0.413188954928879,0.257792975772626
"9319",52,0,0.688587028277889,0.688587028277889,0.83770315609294
"9320",56,0,0.394435366776828,0.394435366776828,1.11775811933233
"9321",58,1,0.257775528101245,0.181194923067445,0.257775528101245
"9322",54,1,1.15613990709732,0.926761131172586,1.15613990709732
"9323",54,0,0.648583559781234,0.648583559781234,1.11130428980199
"9324",50,0,1.37005763515499,1.37005763515499,1.37788593136881
"9325",56,0,0.0795064323506881,0.0795064323506881,0.69688317882957
"9326",54,0,0.754202914217177,0.754202914217177,0.968802424137383
"9327",54,0,0.624592079444664,0.624592079444664,0.341664227645782
"9328",52,0,0.777266616338039,0.777266616338039,1.02932327261549
"9329",56,0,0.0416907506162901,0.0416907506162901,0.774064362807398
"9330",60,1,0.381669534591784,0.061409792800505,0.381669534591784
"9331",52,0,0.541094457857738,0.541094457857738,1.22914318963338
"9332",50,0,0.823267045334128,0.823267045334128,1.00651657312853
"9333",58,0,0.106720675084207,0.106720675084207,0.389384258016214
"9334",50,0,1.25162151616216,1.25162151616216,0.890663035864952
"9335",56,1,0.5808806748172,0.487674486184244,0.5808806748172
"9336",60,0,-0.0149576620022257,-0.0149576620022257,0.767276230449349
"9337",56,0,0.483114698102662,0.483114698102662,0.486488962632669
"9338",58,1,0.700130146276261,0.718097246747721,0.700130146276261
"9339",52,0,0.653980873077389,0.653980873077389,0.909106160121756
"9340",54,0,0.360820988278981,0.360820988278981,0.950678996366304
"9341",56,1,0.802919592581941,0.856755360130873,0.802919592581941
"9342",58,0,0.554383785495832,0.554383785495832,0.678235860383449
"9343",54,0,0.4062510323227,0.4062510323227,0.589128409392985
"9344",52,0,0.824111466927286,0.824111466927286,0.791771525445711
"9345",60,1,0.967255977227586,0.037194544724667,0.967255977227586
"9346",52,0,0.670858502015657,0.670858502015657,0.937094833465107
"9347",60,0,-0.155299465436735,-0.155299465436735,0.66097902458991
"9348",56,0,0.28131797201146,0.28131797201146,0.735104281179434
"9349",56,1,0.388716575418705,0.870977473825296,0.388716575418705
"9350",52,1,1.14949607519167,0.666885101690145,1.14949607519167
"9351",52,0,0.593393716462265,0.593393716462265,1.06772724135009
"9352",58,0,-0.134681686324667,-0.134681686324667,0.485846093871366
"9353",58,0,0.0570217483654697,0.0570217483654697,0.93637093023708
"9354",52,0,1.07497749410525,1.07497749410525,0.834051033989012
"9355",58,1,0.758365394957515,0.483601460408434,0.758365394957515
"9356",52,0,0.810537800342532,0.810537800342532,0.722942875268324
"9357",52,0,0.426581817405882,0.426581817405882,0.51068832835908
"9358",60,0,0.0142636351271507,0.0142636351271507,0.429414977231117
"9359",60,0,0.271624565716295,0.271624565716295,0.99056482018076
"9360",54,0,0.502726984815265,0.502726984815265,0.823477802331924
"9361",54,0,0.861309670648528,0.861309670648528,0.681418621070785
"9362",54,0,0.462528885553882,0.462528885553882,0.50252455721977
"9363",52,0,0.608903924443982,0.608903924443982,1.07402566044089
"9364",52,0,0.526335673965462,0.526335673965462,0.675156333347158
"9365",58,0,-0.0121453729054124,-0.0121453729054124,0.495138433394596
"9366",54,0,0.706070312908842,0.706070312908842,0.2318145900106
"9367",56,0,0.415042242724733,0.415042242724733,0.514096994670368
"9368",54,0,0.828407945643619,0.828407945643619,0.312935816540379
"9369",50,0,0.809911002998239,0.809911002998239,1.04071116614854
"9370",58,1,0.741501434477913,0.0871834240409938,0.741501434477913
"9371",52,0,0.751804017633052,0.751804017633052,0.677893674122751
"9372",58,0,0.606214389276718,0.606214389276718,0.434323082458962
"9373",52,1,1.01632407525742,0.379894792289282,1.01632407525742
"9374",58,1,0.0371463255325797,0.135149387194916,0.0371463255325797
"9375",52,0,0.744360260473404,0.744360260473404,0.541607825892349
"9376",54,0,0.799987516762311,0.799987516762311,0.985154426572488
"9377",58,1,0.5461049681254,0.150900777467857,0.5461049681254
"9378",54,1,0.674449121540804,0.47537794929536,0.674449121540804
"9379",54,0,0.681395818869732,0.681395818869732,0.767521920378847
"9380",52,1,0.551459657971355,0.623947258788081,0.551459657971355
"9381",60,0,0.251297288488003,0.251297288488003,0.795245455908777
"9382",54,1,0.788181946683098,0.441431171925715,0.788181946683098
"9383",58,0,0.253896102312742,0.253896102312742,0.767344232080109
"9384",56,1,0.150759110616431,0.794336152396846,0.150759110616431
"9385",60,1,0.550749331531378,-0.0792860231854525,0.550749331531378
"9386",58,1,0.580215321307637,0.560629267369605,0.580215321307637
"9387",58,1,0.230084501551383,-0.0429717820758179,0.230084501551383
"9388",52,0,0.72101675908926,0.72101675908926,1.09376587168928
"9389",54,0,0.662456184536353,0.662456184536353,0.999997563110254
"9390",58,0,0.388429911424146,0.388429911424146,0.41109325850729
"9391",56,0,0.615191071762716,0.615191071762716,0.521574343998338
"9392",60,0,0.0322876491439502,0.0322876491439502,0.587027504117329
"9393",60,1,0.57558924925127,0.364542304620817,0.57558924925127
"9394",58,0,0.0869051449484052,0.0869051449484052,0.415403393847166
"9395",56,0,0.667879086317257,0.667879086317257,0.735373389497661
"9396",60,1,0.362964318543876,-0.142998364061038,0.362964318543876
"9397",52,1,0.907809216393785,0.776028478905472,0.907809216393785
"9398",52,0,0.959836440665646,0.959836440665646,1.081230550996
"9399",58,1,1.05752494349087,0.110117426603467,1.05752494349087
"9400",52,0,1.21273664521915,1.21273664521915,0.742577895077045
"9401",54,0,0.423039188242015,0.423039188242015,0.66334036511185
"9402",60,0,0.131475731931807,0.131475731931807,-0.115773595176343
"9403",58,1,0.638129459836604,0.208578586306262,0.638129459836604
"9404",56,1,0.41591525647658,0.132859260950658,0.41591525647658
"9405",58,1,0.671292380471922,0.245893671275285,0.671292380471922
"9406",50,0,1.34362094907618,1.34362094907618,1.50652573491193
"9407",58,1,0.667744736378239,0.128314138361797,0.667744736378239
"9408",58,1,0.153955295772627,0.555750811421513,0.153955295772627
"9409",54,1,0.891170359264374,1.00511300971551,0.891170359264374
"9410",58,0,0.540109477091956,0.540109477091956,0.108442073706475
"9411",54,0,0.640910953174071,0.640910953174071,0.127624331240162
"9412",58,0,0.218477847690422,0.218477847690422,0.426983165280984
"9413",60,0,-0.335374095061531,-0.335374095061531,0.252513902933994
"9414",58,1,0.811755562363283,0.0958716993917433,0.811755562363283
"9415",56,1,0.301594097012425,0.307176813837643,0.301594097012425
"9416",60,0,-0.208301059626383,-0.208301059626383,0.44986681687758
"9417",52,0,0.874720356719749,0.874720356719749,0.580290720136893
"9418",60,0,0.427943055248376,0.427943055248376,0.579324186425821
"9419",54,0,0.444138414892018,0.444138414892018,1.05230817183739
"9420",52,0,0.732029980235475,0.732029980235475,0.680528557154023
"9421",54,0,0.601782452420712,0.601782452420712,0.891581271762069
"9422",60,0,0.605798813579006,0.605798813579006,0.42762510881223
"9423",52,0,1.02404793354163,1.02404793354163,0.661126632305521
"9424",52,0,0.815129337337078,0.815129337337078,0.665311800472524
"9425",50,1,0.996931643201066,1.24990941980999,0.996931643201066
"9426",60,1,0.561608430904479,-0.292502506162798,0.561608430904479
"9427",58,0,-0.12482712449486,-0.12482712449486,0.316129328354113
"9428",56,0,0.612262101124679,0.612262101124679,0.885487745778422
"9429",50,0,1.04900586570507,1.04900586570507,0.990919325218069
"9430",52,0,0.504135891012237,0.504135891012237,0.739795877545927
"9431",58,1,0.571710809058418,-0.334169866409042,0.571710809058418
"9432",60,0,0.0867898220911945,0.0867898220911945,0.719626113599035
"9433",50,0,0.872122468677858,0.872122468677858,1.04450228840532
"9434",56,0,0.531943140415893,0.531943140415893,0.735610074392139
"9435",50,0,0.910729647541137,0.910729647541137,0.979205936862887
"9436",60,1,0.393332783738275,0.0527121726779295,0.393332783738275
"9437",52,0,0.376034999357682,0.376034999357682,1.06735797387628
"9438",56,0,0.677710741545682,0.677710741545682,0.329051601867794
"9439",56,0,0.577755482172921,0.577755482172921,0.467134419702468
"9440",58,1,0.521173770498676,0.127333257832657,0.521173770498676
"9441",58,1,1.03064599135089,-0.245118651358489,1.03064599135089
"9442",50,0,1.20311166052623,1.20311166052623,0.547789717546679
"9443",58,0,0.804370411763635,0.804370411763635,0.6602580466418
"9444",54,1,0.759967294633541,0.516104139378065,0.759967294633541
"9445",50,0,0.866489082848822,0.866489082848822,0.944939211027835
"9446",52,0,0.876003581444098,0.876003581444098,1.03735179145856
"9447",58,0,0.200866806983498,0.200866806983498,0.2342967575802
"9448",56,0,0.00326353873571095,0.00326353873571095,0.24627843843304
"9449",56,0,0.75289749782376,0.75289749782376,0.321661518377619
"9450",50,1,0.766020679022745,0.998635314742771,0.766020679022745
"9451",56,0,0.327219980465864,0.327219980465864,0.51686808951186
"9452",58,1,0.444650812986813,0.331409170033425,0.444650812986813
"9453",52,0,0.869926271131913,0.869926271131913,0.507868365821488
"9454",54,0,0.121315340728818,0.121315340728818,1.15732764148662
"9455",52,0,0.679070585759087,0.679070585759087,0.815365014682471
"9456",52,0,1.01567478013597,1.01567478013597,0.671294692380739
"9457",60,1,0.567074872716997,0.0170585170880434,0.567074872716997
"9458",52,0,0.76249184154734,0.76249184154734,1.08256365862245
"9459",56,0,0.163847253745468,0.163847253745468,0.578924228736004
"9460",50,0,0.86636293390466,0.86636293390466,0.951841254918248
"9461",58,0,0.0564511355642226,0.0564511355642226,0.651581439730533
"9462",58,0,0.280376580408895,0.280376580408895,0.383992005528754
"9463",56,0,0.480554457546091,0.480554457546091,0.304503815376466
"9464",54,0,0.421549235802483,0.421549235802483,0.682462579905146
"9465",54,1,0.366673697796606,1.03775221456039,0.366673697796606
"9466",56,0,0.975673458635339,0.975673458635339,0.298698624917169
"9467",50,0,1.03843349065642,1.03843349065642,1.35437855400136
"9468",52,0,0.446713412746477,0.446713412746477,0.705021416319946
"9469",58,0,0.468420515917415,0.468420515917415,0.401563022031957
"9470",56,0,0.414424416855839,0.414424416855839,0.849216095890385
"9471",60,1,0.82872135407098,-0.0978723770770112,0.82872135407098
"9472",58,1,0.170511492325835,0.662552270289137,0.170511492325835
"9473",60,0,0.386357223775476,0.386357223775476,0.390684514278905
"9474",52,1,1.01483682167565,1.03850510407597,1.01483682167565
"9475",56,0,0.0640407804697202,0.0640407804697202,0.266258520336221
"9476",58,0,0.247096442866515,0.247096442866515,-0.234723363023396
"9477",60,1,0.483135625340527,-0.068835751109595,0.483135625340527
"9478",56,0,0.233860145899053,0.233860145899053,0.322539018309476
"9479",58,0,0.51649208235168,0.51649208235168,0.662821393221745
"9480",58,0,0.249645743177257,0.249645743177257,0.294289808286615
"9481",56,0,0.265200944909966,0.265200944909966,0.716973108657685
"9482",60,1,0.689952982289346,0.0874862606977906,0.689952982289346
"9483",58,0,0.263193059793038,0.263193059793038,0.659082708311851
"9484",58,0,0.156645245643829,0.156645245643829,0.793668201160021
"9485",54,1,0.585245143322212,0.813452229201576,0.585245143322212
"9486",50,0,1.71212329485751,1.71212329485751,0.944945904033196
"9487",50,0,0.950891689813627,0.950891689813627,0.857350911211869
"9488",50,0,1.29955009584577,1.29955009584577,0.984427225087483
"9489",58,1,0.573137238420426,0.237824040874312,0.573137238420426
"9490",50,1,1.23635096489549,1.35025844856826,1.23635096489549
"9491",58,1,0.38626831318819,0.431413944163449,0.38626831318819
"9492",50,0,0.817277443791001,0.817277443791001,0.671714045471139
"9493",58,1,0.786048012995517,0.290873450204096,0.786048012995517
"9494",50,0,0.974121800106291,0.974121800106291,0.795732741528127
"9495",50,1,0.944129135792296,0.78485785326291,0.944129135792296
"9496",60,1,0.530892557424996,-0.0177165773833813,0.530892557424996
"9497",52,0,0.67041438251662,0.67041438251662,1.00837492226992
"9498",56,0,0.120203048200915,0.120203048200915,0.882781498701053
"9499",54,0,0.635478899830976,0.635478899830976,0.781033132040358
"9500",56,1,0.520143761960302,0.490490184074631,0.520143761960302
"9501",60,0,-0.238855412976333,-0.238855412976333,0.156590177789092
"9502",60,0,0.362493744101603,0.362493744101603,0.398354364525795
"9503",52,1,0.62623602973536,0.864613437812647,0.62623602973536
"9504",52,0,1.09592580898288,1.09592580898288,0.843207108467553
"9505",52,0,0.635620145404397,0.635620145404397,0.648353903108454
"9506",52,0,0.571919675607125,0.571919675607125,0.802489569796986
"9507",60,0,-0.429691621765637,-0.429691621765637,0.269463359088216
"9508",60,0,0.342710779154989,0.342710779154989,0.685656078476138
"9509",56,0,0.214501236032588,0.214501236032588,0.504373041853247
"9510",52,0,0.621703187330302,0.621703187330302,0.935635674447987
"9511",56,0,-0.0207646101900875,-0.0207646101900875,0.842859428312289
"9512",56,0,0.496758513689522,0.496758513689522,0.552488022258281
"9513",52,0,0.718574504505959,0.718574504505959,0.911353837402916
"9514",52,0,0.639421164545026,0.639421164545026,1.00180623602499
"9515",58,0,0.249052145026109,0.249052145026109,0.367084530684838
"9516",54,0,0.462876605823635,0.462876605823635,0.429828196051604
"9517",60,1,0.175080356440954,0.239838022579099,0.175080356440954
"9518",54,0,0.682209094746758,0.682209094746758,0.529382358427169
"9519",52,0,0.915056432015643,0.915056432015643,0.471299020553498
"9520",52,0,1.04256422554215,1.04256422554215,0.592759645620795
"9521",56,0,0.157980296693925,0.157980296693925,0.467532414079609
"9522",54,1,0.729813086089351,0.609152688617393,0.729813086089351
"9523",58,1,0.627976786190501,0.506586494221707,0.627976786190501
"9524",54,0,0.5709628583681,0.5709628583681,0.942876961626812
"9525",58,0,0.101947044868582,0.101947044868582,1.13515072599718
"9526",52,1,0.40887310677104,1.0006023671062,0.40887310677104
"9527",54,0,0.852115778687029,0.852115778687029,0.744268309099794
"9528",54,1,1.0100853646024,0.771946053861222,1.0100853646024
"9529",50,0,1.10183257599759,1.10183257599759,0.708350840263584
"9530",58,0,0.195198832290324,0.195198832290324,0.736249669887317
"9531",54,0,0.603325259809618,0.603325259809618,1.23750363041062
"9532",50,0,1.33194991176638,1.33194991176638,1.11789351324835
"9533",56,0,0.0552597876898341,0.0552597876898341,0.661534895207719
"9534",52,0,0.689216905654422,0.689216905654422,0.597735565411087
"9535",58,0,0.0152866628020835,0.0152866628020835,0.525537949667921
"9536",52,1,0.57155350504818,1.10689969124224,0.57155350504818
"9537",50,0,0.872481427839565,0.872481427839565,1.59138330687196
"9538",52,0,1.13291625008215,1.13291625008215,0.955003267280972
"9539",52,0,1.0520646207009,1.0520646207009,0.828565813166845
"9540",54,1,0.809807059840108,0.444279217745257,0.809807059840108
"9541",54,1,1.15928960558103,1.19068263365229,1.15928960558103
"9542",50,1,1.13988249730155,1.15461727354081,1.13988249730155
"9543",54,0,0.766572147287343,0.766572147287343,0.519193194223344
"9544",56,0,0.486378812253082,0.486378812253082,0.569719920835043
"9545",58,0,0.195454569860052,0.195454569860052,0.43316062393534
"9546",52,0,0.686494725911399,0.686494725911399,0.9191536420534
"9547",50,1,0.821599374007272,1.00411276211089,0.821599374007272
"9548",50,0,1.00861533174515,1.00861533174515,1.00712635428071
"9549",52,0,0.906058189308311,0.906058189308311,0.957049075278327
"9550",50,1,0.755256558461242,1.25427381794974,0.755256558461242
"9551",52,0,1.10795412142978,1.10795412142978,1.09497876546775
"9552",52,0,0.794164707701486,0.794164707701486,0.603750404126523
"9553",50,1,1.07401027631509,0.662906566195283,1.07401027631509
"9554",54,1,0.310394342877388,0.40144336696236,0.310394342877388
"9555",58,0,-0.209674307420738,-0.209674307420738,0.701651724247577
"9556",58,1,0.822475764153103,-0.088905771225928,0.822475764153103
"9557",52,0,0.745242723260612,0.745242723260612,0.986913437525324
"9558",58,1,-0.033457307656777,-0.097833460778377,-0.033457307656777
"9559",56,0,0.38729754679881,0.38729754679881,0.642561211302854
"9560",52,1,0.631547848167227,1.10994189359548,0.631547848167227
"9561",52,1,0.941564467621582,0.741366329214413,0.941564467621582
"9562",52,0,0.393278167353321,0.393278167353321,0.581708218078783
"9563",58,1,0.531359918207471,0.118744667942606,0.531359918207471
"9564",52,0,0.340116183355224,0.340116183355224,0.680265726772212
"9565",50,0,0.595369861543631,0.595369861543631,0.885440971011543
"9566",50,1,1.19226308533178,0.882181998638377,1.19226308533178
"9567",56,0,0.458182051707005,0.458182051707005,0.55669125074536
"9568",52,1,0.641189865393037,0.868989559245522,0.641189865393037
"9569",54,1,0.401555935828789,1.00116136008251,0.401555935828789
"9570",58,0,0.300774716619408,0.300774716619408,0.245755250952682
"9571",58,0,0.575600570691281,0.575600570691281,-0.209443594965179
"9572",56,0,0.27641160161585,0.27641160161585,0.76377305224
"9573",52,1,0.780273935577757,0.580322931070595,0.780273935577757
"9574",56,0,0.294058645209565,0.294058645209565,0.607093072163558
"9575",58,1,0.50415277580216,0.114919329354414,0.50415277580216
"9576",56,1,0.238223980325706,0.0756010283238947,0.238223980325706
"9577",52,0,1.10245849362813,1.10245849362813,0.487333395008747
"9578",60,1,0.481685911067202,0.157222108204485,0.481685911067202
"9579",52,0,0.771075931014772,0.771075931014772,0.646583131000473
"9580",52,0,0.863793027054503,0.863793027054503,0.903935578111927
"9581",58,0,0.562775209523503,0.562775209523503,0.150696422450308
"9582",52,0,0.516780645312252,0.516780645312252,0.723067800598811
"9583",58,0,0.238385511679821,0.238385511679821,0.346198472633516
"9584",54,1,0.540959771196399,0.209834393648056,0.540959771196399
"9585",56,0,0.553250761239605,0.553250761239605,0.451189686998139
"9586",56,1,0.59297620484073,0.526168734729052,0.59297620484073
"9587",54,1,0.751674229898454,0.507914071025245,0.751674229898454
"9588",54,1,0.579847492124248,0.36885644600865,0.579847492124248
"9589",54,0,0.84675752621849,0.84675752621849,0.914235180063913
"9590",56,1,0.573041559759886,-0.0554252305868347,0.573041559759886
"9591",54,0,0.383816090537783,0.383816090537783,0.911036938017652
"9592",52,0,0.791351937150793,0.791351937150793,1.32328613418713
"9593",50,1,1.25020256278764,1.11861441891242,1.25020256278764
"9594",60,1,0.43655865886357,0.166434521642457,0.43655865886357
"9595",56,1,0.323212018626693,0.246617487021205,0.323212018626693
"9596",58,1,0.409509193591061,-0.388528071520415,0.409509193591061
"9597",56,0,1.03012720399279,1.03012720399279,0.262396982471932
"9598",56,1,1.00082702526661,0.582530696861175,1.00082702526661
"9599",52,0,1.33061594538392,1.33061594538392,0.795041029421981
"9600",52,0,0.58808825226035,0.58808825226035,0.942892647389564
"9601",52,1,0.811199267628697,0.99680047060763,0.811199267628697
"9602",56,0,0.52846709505081,0.52846709505081,0.843598539546132
"9603",58,1,0.702489171856328,0.476767379436231,0.702489171856328
"9604",60,1,0.257759952467403,-0.124695919190511,0.257759952467403
"9605",54,1,1.16588901583357,0.602333385678554,1.16588901583357
"9606",50,1,1.14566210169169,0.693429624144471,1.14566210169169
"9607",60,0,0.245916880568627,0.245916880568627,0.218734537371858
"9608",54,0,0.687447583597307,0.687447583597307,0.453658574790698
"9609",54,1,0.663568976502613,0.664776838863366,0.663568976502613
"9610",54,0,0.861999125237537,0.861999125237537,0.975930489210508
"9611",56,0,0.126960899227552,0.126960899227552,0.595829452473577
"9612",50,1,1.33571376176593,1.37430749289083,1.33571376176593
"9613",58,0,-0.031000954540473,-0.031000954540473,0.499107160878194
"9614",54,1,0.402053036727796,0.716260838447723,0.402053036727796
"9615",58,0,0.574898786646297,0.574898786646297,0.29631380556865
"9616",54,0,0.139285759209065,0.139285759209065,0.57691230030968
"9617",58,1,0.747939965083,-0.123839947001483,0.747939965083
"9618",52,1,0.6600700245532,0.877912393046289,0.6600700245532
"9619",56,0,0.584971966977246,0.584971966977246,0.763704503771297
"9620",54,1,0.66204410722437,0.768096722302228,0.66204410722437
"9621",58,0,0.182497542336151,0.182497542336151,0.291089073355042
"9622",50,1,0.526972225144366,0.870496833689324,0.526972225144366
"9623",60,1,0.637128842166998,0.132968777258016,0.637128842166998
"9624",58,0,0.470165423558157,0.470165423558157,0.69411288793099
"9625",56,1,0.560846895251722,0.487787755301203,0.560846895251722
"9626",52,1,1.12870166380471,0.780933313670946,1.12870166380471
"9627",60,1,0.491904124938859,-0.0717702218339869,0.491904124938859
"9628",56,0,0.428881639457956,0.428881639457956,0.903401127136689
"9629",56,0,0.106327595087743,0.106327595087743,0.476335019458078
"9630",56,0,0.377101434252783,0.377101434252783,0.49344216891716
"9631",52,0,0.35297171998223,0.35297171998223,0.652205723962055
"9632",56,1,1.07827446082253,0.350772825090611,1.07827446082253
"9633",58,1,0.808116119652956,0.251122294773449,0.808116119652956
"9634",60,1,0.62550365721472,-0.0156629525929296,0.62550365721472
"9635",50,0,1.59336770774572,1.59336770774572,0.921567771109687
"9636",52,0,0.769978995029332,0.769978995029332,0.591309149227334
"9637",56,0,0.47848803731086,0.47848803731086,0.9031516849848
"9638",54,1,0.388334081978571,1.04292336106243,0.388334081978571
"9639",52,1,0.521642023155044,0.779233358483655,0.521642023155044
"9640",60,1,0.44247381036524,-0.0573082221023239,0.44247381036524
"9641",54,0,0.604352582896613,0.604352582896613,0.755424338308807
"9642",58,0,0.129004505935404,0.129004505935404,0.579302180823095
"9643",58,0,0.232969974021427,0.232969974021427,0.196886232295925
"9644",54,1,0.683758808445112,0.392863837540063,0.683758808445112
"9645",52,0,0.795899977712578,0.795899977712578,1.59159257320516
"9646",52,0,0.939055100452743,0.939055100452743,0.785393620324871
"9647",50,1,0.523654026884032,0.982895293367723,0.523654026884032
"9648",60,0,-0.286917410293615,-0.286917410293615,1.05552004339251
"9649",54,0,0.786417586165428,0.786417586165428,0.739601138986296
"9650",56,0,0.447939487698045,0.447939487698045,0.848182446209033
"9651",52,1,0.446003261173873,0.737539096299249,0.446003261173873
"9652",60,0,0.188803898702573,0.188803898702573,0.680443281997995
"9653",58,1,0.825001676704759,0.236591666010125,0.825001676704759
"9654",58,0,0.144309685331511,0.144309685331511,0.689303626606647
"9655",52,1,0.878106298795335,1.22296842950344,0.878106298795335
"9656",56,1,0.628921798198357,0.585789331096225,0.628921798198357
"9657",50,0,1.23573441043754,1.23573441043754,0.912016007403182
"9658",52,0,0.647241700305017,0.647241700305017,0.330623539348072
"9659",52,1,0.478239995828416,0.529142873438302,0.478239995828416
"9660",54,0,0.267337480965664,0.267337480965664,0.438953525272828
"9661",60,0,0.281352264065095,0.281352264065095,0.135476052474156
"9662",58,0,0.283406859301437,0.283406859301437,0.433560173902642
"9663",58,0,0.364787435668336,0.364787435668336,0.435416826591545
"9664",56,0,0.218555076762921,0.218555076762921,0.171219947924028
"9665",52,0,0.895394234091783,0.895394234091783,1.11470272434838
"9666",52,0,0.987960946382049,0.987960946382049,0.676519129412084
"9667",50,0,1.00326495444277,1.00326495444277,0.902145708153756
"9668",60,0,0.509630448227859,0.509630448227859,0.708751299224778
"9669",56,0,0.753665813177007,0.753665813177007,0.50188591617355
"9670",56,1,0.767668286793148,0.0912568180996984,0.767668286793148
"9671",50,0,1.4140334210566,1.4140334210566,0.831471397836813
"9672",54,0,0.549668256784294,0.549668256784294,0.618365479513951
"9673",54,0,0.620489301414214,0.620489301414214,0.895389829497547
"9674",50,0,0.970998389081075,0.970998389081075,0.87731508232846
"9675",52,0,0.752447432083948,0.752447432083948,0.759195259476508
"9676",52,0,1.12353355499061,1.12353355499061,0.944588830527404
"9677",54,1,0.439579531578576,0.787873822312924,0.439579531578576
"9678",54,1,0.870537905469997,0.804340002717965,0.870537905469997
"9679",56,1,0.424019352366228,0.213265546952879,0.424019352366228
"9680",60,0,-0.0581753816292089,-0.0581753816292089,0.251696839189566
"9681",58,1,0.433955434709667,0.363785753372391,0.433955434709667
"9682",52,0,1.71238317042979,1.71238317042979,0.702319566911912
"9683",56,0,0.177197360279419,0.177197360279419,0.477694933079879
"9684",52,0,0.720348422549169,0.720348422549169,0.914658589256928
"9685",50,0,0.813769747079396,0.813769747079396,0.717759802123037
"9686",56,1,0.276573347825876,0.403738276216552,0.276573347825876
"9687",58,1,0.552798064732772,0.396854676691276,0.552798064732772
"9688",58,0,0.261282873981008,0.261282873981008,0.383518206642067
"9689",54,0,0.587794518542034,0.587794518542034,0.88710334950002
"9690",52,0,0.858492015938071,0.858492015938071,0.833732031255126
"9691",58,0,0.043557749074192,0.043557749074192,0.64699661365353
"9692",50,1,1.00648843593119,0.709439125085556,1.00648843593119
"9693",56,0,0.558478765872543,0.558478765872543,0.585449467502497
"9694",52,0,0.987111622227675,0.987111622227675,0.720586181657547
"9695",54,1,1.35850391167375,0.0149478393811153,1.35850391167375
"9696",52,1,1.20436202498307,1.01052388010675,1.20436202498307
"9697",60,1,0.731177095325858,0.213000822115296,0.731177095325858
"9698",60,1,0.514224841970611,0.295151800445068,0.514224841970611
"9699",56,0,0.425024875800769,0.425024875800769,0.289775765527854
"9700",54,0,0.423149683260034,0.423149683260034,0.421328169950101
"9701",52,0,1.01909071080904,1.01909071080904,1.05418011807655
"9702",56,0,0.393445974149652,0.393445974149652,0.896914850322092
"9703",54,1,0.670385565683423,0.550945711869021,0.670385565683423
"9704",60,0,-0.0520213753104118,-0.0520213753104118,0.646429308957884
"9705",52,0,0.539662020955808,0.539662020955808,0.978038671646963
"9706",50,0,0.85863110537526,0.85863110537526,1.13536745701271
"9707",50,0,0.861803901043335,0.861803901043335,1.29914586848332
"9708",52,0,0.731096242847057,0.731096242847057,0.801877539241934
"9709",56,0,0.759605516995385,0.759605516995385,0.789233581216288
"9710",54,1,0.825753619435034,0.318566981508314,0.825753619435034
"9711",56,0,-0.19031821989261,-0.19031821989261,0.504925846632294
"9712",58,1,0.392202387465401,-0.185624239931233,0.392202387465401
"9713",58,1,0.532895449967173,0.0905941471731076,0.532895449967173
"9714",54,1,0.546386735442277,0.706909647225764,0.546386735442277
"9715",60,0,-0.297227405673683,-0.297227405673683,0.0714093861553429
"9716",56,0,0.571969567089656,0.571969567089656,0.458866441955095
"9717",56,1,0.467470018030042,0.0215235603653322,0.467470018030042
"9718",52,0,0.827818830762275,0.827818830762275,1.28718013338163
"9719",56,1,0.536510026359928,0.529910853302081,0.536510026359928
"9720",56,0,0.678900593994985,0.678900593994985,0.130991469341769
"9721",56,0,0.462800273735148,0.462800273735148,1.17833147490512
"9722",58,0,-0.163060395334464,-0.163060395334464,0.534406833794073
"9723",58,1,0.750096447411896,0.159713405271368,0.750096447411896
"9724",54,0,0.704437846881111,0.704437846881111,0.436503621198489
"9725",52,0,0.727870140359169,0.727870140359169,1.30775814391627
"9726",56,0,0.329101862875392,0.329101862875392,0.617776512335087
"9727",52,0,0.741852723681018,0.741852723681018,1.0022381177632
"9728",58,1,0.419695422074504,0.114457086698474,0.419695422074504
"9729",52,0,0.815645398206406,0.815645398206406,0.579222580948978
"9730",56,1,0.187421880949054,0.893826128414034,0.187421880949054
"9731",58,0,0.217080231743165,0.217080231743165,0.16306617632371
"9732",54,0,0.694195405297244,0.694195405297244,0.965968670939447
"9733",58,0,0.18924251328487,0.18924251328487,0.900183881149844
"9734",58,1,0.36723795569338,0.240113242500853,0.36723795569338
"9735",50,0,1.10915166558695,1.10915166558695,0.750548567974195
"9736",58,0,0.708765620582151,0.708765620582151,0.670228024828495
"9737",58,1,0.74325638066263,0.550756601314322,0.74325638066263
"9738",54,0,0.103082553296488,0.103082553296488,0.648530684665122
"9739",52,0,0.654733596901107,0.654733596901107,1.02083352164183
"9740",52,0,1.28226211219914,1.28226211219914,1.57510086155834
"9741",56,0,0.413811814393342,0.413811814393342,0.0665957513447069
"9742",54,0,0.855574688161072,0.855574688161072,0.40777445963047
"9743",58,0,0.0350095179429627,0.0350095179429627,0.842651812759123
"9744",52,0,0.748166504443455,0.748166504443455,0.902226738332201
"9745",52,0,0.977662634305256,0.977662634305256,0.535251227816352
"9746",56,0,0.386682712036183,0.386682712036183,0.723483177009117
"9747",58,1,0.396654542626611,0.271355388776178,0.396654542626611
"9748",54,0,0.519719496626931,0.519719496626931,0.66737985773889
"9749",54,1,0.672821040352911,0.399181462813304,0.672821040352911
"9750",52,0,0.660575112131391,0.660575112131391,0.943169529195034
"9751",58,1,0.961808974880886,0.0274065500110564,0.961808974880886
"9752",52,0,0.760273137114418,0.760273137114418,0.93407509769174
"9753",58,0,-0.0745196354987575,-0.0745196354987575,0.391752996575631
"9754",50,0,0.937566021601977,0.937566021601977,1.42419769690474
"9755",58,1,0.0884762553637804,0.422606625130107,0.0884762553637804
"9756",58,0,0.286510320403074,0.286510320403074,0.370538837261006
"9757",50,0,0.962773102851327,0.962773102851327,0.725134027749298
"9758",58,1,0.590205257210236,-0.0028111832383452,0.590205257210236
"9759",54,0,0.424478424288026,0.424478424288026,0.498483001906146
"9760",58,0,-0.0376863875185226,-0.0376863875185226,0.420281334291645
"9761",50,0,1.37013412001443,1.37013412001443,1.28720877935856
"9762",54,0,0.943509778624407,0.943509778624407,0.427493258667778
"9763",54,0,1.05626036719942,1.05626036719942,0.852067412035995
"9764",52,0,0.611512717935407,0.611512717935407,1.00219466565839
"9765",54,0,0.663062698076461,0.663062698076461,0.583163243100227
"9766",54,1,0.555904158213103,0.792125212348668,0.555904158213103
"9767",54,0,0.810565589819012,0.810565589819012,0.810183116274891
"9768",58,1,0.578539387038051,0.187414102526258,0.578539387038051
"9769",54,1,0.622131519552138,-0.0665125121224515,0.622131519552138
"9770",52,0,0.428621384394895,0.428621384394895,1.12237746435028
"9771",54,0,0.919186418758051,0.919186418758051,0.50616316779633
"9772",58,0,-0.0553634349573378,-0.0553634349573378,0.633832840357238
"9773",52,1,0.753317743666508,0.505936152714755,0.753317743666508
"9774",56,1,0.0458557241157961,0.240349960090249,0.0458557241157961
"9775",52,0,0.656207115900478,0.656207115900478,0.315461811137462
"9776",58,1,0.63150471600445,-0.101424109440957,0.63150471600445
"9777",52,1,0.946121662218986,0.626160363440611,0.946121662218986
"9778",58,0,0.0836952096855754,0.0836952096855754,0.361034384927121
"9779",56,1,0.460079495098332,0.125203582009291,0.460079495098332
"9780",56,0,0.632303349263909,0.632303349263909,0.725954583934922
"9781",60,1,0.480334829219114,-0.0196767960197455,0.480334829219114
"9782",56,1,0.674174562349972,0.649864971149797,0.674174562349972
"9783",52,0,0.877929688736617,0.877929688736617,0.845745860271808
"9784",60,0,-0.0388565037640034,-0.0388565037640034,0.206709549118867
"9785",50,0,0.988800797160185,0.988800797160185,0.901642800185398
"9786",58,0,-0.0605088185361866,-0.0605088185361866,0.462459934147812
"9787",54,0,0.266410980614354,0.266410980614354,0.724508280888525
"9788",54,0,0.462667977552738,0.462667977552738,0.554362453146788
"9789",52,0,0.65691664609135,0.65691664609135,0.853004864598112
"9790",52,0,0.469826443716906,0.469826443716906,0.754960692941976
"9791",56,0,0.499165617742656,0.499165617742656,0.263863093543533
"9792",56,0,0.698471137703936,0.698471137703936,0.00479436494791863
"9793",54,1,0.445345828213614,0.667565758114564,0.445345828213614
"9794",58,0,0.636501104216909,0.636501104216909,0.254732394272784
"9795",56,0,0.470335886377805,0.470335886377805,0.292235957310639
"9796",56,1,1.02293938011217,0.817091243325632,1.02293938011217
"9797",60,1,0.105350753502499,-0.0195215367137841,0.105350753502499
"9798",58,0,0.0260744298888273,0.0260744298888273,0.634826723016028
"9799",54,0,0.735449563271134,0.735449563271134,0.54762900972898
"9800",58,0,0.591664330950037,0.591664330950037,0.0593524611520501
"9801",50,0,1.01067058343692,1.01067058343692,1.15000456124639
"9802",56,0,0.595256238222056,0.595256238222056,0.597137057324348
"9803",52,0,0.491009069129043,0.491009069129043,0.944259203896807
"9804",52,0,0.778497894874248,0.778497894874248,0.691229576803442
"9805",56,1,0.460747674386906,0.255432273620678,0.460747674386906
"9806",50,0,1.2824078861632,1.2824078861632,0.931056699433524
"9807",54,0,0.543157940505906,0.543157940505906,0.498978903707453
"9808",60,0,0.377232626476138,0.377232626476138,0.597949849168343
"9809",54,0,0.865916900819274,0.865916900819274,0.693463938825092
"9810",54,1,0.531850986768134,-0.229723399573499,0.531850986768134
"9811",52,0,1.09566489969853,1.09566489969853,0.59959234376122
"9812",56,1,0.53770285663939,0.0132349868488978,0.53770285663939
"9813",52,1,1.195029149096,1.17144338564328,1.195029149096
"9814",50,0,1.11607820189322,1.11607820189322,1.04201765773229
"9815",58,0,-0.110359644786685,-0.110359644786685,0.493423311289429
"9816",52,0,0.711718666101171,0.711718666101171,0.902576951681495
"9817",60,1,0.536537634894625,0.45800839807956,0.536537634894625
"9818",50,0,1.30161250565253,1.30161250565253,0.679066378937731
"9819",58,0,-0.221427015781318,-0.221427015781318,0.511382790363616
"9820",56,0,-0.135356458367279,-0.135356458367279,0.485271523372729
"9821",60,1,0.318414878496299,0.383845973734026,0.318414878496299
"9822",58,0,-0.106561096915286,-0.106561096915286,0.796786047398341
"9823",52,0,0.934578568319144,0.934578568319144,0.896224141630028
"9824",52,1,1.0231767733666,0.243554424383119,1.0231767733666
"9825",52,1,0.755085127876358,0.757293621805656,0.755085127876358
"9826",50,0,0.583877198528824,0.583877198528824,0.386389233837803
"9827",54,0,0.171726580163327,0.171726580163327,0.427102622262531
"9828",60,1,0.786934013036466,-0.0800452300816882,0.786934013036466
"9829",58,1,0.223918285988648,0.200039934669956,0.223918285988648
"9830",50,1,0.612221786794354,1.31543414961041,0.612221786794354
"9831",58,0,-0.15004273898083,-0.15004273898083,0.656014489470186
"9832",58,0,0.202802917171002,0.202802917171002,0.482485618852459
"9833",50,0,1.21397646912712,1.21397646912712,0.695448474860532
"9834",54,0,0.548477574799527,0.548477574799527,0.738002394493626
"9835",52,1,1.36135914107834,0.712399605463842,1.36135914107834
"9836",54,0,0.814480584915976,0.814480584915976,0.993985526055818
"9837",50,1,0.752613381577418,1.08349177092671,0.752613381577418
"9838",52,0,0.362536325867079,0.362536325867079,0.858756690214014
"9839",58,1,0.685934556654594,0.134618680969556,0.685934556654594
"9840",60,0,0.424760908115615,0.424760908115615,0.51722375347008
"9841",60,0,-0.440707076788118,-0.440707076788118,0.604655765632739
"9842",52,0,1.33144536099593,1.33144536099593,0.722023628397793
"9843",58,1,0.752597549071185,0.308712079878909,0.752597549071185
"9844",56,1,0.481410171466618,0.400354329734858,0.481410171466618
"9845",56,0,0.345481181799895,0.345481181799895,0.411178370928103
"9846",56,1,0.515838017911457,0.0755125826063301,0.515838017911457
"9847",50,1,1.10219657870739,1.56345649751104,1.10219657870739
"9848",52,0,0.848763388309011,0.848763388309011,0.682932590013673
"9849",54,0,0.0898134995055418,0.0898134995055418,1.1725853550346
"9850",56,0,0.290467427557155,0.290467427557155,0.535261045277342
"9851",50,0,1.47881454749767,1.47881454749767,0.593112375650062
"9852",60,0,0.0933780771768868,0.0933780771768868,0.542505120119539
"9853",60,1,0.712701190779062,0.185207894315774,0.712701190779062
"9854",60,0,-0.138924576398604,-0.138924576398604,0.960050040725554
"9855",52,0,0.723742175477525,0.723742175477525,0.871573109954874
"9856",56,0,0.0375270140875167,0.0375270140875167,0.180052975483706
"9857",58,0,0.450224853081347,0.450224853081347,0.370912538886129
"9858",54,0,0.649806877638446,0.649806877638446,0.500479941255638
"9859",54,0,0.194384827154914,0.194384827154914,0.186834587442731
"9860",56,0,0.452639229394549,0.452639229394549,0.448323389785702
"9861",50,0,1.35129426856861,1.35129426856861,0.979760864820086
"9862",52,0,1.15929934817589,1.15929934817589,1.22378615623091
"9863",54,0,0.59402977408867,0.59402977408867,0.412634581227482
"9864",52,0,0.854521520164513,0.854521520164513,0.671434936954558
"9865",60,1,0.644989499272176,-0.110017686123305,0.644989499272176
"9866",54,0,0.958763335307687,0.958763335307687,0.62103634065535
"9867",60,1,0.28777930112357,0.0288428327864041,0.28777930112357
"9868",50,0,0.656775017544141,0.656775017544141,0.738204549508262
"9869",50,0,1.00476454292054,1.00476454292054,1.21396357343657
"9870",56,0,0.276466574557121,0.276466574557121,0.767832915132985
"9871",52,0,0.815430973845253,0.815430973845253,1.20665852608096
"9872",58,0,0.31654570648617,0.31654570648617,-0.188315420687579
"9873",52,0,0.643077463362784,0.643077463362784,0.890343717869754
"9874",52,1,0.842737014038715,0.835194729562699,0.842737014038715
"9875",58,1,0.584021859922756,0.0938311059083811,0.584021859922756
"9876",50,0,1.12596571249036,1.12596571249036,0.638290494301451
"9877",54,0,0.605898259053449,0.605898259053449,0.796892164620222
"9878",58,1,0.723142843458679,0.270028728236648,0.723142843458679
"9879",54,1,0.478480963645147,0.684130468617874,0.478480963645147
"9880",60,1,0.402472469827776,-0.35718466828607,0.402472469827776
"9881",58,0,-0.0459915943596111,-0.0459915943596111,0.564107425595354
"9882",52,0,1.15301580710539,1.15301580710539,0.853021757206785
"9883",52,0,0.601866425543247,0.601866425543247,0.828994965524565
"9884",60,1,0.179100223007587,0.0314275460888588,0.179100223007587
"9885",56,0,0.375589010010493,0.375589010010493,0.840207534433469
"9886",56,0,0.236223602675551,0.236223602675551,0.5543197555881
"9887",56,0,0.33859781214888,0.33859781214888,0.597321325796983
"9888",50,0,0.857120191433058,0.857120191433058,1.14481941877381
"9889",54,0,0.681988692659852,0.681988692659852,0.491506599857295
"9890",60,1,0.887767609064484,0.677016380389129,0.887767609064484
"9891",60,1,0.375343441609544,0.166827670611493,0.375343441609544
"9892",52,0,0.725901143866975,0.725901143866975,0.341752774145843
"9893",54,1,0.757501585939336,0.743891732807103,0.757501585939336
"9894",50,0,1.28681584508448,1.28681584508448,0.801597041548452
"9895",54,0,0.384242460408826,0.384242460408826,0.811220688264672
"9896",54,0,1.14859900800561,1.14859900800561,0.815739853233691
"9897",52,0,0.639659823283263,0.639659823283263,0.988854584180417
"9898",52,0,0.637623973864177,0.637623973864177,0.565630053952484
"9899",54,0,0.579015787390586,0.579015787390586,0.968820885187603
"9900",52,0,0.601187305017502,0.601187305017502,0.942642607509112
"9901",50,0,0.475103562169639,0.475103562169639,0.99601303783325
"9902",52,0,0.854973789246987,0.854973789246987,1.06992244941836
"9903",56,1,0.694421601863471,0.220015448605939,0.694421601863471
"9904",52,1,0.676364121133626,1.2524132931823,0.676364121133626
"9905",60,1,0.974017965797688,-0.396542106872403,0.974017965797688
"9906",58,0,0.1407092483851,0.1407092483851,0.137282044921594
"9907",50,0,1.77452673049196,1.77452673049196,0.955099104669529
"9908",54,1,0.225105364707013,0.856037152639779,0.225105364707013
"9909",52,0,0.556111337107123,0.556111337107123,0.738891601048285
"9910",54,1,0.315711343067626,0.68461001701888,0.315711343067626
"9911",54,0,0.842879875933158,0.842879875933158,1.11458796048729
"9912",52,0,0.440393324936478,0.440393324936478,1.19322148791975
"9913",50,0,0.913204344169042,0.913204344169042,1.0887605368459
"9914",52,0,0.942185872107154,0.942185872107154,0.300701897801472
"9915",52,1,0.824798432626354,0.607831119068882,0.824798432626354
"9916",58,0,-0.188139851679316,-0.188139851679316,0.193003828981495
"9917",54,1,1.02550126824523,0.349575845056582,1.02550126824523
"9918",58,0,0.326215871014635,0.326215871014635,1.10483432413304
"9919",52,1,0.739716866034985,0.923529930109561,0.739716866034985
"9920",56,0,0.136515886423495,0.136515886423495,0.546033355555928
"9921",54,1,0.472033120814031,0.580206578259863,0.472033120814031
"9922",52,0,0.495924634344683,0.495924634344683,1.08150262747058
"9923",58,1,0.305705780746434,0.472631464962237,0.305705780746434
"9924",54,0,0.539513708889225,0.539513708889225,0.950456407074685
"9925",56,0,0.562743038338609,0.562743038338609,0.151287147011425
"9926",60,1,0.300649571220402,-0.019083645199901,0.300649571220402
"9927",54,0,0.404110141489432,0.404110141489432,0.438303467758538
"9928",54,1,0.24366352579277,0.28791840402874,0.24366352579277
"9929",54,0,0.715892508654332,0.715892508654332,0.754544861314357
"9930",52,1,0.550352394177539,0.422370123349867,0.550352394177539
"9931",50,0,1.40007670152048,1.40007670152048,0.932757063463728
"9932",52,0,0.664357713700403,0.664357713700403,1.25769246479077
"9933",54,0,0.455562492034473,0.455562492034473,0.889630315693452
"9934",52,0,0.974765098523037,0.974765098523037,1.04417440016006
"9935",56,1,0.60384743151533,-0.271466165650977,0.60384743151533
"9936",54,1,0.772651542698432,0.434669562052515,0.772651542698432
"9937",56,0,0.258248641201061,0.258248641201061,0.454771591952745
"9938",60,1,0.326524426596057,-0.236280247682863,0.326524426596057
"9939",52,0,0.923315273542973,0.923315273542973,0.97979139111367
"9940",52,0,0.868622490889832,0.868622490889832,0.483902533559355
"9941",58,1,0.379196553750671,-0.0526948620216209,0.379196553750671
"9942",56,1,0.461277451074639,0.156632069173648,0.461277451074639
"9943",58,1,0.180477768286407,0.62701165118065,0.180477768286407
"9944",52,1,1.04569810952268,0.89098829254764,1.04569810952268
"9945",56,0,0.741853412531456,0.741853412531456,0.399385671968602
"9946",52,1,0.82730711371872,1.0040835496405,0.82730711371872
"9947",52,0,0.356624583448717,0.356624583448717,0.895078702990844
"9948",52,0,0.687303711893102,0.687303711893102,0.629383504215026
"9949",52,0,0.993425356785738,0.993425356785738,0.546622222285075
"9950",52,0,0.711909100181649,0.711909100181649,0.655760387603475
"9951",56,1,0.357707876007632,0.463507858286361,0.357707876007632
"9952",56,1,1.18971653488803,0.357443144762092,1.18971653488803
"9953",56,1,0.457638697541102,0.410543615517159,0.457638697541102
"9954",58,0,0.534059773457901,0.534059773457901,0.47539448889481
"9955",56,0,0.16807901843862,0.16807901843862,0.483938634429918
"9956",56,1,0.550914391911423,0.257266818156842,0.550914391911423
"9957",58,0,0.26613670845501,0.26613670845501,0.179211075677823
"9958",52,0,0.462476687827075,0.462476687827075,0.886782451272066
"9959",54,0,0.48036762722104,0.48036762722104,0.842148496904149
"9960",60,1,0.689609233252462,-0.500196367542328,0.689609233252462
"9961",52,1,1.44896734299366,0.813247426351138,1.44896734299366
"9962",52,0,0.892736282779003,0.892736282779003,0.540189758777966
"9963",58,0,0.13610881331894,0.13610881331894,0.333561985598117
"9964",56,0,0.424878602335493,0.424878602335493,0.36555028716784
"9965",52,0,0.854734389378195,0.854734389378195,1.24899733218822
"9966",56,0,0.410758398935297,0.410758398935297,0.199910133350374
"9967",56,1,0.885046619925369,0.291495892788037,0.885046619925369
"9968",58,0,0.0557807157522042,0.0557807157522042,0.310399613162382
"9969",58,1,0.783425179174916,-0.0593876272809198,0.783425179174916
"9970",56,1,0.796504929241697,0.66203615797786,0.796504929241697
"9971",54,0,0.314938166454874,0.314938166454874,0.847434102307997
"9972",52,1,0.945714693012108,0.67416470878424,0.945714693012108
"9973",56,0,0.717394721736007,0.717394721736007,0.169699013638266
"9974",52,0,0.850669411401807,0.850669411401807,0.832919413118728
"9975",54,1,0.864319939596207,0.672070705720033,0.864319939596207
"9976",52,0,0.64440683190907,0.64440683190907,0.687768852056567
"9977",52,1,1.01156987706586,1.01185665071932,1.01156987706586
"9978",54,0,0.715930512196329,0.715930512196329,1.13238480951676
"9979",52,1,0.860254323568521,0.780933166959907,0.860254323568521
"9980",56,0,0.727007288960368,0.727007288960368,0.591658450969543
"9981",52,0,0.828431707143226,0.828431707143226,0.76110393023293
"9982",60,1,0.380251492079463,0.139574489168637,0.380251492079463
"9983",58,0,0.489046102803576,0.489046102803576,0.50778986404608
"9984",58,1,0.540152497488688,0.147628555107696,0.540152497488688
"9985",58,1,0.00524133867397936,0.104306524867039,0.00524133867397936
"9986",50,0,0.817950764854772,0.817950764854772,0.89598969428133
"9987",50,0,0.730019407987151,0.730019407987151,0.824999974966572
"9988",52,1,1.20027860340014,1.09031415145782,1.20027860340014
"9989",50,0,1.01373871857059,1.01373871857059,0.926926313057372
"9990",60,0,-0.321248073157145,-0.321248073157145,0.187851129461877
"9991",56,0,0.106885899392575,0.106885899392575,0.973455307709304
"9992",60,0,0.116516538441674,0.116516538441674,1.08498131501646
"9993",58,0,0.0477263255717646,0.0477263255717646,0.305187545459229
"9994",58,0,0.134588604723479,0.134588604723479,0.517646991710375
"9995",52,0,0.761589193472937,0.761589193472937,1.12669371900191
"9996",58,0,0.594744103239753,0.594744103239753,0.574995220432221
"9997",54,0,0.39670927936689,0.39670927936689,0.651622848413881
"9998",56,0,0.469895370833055,0.469895370833055,0.646002725569306
"9999",56,0,0.0837341167231816,0.0837341167231816,0.716735037707806
"10000",56,1,0.602683847566628,0.526039758413599,0.602683847566628
