"","x","y","pop","msa","logincome.mean","logincome.sd","schools","students","enrollment","income","class.size","mu","score"
"11163",34.5862498654575,31.678750067285,2296.2109375,"minor",10.692368515241,1.08997291073581,1,27,27,4380.55923349961,27,1.64770277758771,1.64770277758771
"5079",35.3362498624575,32.753750062985,3388.46728515625,"minor",10.2278489074138,1.06603360940418,1,64,64,20341.583090949,32,2.17479439575004,2.17479439575004
"9584.1",34.7779165313575,31.903750066385,1299.2060546875,"minor",10.7081703055764,1.0907780253652,2,13,6.5,62830.7750079129,6.5,2.52684684972485,2.52684684972485
"8838",34.9695831972575,32.095416732285,4694.86181640625,"minor",10.6419461957257,1.08739986490331,2,75,37.5,16092.6642817244,37.5,2.07893332305743,2.07893332305743
"9709",34.7362498648575,31.878750066485,5238.404296875,"minor",10.7477055468724,1.09278978088562,3,68,22.6666666666667,160737.373380139,22.6666666666667,2.91050084126811,2.91050084126811
"9118",34.7445831981575,32.012083399285,12432.7568359375,"telaviv",10.9661923845512,1.10384139282131,3,169,56.3333333333333,30157.1431468482,28.1666666666667,2.66720905158891,2.66720905158891
"9160",34.8195831978575,32.003750065985,3597.44897460938,"telaviv",10.7896878811888,1.09492201047425,1,47,47,17331.9663598716,23.5,2.24247777956001,2.24247777956001
"10701",35.2029165296575,31.745416733685,13476.939453125,"jerusalem",9.93678973832323,1.0507557987956,1,248,248,39808.5851061388,35.4285714285714,2.40717628962686,2.40717628962686
"9166",34.8695831976575,32.003750065985,1152.73486328125,"telaviv",10.6917409851967,1.08994092526953,1,24,24,127346.127424798,24,2.62129922189323,2.62129922189323
"10835",35.1112498633575,31.728750067085,1718.14831542969,"minor",10.0146813875338,1.05486604665836,1,28,28,8820.16364594728,28,1.87398423485747,1.87398423485747
"8905",34.8362498644575,32.070416732385,16653.083984375,"telaviv",10.8664818888214,1.09881157462766,3,219,73,64408.7100429411,36.5,2.7585901192172,2.7585901192172
"9137",34.9029165308575,32.012083399285,1450.27331542969,"telaviv",10.6424429090444,1.08742524182607,1,27,27,87959.9700787791,27,2.52082697338348,2.52082697338348
"10620",35.1612498631575,31.753750066985,10543.6474609375,"jerusalem",9.98616393186311,1.05336307615514,3,183,61,40578.782734688,30.5,2.44974291104496,2.44974291104496
"5243",35.1779165297575,32.737083396385,761.315856933594,"minor",10.4499027981221,1.07754364686655,1,6,6,119738.896450665,6,2.65523742407309,2.65523742407309
"10476",35.2195831962575,31.770416733585,16383.8623046875,"jerusalem",9.94253751353409,1.05105965120571,3,256,85.3333333333333,20715.2289981148,28.4444444444444,2.44278951617736,2.44278951617736
"10251.3",35.2029165296575,31.795416733485,14539.9814453125,"jerusalem",9.98165607319558,1.05312529977289,6,261,43.5,90275.8365715607,21.75,2.92442664663467,2.92442664663467
"2759",35.2945831959575,32.953750062185,260.282806396484,"minor",10.3226638098332,1.07096341932721,1,4,4,97101.3819962626,4,2.60612677288185,2.60612677288185
"9528",35.0029165304575,31.920416732985,7000.5234375,"minor",10.3569495761298,1.07274049756944,3,118,39.3333333333333,73039.391814522,39.3333333333333,2.53001700790307,2.53001700790307
"7373",34.9279165307575,32.520416730585,1327.638671875,"minor",10.8487147285517,1.09791290529662,1,22,22,195728.636588058,22,2.74295009092186,2.74295009092186
"7778",35.0029165304575,32.453750064185,632.407043457031,"minor",10.6803499244514,1.08936015493558,1,14,14,92541.7594600033,14,2.59767926729841,2.59767926729841
"8874.2",34.8195831978575,32.078750065685,16704.423828125,"telaviv",10.917199084634,1.10137283447291,4,243,60.75,17656.768209124,30.375,2.55705592772635,2.55705592772635
"10472.1",35.1862498630575,31.770416733585,15912.2841796875,"jerusalem",9.97591457625495,1.05282237481791,4,270,67.5,7384.91133039946,33.75,1.97693076800817,1.97693076800817
"9167",34.8779165309575,32.003750065985,893.858703613281,"telaviv",10.6760812968722,1.08914244027493,1,18,18,134086.704521092,18,2.66849701612269,2.66849701612269
"10249.1",35.1862498630575,31.795416733485,11536.091796875,"jerusalem",9.9988785348543,1.05403344532927,3,179,59.6666666666667,31846.0775097568,29.8333333333333,2.4249941612386,2.4249941612386
"7857.1",34.9612498639575,32.437083397585,270.672637939453,"minor",10.7560587323319,1.09321436000712,2,5,2.5,8777.9553305022,2.5,1.90016160773151,1.90016160773151
"14891",34.8029165312575,31.270416735585,3007.44287109375,"minor",9.86441014705504,1.04692195119551,1,33,33,336652.474990183,33,2.82861778907368,2.82861778907368
"14895.1",34.8362498644575,31.270416735585,1576.88623046875,"minor",9.834665495446,1.04534234134331,3,26,8.66666666666667,4799.97925161912,8.66666666666667,1.7549905109056,1.7549905109056
"8483.1",34.9362498640575,32.220416731785,3020.77709960938,"minor",10.7443139554527,1.09261734459827,2,49,24.5,40541.9990787788,24.5,2.43792824522014,2.43792824522014
"5036",34.9779165305575,32.753750062985,1842.712890625,"haifa",10.8138623558079,1.09614791965155,1,37,37,38487.3096051291,37,2.32291607185708,2.32291607185708
"10166",35.0945831967575,31.803750066785,8208.7197265625,"minor",10.1077371623822,1.05975558829919,2,127,63.5,15842.2007382286,31.75,2.29028979903051,2.29028979903051
"16370",34.9779165305575,31.178750069285,98.9225921630859,"minor",9.64176216611464,1.03503956800988,1,6,6,10085.9692728545,6,2.05665621188922,2.05665621188922
"2315",35.7112498609575,32.995416728685,221.181533813477,"minor",9.85982477361613,1.0466785972577,1,1,1,21305.6500192401,1,2.13476177574086,2.13476177574086
"8694.1",34.8695831976575,32.137083398785,2732.2783203125,"telaviv",10.8562957179362,1.098296444395,2,41,20.5,26520.0305110428,20.5,2.34589637847199,2.34589637847199
"8781",34.9362498640575,32.112083398885,2765.09252929688,"telaviv",10.7142408667317,1.09108716765189,1,51,51,137731.552043701,25.5,2.71118131186272,2.71118131186272
"9624",34.7529165314575,31.895416733085,1298.5849609375,"minor",10.7429049645956,1.09254570026946,2,19,9.5,8296.67614039631,9.5,1.94698545766757,1.94698545766757
"9903",34.6862498650575,31.837083399985,7509.640625,"minor",10.7755630947404,1.09420509425998,2,97,48.5,30873.9140472549,24.25,2.58425086497229,2.58425086497229
"9126",34.8112498645575,32.012083399285,12668.2265625,"telaviv",10.8206820047081,1.09649350227127,5,189,37.8,2678.81771620739,37.8,1.58719078543533,1.58719078543533
"8936.2",34.8445831977575,32.062083399085,9659.3251953125,"telaviv",10.8348147057339,1.09720932398385,3,132,44,49486.523980547,22,2.82527760461246,2.82527760461246
"8270.1",34.8945831975575,32.303750064785,799.519226074219,"minor",10.8537642422255,1.09816838631046,2,17,8.5,77509.6804212971,8.5,2.56448610991083,2.56448610991083
"10165",35.0862498634575,31.803750066785,6968.4306640625,"minor",10.1174395364547,1.06026409374975,2,85,42.5,25980.2845163271,21.25,2.55594839757976,2.55594839757976
"9950",34.7029165316575,31.828750066685,2979.5751953125,"minor",10.7282669633432,1.09180110944883,1,25,25,40875.5901770626,25,2.43230952453169,2.43230952453169
"4962",35.1445831965575,32.762083396285,1292.88928222656,"haifa",10.5090832284836,1.08059053960136,1,29,29,45851.6558326254,29,2.43215068959592,2.43215068959592
"10128",34.7779165313575,31.803750066785,2800.22387695312,"minor",10.5521130700096,1.08280053924019,3,50,16.6666666666667,63405.2245105261,16.6666666666667,2.6104114660875,2.6104114660875
"2943",35.1612498631575,32.937083395585,1285.73193359375,"minor",10.522844421323,1.08129780158038,1,26,26,12799.5745421095,26,1.99620905369077,1.99620905369077
"9267",34.8779165309575,31.978750066085,390.135620117188,"minor",10.6384392310594,1.08722067835883,1,8,8,14870.1826308475,8,2.11942957420511,2.11942957420511
"8999.3",34.8362498644575,32.045416732485,10120.0322265625,"telaviv",10.8244862472069,1.09668623321992,4,146,36.5,22168.414152503,36.5,2.3501354067463,2.3501354067463
"8811.1",34.9612498639575,32.103750065585,4862.5029296875,"minor",10.6648221124933,1.08856797432291,2,69,34.5,63497.8540079571,34.5,2.5069658925999,2.5069658925999
"5353",35.3279165291575,32.728750063085,3173.6171875,"minor",10.2340317411547,1.06635577454528,1,52,52,12939.0882303004,26,2.10045320470915,2.10045320470915
"11289",34.5945831987575,31.662083400685,2518.2412109375,"minor",10.6478940250232,1.08770369867611,1,27,27,71443.3789096037,27,2.52651305698341,2.52651305698341
"10406",34.6362498652575,31.770416733585,6998.412109375,"minor",10.7577555128122,1.09330058451015,1,87,87,11968.4013116185,29,2.20783915666755,2.20783915666755
"8821.1",34.8279165311575,32.095416732285,14103.2451171875,"telaviv",10.9278152192276,1.10190820444595,2,208,104,88323.9946683807,34.6666666666667,2.83650867475431,2.83650867475431
"15151.1",34.8029165312575,31.253750068985,4246.95751953125,"minor",9.8477215812249,1.04603598733637,2,63,31.5,7701.47018016756,31.5,1.90732729470182,1.90732729470182
"8978",34.9279165307575,32.053750065785,2502.88232421875,"telaviv",10.6579819353406,1.08821882681648,3,39,13,107230.356772377,13,2.7371714599185,2.7371714599185
"10404.1",34.6195831986575,31.770416733585,3946.74951171875,"minor",10.7912236029525,1.09499992911986,2,44,22,22768.5215192874,22,2.35859928721229,2.35859928721229
"8801",34.8779165309575,32.103750065585,5702.93115234375,"telaviv",10.8286941124288,1.09689937310325,1,85,85,59957.7018335013,28.3333333333333,2.62076756660407,2.62076756660407
"9545",34.8029165312575,31.912083399685,4939.017578125,"minor",10.6742587124885,1.08904946895541,1,62,62,19446.5167388598,31,2.2439184040771,2.2439184040771
"2538",35.1029165300575,32.970416728785,700.19873046875,"minor",10.6321466258135,1.08689908689371,1,11,11,39945.8218912053,11,2.39603804419782,2.39603804419782
"14141",34.9195831974575,31.320416735385,959.018920898438,"minor",9.81004016425411,1.04403278813211,1,13,13,38639.2671340211,13,2.39020424644432,2.39020424644432
"9153.1",34.7612498647575,32.003750065985,10581.240234375,"telaviv",10.913367896425,1.1011795643473,2,156,78,109912.24944125,39,2.72033074417264,2.72033074417264
"10173",35.1529165298575,31.803750066785,12071.5478515625,"jerusalem",10.0422327911858,1.05631607176313,4,187,46.75,37140.0057005269,23.375,2.60529466957371,2.60529466957371
"10062",34.7612498647575,31.812083400085,1204.65466308594,"minor",10.5935869314258,1.08492636367768,1,12,12,4101.01039554862,12,1.66558429217394,1.66558429217394
"3161.1",35.2862498626575,32.920416728985,2336.3935546875,"minor",10.3277009878892,1.07122468790991,2,50,25,148663.646875813,25,2.70982707099664,2.70982707099664
"15684",34.8029165312575,31.220416735785,3347.41333007812,"minor",9.81487471698732,1.04429001490047,3,34,11.3333333333333,19580.6441630152,11.3333333333333,2.35481650758732,2.35481650758732
"9570.2",35.0112498637575,31.912083399685,10529.7177734375,"minor",10.3348977801486,1.07159786094041,4,182,45.5,7289.14631821517,22.75,2.2676631200506,2.2676631200506
"9054",34.7529165314575,32.028750065885,11615.58203125,"telaviv",10.9780089483165,1.10443595198416,4,144,36,54651.5610219965,36,2.63800714854461,2.63800714854461
"2071.1",35.2945831959575,33.012083395285,945.363342285156,"minor",10.3344513101485,1.07157471405137,2,28,14,67983.2335438871,14,2.53032529116253,2.53032529116253
"8768",34.8279165311575,32.112083398885,8437.6630859375,"telaviv",10.9397435576915,1.10250943849281,2,127,63.5,17918.0999284975,31.75,2.33478948057145,2.33478948057145
"10179",35.2029165296575,31.803750066785,6963.353515625,"jerusalem",9.98924268268241,1.05352544042912,1,124,124,76697.2239924867,31,2.4881172686754,2.4881172686754
"2746",35.1862498630575,32.953750062185,1541.59509277344,"minor",10.4858386458323,1.07939482251411,1,29,29,10756.6784186907,29,1.922303789411,1.922303789411
"13882",34.8612498643575,31.337083401985,468.967254638672,"minor",9.87775694262849,1.04762996767988,1,5,5,52428.5608392718,5,2.44806018421681,2.44806018421681
"8444",34.9445831973575,32.237083398385,4819.92529296875,"minor",10.7326688531231,1.09202507363985,1,75,75,954194.268990516,37.5,3.04603008102856,3.04603008102856
"8645",34.8779165309575,32.153750065385,3059.95288085938,"telaviv",10.8436830527579,1.09765826764465,2,52,26,235186.405639534,26,2.84025103534976,2.84025103534976
"8971",34.8695831976575,32.053750065785,5953.73486328125,"telaviv",10.7700248167227,1.09392386576046,1,90,90,10958.5445550223,30,2.12236647461242,2.12236647461242
"8822",34.8362498644575,32.095416732285,15237.2529296875,"telaviv",10.909297718331,1.10097420084472,2,218,109,15743.3958652838,36.3333333333333,2.35443317780936,2.35443317780936
"8285",34.8445831977575,32.295416731485,3510.39501953125,"minor",10.9613729864017,1.10359880927011,1,56,56,77855.620312617,28,2.58762509849415,2.58762509849415
"9034",34.8612498643575,32.037083399185,6009.33251953125,"telaviv",10.7600718316622,1.09341828082914,1,77,77,69026.5249508495,38.5,2.50215390516364,2.50215390516364
"10183.2",34.6362498652575,31.795416733485,7304.419921875,"minor",10.8026945450426,1.09558176047871,3,87,29,156331.554014069,29,2.90033025749656,2.90033025749656
"8371",34.8445831977575,32.262083398285,1369.77917480469,"minor",10.9505186327527,1.10305226192057,1,21,21,6635.94636418591,21,1.81799613759888,1.81799613759888
"3259",35.2529165294575,32.912083395685,1602.18103027344,"minor",10.3740383372259,1.07362513306947,1,35,35,6494.19759427864,35,1.68333695421676,1.68333695421676
"10327.1",35.2195831962575,31.787083400185,16248.5185546875,"jerusalem",9.95730091885409,1.0518397067812,4,252,63,34066.9587651336,31.5,2.50909628077619,2.50909628077619
"9027",34.8029165312575,32.037083399185,3716.15258789062,"telaviv",10.8810827919742,1.09954954372609,1,50,50,22509.6901627859,25,2.3085307324335,2.3085307324335
"10540",35.1279165299575,31.762083400285,2097.203125,"minor",10.0291023812408,1.05562526922519,1,23,23,45855.0181617864,23,2.4322173015864,2.4322173015864
"8060",34.9195831974575,32.387083397785,1110.65869140625,"minor",10.8262113045223,1.09677361710115,1,15,15,18667.6545353232,15,2.18533599905223,2.18533599905223
"7372.1",34.9195831974575,32.520416730585,2197.40209960938,"minor",10.8664666923987,1.0988108063012,2,35,17.5,108553.409181291,17.5,2.69533743635309,2.69533743635309
"9668",34.7612498647575,31.887083399785,2137.68530273438,"minor",10.7129445249267,1.09102115902319,1,23,23,32147.7079012991,23,2.34037113523881,2.34037113523881
"3643",35.0862498634575,32.878750062485,1344.15600585938,"haifa",10.638617459965,1.08722978558481,1,27,27,43110.887301104,27,2.43799822556608,2.43799822556608
"4184",35.0529165302575,32.828750062685,3391.53662109375,"haifa",10.687060235571,1.0897023159036,1,56,56,96585.78654662,28,2.73316974559887,2.73316974559887
"3352",35.1779165297575,32.903750062385,1059.90063476562,"minor",10.4877592319528,1.07949366896156,1,15,15,8981.22015891967,15,1.94949353294682,1.94949353294682
"8519",34.9195831974575,32.203750065185,1819.77575683594,"minor",10.7726713244885,1.09405826193065,1,30,30,33782.0535033333,30,2.26551854368923,2.26551854368923
"8446",34.9612498639575,32.237083398385,5994.2861328125,"minor",10.7005821614526,1.09039147717448,1,94,94,13026.1101443848,31.3333333333333,2.15871971382913,2.15871971382913
"9101.1",34.8695831976575,32.020416732585,6542.42626953125,"telaviv",10.7175166628198,1.09125395062642,2,88,44,476548.229524849,22,3.21244905031297,3.21244905031297
"3364",35.2779165293575,32.903750062385,3990.23022460938,"minor",10.3361450126217,1.07166252008641,1,83,83,12379.4894837613,27.6666666666667,2.10803832752398,2.10803832752398
"5625",35.3279165291575,32.703750063185,4406.12060546875,"minor",10.2293914052382,1.0661139925104,1,74,74,32473.5921515429,37,2.27795900949073,2.27795900949073
"10331.1",34.6362498652575,31.778750066885,8671.916015625,"minor",10.7726263708023,1.09405597920979,5,89,17.8,54383.2575043638,17.8,2.86866324959807,2.86866324959807
"9708",34.7279165315575,31.878750066485,3699.7890625,"minor",10.7642172896138,1.09362888737013,2,46,23,52118.5585487097,23,2.55730862343444,2.55730862343444
"9609",34.9862498638575,31.903750066385,4431.86376953125,"minor",10.3607072333807,1.07293508312379,1,72,72,67143.8561699614,36,2.4816643165064,2.4816643165064
"11777",34.7862498646575,31.595416734285,2102.64306640625,"minor",10.2511972203265,1.0672496958864,1,35,35,75911.4663121819,35,2.42918486018277,2.42918486018277
"9137.1",34.9029165308575,32.012083399285,1450.27331542969,"telaviv",10.6424429090444,1.08742524182607,1,27,27,101802.570630703,27,2.5554398592192,2.5554398592192
"1776.1",35.2529165294575,33.037083395185,287.885986328125,"minor",10.4005873888025,1.0749980562671,2,6,3,294856.553170789,3,2.83205344326859,2.83205344326859
"9159",34.8112498645575,32.003750065985,6644.7880859375,"telaviv",10.806709608989,1.09578534034267,1,107,107,281182.931767559,35.6666666666667,2.89096054805798,2.89096054805798
"9218",34.7529165314575,31.987083399385,3565.73901367188,"telaviv",10.9017515971815,1.10059335497729,2,43,21.5,83018.3832843298,21.5,2.68088969513853,2.68088969513853
"5130",35.0029165304575,32.745416729685,40.7203636169434,"haifa",10.7607848391073,1.09345450746742,1,1,1,43831.3172220628,1,2.51932677506346,2.51932677506346
"6669.1",35.0029165304575,32.595416730285,1165.45910644531,"minor",10.7188245232235,1.091320531549,3,15,5,16188.0309178205,5,2.13612992963222,2.13612992963222
"10398.1",35.1945831963575,31.778750066885,16765.650390625,"jerusalem",9.97502054955646,1.05277519756945,3,250,83.3333333333333,98316.0603394735,27.7777777777778,2.87121199199952,2.87121199199952
"4619",35.4945831951575,32.795416729485,166.088073730469,"minor",10.0465977840709,1.05654561788621,1,7,7,28464.1842709088,7,2.34551575243433,2.34551575243433
"4847",34.9862498638575,32.770416729585,2196.62451171875,"haifa",10.8016208534893,1.09552731359476,1,33,33,12826.3052603144,33,2.06653398280735,2.06653398280735
"8942",34.8945831975575,32.062083399085,1659.59387207031,"telaviv",10.7337307543935,1.09207909534437,1,23,23,30019.495979189,23,2.29436275105832,2.29436275105832
"10044",35.1195831966575,31.820416733385,3094.06958007812,"minor",10.0958415517544,1.0591318012491,2,52,26,17226.050391678,26,2.18474465883277,2.18474465883277
"7778.1",35.0029165304575,32.453750064185,632.407043457031,"minor",10.6803499244514,1.08936015493558,1,14,14,12351.5961387548,14,2.04776670437172,2.04776670437172
"9452",34.9945831971575,31.937083399585,1608.30859375,"minor",10.3897374214308,1.0744371871114,1,24,24,64448.8557385603,24,2.48163456191621,2.48163456191621
"7644",34.9779165305575,32.478750064085,2215.52392578125,"minor",10.7349899605822,1.0921431510049,1,40,40,29937.4086975394,40,2.13348685184545,2.13348685184545
"10379.1",35.0362498636575,31.778750066885,420.008239746094,"minor",10.1504511479484,1.06199242244359,2,8,4,25759.9318289997,4,2.24842289950604,2.24842289950604
"5139",35.0779165301575,32.745416729685,2922.96630859375,"haifa",10.6192997056023,1.08624223334916,2,50,25,23664.7556112185,25,2.37962305225372,2.37962305225372
"8274",34.9279165307575,32.303750064785,976.852294921875,"minor",10.7846606063478,1.09466690044394,1,18,18,36053.2657921304,18,2.34807932499667,2.34807932499667
"9185.1",34.7529165314575,31.995416732685,4136.70556640625,"telaviv",10.9167923462616,1.1013523175453,4,60,15,11796.8787079114,15,2.23210316804763,2.23210316804763
"8685",34.7945831979575,32.137083398785,3179.29541015625,"telaviv",11.0253688315379,1.10681569436017,1,42,42,31573.0622158614,21,2.41628260502871,2.41628260502871
"9413",34.9695831972575,31.945416732885,2726.19995117188,"minor",10.4383109792465,1.07694583476951,1,44,44,18467.7195611942,22,2.22706610906918,2.22706610906918
"8849",34.8445831977575,32.087083398985,10076.3330078125,"telaviv",10.8768280559089,1.09933454901433,1,143,143,13681.1029580107,35.75,2.21933338273782,2.21933338273782
"8287",34.8612498643575,32.295416731485,3305.88671875,"minor",10.9237277028313,1.1017021024473,2,56,28,54915.203069041,28,2.4909020827192,2.4909020827192
"16635",34.9695831972575,31.162083402685,126.032318115234,"minor",9.63406662597819,1.03462642887707,1,3,3,34387.354067836,3,2.36495695287708,2.36495695287708
"8995",34.8029165312575,32.045416732485,7188.7431640625,"telaviv",10.8956058706052,1.10028308835121,3,110,36.6666666666667,60180.5906851596,36.6666666666667,2.53608177342234,2.53608177342234
"15692",34.8695831976575,31.220416735785,652.900939941406,"minor",9.7593434217795,1.04133159527061,1,9,9,7686.01365455435,9,1.89482191002721,1.89482191002721
"2749",35.2112498629575,32.953750062185,2644.65600585938,"minor",10.4461804255457,1.07735171320675,1,40,40,14358.4114990415,40,1.93437223287221,1.93437223287221
"8715",34.8279165311575,32.128750065485,5335.99609375,"telaviv",10.9451212397828,1.10278038711164,2,82,41,131999.775687208,20.5,2.89676505589167,2.89676505589167
"9471",34.8445831977575,31.928750066285,486.320373535156,"minor",10.6236713689843,1.08646579784508,1,5,5,29138.8468797321,5,2.29191678876194,2.29191678876194
"3034",35.0779165301575,32.928750062285,4168.74560546875,"haifa",10.6670293472285,1.08868061571123,2,89,44.5,14654.0552213058,22.25,2.33655931547521,2.33655931547521
"15507",34.4279165327575,31.228750069085,377.647430419922,"minor",10.2187113355382,1.06555730517666,1,7,7,9784.59180619355,7,1.98122343373934,1.98122343373934
"9993",34.6529165318575,31.820416733385,6436.8447265625,"minor",10.8137798751438,1.09614373931442,1,83,83,13092.8855125038,27.6666666666667,2.23591094023567,2.23591094023567
"10164",35.0779165301575,31.803750066785,7562.75830078125,"minor",10.1272316478978,1.06077705521826,4,120,30,58483.5575964165,30,2.659698827532,2.659698827532
"5419",35.1279165299575,32.720416729785,1871.6767578125,"haifa",10.5268039593449,1.08150121792426,1,31,31,293601.113188708,31,2.87006804929205,2.87006804929205
"5232",35.0862498634575,32.737083396385,1169.35656738281,"haifa",10.6023642932117,1.0853757308064,1,21,21,18661.260450815,21,2.24979944898803,2.24979944898803
"8574.1",34.8695831976575,32.178750065285,6055.84033203125,"telaviv",10.8690207641586,1.09893993184132,2,88,44,58442.5666162176,22,2.71923619158362,2.71923619158362
"8078",34.8695831976575,32.378750064485,2453.37036132812,"minor",10.9317137569039,1.102104741791,1,31,31,96804.9294875057,31,2.55061494583235,2.55061494583235
"9528.3",35.0029165304575,31.920416732985,7000.5234375,"minor",10.3569495761298,1.07274049756944,3,118,39.3333333333333,10610.5160195074,39.3333333333333,1.98745027825554,1.98745027825554
"8208",34.8862498642575,32.328750064685,2348.65600585938,"minor",10.8792827284437,1.09945859042044,2,24,12,61301.9282646732,12,2.59515814079645,2.59515814079645
"4272",34.9862498638575,32.820416729385,4746.916015625,"haifa",10.8163235047296,1.09627264982199,2,100,50,140957.499468528,25,2.92683532773719,2.92683532773719
"3647",35.1195831966575,32.878750062485,165.441345214844,"haifa",10.5794325297689,1.08420132046943,1,4,4,107697.706935154,4,2.75361381972475,2.75361381972475
"8964.1",34.8112498645575,32.053750065785,9464.7265625,"telaviv",10.8919293695765,1.10009743859232,4,132,33,18322.6298090594,33,2.34808585354049,2.34808585354049
"8962.2",34.7945831979575,32.053750065785,9308.9384765625,"telaviv",10.9287550922491,1.10195558955931,3,141,47,40853.7667849685,23.5,2.73934797952394,2.73934797952394
"4370",35.0195831970575,32.812083396085,3007.51147460938,"haifa",10.7466548960532,1.09273636629707,1,52,52,19854.1742666561,26,2.32229919466012,2.32229919466012
"465",35.6195831946575,33.220416727785,479.850006103516,"minor",9.97868441184982,1.0529685239492,1,17,17,28145.5875456168,17,2.28093000606614,2.28093000606614
"10622",35.1779165297575,31.753750066985,13840.705078125,"jerusalem",9.96915894102198,1.05246583164501,2,211,105.5,37547.6172661947,35.1666666666667,2.40471116040571,2.40471116040571
"5802",35.3029165292575,32.687083396585,2604.23706054688,"minor",10.2591101064678,1.06766152077373,2,41,20.5,5952.02370594503,20.5,1.8538254621831,1.8538254621831
"8960",34.7779165313575,32.053750065785,9231.30078125,"telaviv",10.9665307866341,1.1038584242271,1,141,141,13151.5072912989,35.25,2.19537957139818,2.19537957139818
"9059",34.7945831979575,32.028750065885,11366.4287109375,"telaviv",10.8846325649877,1.09972888401277,4,163,40.75,24560.7748746134,20.375,2.71968298146225,2.71968298146225
"7652",35.0445831969575,32.478750064085,950.377746582031,"minor",10.6108045361125,1.08580766335032,1,23,23,47765.3160072276,23,2.38397896415969,2.38397896415969
"9841.1",34.8279165311575,31.853750066585,2298.59985351562,"minor",10.5414995667802,1.08225585220975,2,35,17.5,41910.215299185,17.5,2.46692710149105,2.46692710149105
"8816.1",34.7862498646575,32.095416732285,7561.67529296875,"telaviv",11.0240548335841,1.10674973752396,2,97,48.5,49968.3886049517,24.25,2.71368119304722,2.71368119304722
"10261",34.6695831984575,31.787083400185,5058.1396484375,"minor",10.7216319065273,1.09146343688581,1,68,68,71112.173444959,34,2.5500789270788,2.5500789270788
"8847",34.8279165311575,32.087083398985,15465.7119140625,"telaviv",10.9132677605294,1.10117451238461,4,213,53.25,109769.230176063,26.625,3.09604131348993,3.09604131348993
"14523",34.9279165307575,31.295416735485,2024.28576660156,"minor",9.78008477241115,1.042437569269,1,35,35,5625.60330154906,35,1.64604769481884,1.64604769481884
"15414",34.7862498646575,31.237083402385,3676.14135742188,"minor",9.84590761315972,1.04593964204228,3,41,13.6666666666667,12947.4521169726,13.6666666666667,2.24117648167652,2.24117648167652
"8595",34.8529165310575,32.170416731985,7345.69189453125,"telaviv",10.9026427323004,1.10063833661807,1,98,98,32126.3148097056,32.6666666666667,2.44928811847317,2.44928811847317
"15416",34.8029165312575,31.237083402385,2708.38916015625,"minor",9.83121060969476,1.04515871254586,1,33,33,24157.7444613244,33,2.18039615024728,2.18039615024728
"8618.1",34.8529165310575,32.162083398685,6443.86767578125,"telaviv",10.9000284748718,1.10050637207867,3,103,34.3333333333333,114001.245823333,34.3333333333333,2.70716972811245,2.70716972811245
"10330.1",34.6279165319575,31.778750066885,7210.390625,"minor",10.7894399007752,1.09490942805407,2,101,50.5,8032.90798710433,25.25,2.14111065941264,2.14111065941264
"5884",35.2779165293575,32.678750063285,2748.314453125,"minor",10.2912611061545,1.06933318298806,1,44,44,94778.786921591,22,2.65967277641588,2.65967277641588
"10324.1",35.1945831963575,31.787083400185,17163.513671875,"jerusalem",9.98260942817448,1.05317559094043,3,289,96.3333333333333,2888.27108954331,32.1111111111111,1.64064973546723,1.64064973546723
"11147",34.9862498638575,31.687083400585,651.547546386719,"minor",10.1108245892221,1.05991742808485,2,10,5,9619.29616412093,5,1.95238079331549,1.95238079331549
"4199",35.1779165297575,32.828750062685,1888.81140136719,"minor",10.4705800574391,1.07860918972531,1,38,38,63113.9507460815,38,2.33990909755929,2.33990909755929
"9613",35.0195831970575,31.903750066385,6381.10205078125,"minor",10.3132207782419,1.07047345590848,1,108,108,44660.3679668534,36,2.44683497052754,2.44683497052754
"10327.2",35.2195831962575,31.787083400185,16248.5185546875,"jerusalem",9.95730091885409,1.0518397067812,4,252,63,9201.60640078426,31.5,2.11389829491757,2.11389829491757
"10331.3",34.6362498652575,31.778750066885,8671.916015625,"minor",10.7726263708023,1.09405597920979,5,89,17.8,110640.135606433,17.8,3.0408879115776,3.0408879115776
"9630",34.8029165312575,31.895416733085,5292.51318359375,"minor",10.648159865528,1.08771727666134,4,75,18.75,184278.404965559,18.75,2.98839604786411,2.98839604786411
"8563",34.9529165306575,32.187083398585,1898.61364746094,"minor",10.7028490579508,1.09050696966293,1,30,30,119144.843801981,30,2.58316124128368,2.58316124128368
"9223",34.7945831979575,31.987083399385,4189.234375,"telaviv",10.8130248917694,1.09610547402912,2,64,32,96046.6786024821,32,2.6164774325657,2.6164774325657
"8582.2",34.9362498640575,32.178750065285,6158.48779296875,"minor",10.7326688531231,1.09202507363985,3,95,31.6666666666667,149095.515997098,31.6666666666667,2.8028374354996,2.8028374354996
"8814",34.7695831980575,32.095416732285,1945.13256835938,"telaviv",11.064345827186,1.10877038135776,1,18,18,15590.5800172871,18,2.16157690335216,2.16157690335216
"8416",34.8779165309575,32.245416731685,867.306762695312,"minor",10.8715793914224,1.09906927248177,1,12,12,75438.4817374657,12,2.55914870730423,2.55914870730423
"8978.3",34.9279165307575,32.053750065785,2502.88232421875,"telaviv",10.6579819353406,1.08821882681648,3,39,13,14624.6098798993,13,2.20593009884583,2.20593009884583
"10902.1",35.1112498633575,31.720416733785,5312.9228515625,"minor",10.0066515092905,1.05444306043472,2,78,39,32144.0816874138,39,2.27477483848047,2.27477483848047
"5503",35.0695831968575,32.712083396485,2127.19409179688,"haifa",10.6257074516219,1.08656990630669,1,31,31,22646.3507823195,31,2.25807879859065,2.25807879859065
"16635.1",34.9695831972575,31.162083402685,126.032318115234,"minor",9.63406662597819,1.03462642887707,1,3,3,11415.9894260563,3,2.03937725162497,2.03937725162497
"8959.2",34.7695831980575,32.053750065785,8733.76171875,"telaviv",10.9857864349065,1.1048271073846,6,123,20.5,73918.9076787238,20.5,2.91283326696555,2.91283326696555
"9657",35.0279165303575,31.895416733085,5181.24560546875,"minor",10.2919090359811,1.06936684465264,1,93,93,35895.4882172765,31,2.42605110629174,2.42605110629174
"9007",34.9029165308575,32.045416732485,3541.28735351562,"telaviv",10.6922369781153,1.08996620631178,1,45,45,11031.2328314397,22.5,2.10824500095058,2.10824500095058
"8964.1.1",34.8112498645575,32.053750065785,9464.7265625,"telaviv",10.8919293695765,1.10009743859232,4,132,33,84259.9595867082,33,2.75368935716064,2.75368935716064
"11713",34.7195831982575,31.603750067585,199.348220825195,"minor",10.354480529944,1.07261262190058,1,6,6,23874.3964067664,6,2.27916218526409,2.27916218526409
"8188",34.8862498642575,32.337083397985,1549.36389160156,"minor",10.8818597001484,1.09958879688669,1,26,26,45105.5037987764,26,2.36933968402203,2.36933968402203
"10831",35.0779165301575,31.728750067085,2900.40673828125,"minor",10.0506065928567,1.05675638908547,1,48,48,8642.0351064629,24,1.97328930320529,1.97328930320529
"10128.2",34.7779165313575,31.803750066785,2800.22387695312,"minor",10.5521130700096,1.08280053924019,3,50,16.6666666666667,11416.0532920248,16.6666666666667,2.12674991310863,2.12674991310863
"9114",34.9779165305575,32.020416732585,1266.12097167969,"minor",10.5236947247197,1.08134148808679,1,18,18,32973.3730193394,18,2.33743769257959,2.33743769257959
"7254",35.1445831965575,32.537083397185,3186.39184570312,"minor",10.4573816332119,1.07792916862802,1,67,67,78128.3356536134,33.5,2.50257466219076,2.50257466219076
"9612.3",35.0112498637575,31.903750066385,11370.5986328125,"minor",10.3249123855425,1.07108005643019,4,159,39.75,19319.6847891209,39.75,2.26725185526797,2.26725185526797
"10468.1",35.1529165298575,31.770416733585,7554.73583984375,"jerusalem",10.010458673748,1.0546436298447,4,131,32.75,602926.474729639,32.75,2.92880346806372,2.92880346806372
"10396.2",35.1779165297575,31.778750066885,11191.7216796875,"jerusalem",9.99212736855914,1.05367754758481,3,195,65,59539.451539881,32.5,2.52442147891166,2.52442147891166
"10626",35.2112498629575,31.753750066985,16808.93359375,"jerusalem",9.93600780533776,1.0507144556252,1,265,265,21073.3224859086,37.8571428571429,2.22785980397419,2.22785980397419
"10472.1.1",35.1862498630575,31.770416733585,15912.2841796875,"jerusalem",9.97591457625495,1.05282237481791,4,270,67.5,130333.133222474,33.75,2.78174788878283,2.78174788878283
"8842.3",34.7862498646575,32.087083398985,8938.5615234375,"telaviv",11.0085378177667,1.10597055505142,5,126,25.2,63184.7751115588,25.2,2.80964343395536,2.80964343395536
"9059.3",34.7945831979575,32.028750065885,11366.4287109375,"telaviv",10.8846325649877,1.09972888401277,4,163,40.75,116198.178103543,20.375,3.11588420191864,3.11588420191864
"10552.2",35.2279165295575,31.762083400285,12183.4345703125,"jerusalem",9.92709337673244,1.0502430076856,3,196,65.3333333333333,56061.292086409,32.6666666666667,2.52960164296386,2.52960164296386
"4296",35.1945831963575,32.820416729385,3445.68969726562,"minor",10.4424693473249,1.07716032786442,1,55,55,46879.3216117771,27.5,2.46377568619264,2.46377568619264
"9801",34.8112498645575,31.862083399885,3231.16235351562,"minor",10.5823617467556,1.08435140607726,1,44,44,23594.9831590188,22,2.32812484811267,2.32812484811267
"9293.2",34.8195831978575,31.970416732785,4551.712890625,"telaviv",10.7353524268035,1.09216158891965,3,52,17.3333333333333,112030.455198231,17.3333333333333,2.84838714797607,2.84838714797607
"8224",34.8529165310575,32.320416731385,5173.8076171875,"minor",10.9505186327527,1.10305226192057,1,68,68,105031.789041974,34,2.64783166628444,2.64783166628444
"7809",34.9112498641575,32.445416730885,3593.14404296875,"minor",10.861372166812,1.09855319836855,1,66,66,81341.372484536,33,2.53692653009362,2.53692653009362
"8933",34.8195831978575,32.062083399085,16152.783203125,"telaviv",10.8882127882776,1.09990973307801,3,238,79.3333333333333,67025.5272336235,39.6666666666667,2.681914641294,2.681914641294
"10624.2",35.1945831963575,31.753750066985,15010.6953125,"jerusalem",9.95244266244092,1.05158307446128,3,242,80.6666666666667,111872.584946899,26.8888888888889,2.88499885620133,2.88499885620133
"8808",34.9362498640575,32.103750065585,3693.0185546875,"telaviv",10.7119548292819,1.09097076186924,2,59,29.5,40786.8296277758,29.5,2.41449301418018,2.41449301418018
"8795",34.8279165311575,32.103750065585,10304.9248046875,"telaviv",10.9370620745142,1.10237431001927,3,135,45,33026.4977099259,22.5,2.73325397173536,2.73325397173536
"8165",34.8612498643575,32.345416731285,3894.1513671875,"minor",10.9397435576915,1.10250943849281,1,59,59,66247.577530543,29.5,2.54761817756735,2.54761817756735
"9132",34.8612498643575,32.012083399285,1254.14172363281,"telaviv",10.720585635875,1.09141018034646,1,14,14,5612.76600748415,14,1.79121856281128,1.79121856281128
"1221",35.1529165298575,33.087083394985,683.010620117188,"minor",10.5732483851082,1.08388439241606,1,13,13,14769.3394585863,13,2.10795048270407,2.10795048270407
"10334",34.6612498651575,31.778750066885,5933.89013671875,"minor",10.7233803161793,1.09155242741597,2,74,37,42418.7037678527,37,2.40186444446996,2.40186444446996
"14815",35.2362498628575,31.278750068885,78.8701477050781,"minor",9.54559677068194,1.02986497338685,1,7,7,15955.9282795538,7,2.22572068462996,2.22572068462996
"9504",34.8029165312575,31.920416732985,3980.66186523438,"minor",10.6874330360479,1.08972132197222,2,54,27,56916.2597638609,27,2.54657038651747,2.54657038651747
"3915",35.0612498635575,32.853750062585,2694.88110351562,"haifa",10.6781205956388,1.08924645694162,1,44,44,39587.904683541,22,2.53854412344661,2.53854412344661
"2844",35.1695831964575,32.945416728885,2206.5029296875,"minor",10.5110399147089,1.08069113249649,2,36,18,131107.819409746,18,2.73594134974512,2.73594134974512
"8927",34.7695831980575,32.062083399085,8409.01171875,"telaviv",11.0012802198763,1.10560592838278,1,107,107,163782.239524706,35.6666666666667,2.82613774956533,2.82613774956533
"3857",35.3112498625575,32.862083395885,3156.38549804688,"minor",10.2815201263777,1.06882698560295,2,65,32.5,85168.0875298165,32.5,2.534980037952,2.534980037952
"9355",34.7695831980575,31.953750066185,4075.80737304688,"minor",10.8079073967394,1.09584606566694,1,42,42,16525.0386314629,21,2.28195441539681,2.28195441539681
"7605",35.0362498636575,32.487083397385,1264.14904785156,"minor",10.6278503396004,1.08667946513937,1,23,23,22037.2661696067,23,2.18668662402725,2.18668662402725
"8972",34.8779165309575,32.053750065785,4181.0283203125,"telaviv",10.7534438279601,1.09308146631235,1,68,68,47263.5690312535,34,2.41270998993459,2.41270998993459
"4045",35.4112498621575,32.845416729285,127.467864990234,"minor",10.1504781900346,1.06199383708374,1,2,2,47914.3225127894,2,2.42426207212442,2.42426207212442
"5068",35.2445831961575,32.753750062985,1568.82641601562,"minor",10.3532181957749,1.07254723779809,1,18,18,24960.7939464141,18,2.27725364621727,2.27725364621727
"8977",34.9195831974575,32.053750065785,3096.37231445312,"telaviv",10.673429903675,1.0890071882058,1,52,52,12805.4081397091,26,2.09297817674909,2.09297817674909
"2499",35.6029165280575,32.978750062085,263.598999023438,"minor",9.96061217166234,1.05201458437621,1,9,9,41414.6426443382,9,2.42799891039158,2.42799891039158
"4475",35.0945831967575,32.803750062785,3386.96459960938,"haifa",10.6044692337249,1.08548346800067,1,53,53,164361.004582221,26.5,2.87321765388689,2.87321765388689
"5795",35.2445831961575,32.687083396585,3562.67163085938,"minor",10.3395398012216,1.07183849328679,3,74,24.6666666666667,109902.068792739,24.6666666666667,2.71235921255989,2.71235921255989
"14815.1",35.2362498628575,31.278750068885,78.8701477050781,"minor",9.54559677068194,1.02986497338685,1,7,7,38654.0353319765,7,2.47682150322377,2.47682150322377
"9223.1",34.7945831979575,31.987083399385,4189.234375,"telaviv",10.8130248917694,1.09610547402912,2,64,32,30253.3593715581,32,2.32299047050078,2.32299047050078
"8398",34.9029165308575,32.253750064985,1291.35668945312,"minor",10.8212587410919,1.09652272313142,1,17,17,19900.7522635489,17,2.20270137957465,2.20270137957465
"8720",34.8695831976575,32.128750065485,3172.67260742188,"telaviv",10.8537642422255,1.09816838631046,1,49,49,30622.4867488287,24.5,2.37106317487399,2.37106317487399
"7825",35.0445831969575,32.445416730885,1946.251953125,"minor",10.6023642932117,1.0853757308064,1,30,30,57605.6365613958,30,2.41061809833192,2.41061809833192
"13988",34.6862498650575,31.328750068685,158.510772705078,"minor",10.0439617072826,1.05640699791966,1,3,3,13512.2015402948,3,2.08041886768878,2.08041886768878
"9513",34.8779165309575,31.920416732985,1326.11328125,"minor",10.5531835174339,1.08285545959816,1,16,16,58485.8036825358,16,2.50194791219022,2.50194791219022
"9603",34.9362498640575,31.903750066385,1169.66052246094,"minor",10.4357086138659,1.07681158023047,1,23,23,120244.625974028,23,2.61742028405518,2.61742028405518
"8943",34.9029165308575,32.062083399085,2565.17602539062,"telaviv",10.7175801549913,1.09125718299743,2,32,16,86310.1512125371,16,2.67480452880279,2.67480452880279
"8470",34.8279165311575,32.220416731785,2185.388671875,"telaviv",10.9750537530651,1.10428728916312,3,35,11.6666666666667,88299.6544185813,11.6666666666667,2.67400978600444,2.67400978600444
"8959.3",34.7695831980575,32.053750065785,8733.76171875,"telaviv",10.9857864349065,1.1048271073846,6,123,20.5,203181.465931832,20.5,3.14596621413326,3.14596621413326
"3770.1",35.3529165290575,32.870416729185,387.271148681641,"minor",10.2278489074138,1.06603360940418,2,3,1.5,59550.0822052251,1.5,2.41409283358602,2.41409283358602
"7372",34.9195831974575,32.520416730585,2197.40209960938,"minor",10.8664666923987,1.0988108063012,2,35,17.5,7716.05565812884,17.5,1.94854587750339,1.94854587750339
"8792.1",34.8029165312575,32.103750065585,6917.48779296875,"telaviv",10.9944205660067,1.10526118411525,4,109,27.25,71706.6447122321,27.25,2.73160960433616,2.73160960433616
"8905.2",34.8362498644575,32.070416732385,16653.083984375,"telaviv",10.8664818888214,1.09881157462766,3,219,73,84233.7841759749,36.5,2.82401258134541,2.82401258134541
"9067",34.8612498643575,32.028750065885,15078.4970703125,"telaviv",10.7468283340868,1.09274518398424,3,217,72.3333333333333,73276.0705848856,36.1666666666667,2.77344068900983,2.77344068900983
"5625.1",35.3279165291575,32.703750063185,4406.12060546875,"minor",10.2293914052382,1.0661139925104,1,74,74,24015.9792845401,37,2.19409393792943,2.19409393792943
"4290",35.1445831965575,32.820416729385,1089.65942382812,"haifa",10.522844421323,1.08129780158038,1,21,21,169926.323921009,21,2.8083946303431,2.8083946303431
"8524",34.9612498639575,32.203750065185,1640.63439941406,"minor",10.6915524735254,1.08993131656823,1,18,18,12731.2879775251,18,2.07954682058924,2.07954682058924
"10889",35.0029165304575,31.720416733785,1083.29956054688,"minor",10.1272919600175,1.06078021391058,2,20,10,21386.9071940836,10,2.23686725772151,2.23686725772151
"8970.2",34.8612498643575,32.053750065785,14320.345703125,"telaviv",10.7868067137548,1.09477581234977,4,210,52.5,29175.5723997339,26.25,2.74347717300213,2.74347717300213
"10324.2",35.1945831963575,31.787083400185,17163.513671875,"jerusalem",9.98260942817448,1.05317559094043,3,289,96.3333333333333,37798.9363346839,32.1111111111111,2.53806818113047,2.53806818113047
"13524.1",34.7945831979575,31.362083401885,1096.84973144531,"minor",9.96787179179853,1.05239788587769,2,19,9.5,7641.79716725942,9.5,1.90716708042414,1.90716708042414
"9585.1",34.7862498646575,31.903750066385,2116.1357421875,"minor",10.692319435647,1.08997040916241,2,22,11,326890.703053327,11,2.96259673950947,2.96259673950947
"4954.1",35.0779165301575,32.762083396285,1021.88897705078,"haifa",10.6235680556439,1.08646051498759,2,23,11.5,17213.602070996,11.5,2.26853150923469,2.26853150923469
"3161",35.2862498626575,32.920416728985,2336.3935546875,"minor",10.3277009878892,1.07122468790991,2,50,25,167563.169866351,25,2.73667008243457,2.73667008243457
"6990",34.9362498640575,32.562083397085,719.537109375,"minor",10.8436830527579,1.09765826764465,1,13,13,109712.077108194,13,2.64194978492477,2.64194978492477
"8826.2",34.8695831976575,32.095416732285,6649.2353515625,"telaviv",10.8375122647126,1.09734590235373,3,93,31,50009.1172583142,31,2.570180462506,2.570180462506
"9184",34.7445831981575,31.995416732685,4943.0703125,"telaviv",10.9354056809332,1.10229083079705,1,59,59,231861.683319327,29.5,2.88422207256731,2.88422207256731
"8687",34.8112498645575,32.137083398785,4172.0830078125,"telaviv",10.9860897142369,1.10484235749505,2,64,32,14744.7022956364,32,2.11291178847343,2.11291178847343
"10476.2",35.2195831962575,31.770416733585,16383.8623046875,"jerusalem",9.94253751353409,1.05105965120571,3,256,85.3333333333333,29841.2737683246,28.4444444444444,2.54614181615377,2.54614181615377
"4373",35.0445831969575,32.812083396085,3854.2744140625,"haifa",10.6983190642886,1.0902761660489,2,46,23,5351.43768361459,23,1.95983316715242,1.95983316715242
"10551",35.2195831962575,31.762083400285,16670.841796875,"jerusalem",9.93520073421253,1.05067178161892,2,289,144.5,34116.8373728601,36.125,2.40409779922108,2.40409779922108
"9114.1",34.9779165305575,32.020416732585,1266.12097167969,"minor",10.5236947247197,1.08134148808679,1,18,18,165605.950939488,18,2.73253986708814,2.73253986708814
"9225.1",34.8112498645575,31.987083399385,4129.14306640625,"telaviv",10.7790351276094,1.09438136393781,2,43,21.5,188414.632634108,21.5,2.90112842143529,2.90112842143529
"3043",35.1529165298575,32.928750062285,2612.84130859375,"minor",10.5347604391425,1.08190985654189,1,57,57,9198.75241637917,28.5,1.92932268945388,1.92932268945388
"9530",35.0195831970575,31.920416732985,2304.35546875,"minor",10.3330410278155,1.07150159577916,1,39,39,80636.1982036885,39,2.40368965841947,2.40368965841947
"3857.2",35.3112498625575,32.862083395885,3156.38549804688,"minor",10.2815201263777,1.06882698560295,2,65,32.5,53762.1056878971,32.5,2.42164109184708,2.42164109184708
"10264",34.6945831983575,31.787083400185,1499.38671875,"minor",10.6741651656384,1.08904469685022,1,17,17,98267.7855487742,17,2.63211209566558,2.63211209566558
"8965.2",34.8195831978575,32.053750065785,11609.365234375,"telaviv",10.8738616193448,1.09918462807386,5,163,32.6,18556.9247304469,32.6,2.41582315909032,2.41582315909032
"9545.1",34.8029165312575,31.912083399685,4939.017578125,"minor",10.6742587124885,1.08904946895541,1,62,62,124913.791811825,31,2.72430372980021,2.72430372980021
"4482",35.1529165298575,32.803750062785,2346.72875976562,"haifa",10.5051789900898,1.08038979540256,2,50,25,7625.97384214603,25,1.98727521478234,1.98727521478234
"4948",35.0279165303575,32.762083396285,1544.17199707031,"haifa",10.7165307614552,1.091203757399,2,21,10.5,76613.8119259247,10.5,2.69973643174322,2.69973643174322
"10398.2",35.1945831963575,31.778750066885,16765.650390625,"jerusalem",9.97502054955646,1.05277519756945,3,250,83.3333333333333,5899.04163002843,27.7777777777778,2.04797777811707,2.04797777811707
"8874.2.1",34.8195831978575,32.078750065685,16704.423828125,"telaviv",10.917199084634,1.10137283447291,4,243,60.75,6638.75123875675,30.375,2.2319541598165,2.2319541598165
"4472",35.0695831968575,32.803750062785,4336.67724609375,"haifa",10.6494731758165,1.08778435239387,2,93,46.5,58277.8201224273,23.25,2.71712922773106,2.71712922773106
"11695",34.5695831988575,31.603750067585,435.444244384766,"minor",10.5934218860152,1.0849179122053,1,9,9,28266.4287426442,9,2.30654944113744,2.30654944113744
"8939.1",34.8695831976575,32.062083399085,6067.83154296875,"telaviv",10.7833552584105,1.09460065058807,2,95,47.5,214571.076239879,23.75,2.99966016990019,2.99966016990019
"10401.6",35.2195831962575,31.778750066885,16440.248046875,"jerusalem",9.9499041900965,1.05144895739675,7,268,38.2857142857143,26786.1317945483,38.2857142857143,2.28024487548938,2.28024487548938
"8959.3.1",34.7695831980575,32.053750065785,8733.76171875,"telaviv",10.9857864349065,1.1048271073846,6,123,20.5,20915.0048193969,20.5,2.57786717413681,2.57786717413681
"9717",34.8029165312575,31.878750066485,2631.7734375,"minor",10.6223891606361,1.08640023117307,1,31,31,53068.8938258547,31,2.41220160136793,2.41220160136793
"8840",34.7695831980575,32.087083398985,4985.8251953125,"telaviv",11.048413664155,1.10797180390091,2,60,30,97739.2135466842,30,2.6839225251516,2.6839225251516
"9992.1",34.6445831985575,31.820416733385,5304.81005859375,"minor",10.8310977873439,1.09702110722851,4,78,19.5,24936.6048122331,19.5,2.48500578751507,2.48500578751507
"2658",35.2779165293575,32.962083395485,202.598846435547,"minor",10.3480700953046,1.0722805445148,1,4,4,63661.8934417809,4,2.5161357772786,2.5161357772786
"8913",34.9029165308575,32.070416732385,6474.994140625,"telaviv",10.7303654695095,1.09190788528406,2,92,46,220474.284478717,23,3.03426469026088,3.03426469026088
"7767",34.9112498641575,32.453750064185,3155.56420898438,"minor",10.8639171639872,1.09868189532261,2,56,28,27125.6986413878,28,2.29608107761205,2.29608107761205
"10692",35.1279165299575,31.745416733685,917.384460449219,"minor",10.01307405867,1.05478139170952,1,16,16,8003.87059862223,16,1.89843317845988,1.89843317845988
"13167",34.6029165320575,31.395416735085,650.053100585938,"minor",10.2274098570908,1.06601072837476,1,13,13,27041.1034937822,13,2.28543833366237,2.28543833366237
"5795.1",35.2445831961575,32.687083396585,3562.67163085938,"minor",10.3395398012216,1.07183849328679,3,74,24.6666666666667,24910.8099640846,24.6666666666667,2.33310387192219,2.33310387192219
"3366",35.2945831959575,32.903750062385,3507.31494140625,"minor",10.3126545750242,1.07044407062491,2,67,33.5,2809.71031287603,33.5,1.42119512364125,1.42119512364125
"9043.1",34.9362498640575,32.037083399185,817.930480957031,"minor",10.618657897673,1.08620940776593,2,9,4.5,244490.460408345,4.5,2.8012573112115,2.8012573112115
"2644",35.1612498631575,32.962083395485,3536.34057617188,"minor",10.5287883928094,1.08160315133547,1,58,58,17457.6179972194,29,2.175298031392,2.175298031392
"8806",34.9195831974575,32.103750065585,1758.15783691406,"telaviv",10.7443139554527,1.09261734459827,1,22,22,297497.928107238,22,2.85656009911413,2.85656009911413
"2395",35.5612498615575,32.987083395385,823.095886230469,"minor",10.0045525865302,1.05433246846472,1,13,13,37569.4216101192,13,2.37807284148325,2.37807284148325
"8962.1",34.7945831979575,32.053750065785,9308.9384765625,"telaviv",10.9287550922491,1.10195558955931,3,141,47,47267.1849321168,23.5,2.77730113969035,2.77730113969035
"10834",35.1029165300575,31.728750067085,2453.14233398438,"minor",10.0235441601013,1.05533271004937,1,40,40,8627.05377892539,40,1.75983713806158,1.75983713806158
"2646",35.1779165297575,32.962083395485,2331.74243164062,"minor",10.5012868831353,1.08018963783296,1,32,32,34523.3550291269,32,2.27358837913934,2.27358837913934
"4982",35.3112498625575,32.762083396285,2701.99096679688,"minor",10.2622845464978,1.06782668935542,1,60,60,19076.4647850055,30,2.14801048724264,2.14801048724264
"9503.1",34.7945831979575,31.920416732985,4097.3115234375,"minor",10.7032262526623,1.09052618556682,2,63,31.5,37250.7030181453,31.5,2.38221489601261,2.38221489601261
"9570.3",35.0112498637575,31.912083399685,10529.7177734375,"minor",10.3348977801486,1.07159786094041,4,182,45.5,31009.5407657762,22.75,2.71951242142418,2.71951242142418
"8966",34.8279165311575,32.053750065785,10679.03125,"telaviv",10.8560182291966,1.09828240798462,4,150,37.5,58056.6279944912,37.5,2.60030453231746,2.60030453231746
"9584",34.7779165313575,31.903750066385,1299.2060546875,"minor",10.7081703055764,1.0907780253652,2,13,6.5,52069.1288838391,6.5,2.47960448298637,2.47960448298637
"8535",34.8862498642575,32.195416731885,4560.01171875,"telaviv",10.8386691204897,1.09740446916499,3,59,19.6666666666667,75778.1651122134,19.6666666666667,2.7338086781102,2.7338086781102
"8959",34.7695831980575,32.053750065785,8733.76171875,"telaviv",10.9857864349065,1.1048271073846,6,123,20.5,89971.6543462565,20.5,2.96017353454795,2.96017353454795
"8060.1",34.9195831974575,32.387083397785,1110.65869140625,"minor",10.8262113045223,1.09677361710115,1,15,15,46257.735278031,15,2.43614536125803,2.43614536125803
"16635.2",34.9695831972575,31.162083402685,126.032318115234,"minor",9.63406662597819,1.03462642887707,1,3,3,5488.48925003753,3,1.77778482871816,1.77778482871816
"8538",34.9112498641575,32.195416731885,2080.76586914062,"minor",10.7870709157469,1.09478921947697,1,30,30,59828.6540108227,30,2.42675554447916,2.42675554447916
"8241",34.9945831971575,32.320416731385,1843.83544921875,"minor",10.6604185851624,1.08834321512423,1,24,24,151280.107927271,24,2.6958824029039,2.6958824029039
"11956",34.5445831989575,31.562083401085,1073.05920410156,"minor",10.5666336395105,1.08354529411098,1,20,20,107563.118095725,20,2.61094254885393,2.61094254885393
"8991.2",34.7695831980575,32.045416732485,8070.29150390625,"telaviv",10.9703995421949,1.10405311578117,3,116,38.6666666666667,52317.1361475164,38.6666666666667,2.48788198414477,2.48788198414477
"7510",35.1029165300575,32.503750063985,1192.236328125,"minor",10.5169283271758,1.08099379827473,1,21,21,127339.269378954,21,2.64787137699316,2.64787137699316
"9255",34.7779165313575,31.978750066085,7348.55908203125,"telaviv",10.833467285671,1.09714109725996,1,88,88,5129.27486645424,29.3333333333333,1.9113578953784,1.9113578953784
"4508",35.3695831956575,32.803750062785,2285.67993164062,"minor",10.1944458827915,1.06429141178488,1,43,43,28598.5998630929,21.5,2.33084506945507,2.33084506945507
"15405",34.7112498649575,31.237083402385,1260.89477539062,"minor",9.91507292358354,1.04960695943151,2,20,10,29147.3529701906,10,2.33362872796161,2.33362872796161
"7041",35.3612498623575,32.562083397085,490.6767578125,"minor",10.1620297115474,1.06259795425841,1,7,7,61316.5764321376,7,2.50138294980175,2.50138294980175
"10398",35.1945831963575,31.778750066885,16765.650390625,"jerusalem",9.97502054955646,1.05277519756945,3,250,83.3333333333333,10898.8025761924,27.7777777777778,2.26623863206463,2.26623863206463
"10663",34.8862498642575,31.745416733685,621.409912109375,"minor",10.3056986649639,1.07008300119216,1,9,9,4876.67863407712,9,1.7209075004887,1.7209075004887
"10401.4",35.2195831962575,31.778750066885,16440.248046875,"jerusalem",9.9499041900965,1.05144895739675,7,268,38.2857142857143,48427.7053484541,38.2857142857143,2.43884383499869,2.43884383499869
"11147.2",34.9862498638575,31.687083400585,651.547546386719,"minor",10.1108245892221,1.05991742808485,2,10,5,55950.1861352682,5,2.46175266778276,2.46175266778276
"1951",35.1029165300575,33.020416728585,2747.11206054688,"minor",10.6451201881491,1.08756201295217,1,49,49,51414.6736317297,24.5,2.48405369680143,2.48405369680143
"8830.3",34.9029165308575,32.095416732285,5107.91943359375,"telaviv",10.7691840452967,1.09388116586445,4,83,20.75,122749.286253274,20.75,2.8654848547048,2.8654848547048
"1855.1",35.1112498633575,33.028750061885,2083.21069335938,"minor",10.6321466258135,1.08689908689371,2,36,18,162326.77706692,18,2.7764609102582,2.7764609102582
"10161",35.0529165302575,31.803750066785,3323.31103515625,"minor",10.1571590313316,1.06234327112451,1,60,60,61642.9679541207,30,2.49585951146306,2.49585951146306
"8899",34.7862498646575,32.070416732385,9221.4130859375,"telaviv",10.9778214886606,1.10442652231124,4,137,34.25,51414.2526431031,34.25,2.6002567976928,2.6002567976928
"8786",34.9779165305575,32.112083398885,5947.1123046875,"minor",10.6364569830729,1.08711938335896,2,94,47,12972.0586610738,23.5,2.27226294255892,2.27226294255892
"8962.1.1",34.7945831979575,32.053750065785,9308.9384765625,"telaviv",10.9287550922491,1.10195558955931,3,141,47,547316.287084809,23.5,3.32985377992405,3.32985377992405
"10326",35.2112498629575,31.787083400185,17012.140625,"jerusalem",9.96566498861288,1.05228138339794,2,291,145.5,25476.6811640881,36.375,2.32242565723606,2.32242565723606
"8645.1",34.8779165309575,32.153750065385,3059.95288085938,"telaviv",10.8436830527579,1.09765826764465,2,52,26,17269.8515631845,26,2.1836642954593,2.1836642954593
"8747",34.8695831976575,32.120416732185,2303.41357421875,"telaviv",10.8512372497304,1.09804054012036,1,33,33,11077.6723377116,33,1.92399617199418,1.92399617199418
"9090.1",34.7779165313575,32.020416732585,15366.2001953125,"telaviv",10.9063893867699,1.10082743560216,3,204,68,99054.7980704616,34,2.90253771085777,2.90253771085777
"4695",35.3279165291575,32.787083396185,804.723022460938,"minor",10.2449346804085,1.06692365031475,1,8,8,32172.8376803521,8,2.33799601988147,2.33799601988147
"10542.1",35.1445831965575,31.762083400285,8630.76171875,"jerusalem",10.0113574727701,1.05469097489739,2,154,77,22042.9903373048,38.5,2.07163962938024,2.07163962938024
"8819",34.8112498645575,32.095416732285,5326.59619140625,"telaviv",10.9655665158864,1.1038098928452,2,75,37.5,156033.658881016,37.5,2.68829606344149,2.68829606344149
"8877.2",34.8445831977575,32.078750065685,12885.59765625,"telaviv",10.8627339162423,1.09862206201134,4,172,43,51544.1141948637,21.5,2.94659830562794,2.94659830562794
"3918",35.0862498634575,32.853750062585,3908.224609375,"haifa",10.6321466258135,1.08689908689372,2,77,38.5,2766.02423465281,38.5,1.45887606341156,1.45887606341156
"10476.2.1",35.2195831962575,31.770416733585,16383.8623046875,"jerusalem",9.94253751353409,1.05105965120571,3,256,85.3333333333333,21549.639058876,28.4444444444444,2.45426927242985,2.45426927242985
"2835",35.0945831967575,32.945416728885,1324.08093261719,"haifa",10.6407814806195,1.08734035766275,1,17,17,43575.9091669831,17,2.52088607594099,2.52088607594099
"8336",34.9112498641575,32.278750064885,2968.71411132812,"minor",10.8114055046632,1.09602339313352,2,45,22.5,22824.3119965477,22.5,2.29826515311159,2.29826515311159
"10329",34.6195831986575,31.778750066885,2747.05737304688,"minor",10.8064585932947,1.09577261394743,1,45,45,72059.8155293638,22.5,2.58878607242696,2.58878607242696
"9088.3",34.7612498647575,32.020416732585,14677.7060546875,"telaviv",10.9435866651959,1.10270307604117,5,187,37.4,37885.0040934863,37.4,2.56929687277265,2.56929687277265
"9054.1",34.7529165314575,32.028750065885,11615.58203125,"telaviv",10.9780089483165,1.10443595198416,4,144,36,24410.0103678592,36,2.42241760123513,2.42241760123513
"10261.1",34.6695831984575,31.787083400185,5058.1396484375,"minor",10.7216319065273,1.09146343688581,1,68,68,3900.44853842954,34,1.63395913241475,1.63395913241475
"5713",35.2945831959575,32.695416729885,6092.65087890625,"minor",10.2718616208305,1.06832483724289,2,100,50,48406.1180648612,25,2.63238071107795,2.63238071107795
"9068.2",34.8695831976575,32.028750065885,13171.2890625,"telaviv",10.7305230671787,1.09191590372044,3,189,63,112117.237740505,31.5,2.94500922801573,2.94500922801573
"9759",34.7945831979575,31.870416733185,1868.00964355469,"minor",10.6245144626444,1.08650890790664,1,23,23,123764.582086196,23,2.66081923623207,2.66081923623207
"8991.1",34.7695831980575,32.045416732485,8070.29150390625,"telaviv",10.9703995421949,1.10405311578117,3,116,38.6666666666667,116757.611925694,38.6666666666667,2.68242351798707,2.68242351798707
"10163",35.0695831968575,31.803750066785,6179.53759765625,"minor",10.1371147474685,1.06129453171683,3,100,33.3333333333333,309863.857721409,33.3333333333333,2.93548718822653,2.93548718822653
"10620.3",35.1612498631575,31.753750066985,10543.6474609375,"jerusalem",9.98616393186311,1.05336307615514,3,183,61,26643.3690685806,30.5,2.33561946466507,2.33561946466507
"14781",34.9529165306575,31.278750068885,185.034652709961,"minor",9.74494242083344,1.0405630111111,1,2,2,32410.5606483317,2,2.30133398398888,2.30133398398888
"9548",34.8279165311575,31.912083399685,851.753662109375,"minor",10.6284161023332,1.08670838888888,1,21,21,112804.814356177,21,2.60654012482385,2.60654012482385
"8740.2",34.8112498645575,32.120416732185,8014.36474609375,"telaviv",10.9805615181244,1.10456434439227,3,111,37,32022.5423540888,37,2.38915098540854,2.38915098540854
"8372",34.8529165310575,32.262083398285,1279.56372070312,"minor",10.9317137569039,1.102104741791,1,23,23,6118.71251126588,23,1.76638439379372,1.76638439379372
"8582.1",34.9362498640575,32.178750065285,6158.48779296875,"minor",10.7326688531231,1.09202507363985,3,95,31.6666666666667,6439.47431209618,31.6666666666667,1.91694641076924,1.91694641076924
"10552.1",35.2279165295575,31.762083400285,12183.4345703125,"jerusalem",9.92709337673244,1.0502430076856,3,196,65.3333333333333,3401.61930513602,32.6666666666667,1.61007774749835,1.61007774749835
"3161.2",35.2862498626575,32.920416728985,2336.3935546875,"minor",10.3277009878892,1.07122468790991,2,50,25,26920.9083982075,25,2.28313952504957,2.28313952504957
"4712",35.4695831952575,32.787083396185,846.007873535156,"minor",10.0729491817247,1.05793032650888,1,18,18,9253.55433896059,18,1.93509040093357,1.93509040093357
"8287.2",34.8612498643575,32.295416731485,3305.88671875,"minor",10.9237277028313,1.1017021024473,2,56,28,22346.5029009347,28,2.24884375800338,2.24884375800338
"11110",34.6779165317575,31.687083400585,398.204315185547,"minor",10.5425096539679,1.08230770188149,1,5,5,20849.2281623288,5,2.20152025109554,2.20152025109554
"10010",34.7945831979575,31.820416733385,1035.00378417969,"minor",10.5487378435096,1.08262735168301,1,10,10,110797.834781818,10,2.65946349994743,2.65946349994743
"4619.1",35.4945831951575,32.795416729485,166.088073730469,"minor",10.0465977840709,1.05654561788621,1,7,7,38252.384550025,7,2.4256301641639,2.4256301641639
"10467",35.1445831965575,31.770416733585,5316.06591796875,"jerusalem",10.0192842516466,1.05510843316624,1,82,82,37684.3824823099,27.3333333333333,2.29885785318831,2.29885785318831
"4477",35.1112498633575,32.803750062785,4475.72021484375,"haifa",10.5753064692756,1.08398987640187,1,73,73,110924.832407376,36.5,2.695975874394,2.695975874394
"4950",35.0445831969575,32.762083396285,2883.73217773438,"haifa",10.6848197351102,1.08958808399781,1,38,38,10256.4294378401,38,1.96076303838867,1.96076303838867
"8611",34.7945831979575,32.162083398685,2419.17309570312,"telaviv",11.0339206071864,1.1072448593587,1,33,33,472597.606934817,33,2.87150155481134,2.87150155481134
"10174.2",35.1612498631575,31.803750066785,7869.31298828125,"jerusalem",10.0332059218695,1.0558412086983,3,147,49,29690.9288280045,24.5,2.38396113159143,2.38396113159143
"4907",35.4862498618575,32.770416729585,31.4734325408936,"minor",10.0518143302172,1.05681988007088,1,1,1,8495.23693667698,1,1.94349452594189,1.94349452594189
"8970.1",34.8612498643575,32.053750065785,14320.345703125,"telaviv",10.7868067137548,1.09477581234977,4,210,52.5,13579.8232073166,26.25,2.51839774810531,2.51839774810531
"4650",34.9529165306575,32.787083396185,1726.03637695312,"haifa",10.8767103613006,1.09932860122797,2,28,14,32726.0655110244,14,2.48426900737559,2.48426900737559
"4656",35.0029165304575,32.787083396185,3499.01000976562,"haifa",10.7726713244885,1.09405826193065,2,55,27.5,35106.1268697578,27.5,2.49039117869652,2.49039117869652
"10468.2",35.1529165298575,31.770416733585,7554.73583984375,"jerusalem",10.010458673748,1.0546436298447,4,131,32.75,35777.6987219976,32.75,2.28375850373138,2.28375850373138
"17016",34.8362498644575,31.137083402785,70.0820388793945,"minor",9.70992765073503,1.03869189372098,1,1,1,27001.8194514688,1,2.25930661320646,2.25930661320646
"4485",35.1779165297575,32.803750062785,4488.68994140625,"minor",10.4649062695018,1.07831691226558,1,75,75,306328.591766791,37.5,2.80595742454893,2.80595742454893
"8795.2",34.8279165311575,32.103750065585,10304.9248046875,"telaviv",10.9370620745142,1.10237431001927,3,135,45,117187.077734306,22.5,3.04934355086566,3.04934355086566
"8641",34.8445831977575,32.153750065385,7359.64892578125,"telaviv",10.915785038944,1.10130150473297,1,125,125,104647.769275391,31.25,2.77185778561912,2.77185778561912
"5772",35.0529165302575,32.687083396585,2480.37841796875,"haifa",10.6494731758165,1.08778435239387,1,49,49,9101.57187920996,24.5,2.06209453382649,2.06209453382649
"8687.1",34.8112498645575,32.137083398785,4172.0830078125,"telaviv",10.9860897142369,1.10484235749505,2,64,32,164058.377395686,32,2.73873339448522,2.73873339448522
"10396",35.1779165297575,31.778750066885,11191.7216796875,"jerusalem",9.99212736855914,1.05367754758481,3,195,65,38074.1890820754,32.5,2.40924893501027,2.40924893501027
"10044.2",35.1195831966575,31.820416733385,3094.06958007812,"minor",10.0958415517544,1.0591318012491,2,52,26,41309.6048082546,26,2.43012715492559,2.43012715492559
"2746.1",35.1862498630575,32.953750062185,1541.59509277344,"minor",10.4858386458323,1.07939482251411,1,29,29,32823.5763489476,29,2.25486170408102,2.25486170408102
"10175",35.1695831964575,31.803750066785,3962.93310546875,"jerusalem",10.0242585006808,1.05537031419102,1,71,71,34775.1450487144,35.5,2.10158749362925,2.10158749362925
"7557",35.0529165302575,32.495416730685,2115.95483398438,"minor",10.6002627523905,1.08526815694916,1,38,38,18715.4537206356,38,2.01992564442742,2.01992564442742
"9068",34.8695831976575,32.028750065885,13171.2890625,"telaviv",10.7305230671787,1.09191590372044,3,189,63,70566.9053699874,31.5,2.83455886569559,2.83455886569559
"10400.1",35.2112498629575,31.778750066885,14596.2568359375,"jerusalem",9.95820502885859,1.05188745853762,2,251,125.5,47409.7384103835,31.375,2.56765633410514,2.56765633410514
"9423",34.7529165314575,31.937083399585,409.045013427734,"minor",10.8136413760447,1.0961367197797,1,4,4,344043.381974202,4,2.87002296702541,2.87002296702541
"5077",35.3195831958575,32.753750062985,2406.228515625,"minor",10.2496400148377,1.06716863266193,1,46,46,4046.11864282435,23,1.66068587626849,1.66068587626849
"7180",35.1612498631575,32.545416730485,2175.92700195312,"minor",10.4332407285165,1.07668424797392,3,43,14.3333333333333,68073.9116512924,14.3333333333333,2.60095058451739,2.60095058451739
"3360",35.2445831961575,32.903750062385,893.748168945312,"minor",10.3845871767708,1.07417085216515,1,21,21,13766.1486958723,21,2.04585120558434,2.04585120558434
"10103",35.1029165300575,31.812083400085,10130.326171875,"minor",10.1066000155388,1.05969597398598,4,167,41.75,239286.725330213,20.875,3.22793653010202,3.22793653010202
"10386",35.0945831967575,31.778750066885,3801.27880859375,"minor",10.0823078571312,1.05842166860384,3,73,24.3333333333333,83858.7982799605,24.3333333333333,2.66514814686632,2.66514814686632
"9762",34.8195831978575,31.870416733185,4085.87817382812,"minor",10.5803473567924,1.08424819610397,2,52,26,16232.6384804003,26,2.21883027729833,2.21883027729833
"8445.1",34.9529165306575,32.237083398385,6634.3779296875,"minor",10.7165307614552,1.091203757399,2,85,42.5,9196.25541118099,21.25,2.22008446989728,2.22008446989728
"3915.1",35.0612498635575,32.853750062585,2694.88110351562,"haifa",10.6781205956388,1.08924645694162,1,44,44,16844.0115495062,22,2.29759760022329,2.29759760022329
"8935.2",34.8362498644575,32.062083399085,12931.5068359375,"telaviv",10.8523933198116,1.09809903013302,4,193,48.25,55079.691719627,24.125,2.91793535168061,2.91793535168061
"8999.1",34.8362498644575,32.045416732485,10120.0322265625,"telaviv",10.8244862472069,1.09668623321992,4,146,36.5,47136.2746630454,36.5,2.55550894676871,2.55550894676871
"10473.1",35.1945831963575,31.770416733585,14927.2880859375,"jerusalem",9.96746324088375,1.05237631845921,4,238,59.5,214737.775658917,29.75,2.96745114417132,2.96745114417132
"8862",34.9529165306575,32.087083398985,5641.8564453125,"minor",10.6605192465477,1.08834835347204,2,76,38,94236.0203622577,38,2.57415363643581,2.57415363643581
"8778",34.9112498641575,32.112083398885,1157.15734863281,"telaviv",10.7631539759791,1.09357487047345,2,19,9.5,108599.077398167,9.5,2.66052653051521,2.66052653051521
"2646.1",35.1779165297575,32.962083395485,2331.74243164062,"minor",10.5012868831353,1.08018963783296,1,32,32,3676.41745609269,32,1.51619559066584,1.51619559066584
"9050",34.9945831971575,32.037083399185,582.377380371094,"minor",10.5183037199492,1.08106448157716,1,3,3,32185.9191291481,3,2.28818003565901,2.28818003565901
"9118.2",34.7445831981575,32.012083399285,12432.7568359375,"telaviv",10.9661923845512,1.10384139282131,3,169,56.3333333333333,80468.1331462633,28.1666666666667,2.91930782009675,2.91930782009675
"9113",34.9695831972575,32.020416732585,2093.47314453125,"minor",10.5376171038693,1.08205653497143,1,37,37,123448.074341713,37,2.52001423583773,2.52001423583773
"8375.1",34.8779165309575,32.262083398285,2175.462890625,"minor",10.8767103613006,1.09932860122797,3,28,9.33333333333333,12285.3214435737,9.33333333333333,2.13440250038805,2.13440250038805
"13635",34.8612498643575,31.353750068585,406.261932373047,"minor",9.89437628235111,1.04851091672116,1,5,5,14713.5984756099,5,2.09622304022807,2.09622304022807
"1785",35.3279165291575,33.037083395185,264.441558837891,"minor",10.292892695339,1.06941794632714,1,1,1,214093.4138121,1,2.70191721056252,2.70191721056252
"4659",35.0279165303575,32.787083396185,3389.84814453125,"haifa",10.7234236871432,1.09155463481847,1,73,73,35058.8381124792,36.5,2.36695309959081,2.36695309959081
"2145",35.1029165300575,33.003750061985,4326.4013671875,"minor",10.6407814806195,1.08734035766275,1,85,85,25514.226851657,28.3333333333333,2.33257504918635,2.33257504918635
"9503",34.7945831979575,31.920416732985,4097.3115234375,"minor",10.7032262526623,1.09052618556682,2,63,31.5,11166.0637424938,31.5,2.02796595958546,2.02796595958546
"9251.1",34.7445831981575,31.978750066085,2623.60083007812,"telaviv",10.9050456380906,1.10075961842975,2,32,16,90495.9262565256,16,2.68989552382521,2.68989552382521
"3915.2",35.0612498635575,32.853750062585,2694.88110351562,"haifa",10.6781205956388,1.08924645694162,1,44,44,13503.6711660273,22,2.22932097953173,2.22932097953173
"9409",34.9362498640575,31.945416732885,2452.35546875,"minor",10.4911307052913,1.07966716606407,1,26,26,28641.3493575479,26,2.29635226180475,2.29635226180475
"8899.3",34.7862498646575,32.070416732385,9221.4130859375,"telaviv",10.9778214886606,1.10442652231124,4,137,34.25,33958.2902669856,34.25,2.49151428026497,2.49151428026497
"9570.3.1",35.0112498637575,31.912083399685,10529.7177734375,"minor",10.3348977801486,1.07159786094041,4,182,45.5,33239.1395380075,22.75,2.73840503915807,2.73840503915807
"10401.5",35.2195831962575,31.778750066885,16440.248046875,"jerusalem",9.9499041900965,1.05144895739675,7,268,38.2857142857143,17183.7309324169,38.2857142857143,2.15144010139305,2.15144010139305
"1970",35.2612498627575,33.020416728585,1997.52502441406,"minor",10.3845871767708,1.07417085216515,2,37,18.5,113915.238616214,18.5,2.6868020849504,2.6868020849504
"5079.1",35.3362498624575,32.753750062985,3388.46728515625,"minor",10.2278489074138,1.06603360940418,1,64,64,307493.203580692,32,2.83994000574435,2.83994000574435
"10889.1",35.0029165304575,31.720416733785,1083.29956054688,"minor",10.1272919600175,1.06078021391058,2,20,10,6249.48736652572,10,1.83253062637535,1.83253062637535
"8439",34.9029165308575,32.237083398385,433.081207275391,"minor",10.8163235047296,1.09627264982199,1,5,5,14474.9251129598,5,2.08952563415288,2.08952563415288
"8541",34.9362498640575,32.195416731885,1711.62780761719,"minor",10.7373150144544,1.09226141633129,1,34,34,12971.6968777446,34,1.93712902923996,1.93712902923996
"14381",34.8029165312575,31.303750068785,278.745788574219,"minor",9.8983303720102,1.04872040400619,1,2,2,5791.71363790348,2,1.73298586582075,1.73298586582075
"9801.1",34.8112498645575,31.862083399885,3231.16235351562,"minor",10.5823617467556,1.08435140607726,1,44,44,169692.387907719,22,2.8217113061409,2.8217113061409
"8851",34.8612498643575,32.087083398985,6271.96826171875,"telaviv",10.8412886792622,1.09753707501347,2,84,42,317468.577885597,21,3.12892842541402,3.12892842541402
"15280",34.7779165313575,31.245416735685,4115.4921875,"minor",9.86177908397501,1.04678232290805,2,45,22.5,17472.0376433438,22.5,2.28456626100087,2.28456626100087
"12030",34.7529165314575,31.553750067785,85.8117294311523,"minor",10.2416692769954,1.06675360463393,1,3,3,8206.31028420918,3,1.95071330054821,1.95071330054821
"5884.1",35.2779165293575,32.678750063285,2748.314453125,"minor",10.2912611061545,1.06933318298806,1,44,44,55239.7416236834,22,2.52772413041327,2.52772413041327
"10543.3",35.1529165298575,31.762083400285,10081.2646484375,"jerusalem",10.0026008989314,1.05422962388716,4,185,46.25,54209.7283292057,23.125,2.64523336838645,2.64523336838645
"7687",34.9695831972575,32.470416730785,2134.46459960938,"minor",10.7489998337774,1.09285557822805,1,25,25,19839.8704225601,25,2.18437373556978,2.18437373556978
"1037",35.5779165281575,33.112083394885,344.039825439453,"minor",10.0058012858157,1.05439826366699,1,5,5,14439.6843322551,5,2.09554665774185,2.09554665774185
"15183",35.0695831968575,31.253750068985,940.255859375,"minor",9.63726778229004,1.03479830467853,1,15,15,40808.9142214956,15,2.3961081981211,2.3961081981211
"7151",34.9195831974575,32.545416730485,465.271606445312,"minor",10.8741425863889,1.09919882876317,1,8,8,6241.55416159883,8,1.81902181604706,1.81902181604706
"4411",35.3612498623575,32.812083396085,1063.23620605469,"minor",10.2064759085189,1.06491918882342,1,27,27,15773.4537338601,27,2.04283427821102,2.04283427821102
"8311",34.8862498642575,32.287083398185,1318.76220703125,"minor",10.8664666923987,1.0988108063012,1,17,17,17727.3264113118,17,2.16986706357757,2.16986706357757
"699",35.8862498602575,33.178750061285,4007.2236328125,"minor",9.73458826563954,1.04001005687656,2,85,42.5,22307.1222556733,21.25,2.36416147554916,2.36416147554916
"9257",34.7945831979575,31.978750066085,5626.1904296875,"telaviv",10.7989847436804,1.09539362502357,2,81,40.5,19360.5302543928,20.25,2.42003093736702,2.42003093736702
"8770",34.8445831977575,32.112083398885,4194.74267578125,"telaviv",10.9026427323004,1.10063833661807,2,61,30.5,25401.0364155759,30.5,2.29557292752598,2.29557292752598
"9668.1",34.7612498647575,31.887083399785,2137.68530273438,"minor",10.7129445249267,1.09102115902319,1,23,23,28067.8214149099,23,2.30307200597834,2.30307200597834
"10386.1",35.0945831967575,31.778750066885,3801.27880859375,"minor",10.0823078571312,1.05842166860384,3,73,24.3333333333333,2087.9129913097,24.3333333333333,1.38507454588823,1.38507454588823
"8790.1",34.7862498646575,32.103750065585,6427.2734375,"telaviv",11.0339206071864,1.1072448593587,2,102,51,38529.0076379076,25.5,2.58018291188091,2.58018291188091
"3554",35.1779165297575,32.887083395785,334.134368896484,"minor",10.4839210228649,1.07929611953886,1,3,3,82834.8141599161,3,2.54089629518107,2.54089629518107
"30196",34.9362498640575,29.545416742485,2187.00512695312,"minor",8.75392884659612,0.986234637767759,1,20,20,5013.27938728185,20,1.7647869933848,1.7647869933848
"9160.1",34.8195831978575,32.003750065985,3597.44897460938,"telaviv",10.7896878811888,1.09492201047425,1,47,47,27609.1763039317,23.5,2.37714038920813,2.37714038920813
"9504.2",34.8029165312575,31.920416732985,3980.66186523438,"minor",10.6874330360479,1.08972132197222,2,54,27,153634.953608046,27,2.78241288030912,2.78241288030912
"5139.2",35.0779165301575,32.745416729685,2922.96630859375,"haifa",10.6192997056023,1.08624223334916,2,50,25,15240.3225546574,25,2.24923595707804,2.24923595707804
"6386",35.3529165290575,32.628750063485,365.219482421875,"minor",10.1840267070363,1.06374739623843,1,5,5,27318.423450292,5,2.28113546790729,2.28113546790729
"11754",34.5945831987575,31.595416734285,146.687896728516,"minor",10.5367375536015,1.08201137566425,1,6,6,20168.9179135011,6,2.24828648063631,2.24828648063631
"30224",34.9195831974575,29.512083409285,991.101989746094,"minor",8.7443944822756,0.985697411439997,1,13,13,79518.754863383,13,2.57390642705997,2.57390642705997
"10251.1",35.2029165296575,31.795416733485,14539.9814453125,"jerusalem",9.98165607319558,1.05312529977289,6,261,43.5,10376.7639093924,21.75,2.32338566550022,2.32338566550022
"9067.3",34.8612498643575,32.028750065885,15078.4970703125,"telaviv",10.7468283340868,1.09274518398424,3,217,72.3333333333333,38847.5305072174,36.1666666666667,2.61232138386202,2.61232138386202
"10946",34.9362498640575,31.712083400485,299.354125976562,"minor",10.1993353915727,1.06454661145134,1,8,8,63912.0848979031,8,2.53069726748234,2.53069726748234
"8990.1",34.7612498647575,32.045416732485,8559.4296875,"telaviv",10.9897056105601,1.10502416316266,2,105,52.5,89958.82935418,26.25,2.86444359552728,2.86444359552728
"9293.2.1",34.8195831978575,31.970416732785,4551.712890625,"telaviv",10.7353524268035,1.09216158891965,3,52,17.3333333333333,37411.1685497477,17.3333333333333,2.57620718586367,2.57620718586367
"7949",35.0445831969575,32.420416730985,3633.80249023438,"minor",10.5960698369317,1.08505349775595,1,54,54,71761.7732709087,27,2.58648029304311,2.58648029304311
"10401.2",35.2195831962575,31.778750066885,16440.248046875,"jerusalem",9.9499041900965,1.05144895739675,7,268,38.2857142857143,15564.1848266934,38.2857142857143,2.12132934175332,2.12132934175332
"10256.2",34.6279165319575,31.787083400185,5762.4033203125,"minor",10.8046019204757,1.09567847678838,4,80,20,40138.2507400514,20,2.63271351487344,2.63271351487344
"10472.1.2",35.1862498630575,31.770416733585,15912.2841796875,"jerusalem",9.97591457625495,1.05282237481791,4,270,67.5,24821.8292250282,33.75,2.3621233709256,2.3621233709256
"10321.2",35.1695831964575,31.787083400185,12267.107421875,"jerusalem",10.0085810049488,1.05454471508108,3,179,59.6666666666667,46516.6123810101,29.8333333333333,2.54410228484417,2.54410228484417
"4572",35.1029165300575,32.795416729485,2321.50610351562,"haifa",10.5877244419859,1.08462612308911,1,35,35,8152.38557969444,35,1.8965226486598,1.8965226486598
"13109",34.7612498647575,31.403750068385,1169.58239746094,"minor",10.0492845104172,1.05668688258354,1,17,17,65996.6174607326,17,2.51812134587687,2.51812134587687
"10926",34.7695831980575,31.712083400485,93.8670959472656,"minor",10.4318846589687,1.07661427421383,1,2,2,11282.0490600098,2,2.02491934288881,2.02491934288881
"17283",34.8695831976575,31.120416736185,32.0186805725098,"minor",9.67042108917683,1.03657668897711,1,1,1,17752.3616236815,1,2.18037189543119,2.18037189543119
"8995.2",34.8029165312575,32.045416732485,7188.7431640625,"telaviv",10.8956058706052,1.10028308835121,3,110,36.6666666666667,53309.8565225525,36.6666666666667,2.50556120576548,2.50556120576548
"10472.3",35.1862498630575,31.770416733585,15912.2841796875,"jerusalem",9.97591457625495,1.05282237481791,4,270,67.5,9080.87754748184,33.75,2.0498534524991,2.0498534524991
"7737",35.0279165303575,32.462083397485,1026.86364746094,"minor",10.6364569830729,1.08711938335896,1,20,20,48765.4403830833,20,2.41556305562255,2.41556305562255
"5620",35.2862498626575,32.703750063185,4148.2080078125,"minor",10.2847579038148,1.06899526575268,1,83,83,23217.9389970669,27.6666666666667,2.30611459080555,2.30611459080555
"8688",34.8195831978575,32.137083398785,3358.74365234375,"telaviv",10.9668301666221,1.10387349147456,1,39,39,744053.67686521,39,2.92340851949337,2.92340851949337
"3402",35.5945831947575,32.903750062385,183.536239624023,"minor",9.95822745202116,1.05188864281883,1,6,6,43709.0925084296,6,2.44833271380797,2.44833271380797
"10173.4",35.1529165298575,31.803750066785,12071.5478515625,"jerusalem",10.0422327911858,1.05631607176313,4,187,46.75,41462.1481175114,23.375,2.63439690618325,2.63439690618325
"9630.4",34.8029165312575,31.895416733085,5292.51318359375,"minor",10.648159865528,1.08771727666134,4,75,18.75,53262.1675497152,18.75,2.69525404898188,2.69525404898188
"7196",35.3362498624575,32.545416730485,78.2822875976562,"minor",10.1899683736939,1.06405766205982,1,2,2,62774.2738767375,2,2.52060598496566,2.52060598496566
"8795.1",34.8279165311575,32.103750065585,10304.9248046875,"telaviv",10.9370620745142,1.10237431001927,3,135,45,91053.9922878028,22.5,2.99016324202412,2.99016324202412
"8962",34.7945831979575,32.053750065785,9308.9384765625,"telaviv",10.9287550922491,1.10195558955931,3,141,47,17366.8474565177,23.5,2.49933083449785,2.49933083449785
"9000.2",34.8445831977575,32.045416732485,9763.8642578125,"telaviv",10.8072488803073,1.09581268068281,4,118,29.5,34915.2509885582,29.5,2.60665602787377,2.60665602787377
"8610.1",34.9779165305575,32.170416731985,2109.18920898438,"minor",10.6516550467516,1.08789577966681,2,28,14,9386.05090785107,14,2.03151876268328,2.03151876268328
"7857.1.1",34.9612498639575,32.437083397585,270.672637939453,"minor",10.7560587323319,1.09321436000712,2,5,2.5,20749.8616703638,2.5,2.17267032047392,2.17267032047392
"2439",35.1029165300575,32.978750062085,1760.17749023438,"minor",10.6343000412455,1.08700915059245,1,37,37,70734.6077261362,37,2.37463703422191,2.37463703422191
"8466",34.9612498639575,32.228750065085,5521.65771484375,"minor",10.6983190642886,1.0902761660489,1,76,76,70644.3179755759,38,2.50086756022872,2.50086756022872
"8872",34.8029165312575,32.078750065685,10287.9951171875,"telaviv",10.9546753562752,1.10326159667472,1,153,153,15104.9718639478,38.25,2.2029429024738,2.2029429024738
"8989",34.7529165314575,32.045416732485,7739.8330078125,"telaviv",11.0092642797182,1.1060070463769,1,101,101,44744.199397212,33.6666666666667,2.53208492081072,2.53208492081072
"7505",35.0612498635575,32.503750063985,3924.93603515625,"minor",10.5877244419859,1.08462612308911,2,68,34,89292.9460480498,34,2.55968550446939,2.55968550446939
"8646.1",34.8862498642575,32.153750065385,3670.224609375,"telaviv",10.8262113045223,1.09677361710115,2,58,29,201614.723904399,29,2.80170595324262,2.80170595324262
"8818",34.8029165312575,32.095416732285,5499.9814453125,"telaviv",10.9848096074965,1.10477798712363,2,68,34,81636.3960437712,34,2.6002418106906,2.6002418106906
"8603",34.9195831974575,32.170416731985,5621.3369140625,"telaviv",10.7631539759791,1.09357487047345,1,77,77,12058.063050151,38.5,2.00322664621548,2.00322664621548
"3044.1",35.1612498631575,32.928750062285,2348.60546875,"minor",10.5208693021585,1.08119631798189,2,40,20,63683.8877904515,20,2.55726804818287,2.55726804818287
"10401.2.1",35.2195831962575,31.778750066885,16440.248046875,"jerusalem",9.9499041900965,1.05144895739675,7,268,38.2857142857143,19761.5581601375,38.2857142857143,2.19304899115776,2.19304899115776
"9584.2",34.7779165313575,31.903750066385,1299.2060546875,"minor",10.7081703055764,1.0907780253652,2,13,6.5,161059.647765157,6.5,2.74855846411949,2.74855846411949
"5419.1",35.1279165299575,32.720416729785,1871.6767578125,"haifa",10.5268039593449,1.08150121792426,1,31,31,11090.5235879369,31,2.02688797830993,2.02688797830993
"7183",35.1862498630575,32.545416730485,1242.46496582031,"minor",10.3952301804876,1.07472116179488,1,16,16,13124.6472690267,16,2.07883198065385,2.07883198065385
"9216",34.7362498648575,31.987083399385,1237.83349609375,"telaviv",10.9388295000569,1.10246337807944,2,27,13.5,78163.2943301755,13.5,2.58000574795002,2.58000574795002
"4562.1",35.0195831970575,32.795416729485,4359.58740234375,"haifa",10.7419770017648,1.09249851267454,2,76,38,1563.89783160547,38,1.11629632353326,1.11629632353326
"7505.2",35.0612498635575,32.503750063985,3924.93603515625,"minor",10.5877244419859,1.08462612308911,2,68,34,28963.3631847676,34,2.27150554671266,2.27150554671266
"4399",35.2612498627575,32.812083396085,2873.55712890625,"minor",10.3412408980858,1.07192666094933,1,57,57,8204.5829778549,28.5,1.90304960107721,1.90304960107721
"4571",35.0945831967575,32.795416729485,3087.509765625,"haifa",10.6023642932117,1.0853757308064,1,46,46,38693.3098428649,23,2.5454087773338,2.5454087773338
"9554",34.8779165309575,31.912083399685,916.74658203125,"minor",10.5412896401687,1.08224507597087,1,15,15,167172.625985031,15,2.73553591515131,2.73553591515131
"11568",34.9529165306575,31.628750067485,520.873779296875,"minor",10.0861394801165,1.05862276777773,1,6,6,217968.682567222,6,2.7890021494723,2.7890021494723
"9126.3",34.8112498645575,32.012083399285,12668.2265625,"telaviv",10.8206820047081,1.09649350227127,5,189,37.8,258456.568326968,37.8,2.9793303245847,2.9793303245847
"2944",35.1695831964575,32.937083395585,1480.65393066406,"minor",10.5090832284836,1.08059053960136,1,24,24,87552.6821526927,24,2.54942169732964,2.54942169732964
"9218.2",34.7529165314575,31.987083399385,3565.73901367188,"telaviv",10.9017515971815,1.10059335497729,2,43,21.5,250501.621036335,21.5,2.93128731840767,2.93128731840767
"3851",35.2612498627575,32.862083395885,2094.3251953125,"minor",10.3514996558686,1.07245821756833,1,29,29,23673.1930577283,29,2.1913631950486,2.1913631950486
"10396.1",35.1779165297575,31.778750066885,11191.7216796875,"jerusalem",9.99212736855914,1.05367754758481,3,195,65,119851.010808995,32.5,2.69238854325805,2.69238854325805
"6992",34.9529165306575,32.562083397085,1302.99255371094,"minor",10.808952940048,1.09589906976712,1,18,18,56096.4186553987,18,2.47817127364315,2.47817127364315
"2749.1",35.2112498629575,32.953750062185,2644.65600585938,"minor",10.4461804255457,1.07735171320675,1,40,40,3281.9800887536,40,1.37759493368887,1.37759493368887
"10093",35.0195831970575,31.812083400085,1221.43286132812,"minor",10.2077052687465,1.06498332113943,1,32,32,174223.44031659,32,2.61792749134276,2.61792749134276
"4710",35.4529165286575,32.787083396185,219.175811767578,"minor",10.0918025908409,1.05891992094885,1,4,4,20804.0835230861,4,2.21233875611751,2.21233875611751
"4849",35.0029165304575,32.770416729585,3092.72973632812,"haifa",10.7679044689855,1.09381617737501,1,57,57,235373.99146611,28.5,2.91277397826061,2.91277397826061
"10323",35.1862498630575,31.787083400185,14236.1884765625,"jerusalem",9.9911916705997,1.05362821139357,2,222,111,111070.933702967,37,2.63815748110927,2.63815748110927
"9325",34.8029165312575,31.962083399485,7286.0517578125,"telaviv",10.7545841210272,1.09313941984783,1,126,126,93044.9892541724,31.5,2.73726594092572,2.73726594092572
"14523.1",34.9279165307575,31.295416735485,2024.28576660156,"minor",9.78008477241115,1.042437569269,1,35,35,46408.4326671201,35,2.30260521028122,2.30260521028122
"9799",34.7945831979575,31.862083399885,997.571838378906,"minor",10.6116854276838,1.08585273339967,1,16,16,139770.825111202,16,2.69344550555006,2.69344550555006
"10261.2",34.6695831984575,31.787083400185,5058.1396484375,"minor",10.7216319065273,1.09146343688581,1,68,68,26551.7761279011,34,2.29270371546555,2.29270371546555
"8773.1",34.8695831976575,32.112083398885,2224.603515625,"telaviv",10.8487147285517,1.09791290529662,2,36,18,68112.0686532614,18,2.58187334097476,2.58187334097476
"3042",35.1445831965575,32.928750062285,1719.154296875,"minor",10.5488055173848,1.08263082439567,1,36,36,15908.1579219468,36,1.97858459105818,1.97858459105818
"8372.1",34.8529165310575,32.262083398285,1279.56372070312,"minor",10.9317137569039,1.102104741791,1,23,23,21150.0950950722,23,2.17552777435371,2.17552777435371
"9717.1",34.8029165312575,31.878750066485,2631.7734375,"minor",10.6223891606361,1.08640023117307,1,31,31,33231.1190491441,31,2.28955079914971,2.28955079914971
"10207",34.8362498644575,31.795416733485,941.330505371094,"minor",10.4451407316519,1.07729809820948,1,13,13,56474.581547935,13,2.48751090869283,2.48751090869283
"4660.1",35.0362498636575,32.787083396185,4693.20703125,"haifa",10.7073942872845,1.09073850045047,2,88,44,46133.1511985105,22,2.69108097064668,2.69108097064668
"8738.1",34.7945831979575,32.120416732185,7359.68505859375,"telaviv",11.0196943809471,1.10653083408096,3,103,34.3333333333333,78445.0222531614,34.3333333333333,2.64866685940853,2.64866685940853
"3770",35.3529165290575,32.870416729185,387.271148681641,"minor",10.2278489074138,1.06603360940418,2,3,1.5,55456.2360533853,1.5,2.3961947256367,2.3961947256367
"8685.1",34.7945831979575,32.137083398785,3179.29541015625,"telaviv",11.0253688315379,1.10681569436017,1,42,42,103038.205403614,21,2.7146335350092,2.7146335350092
"4664",35.0695831968575,32.787083396185,1758.92614746094,"haifa",10.6451201881491,1.08756201295217,1,35,35,29928.0681661053,35,2.27450463572994,2.27450463572994
"10627.1",35.2195831962575,31.753750066985,16734.083984375,"jerusalem",9.92789369831394,1.05028534209169,2,261,130.5,2778.73731722766,32.625,1.60122398439867,1.60122398439867
"8795.1.1",34.8279165311575,32.103750065585,10304.9248046875,"telaviv",10.9370620745142,1.10237431001927,3,135,45,155565.784095724,22.5,3.11391540937388,3.11391540937388
"4293",35.1695831964575,32.820416729385,1432.12145996094,"haifa",10.4820063561981,1.07919755972245,1,22,22,107472.423802201,22,2.71267147993019,2.71267147993019
"10624",35.1945831963575,31.753750066985,15010.6953125,"jerusalem",9.95244266244092,1.05158307446128,3,242,80.6666666666667,12504.231044203,26.8888888888889,2.29446186503705,2.29446186503705
"4468",35.0362498636575,32.803750062785,3128.17944335938,"haifa",10.7119548292819,1.09097076186924,1,52,52,16034.2272236812,26,2.26484301910477,2.26484301910477
"9553",34.8695831976575,31.912083399685,1017.59045410156,"minor",10.5554073695559,1.08296954761515,2,14,7,8305.99094009458,7,1.9264626964293,1.9264626964293
"9090.1.1",34.7779165313575,32.020416732585,15366.2001953125,"telaviv",10.9063893867699,1.10082743560216,3,204,68,24172.4544399482,34,2.53909330578475,2.53909330578475
"7541",34.9195831974575,32.495416730685,1930.08837890625,"minor",10.8588316888038,1.09842471490382,1,25,25,5930.93682239198,25,1.77061600728104,1.77061600728104
"10955",35.0112498637575,31.712083400485,1935.22253417969,"minor",10.1085995992312,1.05980079885227,2,19,9.5,15182.8989458288,9.5,2.18524199078558,2.18524199078558
"2645",35.1695831964575,32.962083395485,3502.75219726562,"minor",10.5149624568873,1.08089276150614,1,64,64,61916.1812915796,32,2.47945488073386,2.47945488073386
"4757.1",35.0362498636575,32.778750062885,4342.0400390625,"haifa",10.7051197633588,1.09062264394442,2,67,33.5,47291.9906690214,33.5,2.52671459230966,2.52671459230966
"8815.1",34.7779165313575,32.095416732285,7745.25927734375,"telaviv",11.0440670142438,1.10775383417896,2,117,58.5,502905.54784249,29.25,3.16046997558316,3.16046997558316
"8567",34.8112498645575,32.178750065285,6677.72021484375,"telaviv",11.0000003398989,1.1055416138657,1,97,97,6774.16142731373,32.3333333333333,1.9437336684806,1.9437336684806
"9711.1",34.7529165314575,31.878750066485,2303.25415039062,"minor",10.7152668612054,1.09113940759217,2,38,19,60173.5473124238,19,2.5484997373239,2.5484997373239
"8552",34.8612498643575,32.187083398585,6086.56640625,"telaviv",10.8896183665981,1.0999807254169,1,86,86,16091.488111822,28.6666666666667,2.27025980341983,2.27025980341983
"8712.1",34.8029165312575,32.128750065485,3981.04907226562,"telaviv",11.002798032089,1.10568219424777,2,53,26.5,1665041.14918973,26.5,3.27217819388284,3.27217819388284
"10471",35.1779165297575,31.770416733585,13831.404296875,"jerusalem",9.98443883111106,1.05327208846797,2,236,118,37314.9661897645,39.3333333333333,2.30506657198027,2.30506657198027
"10325.5",35.2029165296575,31.787083400185,16866.4375,"jerusalem",9.97410084896147,1.05272666331882,6,292,48.6666666666667,21374.0392986251,24.3333333333333,2.55056008143096,2.55056008143096
"9251.1.1",34.7445831981575,31.978750066085,2623.60083007812,"telaviv",10.9050456380906,1.10075961842975,2,32,16,72389.8803150112,16,2.63607247028847,2.63607247028847
"7431",34.8945831975575,32.512083397285,323.561492919922,"minor",10.9184277942898,1.10143481142098,1,5,5,48334.6789107782,5,2.43798364304882,2.43798364304882
"8964.3",34.8112498645575,32.053750065785,9464.7265625,"telaviv",10.8919293695765,1.10009743859232,4,132,33,65167.6378071272,33,2.69109242013156,2.69109242013156
"8716",34.8362498644575,32.128750065485,3995.47827148438,"telaviv",10.9263848821974,1.10183608794076,3,55,18.3333333333333,40300.3653629731,18.3333333333333,2.55490185383292,2.55490185383292
"9993.1",34.6529165318575,31.820416733385,6436.8447265625,"minor",10.8137798751438,1.09614373931442,1,83,83,47099.8541464837,27.6666666666667,2.60024359703973,2.60024359703973
"14895.2",34.8362498644575,31.270416735585,1576.88623046875,"minor",9.834665495446,1.04534234134331,3,26,8.66666666666667,31062.5498937029,8.66666666666667,2.36852672178351,2.36852672178351
"11723",34.8029165312575,31.603750067585,424.067138671875,"minor",10.2398338578606,1.06665801339514,1,8,8,13207.8345678162,8,2.07996433758503,2.07996433758503
"10713",34.6695831984575,31.737083400385,464.477478027344,"minor",10.6374262690558,1.0871689160923,1,6,6,80519.9902633818,6,2.56316681344465,2.56316681344465
"2166",35.2779165293575,33.003750061985,1541.33068847656,"minor",10.3566628223523,1.07272564693621,1,27,27,125471.061216061,27,2.60843371617055,2.60843371617055
"5885.1",35.2862498626575,32.678750063285,2352.3505859375,"minor",10.2799046764634,1.06874301434824,2,37,18.5,81221.8907278578,18.5,2.62905922157863,2.62905922157863
"10473.2",35.1945831963575,31.770416733585,14927.2880859375,"jerusalem",9.96746324088375,1.05237631845921,4,238,59.5,49994.5200510866,29.75,2.62463860096966,2.62463860096966
"4659.1",35.0279165303575,32.787083396185,3389.84814453125,"haifa",10.7234236871432,1.09155463481847,1,73,73,228902.460202002,36.5,2.81663178811754,2.81663178811754
"8945",34.9195831974575,32.062083399085,2239.38061523438,"telaviv",10.6858447671366,1.08964034673713,3,32,10.6666666666667,8345.87255116666,10.6666666666667,2.00892253284057,2.00892253284057
"8743.1",34.8362498644575,32.120416732185,6835.97412109375,"telaviv",10.9237277028313,1.1017021024473,2,94,47,28950.393040558,23.5,2.54946235646281,2.54946235646281
"4225",35.3945831955575,32.828750062685,875.215637207031,"minor",10.1678521352979,1.06290232306004,1,12,12,118757.843704788,12,2.66690248977979,2.66690248977979
"10251.5",35.2029165296575,31.795416733485,14539.9814453125,"jerusalem",9.98165607319558,1.05312529977289,6,261,43.5,110180.678308819,21.75,2.97134018703574,2.97134018703574
"3044",35.1612498631575,32.928750062285,2348.60546875,"minor",10.5208693021585,1.08119631798189,2,40,20,40233.123408738,20,2.43991637186498,2.43991637186498
"2339",35.0945831967575,32.987083395385,3350.38354492188,"minor",10.6516550467516,1.08789577966681,1,62,62,33447.0980179323,31,2.32581144869983,2.32581144869983
"10010.1",34.7945831979575,31.820416733385,1035.00378417969,"minor",10.5487378435096,1.08262735168301,1,10,10,94104.624604351,10,2.62111555185514,2.62111555185514
"10543.2",35.1529165298575,31.762083400285,10081.2646484375,"jerusalem",10.0026008989314,1.05422962388716,4,185,46.25,1901.38691373481,23.125,1.41208400123675,1.41208400123675
"9109",34.9362498640575,32.020416732585,2702.66918945312,"minor",10.5948773840996,1.08499244155583,1,45,45,60972.1275624658,22.5,2.54492528299515,2.54492528299515
"2744.1",35.1695831964575,32.953750062185,4062.634765625,"minor",10.5129996551246,1.08079187302256,2,79,39.5,474057.775177183,39.5,2.85134118606202,2.85134118606202
"14141.1",34.9195831974575,31.320416735385,959.018920898438,"minor",9.81004016425411,1.04403278813211,1,13,13,21951.5745213519,13,2.2339389957196,2.2339389957196
"4656.2",35.0029165304575,32.787083396185,3499.01000976562,"haifa",10.7726713244885,1.09405826193065,2,55,27.5,68735.95930803,27.5,2.66285066228945,2.66285066228945
"7256",35.1612498631575,32.537083397185,2242.22631835938,"minor",10.431403367088,1.07658943825645,1,35,35,7224.75732889614,35,1.74978459688967,1.74978459688967
"12058",34.5862498654575,31.545416734485,228.369827270508,"minor",10.4706212407258,1.07861131093673,1,5,5,9630.56520693469,5,1.98165940687792,1.98165940687792
"16370.1",34.9779165305575,31.178750069285,98.9225921630859,"minor",9.64176216611464,1.03503956800988,1,6,6,2225.58420829176,6,1.40835224788194,1.40835224788194
"15685",34.8112498645575,31.220416735785,3348.115234375,"minor",9.80774234925192,1.04391050857671,1,37,37,47305.5409014034,37,2.33727925331996,2.33727925331996
"9122",34.7779165313575,32.012083399285,14185.7841796875,"telaviv",10.8916077726293,1.100081197641,1,191,191,136803.99287742,38.2,2.85672430107668,2.85672430107668
"9102.1",34.8779165309575,32.020416732585,4117.09521484375,"telaviv",10.7015565183797,1.09044111962798,3,59,19.6666666666667,12797.0277845702,19.6666666666667,2.21838742138699,2.21838742138699
"10247.1",35.1695831964575,31.795416733485,10723.6767578125,"jerusalem",10.0164029799283,1.05495671211499,2,191,95.5,33488.9017812084,31.8333333333333,2.37659151389049,2.37659151389049
"17277",34.8195831978575,31.120416736185,172.546051025391,"minor",9.70762777340476,1.03856887501797,1,2,2,17006.8324492905,2,2.12036709561284,2.12036709561284
"14143",34.9362498640575,31.320416735385,2658.71069335938,"minor",9.79590657415605,1.04328043391751,2,22,11,29198.688816145,11,2.42368556933474,2.42368556933474
"2554",35.2362498628575,32.970416728785,1085.14172363281,"minor",10.4113740205494,1.07555536148382,1,19,19,10638.0449277735,19,1.98448801965015,1.98448801965015
"9630.3",34.8029165312575,31.895416733085,5292.51318359375,"minor",10.648159865528,1.08771727666134,4,75,18.75,381331.112180967,18.75,3.14369735150143,3.14369735150143
"11723.1",34.8029165312575,31.603750067585,424.067138671875,"minor",10.2398338578606,1.06665801339514,1,8,8,21806.2608592907,8,2.23159345401715,2.23159345401715
"10697",35.1695831964575,31.745416733685,6703.955078125,"jerusalem",9.96996788765774,1.05250853190829,2,84,42,10377.100733469,21,2.06731611795016,2.06731611795016
"9402",34.8779165309575,31.945416732885,1459.724609375,"minor",10.589288675883,1.08470624164041,1,24,24,60090.5029989288,24,2.45639911158623,2.45639911158623
"8613",34.8112498645575,32.162083398685,6381.73876953125,"telaviv",10.9944205660067,1.10526118411525,1,99,99,75026.7247982347,33,2.62820986294335,2.62820986294335
"4652",34.9695831972575,32.787083396185,2701.75268554688,"haifa",10.8411738745542,1.09753126376904,1,48,48,194353.016045074,24,2.90056149812173,2.90056149812173
"1910",35.5695831948575,33.028750061885,448.213348388672,"minor",10.0020598463797,1.05420111123593,1,4,4,9266.3328518915,4,1.93113417154764,1.93113417154764
"10378",35.0279165303575,31.778750066885,928.66455078125,"minor",10.1605516924545,1.06252067652846,1,8,8,61906.6303180489,8,2.51217272973449,2.51217272973449
"8846",34.8195831978575,32.087083398985,15784.22265625,"telaviv",10.9318359953335,1.10211090364171,1,211,211,17854.387773407,35.1666666666667,2.42987350744583,2.42987350744583
"4485.1",35.1779165297575,32.803750062785,4488.68994140625,"minor",10.4649062695018,1.07831691226558,1,75,75,464023.160131039,37.5,2.89189186686402,2.89189186686402
"10347",34.7695831980575,31.778750066885,415.959136962891,"minor",10.5287509994808,1.08160123065968,1,7,7,49874.432100221,7,2.4528167331467,2.4528167331467
"8446.1",34.9612498639575,32.237083398385,5994.2861328125,"minor",10.7005821614526,1.09039147717448,1,94,94,36396.2990058739,31.3333333333333,2.45702081759693,2.45702081759693
"5795.1.1",35.2445831961575,32.687083396585,3562.67163085938,"minor",10.3395398012216,1.07183849328679,3,74,24.6666666666667,36436.052644978,24.6666666666667,2.43760072601773,2.43760072601773
"13109.1",34.7612498647575,31.403750068385,1169.58239746094,"minor",10.0492845104172,1.05668688258354,1,17,17,22804.3743989928,17,2.23596921591902,2.23596921591902
"9353",34.7529165314575,31.953750066185,1308.21875,"minor",10.8426115001904,1.09760403203171,1,16,16,89463.9316823322,16,2.60483749917313,2.60483749917313
"9699.1",35.0195831970575,31.887083399785,7223.1376953125,"minor",10.293600119238,1.06945469589974,2,118,59,19519.7557345193,29.5,2.35872067504782,2.35872067504782
"8845",34.8112498645575,32.087083398985,15241.82421875,"telaviv",10.9506424443913,1.10305849771298,2,227,113.5,13261.9043180106,37.8333333333333,2.26465256437907,2.26465256437907
"3939",35.2612498627575,32.853750062585,1300.17150878906,"minor",10.3497836242076,1.07236931989184,1,29,29,158304.866913041,29,2.63018303043487,2.63018303043487
"9423.1",34.7529165314575,31.937083399585,409.045013427734,"minor",10.8136413760447,1.0961367197797,1,4,4,64321.1697318274,4,2.49024672442291,2.49024672442291
"5623",35.3112498625575,32.703750063185,5724.00634765625,"minor",10.2512128459471,1.06725050927591,1,105,105,8301.06131161417,35,1.93882001570726,1.93882001570726
"8416.1",34.8779165309575,32.245416731685,867.306762695312,"minor",10.8715793914224,1.09906927248177,1,12,12,113954.125025668,12,2.65708161390477,2.65708161390477
"3402.1",35.5945831947575,32.903750062385,183.536239624023,"minor",9.95822745202116,1.05188864281883,1,6,6,20999.0418185656,6,2.24682228434929,2.24682228434929
"8885",34.9112498641575,32.078750065685,5649.6845703125,"telaviv",10.7269647835241,1.0917348469052,1,80,80,13762.0607228198,40,2.02115413812467,2.02115413812467
"9122.1",34.7779165313575,32.012083399285,14185.7841796875,"telaviv",10.8916077726293,1.100081197641,1,191,191,23892.1503643397,38.2,2.41520383116935,2.41520383116935
"7399.1",35.1445831965575,32.520416730585,2886.26318359375,"minor",10.4536365166928,1.07773613121275,2,55,27.5,98685.5647207729,27.5,2.61804564732708,2.61804564732708
"8970.1.1",34.8612498643575,32.053750065785,14320.345703125,"telaviv",10.7868067137548,1.09477581234977,4,210,52.5,160616.286745088,26.25,3.16520853229132,3.16520853229132
"8548",34.8279165311575,32.187083398585,2055.7197265625,"telaviv",10.9640990647208,1.10373603248848,1,34,34,93897.5019677233,34,2.48983384027028,2.48983384027028
"4475.1",35.0945831967575,32.803750062785,3386.96459960938,"haifa",10.6044692337249,1.08548346800067,1,53,53,66628.4417404193,26.5,2.66150035342797,2.66150035342797
"8653",34.9445831973575,32.153750065385,2779.37231445312,"minor",10.7096726393679,1.09085453961398,2,42,21,22312.1308140262,21,2.29509119135806,2.29509119135806
"2746.2",35.1862498630575,32.953750062185,1541.59509277344,"minor",10.4858386458323,1.07939482251411,1,29,29,18572.5674072164,29,2.09334468577284,2.09334468577284
"8964.1.2",34.8112498645575,32.053750065785,9464.7265625,"telaviv",10.8919293695765,1.10009743859232,4,132,33,26794.5146371875,33,2.45774652796355,2.45774652796355
"4948.2",35.0279165303575,32.762083396285,1544.17199707031,"haifa",10.7165307614552,1.091203757399,2,21,10.5,18646.350099012,10.5,2.32229706524001,2.32229706524001
"6990.1",34.9362498640575,32.562083397085,719.537109375,"minor",10.8436830527579,1.09765826764465,1,13,13,6000.08003796684,13,1.79953968232744,1.79953968232744
"8899.4",34.7862498646575,32.070416732385,9221.4130859375,"telaviv",10.9778214886606,1.10442652231124,4,137,34.25,17295.5915620361,34.25,2.29949379336117,2.29949379336117
"13434",34.7862498646575,31.370416735185,757.325561523438,"minor",9.98541042500649,1.05332333460478,1,10,10,45064.5731798535,10,2.42914576702158,2.42914576702158
"7438",34.9529165306575,32.512083397285,1820.71435546875,"minor",10.7943269445247,1.09515736791693,1,37,37,23162.725777847,37,2.08227192150023,2.08227192150023
"9570.1",35.0112498637575,31.912083399685,10529.7177734375,"minor",10.3348977801486,1.07159786094041,4,182,45.5,84256.2263547282,22.75,2.97503981026883,2.97503981026883
"10692.1",35.1279165299575,31.745416733685,917.384460449219,"minor",10.01307405867,1.05478139170952,1,16,16,19934.2847724074,16,2.19157823019024,2.19157823019024
"17034",34.9862498638575,31.137083402785,170.397857666016,"minor",9.60268930100895,1.03294021022026,1,2,2,7017.23241187105,2,1.82769220846777,1.82769220846777
"10543.3.1",35.1529165298575,31.762083400285,10081.2646484375,"jerusalem",10.0026008989314,1.05422962388716,4,185,46.25,31457.7691069867,23.125,2.50228411148658,2.50228411148658
"14896",34.8445831977575,31.270416735585,2211.43505859375,"minor",9.82737703836342,1.04495491866414,1,25,25,14306.8480644808,25,2.08973498323067,2.08973498323067
"5145",35.1279165299575,32.745416729685,425.569610595703,"haifa",10.5327666253355,1.0818074703084,1,8,8,281729.128303889,8,2.95792341946972,2.95792341946972
"4661",35.0445831969575,32.787083396185,2110.837890625,"haifa",10.6915524735254,1.08993131656823,1,38,38,221030.305221739,38,2.73884333752227,2.73884333752227
"10315",35.1195831966575,31.787083400185,6163.513671875,"minor",10.0626203969071,1.05738778742223,1,101,101,27990.7107341377,33.6666666666667,2.35357902526403,2.35357902526403
"12479.1",34.6029165320575,31.478750068085,375.505462646484,"minor",10.3446784970313,1.07210480919188,2,4,2,29352.6168625266,2,2.2460650367191,2.2460650367191
"9009",34.9195831974575,32.045416732485,3397.14721679688,"telaviv",10.6610873436871,1.08837735202901,1,64,64,50174.6067789924,32,2.42158453070188,2.42158453070188
"6135.1",35.2945831959575,32.653750063385,1078.14172363281,"minor",10.2638751143425,1.06790943822979,2,18,9,18930.1304459284,9,2.20017554415898,2.20017554415898
"10624.2.1",35.1945831963575,31.753750066985,15010.6953125,"jerusalem",9.95244266244092,1.05158307446128,3,242,80.6666666666667,19813.0136647699,26.8888888888889,2.43559436770161,2.43559436770161
"8904.2",34.8279165311575,32.070416732385,17349.318359375,"telaviv",10.8844566763927,1.09971999852451,5,232,46.4,224659.075237415,23.2,3.36708239437077,3.36708239437077
"1591",35.3112498625575,33.053750061785,367.593566894531,"minor",10.3193177853755,1.07078983233953,1,5,5,85176.1217376031,5,2.57405613626086,2.57405613626086
"9628.1",34.7862498646575,31.895416733085,4053.10400390625,"minor",10.6790058331353,1.08929160635787,2,61,30.5,3525.36233350974,30.5,1.59703078816068,1.59703078816068
"4948.1",35.0279165303575,32.762083396285,1544.17199707031,"haifa",10.7165307614552,1.091203757399,2,21,10.5,662014.45241152,10.5,3.16944816235522,3.16944816235522
"8833",34.9279165307575,32.095416732285,1703.36950683594,"telaviv",10.7200591133365,1.09138337868029,1,29,29,48018.6970146708,29,2.36308379831214,2.36308379831214
"8969",34.8529165310575,32.053750065785,13339.4853515625,"telaviv",10.803793192857,1.09563747009355,5,180,36,251996.982661363,36,3.02794999300761,3.02794999300761
"8616.1",34.8362498644575,32.162083398685,6956.2109375,"telaviv",10.9370620745142,1.10237431001927,2,76,38,72889.8685564979,38,2.55244048627962,2.55244048627962
"6990.2",34.9362498640575,32.562083397085,719.537109375,"minor",10.8436830527579,1.09765826764465,1,13,13,39958.5912300346,13,2.39208665412453,2.39208665412453
"8226",34.8695831976575,32.320416731385,4923.80517578125,"minor",10.9131470655133,1.10116842316157,1,66,66,181846.286537266,33,2.77832566180753,2.77832566180753
"8995.1",34.8029165312575,32.045416732485,7188.7431640625,"telaviv",10.8956058706052,1.10028308835121,3,110,36.6666666666667,129490.6804658,36.6666666666667,2.71915114379754,2.71915114379754
"11161",34.5695831988575,31.678750067285,3017.28979492188,"minor",10.7242591721066,1.09159715667287,1,31,31,20485.1321785615,31,2.17222167780721,2.17222167780721
"8865",34.9779165305575,32.087083398985,3312.828125,"minor",10.6151424786255,1.08602959232373,1,49,49,42181.1475460124,24.5,2.46455847621623,2.46455847621623
"9033",34.8529165310575,32.037083399185,11812.55078125,"telaviv",10.7767329844919,1.09426449090458,2,180,90,43544.9303019158,30,2.71207698048128,2.71207698048128
"2467",35.3362498624575,32.978750062085,859.638671875,"minor",10.2702598147392,1.06824153608417,1,19,19,30721.5349721091,19,2.29413986501288,2.29413986501288
"9126.5",34.8112498645575,32.012083399285,12668.2265625,"telaviv",10.8206820047081,1.09649350227127,5,189,37.8,57888.0647872128,37.8,2.63368356579209,2.63368356579209
"9156.1",34.7862498646575,32.003750065985,9012.6611328125,"telaviv",10.8590443614363,1.09843547129726,2,127,63.5,121015.850350724,31.75,2.84984114254854,2.84984114254854
"10378.1",35.0279165303575,31.778750066885,928.66455078125,"minor",10.1605516924545,1.06252067652846,1,8,8,24840.4710575131,8,2.27026156464158,2.27026156464158
"8333.1",34.8862498642575,32.278750064885,2616.072265625,"minor",10.8639171639872,1.09868189532261,3,49,16.3333333333333,71778.0194431667,16.3333333333333,2.63136606706927,2.63136606706927
"5835",35.5779165281575,32.687083396585,892.383483886719,"minor",9.94404007539047,1.05113906868219,1,11,11,20250.2378643167,11,2.21234462346834,2.21234462346834
"8618.2",34.8529165310575,32.162083398685,6443.86767578125,"telaviv",10.9000284748718,1.10050637207867,3,103,34.3333333333333,47889.3660743856,34.3333333333333,2.49554390066988,2.49554390066988
"7326",35.1279165299575,32.528750063885,249.689895629883,"minor",10.4820063561981,1.07919755972245,1,7,7,68730.3630086267,7,2.55289104723802,2.55289104723802
"1970.2",35.2612498627575,33.020416728585,1997.52502441406,"minor",10.3845871767708,1.07417085216515,2,37,18.5,40602.9530801662,18.5,2.43241117898713,2.43241117898713
"3062",35.3112498625575,32.928750062285,3004.51904296875,"minor",10.2945266098634,1.06950282373859,2,60,30,87438.3819999377,30,2.56552093485664,2.56552093485664
"9155.1",34.7779165313575,32.003750065985,7581.44921875,"telaviv",10.8769257023917,1.09933948362903,2,108,54,77080.583049465,27,2.77893868523508,2.77893868523508
"11538",34.7029165316575,31.628750067485,567.609008789062,"minor",10.4146675539424,1.07572546858917,1,9,9,37790.5705159855,9,2.38113005015218,2.38113005015218
"5599",35.1112498633575,32.703750063185,1255.71569824219,"haifa",10.5508246730958,1.08273443307498,1,25,25,66852.2248459399,25,2.56387565687468,2.56387565687468
"8686",34.8029165312575,32.137083398785,4224.716796875,"telaviv",11.0056009472037,1.10582301915329,1,61,61,22688.36330502,30.5,2.26478135468955,2.26478135468955
"10163.2",35.0695831968575,31.803750066785,6179.53759765625,"minor",10.1371147474685,1.06129453171683,3,100,33.3333333333333,6777.9910931335,33.3333333333333,1.909406157147,1.909406157147
"3865",35.3779165289575,32.862083395885,2072.30322265625,"minor",10.1944458827915,1.06429141178488,1,49,49,33635.0691783771,24.5,2.33446533690051,2.33446533690051
"2395.1",35.5612498615575,32.987083395385,823.095886230469,"minor",10.0045525865302,1.05433246846472,1,13,13,92410.953909964,13,2.60390038035573,2.60390038035573
"6759",35.0695831968575,32.587083396985,74.8138961791992,"minor",10.5939784459145,1.08494641167789,1,1,1,36744.9677512475,1,2.33986647344916,2.33986647344916
"9955",34.7445831981575,31.828750066685,1774.22009277344,"minor",10.6496887281337,1.0877953610723,1,27,27,168926.750432925,27,2.68752079408539,2.68752079408539
"7606.1",35.0445831969575,32.487083397385,1146.69958496094,"minor",10.6129231582241,1.08591605764309,2,16,8,14376.054970349,8,2.11774815789331,2.11774815789331
"6311",35.3945831955575,32.637083396785,228.834884643555,"minor",10.1347949281748,1.06117308925206,1,5,5,121841.486618906,5,2.67791360027256,2.67791360027256
"541.1",35.5695831948575,33.203750061185,2075.51733398438,"minor",10.0285469158503,1.05559603573054,2,37,18.5,61193.3322378946,18.5,2.54228998896696,2.54228998896696
"9523",34.9612498639575,31.920416732985,1703.48022460938,"minor",10.4189211537656,1.07594512219441,1,30,30,61684.4778029166,30,2.41595572699595,2.41595572699595
"8815",34.7779165313575,32.095416732285,7745.25927734375,"telaviv",11.0440670142438,1.10775383417896,2,117,58.5,91267.893390911,29.25,2.78770761595975,2.78770761595975
"2047",35.0945831967575,33.012083395285,4364.59619140625,"minor",10.6582222745002,1.08823109649969,2,92,46,20893.4643423924,23,2.34506170912573,2.34506170912573
"8617",34.8445831977575,32.162083398685,7903.50244140625,"telaviv",10.9184277942898,1.10143481142098,1,109,109,26881.762495516,36.3333333333333,2.35037989156409,2.35037989156409
"7767.1",34.9112498641575,32.453750064185,3155.56420898438,"minor",10.8639171639872,1.09868189532261,2,56,28,23369.9711885407,28,2.25398485199484,2.25398485199484
"4567",35.0612498635575,32.795416729485,2925.04321289062,"haifa",10.662618528154,1.08845550759648,2,35,17.5,64235.0893288226,17.5,2.71553789128361,2.71553789128361
"9669",34.7695831980575,31.887083399785,2226.56469726562,"minor",10.6970378830315,1.09021088087639,1,18,18,10921.2311039471,18,2.0660940966906,2.0660940966906
"3034.2",35.0779165301575,32.928750062285,4168.74560546875,"haifa",10.6670293472285,1.08868061571123,2,89,44.5,95850.8117513611,22.25,2.84081076889778,2.84081076889778
"10386.3",35.0945831967575,31.778750066885,3801.27880859375,"minor",10.0823078571312,1.05842166860384,3,73,24.3333333333333,2010.02775860501,24.3333333333333,1.36102634754835,1.36102634754835
"8797",34.8445831977575,32.103750065585,5568.3017578125,"telaviv",10.9000284748718,1.10050637207867,2,83,41.5,19823.4780589928,20.75,2.41827928973872,2.41827928973872
"16240",35.0029165304575,31.187083402585,55.1905784606934,"minor",9.63101266239628,1.03446242949854,1,1,1,107444.94172088,1,2.62359902190332,2.62359902190332
"10473",35.1945831963575,31.770416733585,14927.2880859375,"jerusalem",9.96746324088375,1.05237631845921,4,238,59.5,30101.8202157193,29.75,2.49022510290064,2.49022510290064
"387",35.6529165278575,33.237083394385,851.931945800781,"minor",9.9475676118872,1.05132549203836,1,14,14,20535.4460876879,14,2.2072555260372,2.2072555260372
"13167.1",34.6029165320575,31.395416735085,650.053100585938,"minor",10.2274098570908,1.06601072837476,1,13,13,18735.5811255973,13,2.17984510243994,2.17984510243994
"8645.2",34.8779165309575,32.153750065385,3059.95288085938,"telaviv",10.8436830527579,1.09765826764465,2,52,26,61848.550726471,26,2.53142231600326,2.53142231600326
"15684.3",34.8029165312575,31.220416735785,3347.41333007812,"minor",9.81487471698732,1.04429001490047,3,34,11.3333333333333,9598.2512637885,11.3333333333333,2.12995032303841,2.12995032303841
"10477.5",35.2279165295575,31.770416733585,12629.6259765625,"jerusalem",9.934368695654,1.05062778564131,6,200,33.3333333333333,8361.68119479738,33.3333333333333,1.96691893903296,1.96691893903296
"2669",35.3695831956575,32.962083395485,655.595520019531,"minor",10.2232341943133,1.06579308990031,1,8,8,53182.7741995335,8,2.46745450014441,2.46745450014441
"2454",35.2279165295575,32.978750062085,701.221252441406,"minor",10.4259078940657,1.07630581641639,1,18,18,61605.7118639887,18,2.47871290439537,2.47871290439537
"9067.2",34.8612498643575,32.028750065885,15078.4970703125,"telaviv",10.7468283340868,1.09274518398424,3,217,72.3333333333333,29786.7655668092,36.1666666666667,2.54065617004265,2.54065617004265
"2071",35.2945831959575,33.012083395285,945.363342285156,"minor",10.3344513101485,1.07157471405137,2,28,14,34514.2662690758,14,2.35600217171692,2.35600217171692
"15416.1",34.8029165312575,31.237083402385,2708.38916015625,"minor",9.83121060969476,1.04515871254586,1,33,33,7375.81212965779,33,1.80245090493219,1.80245090493219
"9187",34.7695831980575,31.995416732685,6921.45068359375,"telaviv",10.8802649686979,1.09950822182252,1,102,102,26387.9948382746,34,2.35740887710723,2.35740887710723
"4864",35.1279165299575,32.770416729585,1170.92272949219,"haifa",10.5387574988819,1.0821150841899,2,25,12.5,24699.3568413878,12.5,2.37890963563141,2.37890963563141
"8999.2",34.8362498644575,32.045416732485,10120.0322265625,"telaviv",10.8244862472069,1.09668623321992,4,146,36.5,116152.753484068,36.5,2.7755508800737,2.7755508800737
"2686",35.5112498617575,32.962083395485,1265.0693359375,"minor",10.0544325883051,1.056957509306,1,22,22,16436.9486071776,22,2.10827471389124,2.10827471389124
"8792.3",34.8029165312575,32.103750065585,6917.48779296875,"telaviv",10.9944205660067,1.10526118411525,4,109,27.25,38539.0824724946,27.25,2.57366662142819,2.57366662142819
"11831.1",34.7862498646575,31.587083400985,1085.92553710938,"minor",10.2405959232016,1.06669770388187,2,20,10,55031.6701109988,10,2.49227269319691,2.49227269319691
"3034.1",35.0779165301575,32.928750062285,4168.74560546875,"haifa",10.6670293472285,1.08868061571123,2,89,44.5,23571.0315924379,22.25,2.47794981377129,2.47794981377129
"9384",34.7279165315575,31.945416732885,702.264709472656,"minor",10.8812194350801,1.0995564476986,1,7,7,12974.2983252752,7,2.06573106253962,2.06573106253962
"2845.1",35.1779165297575,32.945416728885,2403.36596679688,"minor",10.4974068511646,1.07999006431462,2,50,25,116193.385088655,25,2.65726816517116,2.65726816517116
"8740",34.8112498645575,32.120416732185,8014.36474609375,"telaviv",10.9805615181244,1.10456434439227,3,111,37,114023.490494911,37,2.70728394788332,2.70728394788332
"10617",35.1362498632575,31.753750066985,4094.40844726562,"minor",10.0122293301018,1.05473689874151,1,59,59,69385.6137400161,29.5,2.56844248849577,2.56844248849577
"6909",34.9529165306575,32.570416730385,2328.22192382812,"minor",10.8114055046632,1.09602339313352,1,43,43,24833.6816565811,21.5,2.29388472979996,2.29388472979996
"7434",34.9195831974575,32.512083397285,3754.9658203125,"minor",10.8639171639872,1.09868189532261,1,55,55,32291.1493240286,27.5,2.38077858613785,2.38077858613785
"13167.2",34.6029165320575,31.395416735085,650.053100585938,"minor",10.2274098570908,1.06601072837476,1,13,13,26163.787504243,13,2.27620318789325,2.27620318789325
"8960.1",34.7779165313575,32.053750065785,9231.30078125,"telaviv",10.9665307866341,1.1038584242271,1,141,141,56886.8129956809,35.25,2.6063794991832,2.6063794991832
"2071.1.1",35.2945831959575,33.012083395285,945.363342285156,"minor",10.3344513101485,1.07157471405137,2,28,14,33101.4389050469,14,2.34471534722106,2.34471534722106
"10394",35.1612498631575,31.778750066885,4666.95361328125,"jerusalem",10.0095331213216,1.05459487331084,1,79,79,43126.7285136634,39.5,2.12426182001542,2.12426182001542
"8741",34.8195831978575,32.120416732185,8472.9697265625,"telaviv",10.9613729864017,1.10359880927011,4,117,29.25,2981.21796218626,29.25,1.71003585740726,1.71003585740726
"9086.1",34.7445831981575,32.020416732585,12806.619140625,"telaviv",10.9817484224509,1.10462403973533,2,140,70,569410.864283111,35,3.20878864843405,3.20878864843405
"4482.2",35.1529165298575,32.803750062785,2346.72875976562,"haifa",10.5051789900898,1.08038979540256,2,50,25,22447.9296871498,25,2.3321958440377,2.3321958440377
"7636",34.9112498641575,32.478750064085,598.47021484375,"minor",10.8715793914224,1.09906927248177,1,6,6,154686.495683044,6,2.71209176047391,2.71209176047391
"4005",35.0779165301575,32.845416729285,4786.2958984375,"haifa",10.6451201881491,1.08756201295217,2,79,39.5,13998.5612527869,39.5,2.10777513204196,2.10777513204196
"8978.4",34.9279165307575,32.053750065785,2502.88232421875,"telaviv",10.6579819353406,1.08821882681648,3,39,13,285234.970610781,13,2.95463098911922,2.95463098911922
"4089",34.9862498638575,32.837083395985,2779.0146484375,"haifa",10.8212587410919,1.09652272313142,1,40,40,20731.2428683325,40,2.14993035832226,2.14993035832226
"8792",34.8029165312575,32.103750065585,6917.48779296875,"telaviv",10.9944205660067,1.10526118411525,4,109,27.25,21947.1020920908,27.25,2.41803043347153,2.41803043347153
"9126.6",34.8112498645575,32.012083399285,12668.2265625,"telaviv",10.8206820047081,1.09649350227127,5,189,37.8,14994.4185189158,37.8,2.25936493055334,2.25936493055334
"9396",34.8279165311575,31.945416732885,1896.86303710938,"minor",10.6797960595068,1.08933190837865,1,24,24,23536.4557794649,24,2.23027755959416,2.23027755959416
"9291.3",34.8029165312575,31.970416732785,7032.04736328125,"telaviv",10.7682757125669,1.09383503288846,4,85,21.25,120069.784595852,21.25,2.94668730261107,2.94668730261107
"9032.1",34.8445831977575,32.037083399185,9891.146484375,"telaviv",10.7935965087825,1.09512031347055,2,159,79.5,22653.8108259608,39.75,2.28335637941846,2.28335637941846
"8380",34.9195831974575,32.262083398285,2947.87377929688,"minor",10.7894854013278,1.09491173674349,1,53,53,24708.5813860073,26.5,2.27648621552191,2.27648621552191
"13342",34.7279165315575,31.378750068485,561.379699707031,"minor",10.0569790989941,1.05709134993645,1,7,7,52398.7978869622,7,2.4601486990555,2.4601486990555
"8015",34.9945831971575,32.403750064385,1659.00903320312,"minor",10.6825829678446,1.08947403048161,1,25,25,380620.524049116,25,2.87528375723408,2.87528375723408
"9910",34.7445831981575,31.837083399985,836.902099609375,"minor",10.6630808337952,1.08847910375468,1,7,7,67897.8548419533,7,2.52802685494232,2.52802685494232
"8836",34.9529165306575,32.095416732285,7004.74072265625,"minor",10.6726467394808,1.08896723445662,1,99,99,45653.9559373791,33,2.52523417978821,2.52523417978821
"9257.1",34.7945831979575,31.978750066085,5626.1904296875,"telaviv",10.7989847436804,1.09539362502357,2,81,40.5,23119.8451643106,20.25,2.47161095564585,2.47161095564585
"4463.1",34.9945831971575,32.803750062785,4567.19384765625,"haifa",10.7943269445247,1.09515736791693,2,80,40,100289.851594602,40,2.62208514412901,2.62208514412901
"11161.1",34.5695831988575,31.678750067285,3017.28979492188,"minor",10.7242591721066,1.09159715667287,1,31,31,41451.5990499277,31,2.36709566446843,2.36709566446843
"9760",34.8029165312575,31.870416733185,2785.06591796875,"minor",10.6096250479276,1.08574731293589,1,31,31,92018.5981818388,31,2.55473444754167,2.55473444754167
"8842.3.1",34.7862498646575,32.087083398985,8938.5615234375,"telaviv",11.0085378177667,1.10597055505142,5,126,25.2,51682.9632132144,25.2,2.75911005313081,2.75911005313081
"3738",35.0862498634575,32.870416729185,1787.11108398438,"haifa",10.6364569830729,1.08711938335896,1,27,27,176655.877952283,27,2.7981347921946,2.7981347921946
"9584.3",34.7779165313575,31.903750066385,1299.2060546875,"minor",10.7081703055764,1.0907780253652,2,13,6.5,53307.7598186164,6.5,2.48557820158529,2.48557820158529
"8328.2",34.8445831977575,32.278750064885,4109.80712890625,"minor",10.9559358451698,1.10332506770166,3,60,20,15878.5773976668,20,2.28202541885206,2.28202541885206
"8515.1",34.8862498642575,32.203750065185,2298.8408203125,"telaviv",10.8411738745542,1.09753126376904,2,28,14,159102.857291486,14,2.8097550632985,2.8097550632985
"4562",35.0195831970575,32.795416729485,4359.58740234375,"haifa",10.7419770017648,1.09249851267454,2,76,38,158444.228221436,38,2.75058860359951,2.75058860359951
"7166",35.0445831969575,32.545416730485,776.842590332031,"minor",10.6278503396004,1.08667946513937,1,11,11,12652.5376356011,11,2.0651725606122,2.0651725606122
"8009",34.9445831973575,32.403750064385,434.289611816406,"minor",10.7798524728298,1.09442285514785,1,2,2,242944.381648726,2,2.75341548915582,2.75341548915582
"9069.1",34.8779165309575,32.028750065885,11465.99609375,"telaviv",10.714410235214,1.09109579145687,4,160,40,134998.006107206,40,2.76362999288959,2.76362999288959
"4954",35.0779165301575,32.762083396285,1021.88897705078,"haifa",10.6235680556439,1.08646051498759,2,23,11.5,153753.833187375,11.5,2.83248783966539,2.83248783966539
"7151.1",34.9195831974575,32.545416730485,465.271606445312,"minor",10.8741425863889,1.09919882876317,1,8,8,45294.203903564,8,2.42928855970278,2.42928855970278
"5881",35.2529165294575,32.678750063285,3375.77172851562,"minor",10.3260195026986,1.07113747964482,1,52,52,15772.8954128281,26,2.17309083593372,2.17309083593372
"8416.2",34.8779165309575,32.245416731685,867.306762695312,"minor",10.8715793914224,1.09906927248177,1,12,12,52600.6015322826,12,2.46954581191969,2.46954581191969
"8189",34.8945831975575,32.337083397985,1626.88317871094,"minor",10.8639171639872,1.09868189532261,1,24,24,146233.624402488,24,2.67631355504599,2.67631355504599
"10331",34.6362498652575,31.778750066885,8671.916015625,"minor",10.7726263708023,1.09405597920979,5,89,17.8,10631.2379772115,17.8,2.40002352912689,2.40002352912689
"12030.1",34.7529165314575,31.553750067785,85.8117294311523,"minor",10.2416692769954,1.06675360463393,1,3,3,34383.6229599609,3,2.38819281441242,2.38819281441242
"8906",34.8445831977575,32.070416732385,15297.8251953125,"telaviv",10.8487297373346,1.09791366475666,1,235,235,25618.4224162919,39.1666666666667,2.42916264951762,2.42916264951762
"8999.1.1",34.8362498644575,32.045416732485,10120.0322265625,"telaviv",10.8244862472069,1.09668623321992,4,146,36.5,37219.3224636491,36.5,2.49361857565276,2.49361857565276
"4495",35.2612498627575,32.803750062785,1838.09704589844,"minor",10.3395398012216,1.07183849328679,1,27,27,62627.5299817368,27,2.45768180068181,2.45768180068181
"17034.1",34.9862498638575,31.137083402785,170.397857666016,"minor",9.60268930100895,1.03294021022026,1,2,2,61650.886258793,2,2.47259313380232,2.47259313380232
"8981.1",34.9529165306575,32.053750065785,3852.57348632812,"minor",10.6126909402147,1.08590417728549,2,58,29,19701.2829493768,29,2.22663866641364,2.22663866641364
"3865.1",35.3779165289575,32.862083395885,2072.30322265625,"minor",10.1944458827915,1.06429141178488,1,49,49,12620.4446542067,24.5,2.04727589235235,2.04727589235235
"9325.1",34.8029165312575,31.962083399485,7286.0517578125,"telaviv",10.7545841210272,1.09313941984783,1,126,126,101022.462942679,31.5,2.7566939212651,2.7566939212651
"7908",35.0445831969575,32.428750064285,2038.15014648438,"minor",10.5981646030315,1.08516074605621,1,27,27,27931.7526549387,27,2.25635416611508,2.25635416611508
"14895.1.1",34.8362498644575,31.270416735585,1576.88623046875,"minor",9.834665495446,1.04534234134331,3,26,8.66666666666667,24681.078934351,8.66666666666667,2.30452618709079,2.30452618709079
"9090",34.7779165313575,32.020416732585,15366.2001953125,"telaviv",10.9063893867699,1.10082743560216,3,204,68,36064.5848709943,34,2.64938417273952,2.64938417273952
"10473.2.1",35.1945831963575,31.770416733585,14927.2880859375,"jerusalem",9.96746324088375,1.05237631845921,4,238,59.5,12612.0524425375,29.75,2.23306191774384,2.23306191774384
"8682.1",34.9779165305575,32.145416732085,1144.68823242188,"minor",10.6451201881491,1.08756201295217,2,24,12,10435.1448606515,12,2.01499257482505,2.01499257482505
"5708",35.2529165294575,32.695416729885,1388.59448242188,"minor",10.3293849059381,1.07131201523791,1,19,19,20068.2914809919,19,2.19727682806268,2.19727682806268
"12820",34.7779165313575,31.437083401585,389.501373291016,"minor",10.0692062061008,1.05773375173848,1,4,4,24425.5884760095,4,2.23538781873882,2.23538781873882
"9858",34.6529165318575,31.845416733285,767.347839355469,"minor",10.8595927261549,1.09846320558188,1,15,15,77932.2410337425,15,2.55393801681556,2.55393801681556
"6542",35.3029165292575,32.612083396885,1009.16479492188,"minor",10.2449346804085,1.06692365031475,1,12,12,113618.68226205,12,2.66184020035525,2.66184020035525
"7821",35.0112498637575,32.445416730885,1370.53002929688,"minor",10.662618528154,1.08845550759648,1,23,23,389458.691451222,23,2.88307331380992,2.88307331380992
"8990.1.1",34.7612498647575,32.045416732485,8559.4296875,"telaviv",10.9897056105601,1.10502416316266,2,105,52.5,30048.4441247698,26.25,2.5846285531604,2.5846285531604
"10180.1",35.2112498629575,31.803750066785,9921.7890625,"jerusalem",9.98067719657901,1.05307365979461,3,182,60.6666666666667,43608.9605538235,30.3333333333333,2.45420490683694,2.45420490683694
"8125",34.8695831976575,32.362083397885,2185.1015625,"minor",10.9263848821974,1.10183608794076,1,35,35,166765.365967469,35,2.61576903694941,2.61576903694941
"8444.1",34.9445831973575,32.237083398385,4819.92529296875,"minor",10.7326688531231,1.09202507363985,1,75,75,152123.368747135,37.5,2.66528374725743,2.66528374725743
"15360",34.3362498664575,31.237083402385,238.743453979492,"minor",10.3565711088618,1.07272089716145,1,1,1,13129.0891624451,1,1.98488035923789,1.98488035923789
"11723.2",34.8029165312575,31.603750067585,424.067138671875,"minor",10.2398338578606,1.06665801339514,1,8,8,8298.43223155919,8,1.92505651109485,1.92505651109485
"9118.3",34.7445831981575,32.012083399285,12432.7568359375,"telaviv",10.9661923845512,1.10384139282131,3,169,56.3333333333333,105223.586238771,28.1666666666667,2.9830361333764,2.9830361333764
"10205",34.8195831978575,31.795416733485,2551.76293945312,"minor",10.4714149661855,1.07865219222806,1,33,33,12244.3222692207,33,1.96800916533493,1.96800916533493
"3459",35.2279165295575,32.895416729085,535.131225585938,"minor",10.4077677220977,1.07536906957036,2,11,5.5,52688.2259273413,5.5,2.45204373893718,2.45204373893718
"8816.1.1",34.7862498646575,32.095416732285,7561.67529296875,"telaviv",11.0240548335841,1.10674973752396,2,97,48.5,76377.7689559508,24.25,2.81938053733507,2.81938053733507
"4367",34.9945831971575,32.812083396085,4979.4033203125,"haifa",10.7967540239803,1.09528048279781,1,91,91,4481.04148192251,30.3333333333333,1.84620218304693,1.84620218304693
"8935",34.8362498644575,32.062083399085,12931.5068359375,"telaviv",10.8523933198116,1.09809903013302,4,193,48.25,21609.133208747,24.125,2.66543126789938,2.66543126789938
"8830.1",34.9029165308575,32.095416732285,5107.91943359375,"telaviv",10.7691840452967,1.09388116586445,4,83,20.75,162980.928114687,20.75,2.92979071565041,2.92979071565041
"10378.2",35.0279165303575,31.778750066885,928.66455078125,"minor",10.1605516924545,1.06252067652846,1,8,8,23867.1146038739,8,2.25891047618784,2.25891047618784
"6826",34.9445831973575,32.578750063685,1162.91015625,"minor",10.8311812864314,1.09702533579734,1,16,16,68383.0227421075,16,2.53219783848518,2.53219783848518
"1221.1",35.1529165298575,33.087083394985,683.010620117188,"minor",10.5732483851082,1.08388439241606,1,13,13,134225.374280007,13,2.68795324071174,2.68795324071174
"4465.1",35.0112498637575,32.803750062785,4829.25244140625,"haifa",10.7607848391073,1.09345450746742,2,90,45,21559.7125451991,22.5,2.4843902827355,2.4843902827355
"4655",34.9945831971575,32.787083396185,4116.5810546875,"haifa",10.7894854013278,1.09491173674349,2,72,36,10923.732929159,36,2.05731844634861,2.05731844634861
"4523",35.4945831951575,32.803750062785,149.469482421875,"minor",10.047899432292,1.05661405927361,1,2,2,15185.5611610877,2,2.09326472627463,2.09326472627463
"9879",34.8279165311575,31.845416733285,777.813232421875,"minor",10.5293838361319,1.08163373530414,1,13,13,172532.000095264,13,2.74609903969095,2.74609903969095
"8679",34.9529165306575,32.145416732085,3162.2939453125,"minor",10.6915524735254,1.08993131656823,1,42,42,10890.3149175398,21,2.09736173492129,2.09736173492129
"9464",34.7862498646575,31.928750066285,4573.34814453125,"minor",10.7327809378556,1.0920307758105,2,73,36.5,28261.2680958515,36.5,2.2535134780828,2.2535134780828
"8694",34.8695831976575,32.137083398785,2732.2783203125,"telaviv",10.8562957179362,1.098296444395,2,41,20.5,7630.89143238198,20.5,1.9538803333907,1.9538803333907
"5145.1",35.1279165299575,32.745416729685,425.569610595703,"haifa",10.5327666253355,1.0818074703084,1,8,8,49493.4536492585,8,2.55417382052893,2.55417382052893
"10045",35.1279165299575,31.820416733385,1642.41784667969,"minor",10.0863356533123,1.05863306271774,2,18,9,18206.0949681904,9,2.22078437590133,2.22078437590133
"9720",34.8279165311575,31.878750066485,2902.63208007812,"minor",10.5782929569341,1.08414292604978,1,42,42,14804.2870018782,21,2.1800162734841,2.1800162734841
"10111",34.6362498652575,31.803750066785,5301.08837890625,"minor",10.8178941437017,1.09635224184068,1,52,52,13152.7435013097,26,2.2124630610184,2.2124630610184
"9464.1",34.7862498646575,31.928750066285,4573.34814453125,"minor",10.7327809378556,1.0920307758105,2,73,36.5,268204.728205054,36.5,2.79604908130956,2.79604908130956
"10325.4",35.2029165296575,31.787083400185,16866.4375,"jerusalem",9.97410084896147,1.05272666331882,6,292,48.6666666666667,45004.9252617304,24.3333333333333,2.75452179157555,2.75452179157555
"8997",34.8195831978575,32.045416732485,6083.86962890625,"telaviv",10.8596039330864,1.09846377238024,1,86,86,39831.6220462284,28.6666666666667,2.52660049887171,2.52660049887171
"10449.2",34.9945831971575,31.770416733585,1557.88012695312,"minor",10.1925315014672,1.06419147720841,3,17,5.66666666666667,68699.2214896032,5.66666666666667,2.55770162519903,2.55770162519903
"15684.1",34.8029165312575,31.220416735785,3347.41333007812,"minor",9.81487471698732,1.04429001490047,3,34,11.3333333333333,8242.59888494142,11.3333333333333,2.07731990015852,2.07731990015852
"9086",34.7445831981575,32.020416732585,12806.619140625,"telaviv",10.9817484224509,1.10462403973533,2,140,70,461949.619454727,35,3.16661153694365,3.16661153694365
"5884.2",35.2779165293575,32.678750063285,2748.314453125,"minor",10.2912611061545,1.06933318298806,1,44,44,13515.0213336114,22,2.13275636442831,2.13275636442831
"8531",34.8529165310575,32.195416731885,4145.05615234375,"telaviv",10.9105138610307,1.10103556613413,1,70,70,80288.5242563899,35,2.52887460908114,2.52887460908114
"8847.2",34.8279165311575,32.087083398985,15465.7119140625,"telaviv",10.9132677605294,1.10117451238461,4,213,53.25,38140.3626480622,26.625,2.83373688882814,2.83373688882814
"4477.1",35.1112498633575,32.803750062785,4475.72021484375,"haifa",10.5753064692756,1.08398987640187,1,73,73,44987.4301659289,36.5,2.47455653280009,2.47455653280009
"7402",35.1695831964575,32.520416730585,1865.86047363281,"minor",10.4149911380654,1.07574217987528,1,25,25,33208.6438725357,25,2.31464853616466,2.31464853616466
"8934",34.8279165311575,32.062083399085,17076.5078125,"telaviv",10.8701913032733,1.0989991054123,3,260,86.6666666666667,214005.455068255,28.8888888888889,3.22779798090493,3.22779798090493
"9482",34.9362498640575,31.928750066285,3874.08642578125,"minor",10.4687773697742,1.07851633530998,1,53,53,18012.5675542515,26.5,2.23317133517088,2.23317133517088
"8940.1",34.8779165309575,32.062083399085,5169.45361328125,"telaviv",10.7666147794859,1.09375067133876,2,91,45.5,93920.8655015617,22.75,2.78229999952007,2.78229999952007
"9336",34.8945831975575,31.962083399485,1164.10302734375,"minor",10.5843485340547,1.08445319216925,1,18,18,26852.530722917,18,2.27578361706785,2.27578361706785
"11332",34.9529165306575,31.662083400685,179.942581176758,"minor",10.1225172912998,1.06053012379553,1,3,3,10508.221142337,3,1.99214574464471,1.99214574464471
"8849.1",34.8445831977575,32.087083398985,10076.3330078125,"telaviv",10.8768280559089,1.09933454901433,1,143,143,23785.3440380754,35.75,2.38478339149148,2.38478339149148
"4364",34.9695831972575,32.812083396085,2414.35302734375,"haifa",10.8487147285517,1.09791290529662,2,34,17,130632.869965392,17,2.85542670264619,2.85542670264619
"15199",35.2029165296575,31.253750068985,2347.59375,"minor",9.54905008784926,1.03005124402458,2,39,19.5,7499.64101456383,19.5,1.932577204293,1.932577204293
"4650.2",34.9529165306575,32.787083396185,1726.03637695312,"haifa",10.8767103613006,1.09932860122797,2,28,14,48495.6501271768,14,2.58805915754503,2.58805915754503
"2297",35.5612498615575,32.995416728685,510.213653564453,"minor",10.0058012858157,1.05439826366699,1,16,16,22879.9338755385,16,2.22700423103824,2.22700423103824
"2297.1",35.5612498615575,32.995416728685,510.213653564453,"minor",10.0058012858157,1.05439826366699,1,16,16,11251.8943875507,16,2.00988792975264,2.00988792975264
"10633",34.6362498652575,31.745416733685,907.100341796875,"minor",10.7137824917087,1.09106382803964,1,13,13,318482.073043843,13,2.88235626156444,2.88235626156444
"10947",34.9445831973575,31.712083400485,1067.74072265625,"minor",10.1888698442691,1.06400030515185,1,18,18,255051.649627897,18,2.81733843263717,2.81733843263717
"250",35.7779165273575,33.270416727585,701.696838378906,"minor",9.83544144994756,1.04538357925307,1,9,9,4308.68688347308,9,1.6696541144645,1.6696541144645
"106",35.7529165274575,33.320416727385,46.7844161987305,"minor",9.86413163704893,1.04690717178686,1,1,1,6869.26217468354,1,1.84592708808064,1.84592708808064
"2857.1",35.2779165293575,32.945416728885,1006.11834716797,"minor",10.3446505239034,1.07210335964731,2,12,6,15386.1715530415,6,2.1221108781443,2.1221108781443
"8959.1",34.7695831980575,32.053750065785,8733.76171875,"telaviv",10.9857864349065,1.1048271073846,6,123,20.5,441823.608639727,20.5,3.31004583819216,3.31004583819216
"9000.1",34.8445831977575,32.045416732485,9763.8642578125,"telaviv",10.8072488803073,1.09581268068281,4,118,29.5,60856.6491909416,29.5,2.75043095579183,2.75043095579183
"8874.1",34.8195831978575,32.078750065685,16704.423828125,"telaviv",10.917199084634,1.10137283447291,4,243,60.75,128816.637501094,30.375,3.07321059556164,3.07321059556164
"10542.1.1",35.1445831965575,31.762083400285,8630.76171875,"jerusalem",10.0113574727701,1.05469097489739,2,154,77,13771.6439330287,38.5,1.93008507249211,1.93008507249211
"5677",34.9945831971575,32.695416729885,543.912048339844,"haifa",10.7631539759791,1.09357487047345,1,9,9,36044.0007773618,9,2.46888183947373,2.46888183947373
"9456",34.7195831982575,31.928750066285,696.827331542969,"minor",10.8691443135805,1.09894617771252,1,9,9,34986.1660539562,9,2.36064526193988,2.36064526193988
"8792.3.1",34.8029165312575,32.103750065585,6917.48779296875,"telaviv",10.9944205660067,1.10526118411525,4,109,27.25,1660184.62828597,27.25,3.39302256894819,3.39302256894819
"8691.1",34.8445831977575,32.137083398785,7097.4873046875,"telaviv",10.9105138610306,1.10103556613413,3,117,39,92938.4005258183,39,2.59673557368434,2.59673557368434
"8700",34.9195831974575,32.137083398785,1326.62756347656,"telaviv",10.7537017416179,1.09309457462228,1,22,22,15057.0382570413,22,2.08447076441908,2.08447076441908
"9092.2",34.7945831979575,32.020416732585,13283.9345703125,"telaviv",10.8701204799055,1.09899552521106,3,212,70.6666666666667,70987.718214102,35.3333333333333,2.7524975639887,2.7524975639887
"9090.3",34.7779165313575,32.020416732585,15366.2001953125,"telaviv",10.9063893867699,1.10082743560216,3,204,68,60614.2907312925,34,2.78347855420907,2.78347855420907
"9183.1",34.7362498648575,31.995416732685,4038.9033203125,"telaviv",10.9542581010623,1.10324058527908,2,44,22,13080.1666517631,22,2.19654755468144,2.19654755468144
"10324.1.1",35.1945831963575,31.787083400185,17163.513671875,"jerusalem",9.98260942817448,1.05317559094043,3,289,96.3333333333333,21084.775113641,32.1111111111111,2.37596109459016,2.37596109459016
"8687.2",34.8112498645575,32.137083398785,4172.0830078125,"telaviv",10.9860897142369,1.10484235749505,2,64,32,25118.769485454,32,2.27045020460372,2.27045020460372
"6826.1",34.9445831973575,32.578750063685,1162.91015625,"minor",10.8311812864314,1.09702533579734,1,16,16,23099.0859023932,16,2.24497213951139,2.24497213951139
"14336",34.4279165327575,31.303750068785,258.483642578125,"minor",10.3312701093907,1.07140977270296,1,5,5,34251.4043440011,5,2.35681209097039,2.35681209097039
"10163.1",35.0695831968575,31.803750066785,6179.53759765625,"minor",10.1371147474685,1.06129453171683,3,100,33.3333333333333,32648.6895341419,33.3333333333333,2.40196204743341,2.40196204743341
"10620.1",35.1612498631575,31.753750066985,10543.6474609375,"jerusalem",9.98616393186311,1.05336307615514,3,183,61,15179.7654987589,30.5,2.17050354574975,2.17050354574975
"8844",34.8029165312575,32.087083398985,9824.9306640625,"telaviv",10.9696917214196,1.10401749791989,2,132,66,222827.755951406,33,2.9852168292503,2.9852168292503
"9069",34.8779165309575,32.028750065885,11465.99609375,"telaviv",10.714410235214,1.09109579145687,4,160,40,16180.1306724589,40,2.21036258753762,2.21036258753762
"8768.1",34.8279165311575,32.112083398885,8437.6630859375,"telaviv",10.9397435576915,1.10250943849281,2,127,63.5,31332.3398151283,31.75,2.4943505543318,2.4943505543318
"8375.1.1",34.8779165309575,32.262083398285,2175.462890625,"minor",10.8767103613006,1.09932860122797,3,28,9.33333333333333,106997.158779372,9.33333333333333,2.72022586691471,2.72022586691471
"15152",34.8112498645575,31.253750068985,3984.37353515625,"minor",9.84032922988831,1.04564330172006,1,61,61,12436.3833351693,30.5,2.07158969709561,2.07158969709561
"8768.2",34.8279165311575,32.112083398885,8437.6630859375,"telaviv",10.9397435576915,1.10250943849281,2,127,63.5,367311.682080939,31.75,3.07460957683046,3.07460957683046
"4465",35.0112498637575,32.803750062785,4829.25244140625,"haifa",10.7607848391073,1.09345450746742,2,90,45,11875.3727871243,22.5,2.30197833849115,2.30197833849115
"9000.2.1",34.8445831977575,32.045416732485,9763.8642578125,"telaviv",10.8072488803073,1.09581268068281,4,118,29.5,205310.535380909,29.5,3.03378351742258,3.03378351742258
"9603.1",34.9362498640575,31.903750066385,1169.66052246094,"minor",10.4357086138659,1.07681158023047,1,23,23,47837.2347492047,23,2.39317847296392,2.39317847296392
"8563.1",34.9529165306575,32.187083398585,1898.61364746094,"minor",10.7028490579508,1.09050696966293,1,30,30,11147.3529696503,30,1.94077259412995,1.94077259412995
"8876.1",34.8362498644575,32.078750065685,16075.5751953125,"telaviv",10.8806615828888,1.09952826161893,2,211,105.5,29899.7470684631,35.1666666666667,2.58246176720368,2.58246176720368
"10547.2",35.1862498630575,31.762083400285,16824.337890625,"jerusalem",9.96832399952692,1.0524217574257,3,267,89,41427.2381788389,29.6666666666667,2.61445761320205,2.61445761320205
"8515",34.8862498642575,32.203750065185,2298.8408203125,"telaviv",10.8411738745542,1.09753126376904,2,28,14,183258.71140926,14,2.8412116389691,2.8412116389691
"14522.1",34.9195831974575,31.295416735485,1459.96130371094,"minor",9.78700014871947,1.04280605146347,2,17,8.5,170566.531452459,8.5,2.77894366641601,2.77894366641601
"4511",35.3945831955575,32.803750062785,1608.10083007812,"minor",10.1634823834118,1.06267390124115,1,39,39,28190.3457080783,39,2.10675450835497,2.10675450835497
"8311.1",34.8862498642575,32.287083398185,1318.76220703125,"minor",10.8664666923987,1.0988108063012,1,17,17,72455.0453591127,17,2.54880084978724,2.54880084978724
"9000.1.1",34.8445831977575,32.045416732485,9763.8642578125,"telaviv",10.8072488803073,1.09581268068281,4,118,29.5,45045.3895174814,29.5,2.67391000721719,2.67391000721719
"9053",34.7445831981575,32.028750065885,11119.2587890625,"telaviv",10.9974143809269,1.10541165690167,2,155,77.5,640840.027766506,38.75,3.11441733678052,3.11441733678052
"9069.3",34.8779165309575,32.028750065885,11465.99609375,"telaviv",10.714410235214,1.09109579145687,4,160,40,36512.4484832674,40,2.44204508158466,2.44204508158466
"9860",34.6695831984575,31.845416733285,2007.45788574219,"minor",10.8244753138407,1.09668567936106,1,24,24,63591.9545166536,24,2.50043316817173,2.50043316817173
"8877.3",34.8445831977575,32.078750065685,12885.59765625,"telaviv",10.8627339162423,1.09862206201134,4,172,43,81055.8294748546,21.5,3.05874905071926,3.05874905071926
"5171",35.3445831957575,32.745416729685,3856.49096679688,"minor",10.2155853432364,1.06539431110616,1,74,74,11588.2157408966,37,1.95224040768606,1.95224040768606
"8971.1",34.8695831976575,32.053750065785,5953.73486328125,"telaviv",10.7700248167227,1.09392386576046,1,90,90,46018.8339254565,30,2.53825542466451,2.53825542466451
"9225",34.8112498645575,31.987083399385,4129.14306640625,"telaviv",10.7790351276094,1.09438136393781,2,43,21.5,19789.3351605657,21.5,2.33341279352798,2.33341279352798
"3034.3",35.0779165301575,32.928750062285,4168.74560546875,"haifa",10.6670293472285,1.08868061571123,2,89,44.5,218024.508581325,22.25,3.02695725888308,3.02695725888308
"9216.2",34.7362498648575,31.987083399385,1237.83349609375,"telaviv",10.9388295000569,1.10246337807944,2,27,13.5,392632.527582027,13.5,2.93944246429322,2.93944246429322
"10096.1",35.0445831969575,31.812083400085,1507.77624511719,"minor",10.1763691322376,1.0633473944858,2,19,9.5,4094.20806330776,9.5,1.68452609109076,1.68452609109076
"10240.1",35.1112498633575,31.795416733485,5179.39892578125,"minor",10.080234958317,1.05831285850625,2,82,41,7418.31105118989,20.5,2.08259673871645,2.08259673871645
"10379",35.0362498636575,31.778750066885,420.008239746094,"minor",10.1504511479484,1.06199242244359,2,8,4,34562.0454581014,4,2.32930270660682,2.32930270660682
"7034",35.3029165292575,32.562083397085,253.352066040039,"minor",10.2355828154686,1.06643658015679,1,4,4,190146.025036102,4,2.76049941256408,2.76049941256408
"9393",34.8029165312575,31.945416732885,3446.93383789062,"minor",10.7274646905417,1.09176028558072,1,48,48,16260.8043280962,24,2.2092498920113,2.2092498920113
"5510",35.1279165299575,32.712083396485,2198.42749023438,"haifa",10.5248226379544,1.08139943478369,1,45,45,31766.1699777637,22.5,2.44535272602169,2.44535272602169
"7637",34.9195831974575,32.478750064085,977.152465820312,"minor",10.8537642422255,1.09816838631046,1,12,12,205320.718429687,12,2.79370737591945,2.79370737591945
"8386",34.9695831972575,32.262083398285,2161.8671875,"minor",10.6915524735254,1.08993131656823,1,44,44,17595.042035783,22,2.17902224041293,2.17902224041293
"4800.1",35.3945831955575,32.778750062885,1479.85791015625,"minor",10.1591302123555,1.06244634961831,2,36,18,5003.28919193909,18,1.7363236735057,1.7363236735057
"8463",34.9362498640575,32.228750065085,1914.21594238281,"minor",10.7466548960532,1.09273636629707,1,32,32,61291.0793112422,32,2.4025259637727,2.4025259637727
"8375",34.8779165309575,32.262083398285,2175.462890625,"minor",10.8767103613006,1.09932860122797,3,28,9.33333333333333,30729.6711289603,9.33333333333333,2.40564832385296,2.40564832385296
"6304",35.3362498624575,32.637083396785,960.984497070312,"minor",10.2064759085189,1.06491918882342,1,9,9,41483.7792306452,9,2.41332166032976,2.41332166032976
"10325.1",35.2029165296575,31.787083400185,16866.4375,"jerusalem",9.97410084896147,1.05272666331882,6,292,48.6666666666667,17249.5028440308,24.3333333333333,2.48719242184921,2.48719242184921
"630",35.6445831945575,33.187083394585,80.3854675292969,"minor",9.94874630393115,1.05138777622357,1,1,1,36915.6352024006,1,2.33723521473086,2.33723521473086
"8703",34.9445831973575,32.137083398785,1867.10595703125,"minor",10.7051197633588,1.09062264394442,1,34,34,164218.134818255,34,2.61011621955757,2.61011621955757
"16160",34.3362498664575,31.187083402585,131.628952026367,"minor",10.2768689632661,1.06858519980945,1,1,1,6929.07184844158,1,1.79404440642905,1.79404440642905
"8868",34.7695831980575,32.078750065685,7067.6279296875,"telaviv",11.0325927463764,1.10717823248394,1,94,94,9802.88362598082,31.3333333333333,2.10518875537269,2.10518875537269
"8610",34.9779165305575,32.170416731985,2109.18920898438,"minor",10.6516550467516,1.08789577966681,2,28,14,16546.9365670814,14,2.21367008748957,2.21367008748957
"4870",35.1779165297575,32.770416729585,580.975158691406,"minor",10.4573816332119,1.07792916862802,1,4,4,118466.037158065,4,2.63067586367471,2.63067586367471
"4754",35.0112498637575,32.778750062885,4356.00634765625,"haifa",10.7537017416179,1.09309457462227,1,76,76,17586.412432949,38,2.1862015157744,2.1862015157744
"9068.1",34.8695831976575,32.028750065885,13171.2890625,"telaviv",10.7305230671787,1.09191590372044,3,189,63,14766.6116480669,31.5,2.40638313479266,2.40638313479266
"11163.1",34.5862498654575,31.678750067285,2296.2109375,"minor",10.692368515241,1.08997291073581,1,27,27,39364.4854278815,27,2.36312401910176,2.36312401910176
"10327.3",35.2195831962575,31.787083400185,16248.5185546875,"jerusalem",9.95730091885409,1.0518397067812,4,252,63,73762.9416001154,31.5,2.7069188957559,2.7069188957559
"8917",34.9362498640575,32.070416732385,2291.1015625,"minor",10.6670425025964,1.08868128703167,1,35,35,40920.9251495907,35,2.28132037602284,2.28132037602284
"2267",35.3112498625575,32.995416728685,1361.64794921875,"minor",10.3076822382423,1.07018597751576,1,18,18,49347.6992775875,18,2.44875697424493,2.44875697424493
"4947",35.0195831970575,32.762083396285,2024.29797363281,"haifa",10.7326688531231,1.09202507363985,1,32,32,114689.313095289,32,2.6582060647543,2.6582060647543
"4397.1",35.2445831961575,32.812083396085,922.892150878906,"minor",10.3653186702997,1.07317383236722,2,20,10,24046.1267408801,10,2.26364091823631,2.26364091823631
"10256.2.1",34.6279165319575,31.787083400185,5762.4033203125,"minor",10.8046019204757,1.09567847678838,4,80,20,7407.23808182707,20,2.11742903408404,2.11742903408404
"9993.2",34.6529165318575,31.820416733385,6436.8447265625,"minor",10.8137798751438,1.09614373931442,1,83,83,40304.8270672315,27.6666666666667,2.55964521539708,2.55964521539708
"7541.1",34.9195831974575,32.495416730685,1930.08837890625,"minor",10.8588316888038,1.09842471490382,1,25,25,14220.228399302,25,2.07216584453624,2.07216584453624
"8845.2",34.8112498645575,32.087083398985,15241.82421875,"telaviv",10.9506424443913,1.10305849771298,2,227,113.5,17805.8981582702,37.8333333333333,2.3553558532146,2.3553558532146
"5707",35.2445831961575,32.695416729885,1348.88073730469,"minor",10.3412408980857,1.07192666094933,1,28,28,532375.932254796,28,2.89935024412709,2.89935024412709
"5154",35.2029165296575,32.745416729685,1890.86267089844,"minor",10.4131812238838,1.07564870472989,1,38,38,41860.9817729542,38,2.2352876002329,2.2352876002329
"9628",34.7862498646575,31.895416733085,4053.10400390625,"minor",10.6790058331353,1.08929160635787,2,61,30.5,24009.3156156877,30.5,2.27316886718205,2.27316886718205
"10566",34.7112498649575,31.753750066985,72.1601715087891,"minor",10.59007272535,1.08474639767141,1,1,1,29498.9926726847,1,2.28226655558993,2.28226655558993
"9043.1.1",34.9362498640575,32.037083399185,817.930480957031,"minor",10.618657897673,1.08620940776593,2,9,4.5,14903.9331288509,4.5,2.09133402256518,2.09133402256518
"8926",34.7612498647575,32.062083399085,5533.19140625,"telaviv",11.0209911237167,1.10659593768541,1,71,71,76857.9645704451,35.5,2.56270275713764,2.56270275713764
"10185",34.6529165318575,31.795416733485,8953.8623046875,"minor",10.7689524683144,1.09386940457129,2,91,45.5,131338.9587269,22.75,3.02381254069142,3.02381254069142
"7165",35.0362498636575,32.545416730485,818.513610839844,"minor",10.6429490537626,1.0874510999868,1,17,17,51669.2629684616,17,2.44276757816497,2.44276757816497
"10135.1",34.8362498644575,31.803750066785,1091.71862792969,"minor",10.4567015329036,1.07789411626476,2,16,8,11600.3518510988,8,2.0467222357387,2.0467222357387
"10622.2",35.1779165297575,31.753750066985,13840.705078125,"jerusalem",9.96915894102198,1.05246583164501,2,211,105.5,21510.6966819177,35.1666666666667,2.25018366038227,2.25018366038227
"10543",35.1529165298575,31.762083400285,10081.2646484375,"jerusalem",10.0026008989314,1.05422962388716,4,185,46.25,5776.25401425938,23.125,1.95923172076944,1.95923172076944
"9000",34.8445831977575,32.045416732485,9763.8642578125,"telaviv",10.8072488803073,1.09581268068281,4,118,29.5,72693.5763050359,29.5,2.79429380220776,2.79429380220776
"9090.4",34.7779165313575,32.020416732585,15366.2001953125,"telaviv",10.9063893867699,1.10082743560216,3,204,68,142639.656939345,34,2.98678129212613,2.98678129212613
"15409",34.7445831981575,31.237083402385,921.573120117188,"minor",9.88370336802851,1.04794525768967,1,12,12,24194.6066090701,12,2.26303736386681,2.26303736386681
"8906.1",34.8445831977575,32.070416732385,15297.8251953125,"telaviv",10.8487297373346,1.09791366475666,1,235,235,17970.6082071771,39.1666666666667,2.32630990329999,2.32630990329999
"8969.1",34.8529165310575,32.053750065785,13339.4853515625,"telaviv",10.803793192857,1.09563747009355,5,180,36,103885.313538078,36,2.82949280355799,2.82949280355799
"9059.2",34.7945831979575,32.028750065885,11366.4287109375,"telaviv",10.8846325649877,1.09972888401277,4,163,40.75,17867.8638768141,20.375,2.62703050772112,2.62703050772112
"8760.2",34.9779165305575,32.120416732185,4010.93627929688,"minor",10.638617459965,1.0872297855848,3,67,22.3333333333333,9516.02086330289,22.3333333333333,2.08682472770425,2.08682472770425
"4773",35.1695831964575,32.778750062885,1021.72802734375,"haifa",10.4724771290213,1.07870689711861,1,16,16,118271.751864496,16,2.75620043385353,2.75620043385353
"4851",35.0195831970575,32.770416729585,2572.375,"haifa",10.7349899605822,1.0921431510049,1,44,44,131345.831444637,22,2.82511222951807,2.82511222951807
"8465",34.9529165306575,32.228750065085,7079.7197265625,"minor",10.7142408667317,1.09108716765189,1,107,107,65496.1851086567,35.6666666666667,2.57183581095534,2.57183581095534
"8742",34.8279165311575,32.120416732185,8609.158203125,"telaviv",10.9424299416319,1.10264479732605,1,111,111,100378.707574508,37,2.69352578248531,2.69352578248531
"9251.1.2",34.7445831981575,31.978750066085,2623.60083007812,"telaviv",10.9050456380906,1.10075961842975,2,32,16,9707.46648017535,16,2.06586966484783,2.06586966484783
"8993",34.7862498646575,32.045416732485,7551.240234375,"telaviv",10.9325258833394,1.1021456791862,2,106,53,44138.7639410436,26.5,2.64598665460689,2.64598665460689
"8752",34.9112498641575,32.120416732185,1834.55627441406,"telaviv",10.7655271824402,1.09369542695295,1,25,25,35376.4502552386,25,2.3299777411266,2.3299777411266
"8444.2",34.9445831973575,32.237083398385,4819.92529296875,"minor",10.7326688531231,1.09202507363985,1,75,75,56759.1275126347,37.5,2.43097046045061,2.43097046045061
"10260.1",34.6612498651575,31.787083400185,9170.4794921875,"minor",10.7378308445443,1.09228765261742,2,109,54.5,116949.915086832,27.25,2.92978296970639,2.92978296970639
"7103",35.1779165297575,32.553750063785,793.711120605469,"minor",10.4095695219766,1.07546214985706,1,20,20,13101.8590857534,20,2.03481833008296,2.03481833008296
"10473.1.1",35.1945831963575,31.770416733585,14927.2880859375,"jerusalem",9.96746324088375,1.05237631845921,4,238,59.5,21147.9436663996,29.75,2.39050234662557,2.39050234662557
"11538.1",34.7029165316575,31.628750067485,567.609008789062,"minor",10.4146675539424,1.07572546858917,1,9,9,15478.4754586664,9,2.12671402796247,2.12671402796247
"7589",34.9029165308575,32.487083397385,1844.94873046875,"minor",10.8922138807379,1.10011180647635,1,26,26,34174.609521209,26,2.31142420279961,2.31142420279961
"10955.2",35.0112498637575,31.712083400485,1935.22253417969,"minor",10.1085995992312,1.05980079885227,2,19,9.5,159515.719837093,9.5,2.79572284304515,2.79572284304515
"8350",34.8445831977575,32.270416731585,3636.9765625,"minor",10.9532247547137,1.10318854813942,3,60,20,93948.1961038129,20,2.7295196956148,2.7295196956148
"10251.4",35.2029165296575,31.795416733485,14539.9814453125,"jerusalem",9.98165607319558,1.05312529977289,6,261,43.5,37434.805150566,21.75,2.70320202087541,2.70320202087541
"12204",34.5945831987575,31.520416734585,2804.75170898438,"minor",10.4189952037513,1.0759489456987,1,36,36,8464.46827910138,36,1.81785514753164,1.81785514753164
"7962",35.5195831950575,32.420416730985,138.532608032227,"minor",9.96420016142776,1.05220404450361,1,3,3,40002.6199546078,3,2.39977813337224,2.39977813337224
"9276",34.9529165306575,31.978750066085,721.734619140625,"minor",10.5089220686346,1.08058225398443,1,9,9,56232.1723716132,9,2.48441726490959,2.48441726490959
"10333.1",34.6529165318575,31.778750066885,6227.31640625,"minor",10.7396001356915,1.09237763798318,2,66,33,48675.7825093548,33,2.5146015062773,2.5146015062773
"10048",34.6445831985575,31.812083400085,7164.84814453125,"minor",10.815862001682,1.0962492620893,1,93,93,40838.5273285366,31,2.53626886991383,2.53626886991383
"16370.2",34.9779165305575,31.178750069285,98.9225921630859,"minor",9.64176216611464,1.03503956800988,1,6,6,21494.3834393229,6,2.2920361393152,2.2920361393152
"7821.1",35.0112498637575,32.445416730885,1370.53002929688,"minor",10.662618528154,1.08845550759648,1,23,23,177566.492396851,23,2.71520658663275,2.71520658663275
"6911",34.9695831972575,32.570416730385,402.403442382812,"minor",10.7774546271719,1.0943011279235,1,7,7,76563.3822698955,7,2.56049447267939,2.56049447267939
"10323.2",35.1862498630575,31.787083400185,14236.1884765625,"jerusalem",9.9911916705997,1.05362821139357,2,222,111,47916.7990873975,37,2.4327293645092,2.4327293645092
"8743",34.8362498644575,32.120416732185,6835.97412109375,"telaviv",10.9237277028313,1.1017021024473,2,94,47,195936.347764387,23.5,3.0174044124295,3.0174044124295
"8939.1.1",34.8695831976575,32.062083399085,6067.83154296875,"telaviv",10.7833552584105,1.09460065058807,2,95,47.5,21252.5755038457,23.75,2.42431430647112,2.42431430647112
"9066",34.8529165310575,32.028750065885,13301.3623046875,"telaviv",10.7633295040125,1.09358378757452,2,181,90.5,103785.150089764,30.1666666666667,2.95890332199246,2.95890332199246
"9361.1",34.8195831978575,31.953750066185,6923.23583984375,"minor",10.7086996850135,1.09080498740932,4,77,19.25,18857.3788407958,19.25,2.48637196176746,2.48637196176746
"7732",34.9862498638575,32.462083397485,1491.02551269531,"minor",10.7142408667317,1.09108716765189,1,25,25,151401.710407063,25,2.66778767884109,2.66778767884109
"8875.3",34.8279165311575,32.078750065685,16782.83984375,"telaviv",10.8988152060349,1.10044512236513,5,237,47.4,51204.9740936141,23.7,2.99893291191646,2.99893291191646
"10473.1.2",35.1945831963575,31.770416733585,14927.2880859375,"jerusalem",9.96746324088375,1.05237631845921,4,238,59.5,2933.98291314578,29.75,1.6622676107612,1.6622676107612
"4273.1",34.9945831971575,32.820416729385,4606.107421875,"haifa",10.7991853232968,1.09540379786009,2,75,37.5,11373.055585478,37.5,2.06624263218877,2.06624263218877
"8437",34.8862498642575,32.237083398385,1806.01647949219,"minor",10.8512372497304,1.09804054012036,1,37,37,308514.956112951,37,2.70995218928424,2.70995218928424
"10540.1",35.1279165299575,31.762083400285,2097.203125,"minor",10.0291023812408,1.05562526922519,1,23,23,20548.4251367165,23,2.21193979180674,2.21193979180674
"4004.1",35.0695831968575,32.845416729285,5186.86083984375,"haifa",10.6604185851625,1.08834321512423,2,78,39,29384.2991440468,39,2.34616744183279,2.34616744183279
"15414.1",34.7862498646575,31.237083402385,3676.14135742188,"minor",9.84590761315972,1.04593964204228,3,41,13.6666666666667,23323.0755338035,13.6666666666667,2.41846593375376,2.41846593375376
"11723.3",34.8029165312575,31.603750067585,424.067138671875,"minor",10.2398338578606,1.06665801339514,1,8,8,28782.9462267309,8,2.31007892546597,2.31007892546597
"9220.1",34.7695831980575,31.987083399385,7355.7412109375,"telaviv",10.8655976282163,1.09876686578972,3,93,31,20061.7515048535,31,2.34589744682016,2.34589744682016
"4619.2",35.4945831951575,32.795416729485,166.088073730469,"minor",10.0465977840709,1.05654561788621,1,7,7,49980.3349598842,7,2.49529009271124,2.49529009271124
"14636",34.8112498645575,31.287083402185,1083.60302734375,"minor",9.87361612773211,1.04741035828223,1,14,14,21990.7327400999,14,2.23634787440899,2.23634787440899
"8681",34.9695831972575,32.145416732085,1556.05383300781,"minor",10.6604185851624,1.08834321512423,3,32,10.6666666666667,9197.31950321771,10.6666666666667,1.99794486545791,1.99794486545791
"8811",34.9612498639575,32.103750065585,4862.5029296875,"minor",10.6648221124933,1.08856797432291,2,69,34.5,40091.1931672166,34.5,2.38940895687439,2.38940895687439
"3916",35.0695831968575,32.853750062585,4056.54809570312,"haifa",10.662618528154,1.08845550759648,1,64,64,39083.5452472113,32,2.48619612367297,2.48619612367297
"8623",34.8945831975575,32.162083398685,4408.90625,"telaviv",10.8114055046632,1.09602339313352,2,72,36,7127.57912708496,36,1.82046158507611,1.82046158507611
"8720.1",34.8695831976575,32.128750065485,3172.67260742188,"telaviv",10.8537642422255,1.09816838631046,1,49,49,182788.089381989,24.5,2.8082501359083,2.8082501359083
"5670",34.9362498640575,32.695416729885,633.030578613281,"haifa",10.8844412887891,1.09971922117467,1,9,9,10980.3786444543,9,2.11719696174931,2.11719696174931
"4619.3",35.4945831951575,32.795416729485,166.088073730469,"minor",10.0465977840709,1.05654561788621,1,7,7,28615.419814989,7,2.34698342225873,2.34698342225873
"9861.1",34.6779165317575,31.845416733285,3535.05639648438,"minor",10.8072380799827,1.09581213312738,2,44,22,12498.2543967653,22,2.15374620183161,2.15374620183161
"4619.4",35.4945831951575,32.795416729485,166.088073730469,"minor",10.0465977840709,1.05654561788621,1,7,7,16389.4610343835,7,2.18546954110212,2.18546954110212
"4465.1.1",35.0112498637575,32.803750062785,4829.25244140625,"haifa",10.7607848391073,1.09345450746742,2,90,45,12525.5061205228,22.5,2.31914949435681,2.31914949435681
"4773.1",35.1695831964575,32.778750062885,1021.72802734375,"haifa",10.4724771290213,1.07870689711861,1,16,16,11076.6017524054,16,2.11341888175315,2.11341888175315
"465.1",35.6195831946575,33.220416727785,479.850006103516,"minor",9.97868441184982,1.0529685239492,1,17,17,21092.8090742662,17,2.19900326022045,2.19900326022045
"4482.1",35.1529165298575,32.803750062785,2346.72875976562,"haifa",10.5051789900898,1.08038979540256,2,50,25,75887.4563929817,25,2.65308125671321,2.65308125671321
"8999.2.1",34.8362498644575,32.045416732485,10120.0322265625,"telaviv",10.8244862472069,1.09668623321992,4,146,36.5,106878.118787894,36.5,2.75619485008515,2.75619485008515
"9006",34.8945831975575,32.045416732485,2854.53295898438,"telaviv",10.7080868742739,1.09077377603006,2,44,22,48706.7651655605,22,2.50196372278427,2.50196372278427
"10752.1",34.9945831971575,31.737083400385,2796.423828125,"minor",10.1554429472722,1.06225352421016,2,61,30.5,35543.1370933804,30.5,2.3217307465894,2.3217307465894
"14381.1",34.8029165312575,31.303750068785,278.745788574219,"minor",9.8983303720102,1.04872040400619,1,2,2,11430.4459401836,2,1.97397792382068,1.97397792382068
"10251.2",35.2029165296575,31.795416733485,14539.9814453125,"jerusalem",9.98165607319558,1.05312529977289,6,261,43.5,22501.7557500081,21.75,2.56248051322844,2.56248051322844
"4579",35.1612498631575,32.795416729485,1912.09899902344,"haifa",10.4896827880995,1.07959265919551,1,45,45,6924.3604375945,22.5,1.95141010149561,1.95141010149561
"9100",34.8612498643575,32.020416732585,10269.4775390625,"telaviv",10.7336665053195,1.09207582690131,2,164,82,20235.9637531607,27.3333333333333,2.50981451125715,2.50981451125715
"8597",34.8695831976575,32.170416731985,2872.83471679688,"telaviv",10.8664666923987,1.0988108063012,1,30,30,182715.228381095,30,2.72826291274396,2.72826291274396
"8329",34.8529165310575,32.278750064885,5643.5322265625,"minor",10.9370620745142,1.10237431001927,1,88,88,50815.185790354,29.3333333333333,2.56136761425267,2.56136761425267
"10173.1",35.1529165298575,31.803750066785,12071.5478515625,"jerusalem",10.0422327911858,1.05631607176313,4,187,46.75,9229.83410782851,23.375,2.18799477533388,2.18799477533388
"12154",34.5862498654575,31.528750067885,2261.13037109375,"minor",10.4446389365344,1.07727222065396,1,28,28,10644.8686742365,28,1.9657668827517,1.9657668827517
"7589.1",34.9029165308575,32.487083397385,1844.94873046875,"minor",10.8922138807379,1.10011180647635,1,26,26,19976.8087165458,26,2.16052769589783,2.16052769589783
"8965.1",34.8195831978575,32.053750065785,11609.365234375,"telaviv",10.8738616193448,1.09918462807386,5,163,32.6,5712.61797444373,32.6,2.01867110888185,2.01867110888185
"7908.1",35.0445831969575,32.428750064285,2038.15014648438,"minor",10.5981646030315,1.08516074605621,1,27,27,30235.2133774279,27,2.27824145409343,2.27824145409343
"15284",34.8112498645575,31.245416735685,3630.73828125,"minor",9.83211765686858,1.04520692565149,1,42,42,7186.94852330015,21,1.98078395525414,1.98078395525414
"2944.1",35.1695831964575,32.937083395585,1480.65393066406,"minor",10.5090832284836,1.08059053960136,1,24,24,44577.1858777609,24,2.38140951136141,2.38140951136141
"8975",34.9029165308575,32.053750065785,2464.74731445312,"telaviv",10.7048708694579,1.09060996538929,1,48,48,30785.1359413183,24,2.33772109037374,2.33772109037374
"9524",34.9695831972575,31.920416732985,2609.47509765625,"minor",10.4062674937711,1.07529156220643,1,35,35,56454.1418171986,35,2.37788598217918,2.37788598217918
"5224",35.0195831970575,32.737083396385,543.363159179688,"haifa",10.7257291090021,1.09167196482186,1,12,12,103050.179132367,12,2.72987496362245,2.72987496362245
"8622.1",34.8862498642575,32.162083398685,3731.12036132812,"telaviv",10.8286941124288,1.09689937310325,2,54,27,231099.061932873,27,2.85981296943228,2.85981296943228
"4364.1",34.9695831972575,32.812083396085,2414.35302734375,"haifa",10.8487147285517,1.09791290529662,2,34,17,155564.02484391,17,2.89501301716574,2.89501301716574
"16754",34.8445831977575,31.153750069385,69.4879455566406,"minor",9.71852037461893,1.0391513831872,1,1,1,30590.6141308189,1,2.29429415665152,2.29429415665152
"8959.4",34.7695831980575,32.053750065785,8733.76171875,"telaviv",10.9857864349065,1.1048271073846,6,123,20.5,59909.8637466917,20.5,2.86097751558059,2.86097751558059
"3765",35.3112498625575,32.870416729185,1588.08093261719,"minor",10.2831378672027,1.0689110693288,1,29,29,16612.5600267349,29,2.06206642353894,2.06206642353894
"9095",34.8195831978575,32.020416732585,8972.990234375,"telaviv",10.8173831855718,1.09632634970776,1,141,141,65485.7594748427,35.25,2.63455075122526,2.63455075122526
"9127",34.8195831978575,32.012083399285,6548.27685546875,"telaviv",10.8034908985421,1.0956221418061,2,91,45.5,194484.968525712,22.75,3.01357084846285,3.01357084846285
"4381",35.1112498633575,32.812083396085,4876.75830078125,"haifa",10.5773678481898,1.08409551896653,1,99,99,7874.19484330982,33,2.01975655264265,2.01975655264265
"9068.2.1",34.8695831976575,32.028750065885,13171.2890625,"telaviv",10.7305230671787,1.09191590372044,3,189,63,247155.787886537,31.5,3.12150440422228,3.12150440422228
"4465.1.2",35.0112498637575,32.803750062785,4829.25244140625,"haifa",10.7607848391073,1.09345450746742,2,90,45,82850.3486077687,22.5,2.83814672391754,2.83814672391754
"8969.3",34.8529165310575,32.053750065785,13339.4853515625,"telaviv",10.803793192857,1.09563747009355,5,180,36,26051.1740827944,36,2.47601201921849,2.47601201921849
"8958.1",34.7612498647575,32.053750065785,8338.6767578125,"telaviv",11.0052936918498,1.10580758281246,2,114,57,54218.6844190037,28.5,2.69373385570955,2.69373385570955
"9089.2",34.7695831980575,32.020416732585,14808.76953125,"telaviv",10.9248697658815,1.10175969178005,3,195,65,89921.0900762607,32.5,2.90451440001057,2.90451440001057
"14753",34.7195831982575,31.278750068885,124.152488708496,"minor",9.95230871639786,1.0515759980143,1,1,1,145148.113326667,1,2.649559886636,2.649559886636
"9749",34.7112498649575,31.870416733185,763.668029785156,"minor",10.7833188416704,1.09459880228483,1,8,8,9532.70588611806,8,1.96937275925719,1.96937275925719
"8120",35.0195831970575,32.370416731185,917.403259277344,"minor",10.6278503396004,1.08667946513937,1,13,13,45432.1133574827,13,2.43103721081504,2.43103721081504
"9146",34.9779165305575,32.012083399285,1522.03540039062,"minor",10.512542055064,1.08076835091542,1,26,26,160915.714870539,26,2.67359500728206,2.67359500728206
"9945",34.6612498651575,31.828750066685,7858.724609375,"minor",10.8116482119321,1.09603569548178,3,92,30.6666666666667,26455.3753996636,30.6666666666667,2.4482929908982,2.4482929908982
"9613.1",35.0195831970575,31.903750066385,6381.10205078125,"minor",10.3132207782419,1.07047345590848,1,108,108,3619.44643567385,36,1.61425697116064,1.61425697116064
"9293",34.8195831978575,31.970416732785,4551.712890625,"telaviv",10.7353524268035,1.09216158891965,3,52,17.3333333333333,9021.29866203085,17.3333333333333,2.14912030328942,2.14912030328942
"9032.1.1",34.8445831977575,32.037083399185,9891.146484375,"telaviv",10.7935965087825,1.09512031347055,2,159,79.5,26266.6175639034,39.75,2.32536622308724,2.32536622308724
"3065",35.3362498624575,32.928750062285,1757.71630859375,"minor",10.2606962121066,1.06774405027644,1,33,33,32570.7951642758,33,2.21996980322429,2.21996980322429
"7509",35.0945831967575,32.503750063985,2336.30883789062,"minor",10.5307759456859,1.08170523535172,1,33,33,23579.1205238936,33,2.15636294754187,2.15636294754187
"4370.1",35.0195831970575,32.812083396085,3007.51147460938,"haifa",10.7466548960532,1.09273636629707,1,52,52,15313.4594146621,26,2.24421198687216,2.24421198687216
"12058.1",34.5862498654575,31.545416734485,228.369827270508,"minor",10.4706212407258,1.07861131093673,1,5,5,4454.50542593787,5,1.69157422397002,1.69157422397002
"17283.1",34.8695831976575,31.120416736185,32.0186805725098,"minor",9.67042108917683,1.03657668897711,1,1,1,182708.669129263,1,2.77353742197928,2.77353742197928
"2843.1",35.1612498631575,32.945416728885,1837.380859375,"minor",10.5248226379544,1.08139943478369,2,30,15,14764.1556648121,15,2.15631276804637,2.15631276804637
"2857",35.2779165293575,32.945416728885,1006.11834716797,"minor",10.3446505239034,1.07210335964731,2,12,6,84267.9554089402,6,2.58061475089708,2.58061475089708
"10902",35.1112498633575,31.720416733785,5312.9228515625,"minor",10.0066515092905,1.05444306043472,2,78,39,10869.8113520945,39,1.95135701860549,1.95135701860549
"9361.3",34.8195831978575,31.953750066185,6923.23583984375,"minor",10.7086996850135,1.09080498740932,4,77,19.25,33866.2610848442,19.25,2.65183314273446,2.65183314273446
"9225.2",34.8112498645575,31.987083399385,4129.14306640625,"telaviv",10.7790351276094,1.09438136393781,2,43,21.5,28612.8710428802,21.5,2.43855386048942,2.43855386048942
"7400.2",35.1529165298575,32.520416730585,5499.74951171875,"minor",10.4406180275464,1.07706484007574,3,95,31.6666666666667,20606.4623992953,31.6666666666667,2.27371979347324,2.27371979347324
"6759.1",35.0695831968575,32.587083396985,74.8138961791992,"minor",10.5939784459145,1.08494641167789,1,1,1,42407.8916776568,1,2.37772724193354,2.37772724193354
"8959.6",34.7695831980575,32.053750065785,8733.76171875,"telaviv",10.9857864349065,1.1048271073846,6,123,20.5,47005.3716743696,20.5,2.79938900197759,2.79938900197759
"10112",34.6445831985575,31.803750066785,8508.0029296875,"minor",10.8007368995379,1.09548248627097,3,91,30.3333333333333,176763.513047187,30.3333333333333,2.94607642633964,2.94607642633964
"3861",35.3445831957575,32.862083395885,1905.61572265625,"minor",10.2371360450813,1.06651749191684,1,38,38,38936.8390020893,38,2.21678564526119,2.21678564526119
"8965.2.1",34.8195831978575,32.053750065785,11609.365234375,"telaviv",10.8738616193448,1.09918462807386,5,163,32.6,53336.5730535061,32.6,2.70486186775762,2.70486186775762
"8821.1.1",34.8279165311575,32.095416732285,14103.2451171875,"telaviv",10.9278152192276,1.10190820444595,2,208,104,293713.761890059,34.6666666666667,3.10596464930541,3.10596464930541
"4799.1",35.3862498622575,32.778750062885,2480.90161132812,"minor",10.1693126445357,1.06297865790929,2,44,22,3263.45670733284,22,1.57635585401688,1.57635585401688
"9125.1",34.8029165312575,32.012083399285,14912.41796875,"telaviv",10.8380852446381,1.09737491034225,2,196,98,90656.5705022661,32.6666666666667,2.90457589992905,2.90457589992905
"2844.2",35.1695831964575,32.945416728885,2206.5029296875,"minor",10.5110399147089,1.08069113249649,2,36,18,11491.4751403429,18,2.08151947161492,2.08151947161492
"9992",34.6445831985575,31.820416733385,5304.81005859375,"minor",10.8310977873439,1.09702110722851,4,78,19.5,108406.298112522,19.5,2.86077385865196,2.86077385865196
"15414.3",34.7862498646575,31.237083402385,3676.14135742188,"minor",9.84590761315972,1.04593964204228,3,41,13.6666666666667,17074.9216758494,13.6666666666667,2.32689593153013,2.32689593153013
"5340",35.2195831962575,32.728750063085,2776.11376953125,"minor",10.3845871767708,1.07417085216515,1,52,52,33990.2109282682,26,2.36093050123252,2.36093050123252
"8336.2",34.9112498641575,32.278750064885,2968.71411132812,"minor",10.8114055046632,1.09602339313352,2,45,22.5,110826.543508384,22.5,2.70439615684453,2.70439615684453
"8716.1",34.8362498644575,32.128750065485,3995.47827148438,"telaviv",10.9263848821974,1.10183608794076,3,55,18.3333333333333,68673.626951069,18.3333333333333,2.69044223293907,2.69044223293907
"15684.2",34.8029165312575,31.220416735785,3347.41333007812,"minor",9.81487471698732,1.04429001490047,3,34,11.3333333333333,21521.3298133791,11.3333333333333,2.38242415218955,2.38242415218955
"9105",34.9029165308575,32.020416732585,3395.12353515625,"telaviv",10.6547814288566,1.08805542285597,2,55,27.5,10717.0012140463,27.5,2.03314210099257,2.03314210099257
"8926.1",34.7612498647575,32.062083399085,5533.19140625,"telaviv",11.0209911237167,1.10659593768541,1,71,71,46603.052240968,35.5,2.4375614701157,2.4375614701157
"4888",35.3279165291575,32.770416729585,375.376312255859,"minor",10.2418087107301,1.06676086619105,1,10,10,15130.1121244745,10,2.12882054508945,2.12882054508945
"10789",34.7279165315575,31.728750067085,458.181945800781,"minor",10.5229941200931,1.08130549286463,1,5,5,18964.7633808203,5,2.17029108301721,2.17029108301721
"8970.3",34.8612498643575,32.053750065785,14320.345703125,"telaviv",10.7868067137548,1.09477581234977,4,210,52.5,34720.0864190443,26.25,2.79088289454674,2.79088289454674
"8390",34.8362498644575,32.253750064985,1241.31494140625,"minor",10.9668301666221,1.10387349147456,1,20,20,72409.5746231302,20,2.52432165780087,2.52432165780087
"8747.1",34.8695831976575,32.120416732185,2303.41357421875,"telaviv",10.8512372497304,1.09804054012036,1,33,33,15133.4587385819,33,2.0233253900437,2.0233253900437
"4274",35.0029165304575,32.820416729385,3254.3095703125,"haifa",10.7822544623048,1.09454477916138,1,63,63,55408.6403586752,31.5,2.54667712891981,2.54667712891981
"7644.1",34.9779165305575,32.478750064085,2215.52392578125,"minor",10.7349899605822,1.0921431510049,1,40,40,13911.9483289132,40,1.90890398788158,1.90890398788158
"8981",34.9529165306575,32.053750065785,3852.57348632812,"minor",10.6126909402147,1.08590417728549,2,58,29,29330.7018559483,29,2.33993817327069,2.33993817327069
"8554.1",34.8779165309575,32.187083398585,6005.8291015625,"telaviv",10.8537642422255,1.09816838631046,3,100,33.3333333333333,230792.915743134,33.3333333333333,2.86638796506047,2.86638796506047
"8848",34.8362498644575,32.087083398985,16017.345703125,"telaviv",10.8949332424075,1.10024912544627,4,233,58.25,12759.8680893281,29.125,2.47262954819479,2.47262954819479
"8990.1.2",34.7612498647575,32.045416732485,8559.4296875,"telaviv",10.9897056105601,1.10502416316266,2,105,52.5,87725.8439118385,26.25,2.85844841119339,2.85844841119339
"10396.1.1",35.1779165297575,31.778750066885,11191.7216796875,"jerusalem",9.99212736855914,1.05367754758481,3,195,65,25262.2078831848,32.5,2.29699947048453,2.29699947048453
"9464.2",34.7862498646575,31.928750066285,4573.34814453125,"minor",10.7327809378556,1.0920307758105,2,73,36.5,232643.009212796,36.5,2.76552219394493,2.76552219394493
"4297",35.2029165296575,32.820416729385,1104.08923339844,"minor",10.4295687783814,1.07649476328299,1,20,20,51426.319534848,20,2.4324577069769,2.4324577069769
"3283",35.4529165286575,32.912083395685,123.260887145996,"minor",10.112386977978,1.05999931750387,1,2,2,5357.07997898775,2,1.74206553182381,1.74206553182381
"9132.1",34.8612498643575,32.012083399285,1254.14172363281,"telaviv",10.720585635875,1.09141018034646,1,14,14,49272.7330457032,14,2.46408160438877,2.46408160438877
"9585.1.1",34.7862498646575,31.903750066385,2116.1357421875,"minor",10.692319435647,1.08997040916241,2,22,11,69398.5997587083,11,2.61224911307436,2.61224911307436
"4670",35.1195831966575,32.787083396185,1270.02734375,"haifa",10.5569013807811,1.0830461866001,1,24,24,8838.61757356404,24,1.9907160829121,1.9907160829121
"8645.3",34.8779165309575,32.153750065385,3059.95288085938,"telaviv",10.8436830527579,1.09765826764465,2,52,26,62283.4019021304,26,2.53316607373637,2.53316607373637
"8616",34.8362498644575,32.162083398685,6956.2109375,"telaviv",10.9370620745142,1.10237431001927,2,76,38,66612.8779028531,38,2.53034230308323,2.53034230308323
"8889",34.9445831973575,32.078750065685,2260.7880859375,"minor",10.6637976319808,1.08851568824405,1,33,33,82768.4994196357,33,2.48065805813425,2.48065805813425
"8311.2",34.8862498642575,32.287083398185,1318.76220703125,"minor",10.8664666923987,1.0988108063012,1,17,17,268549.941480047,17,2.84705241640304,2.84705241640304
"5130.1",35.0029165304575,32.745416729685,40.7203636169434,"haifa",10.7607848391073,1.09345450746742,1,1,1,9648.29137624454,1,2.0735139581102,2.0735139581102
"5354",35.3362498624575,32.728750063085,3867.79760742188,"minor",10.2232341943133,1.06579308990031,1,73,73,84616.4482619696,36.5,2.5090158743131,2.5090158743131
"541.1.1",35.5695831948575,33.203750061185,2075.51733398438,"minor",10.0285469158503,1.05559603573054,2,37,18.5,28953.5164466026,18.5,2.34611597453854,2.34611597453854
"7254.1",35.1445831965575,32.537083397185,3186.39184570312,"minor",10.4573816332119,1.07792916862802,1,67,67,34249.7659504677,33.5,2.29222927190017,2.29222927190017
"10401.2.2",35.2195831962575,31.778750066885,16440.248046875,"jerusalem",9.9499041900965,1.05144895739675,7,268,38.2857142857143,33608.2573314713,38.2857142857143,2.3426170044872,2.3426170044872
"8851.2",34.8612498643575,32.087083398985,6271.96826171875,"telaviv",10.8412886792622,1.09753707501347,2,84,42,199099.867337846,21,3.02883735158794,3.02883735158794
"8993.1",34.7862498646575,32.045416732485,7551.240234375,"telaviv",10.9325258833394,1.1021456791862,2,106,53,17999.9813611115,26.5,2.39648400478369,2.39648400478369
"10156",35.0112498637575,31.803750066785,1027.44982910156,"minor",10.2089542209654,1.06504847156077,1,21,21,6193.22632569086,21,1.77586043888762,1.77586043888762
"9003",34.8695831976575,32.045416732485,4485.34228515625,"telaviv",10.7567764443953,1.09325083247651,1,78,78,34184.1404372311,39,2.26430042947348,2.26430042947348
"9126.1",34.8112498645575,32.012083399285,12668.2265625,"telaviv",10.8206820047081,1.09649350227127,5,189,37.8,82415.9731374879,37.8,2.72048378997019,2.72048378997019
"4287",35.1195831966575,32.820416729385,1567.97827148438,"haifa",10.5650488384272,1.08346403511182,1,23,23,18176.3082229487,23,2.2457895421194,2.2457895421194
"4560",35.0029165304575,32.795416729485,3766.62475585938,"haifa",10.7750609146171,1.09417959701002,1,42,42,40478.7153146151,21,2.61706488990941,2.61706488990941
"8947",34.9362498640575,32.062083399085,1909.96520996094,"minor",10.6548420233357,1.08805851677481,1,24,24,81196.1650967219,24,2.55468496433101,2.55468496433101
"4947.1",35.0195831970575,32.762083396285,2024.29797363281,"haifa",10.7326688531231,1.09202507363985,1,32,32,82781.3920018161,32,2.58123738145777,2.58123738145777
"4472.1",35.0695831968575,32.803750062785,4336.67724609375,"haifa",10.6494731758165,1.08778435239387,2,93,46.5,37992.2341196363,23.25,2.60674989621216,2.60674989621216
"5103.1",35.5362498616575,32.753750062985,1119.52795410156,"minor",9.99585503537241,1.05387407192977,2,23,11.5,93535.3124877743,11.5,2.62233270978807,2.62233270978807
"9054.3",34.7529165314575,32.028750065885,11615.58203125,"telaviv",10.9780089483165,1.10443595198416,4,144,36,164818.434448858,36,2.89983913593227,2.89983913593227
"15550",34.7862498646575,31.228750069085,2410.83203125,"minor",9.83758625036877,1.04549755567857,1,30,30,36507.089098078,30,2.31565625421071,2.31565625421071
"2842",35.1529165298575,32.945416728885,427.827178955078,"minor",10.5387574988819,1.0821150841899,1,9,9,12868.8908295992,9,2.07362567034496,2.07362567034496
"8763",34.7862498646575,32.112083398885,4377.40185546875,"telaviv",11.0367819528493,1.10738841689452,1,62,62,28199.4046096292,31,2.3259591903128,2.3259591903128
"10472.1.3",35.1862498630575,31.770416733585,15912.2841796875,"jerusalem",9.97591457625495,1.05282237481791,4,270,67.5,12301.8204464978,33.75,2.15075074755263,2.15075074755263
"5163",35.2779165293575,32.745416729685,606.126159667969,"minor",10.3043792087216,1.07001449672015,1,14,14,60606.0351493583,14,2.49470193409179,2.49470193409179
"6197",35.1195831966575,32.645416730085,1047.08166503906,"minor",10.522844421323,1.08129780158038,1,33,33,21062.7013234784,33,2.06941842667578,2.06941842667578
"8009.1",34.9445831973575,32.403750064385,434.289611816406,"minor",10.7798524728298,1.09442285514785,1,2,2,19558.4883518735,2,2.1268983882446,2.1268983882446
"5885.1.1",35.2862498626575,32.678750063285,2352.3505859375,"minor",10.2799046764634,1.06874301434824,2,37,18.5,17801.1493017081,18.5,2.22366079130735,2.22366079130735
"5041",35.0195831970575,32.753750062985,708.242004394531,"haifa",10.7303516820377,1.09190718378633,1,12,12,15596.5062651118,12,2.2276996172306,2.2276996172306
"4787",35.2862498626575,32.778750062885,199.407836914062,"minor",10.2994423552924,1.06975814272264,1,5,5,9285.15239279364,5,1.97626198011733,1.97626198011733
"8350.2",34.8445831977575,32.270416731585,3636.9765625,"minor",10.9532247547137,1.10318854813942,3,60,20,39268.2913766843,20,2.51150499557902,2.51150499557902
"3042.1",35.1445831965575,32.928750062285,1719.154296875,"minor",10.5488055173848,1.08263082439567,1,36,36,14028.3606119455,36,1.93967556594858,1.93967556594858
"9220.2",34.7695831980575,31.987083399385,7355.7412109375,"telaviv",10.8655976282163,1.09876686578972,3,93,31,76646.0330505064,31,2.70184447984601,2.70184447984601
"8329.1",34.8529165310575,32.278750064885,5643.5322265625,"minor",10.9370620745142,1.10237431001927,1,88,88,194194.101089604,29.3333333333333,2.87802657127508,2.87802657127508
"7373.1",34.9279165307575,32.520416730585,1327.638671875,"minor",10.8487147285517,1.09791290529662,1,22,22,14818.910096256,22,2.07958965482717,2.07958965482717
"3350",35.1612498631575,32.903750062385,987.848937988281,"minor",10.5149624568873,1.08089276150614,1,17,17,18001.8954081033,17,2.15851623698217,2.15851623698217
"4681",35.2112498629575,32.787083396185,414.087890625,"minor",10.4095695219766,1.07546214985706,1,7,7,70704.7013871758,7,2.54029849353873,2.54029849353873
"9464.3",34.7862498646575,31.928750066285,4573.34814453125,"minor",10.7327809378556,1.0920307758105,2,73,36.5,6432.38139178832,36.5,1.78102177604864,1.78102177604864
"8933.3",34.8195831978575,32.062083399085,16152.783203125,"telaviv",10.8882127882776,1.09990973307801,3,238,79.3333333333333,37612.221182846,39.6666666666667,2.53408557674304,2.53408557674304
"4180",34.9862498638575,32.828750062685,4629.92041015625,"haifa",10.8187889627154,1.09639758414725,1,83,83,140691.786423932,27.6666666666667,2.88522810787306,2.88522810787306
"5802.2",35.3029165292575,32.687083396585,2604.23706054688,"minor",10.2591101064678,1.06766152077373,2,41,20.5,8189.66285670956,20.5,1.97121998715743,1.97121998715743
"10310.1",35.0779165301575,31.787083400185,1194.31970214844,"minor",10.109925386806,1.0598702953562,2,21,10.5,257326.432599139,10.5,2.85502942116292,2.85502942116292
"5804",35.3195831958575,32.687083396585,2508.53955078125,"minor",10.2371360450813,1.06651749191684,1,45,45,13381.1567137796,22.5,2.11058907692694,2.11058907692694
"9585",34.7862498646575,31.903750066385,2116.1357421875,"minor",10.692319435647,1.08997040916241,2,22,11,8322.14104692183,11,1.99929128605882,1.99929128605882
"9291.1",34.8029165312575,31.970416732785,7032.04736328125,"telaviv",10.7682757125669,1.09383503288846,4,85,21.25,29417.9526885339,21.25,2.59336068261828,2.59336068261828
"10184",34.6445831985575,31.795416733485,8930.59765625,"minor",10.7857213351178,1.09472073227822,4,115,28.75,44028.0336462229,28.75,2.6557137285383,2.6557137285383
"8740.1",34.8112498645575,32.120416732185,8014.36474609375,"telaviv",10.9805615181244,1.10456434439227,3,111,37,48835.9330142298,37,2.50064218298428,2.50064218298428
"10111.1",34.6362498652575,31.803750066785,5301.08837890625,"minor",10.8178941437017,1.09635224184068,1,52,52,7675.83581135731,26,2.0312006469795,2.0312006469795
"8339",34.9362498640575,32.278750064885,1195.90295410156,"minor",10.7607848391073,1.09345450746742,1,19,19,21704.4992467581,19,2.21009052441581,2.21009052441581
"8966.1",34.8279165311575,32.053750065785,10679.03125,"telaviv",10.8560182291966,1.09828240798462,4,150,37.5,37054.0463989441,37.5,2.48422760309133,2.48422760309133
"9955.1",34.7445831981575,31.828750066685,1774.22009277344,"minor",10.6496887281337,1.0877953610723,1,27,27,18022.3347381403,27,2.1162764210989,2.1162764210989
"2588",35.5195831950575,32.970416728785,275.535369873047,"minor",10.0465977840709,1.05654561788621,1,2,2,4625.68085803816,2,1.64314483686205,1.64314483686205
"7561",35.0862498634575,32.495416730685,2944.81616210938,"minor",10.5427671844454,1.08232092100702,2,57,28.5,19305.2136703898,28.5,2.18166216589618,2.18166216589618
"10477.2",35.2279165295575,31.770416733585,12629.6259765625,"jerusalem",9.934368695654,1.05062778564131,6,200,33.3333333333333,105959.522013379,33.3333333333333,2.67958769229199,2.67958769229199
"5801",35.2945831959575,32.687083396585,4168.82080078125,"minor",10.2702598147392,1.06824153608417,1,75,75,25214.9380110448,37.5,2.19176973369549,2.19176973369549
"5531",35.3029165292575,32.712083396485,5212.677734375,"minor",10.2638751143425,1.06790943822979,2,113,56.5,58498.7960763454,28.25,2.59454604359614,2.59454604359614
"10325.4.1",35.2029165296575,31.787083400185,16866.4375,"jerusalem",9.97410084896147,1.05272666331882,6,292,48.6666666666667,131502.53551435,24.3333333333333,3.0150823495448,3.0150823495448
"8784",34.9612498639575,32.112083398885,5563.02880859375,"minor",10.6670293472285,1.08868061571123,1,89,89,130196.386645228,29.6666666666667,2.77997615632238,2.77997615632238
"10449",34.9945831971575,31.770416733585,1557.88012695312,"minor",10.1925315014672,1.06419147720841,3,17,5.66666666666667,97962.7296591567,5.66666666666667,2.64313340497495,2.64313340497495
"8333.1.1",34.8862498642575,32.278750064885,2616.072265625,"minor",10.8639171639872,1.09868189532261,3,49,16.3333333333333,50964.2459957255,16.3333333333333,2.54584102656731,2.54584102656731
"8818.2",34.8029165312575,32.095416732285,5499.9814453125,"telaviv",10.9848096074965,1.10477798712363,2,68,34,181366.924681598,34,2.78433039968992,2.78433039968992
"10703",35.2195831962575,31.745416733685,11698.9111328125,"jerusalem",9.92061625314603,1.04990032612339,1,180,180,10820.1230434628,36,1.97575897874147,1.97575897874147
"4442",35.7279165275575,32.812083396085,64.5139007568359,"minor",9.82194030700378,1.04466583211006,1,1,1,6923.20250618263,1,1.83135394998875,1.83135394998875
"11881",34.7612498647575,31.578750067685,605.882995605469,"minor",10.2629697351607,1.06786233690182,1,8,8,30629.7757650718,8,2.32200709033712,2.32200709033712
"8286",34.8529165310575,32.295416731485,4352.65576171875,"minor",10.9424299416319,1.10264479732605,1,79,79,35878.117892872,39.5,2.26521002345817,2.26521002345817
"8586",34.9695831972575,32.178750065285,3408.61254882812,"minor",10.6692402414379,1.08879343217047,1,56,56,25970.5923322115,28,2.29683039957868,2.29683039957868
"10064",34.7779165313575,31.812083400085,4103.3515625,"minor",10.5646660074073,1.08344440494232,3,57,19,5594.7664472953,19,1.93313041003045,1.93313041003045
"8582",34.9362498640575,32.178750065285,6158.48779296875,"minor",10.7326688531231,1.09202507363985,3,95,31.6666666666667,28456.6900237781,31.6666666666667,2.39093432213713,2.39093432213713
"8819.2",34.8112498645575,32.095416732285,5326.59619140625,"telaviv",10.9655665158864,1.1038098928452,2,75,37.5,149506.061481161,37.5,2.6786789443458,2.6786789443458
"10467.1",35.1445831965575,31.770416733585,5316.06591796875,"jerusalem",10.0192842516466,1.05510843316624,1,82,82,30348.2114343438,27.3333333333333,2.24038817493886,2.24038817493886
"11655",34.7195831982575,31.612083400885,421.954742431641,"minor",10.3661064912209,1.07321461513327,1,7,7,23752.5345877134,7,2.25235574212638,2.25235574212638
"4850",35.0112498637575,32.770416729585,3400.65283203125,"haifa",10.7513487788719,1.09297498084976,1,61,61,15065.0423900096,30.5,2.20461216783715,2.20461216783715
"11721",34.7862498646575,31.603750067585,1761.77868652344,"minor",10.26186121015,1.06780466431262,1,21,21,14794.1032513451,21,2.11121005910414,2.11121005910414
"14764",34.8112498645575,31.278750068885,1850.05981445312,"minor",9.86522768286779,1.04696533333608,1,22,22,47344.4993619966,22,2.43517005105486,2.43517005105486
"8207",34.8779165309575,32.328750064685,1898.39831542969,"minor",10.8974189222538,1.10037462924899,1,25,25,64631.6357341698,25,2.48868799302727,2.48868799302727
"10703.1",35.2195831962575,31.745416733685,11698.9111328125,"jerusalem",9.92061625314603,1.04990032612339,1,180,180,4619.6854775173,36,1.66196151333683,1.66196151333683
"4469",35.0445831969575,32.803750062785,3664.38256835938,"haifa",10.6960597569152,1.0901610358574,1,80,80,51263.8574235567,40,2.42762220062007,2.42762220062007
"11522",34.5695831988575,31.628750067485,687.271301269531,"minor",10.6360713341129,1.08709967518637,1,9,9,48028.5144044142,9,2.44380395347035,2.44380395347035
"15886",34.2862498666575,31.203750069185,214.482543945312,"minor",10.3743475265031,1.07364113218643,1,6,6,6932.49114423347,6,1.87800545143099,1.87800545143099
"3853",35.2779165293575,32.862083395885,2268.34033203125,"minor",10.3277009878892,1.07122468790991,1,40,40,105000.722624627,40,2.45274357913749,2.45274357913749
"10476.1",35.2195831962575,31.770416733585,16383.8623046875,"jerusalem",9.94253751353409,1.05105965120571,3,256,85.3333333333333,2016.92225979916,28.4444444444444,1.5091425153445,1.5091425153445
"8847.3",34.8279165311575,32.087083398985,15465.7119140625,"telaviv",10.9132677605294,1.10117451238461,4,213,53.25,18700.4076003212,26.625,2.63398237930896,2.63398237930896
"8446.2",34.9612498639575,32.237083398385,5994.2861328125,"minor",10.7005821614526,1.09039147717448,1,94,94,23994.5765825021,31.3333333333333,2.34218105718177,2.34218105718177
"9471.1",34.8445831977575,31.928750066285,486.320373535156,"minor",10.6236713689843,1.08646579784508,1,5,5,65433.5430743473,5,2.50296312304001,2.50296312304001
"5942",35.0695831968575,32.670416729985,124.275382995605,"haifa",10.6150452215776,1.08602461715386,1,3,3,174643.224953231,3,2.86136747403943,2.86136747403943
"11415",34.6612498651575,31.645416734085,157.367645263672,"minor",10.5053642592892,1.08039932223071,1,1,1,135138.459718478,1,2.62165571969958,2.62165571969958
"1221.2",35.1529165298575,33.087083394985,683.010620117188,"minor",10.5732483851082,1.08388439241606,1,13,13,3189.32251061757,13,1.52863301440577,1.52863301440577
"4723",35.6445831945575,32.787083396185,378.764404296875,"minor",9.89373299200482,1.04847683130259,1,7,7,28481.1643057738,7,2.3064663232929,2.3064663232929
"10044.3",35.1195831966575,31.820416733385,3094.06958007812,"minor",10.0958415517544,1.0591318012491,2,52,26,10057.177473682,26,2.01381058166264,2.01381058166264
"8803.1",34.8945831975575,32.103750065585,6298.044921875,"telaviv",10.7943269445247,1.09515736791693,2,102,51,17214.140191786,25.5,2.34740801080456,2.34740801080456
"9302",34.8945831975575,31.970416732785,1040.91650390625,"minor",10.5963964141506,1.08507021862645,1,17,17,19346.8868165347,17,2.18213699058231,2.18213699058231
"7867",35.0445831969575,32.437083397585,1160.05187988281,"minor",10.6002627523905,1.08526815694916,1,22,22,342192.646728544,22,2.85441415282576,2.85441415282576
"381",35.6029165280575,33.237083394385,414.056427001953,"minor",9.99833233883856,1.05400465626415,1,8,8,5472.7019773063,8,1.77095702134757,1.77095702134757
"5248.1",35.2195831962575,32.737083396385,1630.22741699219,"minor",10.3863544376209,1.07426225008509,2,20,10,86721.6799186547,10,2.63513567925754,2.63513567925754
"8811.2",34.9612498639575,32.103750065585,4862.5029296875,"minor",10.6648221124933,1.08856797432291,2,69,34.5,15724.3517262333,34.5,2.12418873512851,2.12418873512851
"8872.1",34.8029165312575,32.078750065685,10287.9951171875,"telaviv",10.9546753562752,1.10326159667472,1,153,153,91891.0404048543,38.25,2.68780982262837,2.68780982262837
"11721.1",34.7862498646575,31.603750067585,1761.77868652344,"minor",10.26186121015,1.06780466431262,1,21,21,26096.1700624933,21,2.27846470438419,2.27846470438419
"9217",34.7445831981575,31.987083399385,1943.22509765625,"telaviv",10.9201728573434,1.10152282759134,1,34,34,19024.2278610584,34,2.06459997219475,2.06459997219475
"9101",34.8695831976575,32.020416732585,6542.42626953125,"telaviv",10.7175166628198,1.09125395062642,2,88,44,38188.0334943212,22,2.63205263950562,2.63205263950562
"7637.1",34.9195831974575,32.478750064085,977.152465820312,"minor",10.8537642422255,1.09816838631046,1,12,12,321192.036222239,12,2.88951095023466,2.88951095023466
"8697",34.8945831975575,32.137083398785,2868.71801757812,"telaviv",10.804060625611,1.0956510304944,1,42,42,12559.6233757566,21,2.12618756313452,2.12618756313452
"4095.1",35.0945831967575,32.837083395985,3499.13818359375,"haifa",10.6129231582241,1.08591605764309,2,56,28,25257.1458647379,28,2.39356720269915,2.39356720269915
"9218.1",34.7529165314575,31.987083399385,3565.73901367188,"telaviv",10.9017515971815,1.10059335497729,2,43,21.5,105826.231133939,21.5,2.73844081830691,2.73844081830691
"10476.2.2",35.2195831962575,31.770416733585,16383.8623046875,"jerusalem",9.94253751353409,1.05105965120571,3,256,85.3333333333333,15366.1931365967,28.4444444444444,2.35333251300053,2.35333251300053
"8398.1",34.9029165308575,32.253750064985,1291.35668945312,"minor",10.8212587410919,1.09652272313142,1,17,17,125381.304416729,17,2.67715025760545,2.67715025760545
"26403",35.1529165298575,30.362083405885,123.226417541504,"minor",9.05081328439179,1.00281898690042,1,2,2,5450.58314938345,2,1.74893205860986,1.74893205860986
"9793",34.7445831981575,31.862083399885,2639.73779296875,"minor",10.7037931677153,1.09055506599546,1,35,35,35688.5211714927,35,2.26012206101777,2.26012206101777
"7041.1",35.3612498623575,32.562083397085,490.6767578125,"minor",10.1620297115474,1.06259795425841,1,7,7,41994.8395392938,7,2.40470780763084,2.40470780763084
"6937",35.1862498630575,32.570416730385,657.866394042969,"minor",10.4005873888025,1.0749980562671,1,9,9,91859.0458371761,9,2.60372808694422,2.60372808694422
"12297",34.9445831973575,31.512083401285,815.839294433594,"minor",9.97288820754622,1.05266266663512,1,13,13,42032.9171253335,13,2.40749602635387,2.40749602635387
"4272.1",34.9862498638575,32.820416729385,4746.916015625,"haifa",10.8163235047296,1.09627264982199,2,100,50,80768.5623278385,25,2.79663921034745,2.79663921034745
"8457",34.8862498642575,32.228750065085,563.32177734375,"minor",10.8487147285517,1.09791290529662,1,8,8,16244.2191211131,8,2.13941488970552,2.13941488970552
"9351",34.7362498648575,31.953750066185,1003.54919433594,"minor",10.8781841838853,1.0994030796495,1,13,13,20015.5058354421,13,2.20890191316705,2.20890191316705
"9361.3.1",34.8195831978575,31.953750066185,6923.23583984375,"minor",10.7086996850135,1.09080498740932,4,77,19.25,20121.955756255,19.25,2.50550534172657,2.50550534172657
"10321",35.1695831964575,31.787083400185,12267.107421875,"jerusalem",10.0085810049488,1.05454471508108,3,179,59.6666666666667,70682.9237514345,29.8333333333333,2.64930765827747,2.64930765827747
"2844.3",35.1695831964575,32.945416728885,2206.5029296875,"minor",10.5110399147089,1.08069113249649,2,36,18,64974.3904471893,18,2.56909076949793,2.56909076949793
"2843",35.1612498631575,32.945416728885,1837.380859375,"minor",10.5248226379544,1.08139943478369,2,30,15,20992.1868718917,15,2.26198541772014,2.26198541772014
"5431",35.2279165295575,32.720416729785,1936.61840820312,"minor",10.3705427670733,1.07344423687251,1,33,33,33440.5398127627,33,2.23512400658907,2.23512400658907
"8671",34.8862498642575,32.145416732085,3546.02880859375,"telaviv",10.8237328512255,1.09664806728025,1,48,48,63121.6363596715,24,2.58576498656062,2.58576498656062
"7765",34.8945831975575,32.453750064185,1598.46362304688,"minor",10.9000284748718,1.10050637207867,1,25,25,27706.8934858703,25,2.25056543231624,2.25056543231624
"8933.2",34.8195831978575,32.062083399085,16152.783203125,"telaviv",10.8882127882776,1.09990973307801,3,238,79.3333333333333,96997.0926342474,39.6666666666667,2.77108007741008,2.77108007741008
"10261.3",34.6695831984575,31.787083400185,5058.1396484375,"minor",10.7216319065273,1.09146343688581,1,68,68,52603.4493684881,34,2.47489614787544,2.47489614787544
"6112",35.1029165300575,32.653750063385,2132.30908203125,"minor",10.5528470304807,1.08283819610425,1,44,44,12008.2399098881,22,2.05837018494788,2.05837018494788
"13264",34.7529165314575,31.387083401785,2204.16479492188,"minor",10.0392628444295,1.05615985976606,1,40,40,16581.1309892607,40,1.96263194348996,1.96263194348996
"4773.2",35.1695831964575,32.778750062885,1021.72802734375,"haifa",10.4724771290213,1.07870689711861,1,16,16,89334.2757131528,16,2.6903497790404,2.6903497790404
"5046",35.0612498635575,32.753750062985,1410.87524414062,"haifa",10.6516550467516,1.08789577966681,1,17,17,169375.515330425,17,2.85174729132778,2.85174729132778
"14143.2",34.9362498640575,31.320416735385,2658.71069335938,"minor",9.79590657415605,1.04328043391751,2,22,11,11039.972893806,11,2.13172067245555,2.13172067245555
"8261",34.9945831971575,32.312083398085,1871.48999023438,"minor",10.6582222745002,1.08823109649969,1,34,34,48890.1400108045,34,2.32091296266677,2.32091296266677
"7488",34.9195831974575,32.503750063985,3589.1015625,"minor",10.861372166812,1.09855319836855,1,57,57,36439.6278561172,28.5,2.39240725663862,2.39240725663862
"8781.1",34.9362498640575,32.112083398885,2765.09252929688,"telaviv",10.7142408667317,1.09108716765189,1,51,51,35762.115890309,25.5,2.37947896679457,2.37947896679457
"8524.1",34.9612498639575,32.203750065185,1640.63439941406,"minor",10.6915524735254,1.08993131656823,1,18,18,15098.4065314748,18,2.13308410789795,2.13308410789795
"8475",34.8695831976575,32.220416731785,1610.16979980469,"telaviv",10.8818597001484,1.09958879688669,1,16,16,12083.5221869289,16,2.07341779488127,2.07341779488127
"15417",34.8112498645575,31.237083402385,1334.767578125,"minor",9.8239495224496,1.04477267715941,1,12,12,17314.8626326097,12,2.18539501524906,2.18539501524906
"4297.1",35.2029165296575,32.820416729385,1104.08923339844,"minor",10.4295687783814,1.07649476328299,1,20,20,56644.9214103825,20,2.45694089146686,2.45694089146686
"8653.2",34.9445831973575,32.153750065385,2779.37231445312,"minor",10.7096726393679,1.09085453961398,2,42,21,79461.6778827526,21,2.62887285678514,2.62887285678514
"10620.4",35.1612498631575,31.753750066985,10543.6474609375,"jerusalem",9.98616393186311,1.05336307615514,3,183,61,1746.41118857238,30.5,1.23162197842856,1.23162197842856
"8666",34.8445831977575,32.145416732085,6623.2890625,"telaviv",10.9131470655133,1.10116842316157,1,98,98,22834.4563607427,32.6666666666667,2.32918047420435,2.32918047420435
"4473",35.0779165301575,32.803750062785,3649.02563476562,"haifa",10.6343000412455,1.08700915059245,1,77,77,46062.9295602766,38.5,2.42094930364773,2.42094930364773
"10180.2",35.2112498629575,31.803750066785,9921.7890625,"jerusalem",9.98067719657901,1.05307365979461,3,182,60.6666666666667,26082.5214591815,30.3333333333333,2.31526020095631,2.31526020095631
"8365",34.9695831972575,32.270416731585,1285.25244140625,"minor",10.6938042298207,1.09004608617254,1,25,25,412812.042373064,25,2.87318284786358,2.87318284786358
"5531.1",35.3029165292575,32.712083396485,5212.677734375,"minor",10.2638751143425,1.06790943822979,2,113,56.5,28615.1487080782,28.25,2.40637951704265,2.40637951704265
"5598",35.1029165300575,32.703750063185,1644.06689453125,"haifa",10.5650488384272,1.08346403511182,1,36,36,34377.3676437268,36,2.29629175193798,2.29629175193798
"5103.1.1",35.5362498616575,32.753750062985,1119.52795410156,"minor",9.99585503537241,1.05387407192977,2,23,11.5,13250.5505692624,11.5,2.09229819093473,2.09229819093473
"10338",34.6945831983575,31.778750066885,895.072021484375,"minor",10.6603771977039,1.08834110245843,1,11,11,110477.203997966,11,2.65252019249863,2.65252019249863
"8874",34.8195831978575,32.078750065685,16704.423828125,"telaviv",10.917199084634,1.10137283447291,4,243,60.75,14161.3157426733,30.375,2.48951934919429,2.48951934919429
"9910.1",34.7445831981575,31.837083399985,836.902099609375,"minor",10.6630808337952,1.08847910375468,1,7,7,21994.6220459004,7,2.22846334867653,2.22846334867653
"15547",34.7612498647575,31.228750069085,1222.93786621094,"minor",9.85987591331821,1.04668131164479,1,13,13,15595.345398295,13,2.14468170380382,2.14468170380382
"10620.5",35.1612498631575,31.753750066985,10543.6474609375,"jerusalem",9.98616393186311,1.05336307615514,3,183,61,11896.6642481953,30.5,2.09350464934642,2.09350464934642
"16774",35.0112498637575,31.153750069385,613.007202148438,"minor",9.5990405177884,1.03274394577361,1,9,9,93073.1262603813,9,2.60675760221559,2.60675760221559
"12831",34.8695831976575,31.437083401585,168.504623413086,"minor",9.97164530768008,1.05259706903555,1,1,1,2042.26618499827,1,1.21288858825426,1.21288858825426
"9396.1",34.8279165311575,31.945416732885,1896.86303710938,"minor",10.6797960595068,1.08933190837865,1,24,24,33035.3715484602,24,2.32454526761857,2.32454526761857
"8960.2",34.7779165313575,32.053750065785,9231.30078125,"telaviv",10.9665307866341,1.1038584242271,1,141,141,6068.84271818306,35.25,1.92723861764753,1.92723861764753
"10397.3",35.1862498630575,31.778750066885,15584.8779296875,"jerusalem",9.98353707572721,1.05322452369047,4,275,68.75,38817.6416788855,34.375,2.46382490171609,2.46382490171609
"8264",34.8445831977575,32.303750064785,2902.677734375,"minor",10.9640990647208,1.10373603248848,1,42,42,740410.303136732,21,3.11918102281728,3.11918102281728
"9793.1",34.7445831981575,31.862083399885,2639.73779296875,"minor",10.7037931677153,1.09055506599546,1,35,35,106820.01153723,35,2.53379026598348,2.53379026598348
"1533",35.6195831946575,33.062083395085,74.5047302246094,"minor",9.95584852646737,1.05176299223243,1,2,2,11961.6013622212,2,2.05752869506649,2.05752869506649
"4201.1",35.1945831963575,32.828750062685,2097.00903320312,"minor",10.444323477856,1.07725595214343,2,42,21,41242.9201346857,21,2.42258034181405,2.42258034181405
"8317",34.9362498640575,32.287083398185,1975.92150878906,"minor",10.7631539759791,1.09357487047345,1,20,20,190499.480489365,20,2.79006814992052,2.79006814992052
"10113.2",34.6529165318575,31.803750066785,8378.66015625,"minor",10.783787320765,1.09462257933779,3,115,38.3333333333333,75379.3250040639,38.3333333333333,2.59304373905071,2.59304373905071
"4473.1",35.0779165301575,32.803750062785,3649.02563476562,"haifa",10.6343000412455,1.08700915059245,1,77,77,216484.17658142,38.5,2.78659169616359,2.78659169616359
"8966.4",34.8279165311575,32.053750065785,10679.03125,"telaviv",10.8560182291966,1.09828240798462,4,150,37.5,15272.9122746979,37.5,2.23093566066998,2.23093566066998
"7399",35.1445831965575,32.520416730585,2886.26318359375,"minor",10.4536365166928,1.07773613121275,2,55,27.5,29091.0602628328,27.5,2.30737364537664,2.30737364537664
"10045.1",35.1279165299575,31.820416733385,1642.41784667969,"minor",10.0863356533123,1.05863306271774,2,18,9,56195.4631998494,9,2.52870906776663,2.52870906776663
"8637",34.8112498645575,32.153750065385,3838.2958984375,"telaviv",10.9916384552973,1.10512133347416,1,47,47,71032.4750504633,23.5,2.63654866814553,2.63654866814553
"9066.1",34.8529165310575,32.028750065885,13301.3623046875,"telaviv",10.7633295040125,1.09358378757452,2,181,90.5,69436.5802796922,30.1666666666667,2.86251754907085,2.86251754907085
"4778",35.2112498629575,32.778750062885,1413.33374023438,"minor",10.4077677220977,1.07536906957036,1,27,27,23455.5162758257,27,2.17521292853221,2.17521292853221
"10249.1.1",35.1862498630575,31.795416733485,11536.091796875,"jerusalem",9.9988785348543,1.05403344532927,3,179,59.6666666666667,15457.9937289706,29.8333333333333,2.21621720059142,2.21621720059142
"10699",35.1862498630575,31.745416733685,10276.6162109375,"jerusalem",9.95323793023058,1.05162508793827,1,185,185,37556.0877639913,37,2.28926882210571,2.28926882210571
"9667",34.7529165314575,31.887083399785,2586.03759765625,"minor",10.7290399089862,1.09184043955283,1,52,52,79160.9240169726,26,2.56607259803792,2.56607259803792
"9610",34.9945831971575,31.903750066385,11361.8701171875,"minor",10.3486537749334,1.07231078491128,3,195,65,12680.3319655553,32.5,2.29459281106782,2.29459281106782
"4849.1",35.0029165304575,32.770416729585,3092.72973632812,"haifa",10.7679044689855,1.09381617737501,1,57,57,147880.517892143,28.5,2.81021239416066,2.81021239416066
"9254",34.7695831980575,31.978750066085,7047.98876953125,"telaviv",10.8510291413232,1.09803001078817,1,103,103,41280.8423325058,34.3333333333333,2.47701948572166,2.47701948572166
"10400.1.1",35.2112498629575,31.778750066885,14596.2568359375,"jerusalem",9.95820502885859,1.05188745853762,2,251,125.5,21413.2418792169,31.375,2.35076842301026,2.35076842301026
"8445",34.9529165306575,32.237083398385,6634.3779296875,"minor",10.7165307614552,1.091203757399,2,85,42.5,13352.2174175513,21.25,2.34277539905617,2.34277539905617
"10322",35.1779165297575,31.787083400185,14763.58984375,"jerusalem",9.99984853700736,1.0540845705586,1,261,261,14350.8766742864,37.2857142857143,2.09497946844086,2.09497946844086
"8964.2",34.8112498645575,32.053750065785,9464.7265625,"telaviv",10.8919293695765,1.10009743859232,4,132,33,11882.7864976636,33,2.21367084250404,2.21367084250404
"10902.2",35.1112498633575,31.720416733785,5312.9228515625,"minor",10.0066515092905,1.05444306043472,2,78,39,18771.7615541311,39,2.1221079565976,2.1221079565976
